I0,I1,I2,I3,I4,I5,I6,I7
0.000000,0.000000,0.000000,0.000000,0.000000,0.000000,0.000000,0.000000
0.000000,0.000000,0.000000,0.000000,0.000000,0.000000,0.000000,0.000000
0.000000,0.000000,0.000000,0.000000,0.000000,0.000000,0.000000,0.000000
0.000000,0.000000,0.000000,0.000000,0.000000,0.000000,0.000000,0.000000
0.000000,0.000000,0.000000,0.000000,0.000000,0.000000,0.000000,0.000000
0.000000,0.000000,0.000000,0.000000,0.000000,0.000000,0.000000,0.000000
0.000000,0.000000,0.000000,0.000000,0.000000,0.000000,0.000000,0.000000
0.000000,0.000000,0.000000,0.000000,0.000000,0.000000,0.000000,0.000000
0.000000,0.000000,0.000000,0.000000,0.000000,0.000000,0.000000,0.000000
0.000000,0.000000,0.000000,0.000000,0.000000,0.000000,0.000000,0.000000
0.000000,0.000000,0.000000,0.000000,0.000000,0.000000,0.000000,0.000000
0.000000,0.000000,0.000000,0.000000,0.000000,0.000000,0.000000,0.000000
0.000000,0.000000,0.000000,0.000000,0.000000,0.000000,0.000000,0.000000
0.000000,0.000000,0.000000,0.000000,0.000000,0.000000,0.000000,0.000000
0.000000,0.000000,0.000000,0.000000,0.000000,0.000000,0.000000,0.000000
0.000000,0.000000,0.000000,0.000000,0.000000,0.000000,0.000000,0.000000
0.000000,0.000000,0.000000,0.000000,0.000000,0.000000,0.000000,0.000000
0.000000,0.000000,0.000000,0.000000,0.000000,0.000000,0.000000,0.000000
0.000000,0.000000,0.000000,0.000000,0.000000,0.000000,0.000000,0.000000
0.000000,0.000000,0.000000,0.000000,0.000000,0.000000,0.000000,0.000000
0.000000,0.000000,0.000000,0.000000,0.000000,0.000000,0.000000,0.000000
0.000000,0.000000,0.000000,0.000000,0.000000,0.000000,0.000000,0.000000
0.000000,0.000000,0.000000,0.000000,0.000000,0.000000,0.000000,0.000000
0.000000,0.000000,0.000000,0.000000,0.000000,0.000000,0.000000,0.000000
0.000000,0.000000,0.000000,0.000000,0.000000,0.000000,0.000000,0.000000
0.000000,0.000000,0.000000,0.000000,0.000000,0.000000,0.000000,0.000000
0.000000,0.000000,0.000000,0.000000,0.000000,0.000000,0.000000,0.000000
0.000000,0.000000,0.000000,0.000000,0.000000,0.000000,0.000000,0.000000
0.000000,0.000000,0.000000,0.000000,0.000000,0.000000,0.000000,0.000000
0.000000,0.000000,0.000000,0.000000,0.000000,0.000000,0.000000,0.000000
0.000000,0.000000,0.000000,0.000000,0.000000,0.000000,0.000000,0.000000
0.000000,0.000000,0.000000,0.000000,0.000000,0.000000,0.000000,0.000000
0.000000,0.000000,0.000000,0.000000,0.000000,0.000000,0.000000,0.000000
0.000000,0.000000,0.000000,0.000000,0.000000,0.000000,0.000000,0.000000
0.000000,0.000000,0.000000,0.000000,0.000000,0.000000,0.000000,0.000000
0.000000,0.000000,0.000000,0.000000,0.000000,0.000000,0.000000,0.000000
0.000000,0.000000,0.000000,0.000000,0.000000,0.000000,0.000000,0.000000
0.000000,0.000000,0.000000,0.000000,0.000000,0.000000,0.000000,0.000000
0.000000,0.000000,0.000000,0.000000,0.000000,0.000000,0.000000,0.000000
0.000000,0.000000,0.000000,0.000000,0.000000,0.000000,0.000000,0.000000
0.000000,0.000000,0.000000,0.000000,0.000000,0.000000,0.000000,0.000000
0.000000,0.000000,0.000000,0.000000,0.000000,0.000000,0.000000,0.000000
0.000000,0.000000,0.000000,0.000000,0.000000,0.000000,0.000000,0.000000
0.000000,0.000000,0.000000,0.000000,0.000000,0.000000,0.000000,0.000000
0.000000,0.000000,0.000000,0.000000,0.000000,0.000000,0.000000,0.000000
0.000000,0.000000,0.000000,0.000000,0.000000,0.000000,0.000000,0.000000
0.000000,0.000000,0.000000,0.000000,0.000000,0.000000,0.000000,0.000000
0.000000,0.000000,0.000000,0.000000,0.000000,0.000000,0.000000,0.000000
0.000000,0.000000,0.000000,0.000000,0.000000,0.000000,0.000000,0.000000
0.000000,0.000000,0.000000,0.000000,0.000000,0.000000,0.000000,0.000000
0.000000,0.000000,0.000000,0.000000,0.000000,0.000000,0.000000,0.000000
0.000000,0.000000,0.000000,0.000000,0.000000,0.000000,0.000000,0.000000
0.000000,0.000000,0.000000,0.000000,0.000000,0.000000,0.000000,0.000000
0.000000,0.000000,0.000000,0.000000,0.000000,0.000000,0.000000,0.000000
0.000000,0.000000,0.000000,0.000000,0.000000,0.000000,0.000000,0.000000
0.000000,0.000000,0.000000,0.000000,0.000000,0.000000,0.000000,0.000000
1.000000,0.000000,0.000000,0.000000,0.000000,0.000000,0.000000,0.000000
1.000000,0.000000,0.000000,0.000000,0.000000,0.000000,0.000000,0.000000
1.000000,0.000000,0.000000,0.000000,0.000000,0.000000,0.000000,0.000000
1.000000,0.000000,0.000000,0.000000,0.000000,0.000000,0.000000,0.000000
1.000000,0.000000,0.000000,0.000000,0.000000,0.000000,0.000000,0.000000
1.000000,0.000000,0.000000,0.000000,0.000000,0.000000,0.000000,0.000000
1.000000,0.000000,0.000000,0.000000,0.000000,0.000000,0.000000,0.000000
1.000000,0.000000,0.000000,0.000000,0.000000,0.000000,0.000000,0.000000
1.000000,0.000000,0.000000,0.000000,0.000000,0.000000,0.000000,0.000000
1.000000,0.000000,0.000000,0.000000,0.000000,0.000000,0.000000,0.000000
1.000000,0.000000,0.000000,0.000000,0.000000,0.000000,0.000000,0.000000
1.000000,0.000000,0.000000,0.000000,0.000000,0.000000,0.000000,0.000000
1.000000,0.000000,0.000000,0.000000,0.000000,0.000000,0.000000,0.000000
1.000000,0.000000,0.000000,0.000000,0.000000,0.000000,0.000000,0.000000
1.000000,0.000000,0.000000,0.000000,0.000000,0.000000,0.000000,0.000000
1.000000,0.000000,0.000000,0.000000,0.000000,0.000000,0.000000,0.000000
1.000000,0.000000,0.000000,0.000000,0.000000,0.000000,0.000000,0.000000
1.000000,0.000000,0.000000,0.000000,0.000000,0.000000,0.000000,0.000000
1.000000,0.000000,0.000000,0.000000,0.000000,0.000000,0.000000,0.000000
1.000000,0.000000,0.000000,0.000000,0.000000,0.000000,0.000000,0.000000
1.000000,0.000000,0.000000,0.000000,0.000000,0.000000,0.000000,0.000000
1.000000,0.000000,0.000000,0.000000,0.000000,0.000000,0.000000,0.000000
1.000000,0.000000,0.000000,0.000000,0.000000,0.000000,0.000000,0.000000
1.000000,0.000000,0.000000,0.000000,0.000000,0.000000,0.000000,0.000000
1.000000,0.000000,0.000000,0.000000,0.000000,0.000000,0.000000,0.000000
1.000000,0.000000,0.000000,0.000000,0.000000,0.000000,0.000000,0.000000
1.000000,0.000000,0.000000,0.000000,0.000000,0.000000,0.000000,0.000000
1.000000,0.000000,0.000000,0.000000,0.000000,0.000000,0.000000,0.000000
1.000000,0.000000,0.000000,0.000000,0.000000,0.000000,0.000000,0.000000
1.000000,0.000000,0.000000,0.000000,0.000000,0.000000,0.000000,0.000000
1.000000,0.000000,0.000000,0.000000,0.000000,0.000000,0.000000,0.000000
1.000000,0.000000,0.000000,0.000000,0.000000,0.000000,0.000000,0.000000
1.000000,0.000000,0.000000,0.000000,0.000000,0.000000,0.000000,0.000000
1.000000,0.000000,0.000000,0.000000,0.000000,0.000000,0.000000,0.000000
1.000000,0.000000,0.000000,0.000000,0.000000,0.000000,0.000000,0.000000
1.000000,0.000000,0.000000,0.000000,0.000000,0.000000,0.000000,0.000000
1.000000,0.000000,0.000000,0.000000,0.000000,0.000000,0.000000,0.000000
1.000000,0.000000,0.000000,0.000000,0.000000,0.000000,0.000000,0.000000
1.000000,0.000000,0.000000,0.000000,0.000000,0.000000,0.000000,0.000000
1.000000,0.000000,0.000000,0.000000,0.000000,0.000000,0.000000,0.000000
1.000000,0.000000,0.000000,0.000000,0.000000,0.000000,0.000000,0.000000
1.000000,0.000000,0.000000,0.000000,0.000000,0.000000,0.000000,0.000000
1.000000,0.000000,0.000000,0.000000,0.000000,0.000000,0.000000,0.000000
1.000000,0.000000,0.000000,0.000000,0.000000,0.000000,0.000000,0.000000
1.000000,0.000000,0.000000,0.000000,0.000000,0.000000,0.000000,0.000000
1.000000,0.000000,0.000000,0.000000,0.000000,0.000000,0.000000,0.000000
1.000000,0.000000,0.000000,0.000000,0.000000,0.000000,0.000000,0.000000
1.000000,0.000000,0.000000,0.000000,0.000000,0.000000,0.000000,0.000000
1.000000,0.000000,0.000000,0.000000,0.000000,0.000000,0.000000,0.000000
1.000000,0.000000,0.000000,0.000000,0.000000,0.000000,0.000000,0.000000
1.000000,0.000000,0.000000,0.000000,0.000000,0.000000,0.000000,0.000000
1.000000,0.000000,0.000000,0.000000,0.000000,0.000000,0.000000,0.000000
1.000000,0.000000,0.000000,0.000000,0.000000,0.000000,0.000000,0.000000
1.000000,0.000000,0.000000,0.000000,0.000000,0.000000,0.000000,0.000000
1.000000,0.000000,0.000000,0.000000,0.000000,0.000000,0.000000,0.000000
1.000000,0.000000,0.000000,0.000000,0.000000,0.000000,0.000000,0.000000
1.000000,0.000000,0.000000,0.000000,0.000000,0.000000,0.000000,0.000000
1.000000,0.000000,0.000000,0.000000,0.000000,0.000000,0.000000,0.000000
1.000000,0.000000,0.000000,0.000000,0.000000,0.000000,0.000000,0.000000
1.000000,0.000000,0.000000,0.000000,0.000000,0.000000,0.000000,0.000000
1.000000,0.000000,0.000000,0.000000,0.000000,0.000000,0.000000,0.000000
1.000000,0.000000,0.000000,0.000000,0.000000,0.000000,0.000000,0.000000
1.000000,0.000000,0.000000,0.000000,0.000000,0.000000,0.000000,0.000000
1.000000,0.000000,0.000000,0.000000,0.000000,0.000000,0.000000,0.000000
1.000000,0.000000,0.000000,0.000000,0.000000,0.000000,0.000000,0.000000
1.000000,0.000000,0.000000,0.000000,0.000000,0.000000,0.000000,0.000000
1.000000,0.000000,0.000000,0.000000,0.000000,0.000000,0.000000,0.000000
1.000000,0.000000,0.000000,0.000000,0.000000,0.000000,0.000000,0.000000
1.000000,0.000000,0.000000,0.000000,0.000000,0.000000,0.000000,0.000000
1.000000,0.000000,0.000000,0.000000,0.000000,0.000000,0.000000,0.000000
1.000000,0.000000,0.000000,0.000000,0.000000,0.000000,0.000000,0.000000
1.000000,0.000000,0.000000,0.000000,0.000000,0.000000,0.000000,0.000000
1.000000,0.000000,0.000000,0.000000,0.000000,0.000000,0.000000,0.000000
1.000000,0.000000,0.000000,0.000000,0.000000,0.000000,0.000000,0.000000
1.000000,0.000000,0.000000,0.000000,0.000000,0.000000,0.000000,0.000000
1.000000,0.000000,0.000000,0.000000,0.000000,0.000000,0.000000,0.000000
1.000000,0.000000,0.000000,0.000000,0.000000,0.000000,0.000000,0.000000
1.000000,0.000000,0.000000,0.000000,0.000000,0.000000,0.000000,0.000000
1.000000,0.000000,0.000000,0.000000,0.000000,0.000000,0.000000,0.000000
1.000000,0.000000,0.000000,0.000000,0.000000,0.000000,0.000000,0.000000
1.000000,0.000000,0.000000,0.000000,0.000000,0.000000,0.000000,0.000000
1.000000,0.000000,0.000000,0.000000,0.000000,0.000000,0.000000,0.000000
1.000000,0.000000,0.000000,0.000000,0.000000,0.000000,0.000000,0.000000
1.000000,0.000000,0.000000,0.000000,0.000000,0.000000,0.000000,0.000000
1.000000,0.000000,0.000000,0.000000,0.000000,0.000000,0.000000,0.000000
1.000000,0.000000,0.000000,0.000000,0.000000,0.000000,0.000000,0.000000
1.000000,0.000000,0.000000,0.000000,0.000000,0.000000,0.000000,0.000000
1.000000,0.000000,0.000000,0.000000,0.000000,0.000000,0.000000,0.000000
1.000000,0.000000,0.000000,0.000000,0.000000,0.000000,0.000000,0.000000
1.000000,0.000000,0.000000,0.000000,0.000000,0.000000,0.000000,0.000000
1.000000,0.000000,0.000000,0.000000,0.000000,0.000000,0.000000,0.000000
1.000000,0.000000,0.000000,0.000000,0.000000,0.000000,0.000000,0.000000
1.000000,0.000000,0.000000,0.000000,0.000000,0.000000,0.000000,0.000000
1.000000,0.000000,0.000000,0.000000,0.000000,0.000000,0.000000,0.000000
1.000000,0.000000,0.000000,0.000000,0.000000,0.000000,0.000000,0.000000
1.000000,0.000000,0.000000,0.000000,0.000000,0.000000,0.000000,0.000000
1.000000,0.000000,0.000000,0.000000,0.000000,0.000000,0.000000,0.000000
1.000000,0.000000,0.000000,0.000000,0.000000,0.000000,0.000000,0.000000
1.000000,0.000000,0.000000,0.000000,0.000000,0.000000,0.000000,0.000000
1.000000,0.000000,0.000000,0.000000,0.000000,0.000000,0.000000,0.000000
1.000000,0.000000,0.000000,0.000000,0.000000,0.000000,0.000000,0.000000
1.000000,0.000000,0.000000,0.000000,0.000000,0.000000,0.000000,0.000000
1.000000,0.000000,0.000000,0.000000,0.000000,0.000000,0.000000,0.000000
1.000000,0.000000,0.000000,0.000000,0.000000,0.000000,0.000000,0.000000
1.000000,0.000000,0.000000,0.000000,0.000000,0.000000,0.000000,0.000000
1.000000,0.000000,0.000000,0.000000,0.000000,0.000000,0.000000,0.000000
1.000000,0.000000,0.000000,0.000000,0.000000,0.000000,0.000000,0.000000
1.000000,0.000000,0.000000,0.000000,0.000000,0.000000,0.000000,0.000000
1.000000,0.000000,0.000000,0.000000,0.000000,0.000000,0.000000,0.000000
1.000000,0.000000,0.000000,0.000000,0.000000,0.000000,0.000000,0.000000
1.000000,0.000000,0.000000,0.000000,0.000000,0.000000,0.000000,0.000000
1.000000,0.000000,0.000000,0.000000,0.000000,0.000000,0.000000,0.000000
1.000000,0.000000,0.000000,0.000000,0.000000,0.000000,0.000000,0.000000
1.000000,0.000000,0.000000,0.000000,0.000000,0.000000,0.000000,0.000000
1.000000,0.000000,0.000000,0.000000,0.000000,0.000000,0.000000,0.000000
1.000000,0.000000,0.000000,0.000000,0.000000,0.000000,0.000000,0.000000
1.000000,0.000000,0.000000,0.000000,0.000000,0.000000,0.000000,0.000000
1.000000,0.000000,0.000000,0.000000,0.000000,0.000000,0.000000,0.000000
1.000000,0.000000,0.000000,0.000000,0.000000,0.000000,0.000000,0.000000
1.000000,0.000000,0.000000,0.000000,0.000000,0.000000,0.000000,0.000000
1.000000,0.000000,0.000000,0.000000,0.000000,0.000000,0.000000,0.000000
1.000000,0.000000,0.000000,0.000000,0.000000,0.000000,0.000000,0.000000
1.000000,0.000000,0.000000,0.000000,0.000000,0.000000,0.000000,0.000000
1.000000,0.000000,0.000000,0.000000,0.000000,0.000000,0.000000,0.000000
1.000000,0.000000,0.000000,0.000000,0.000000,0.000000,0.000000,0.000000
1.000000,0.000000,0.000000,0.000000,0.000000,0.000000,0.000000,0.000000
1.000000,0.000000,0.000000,0.000000,0.000000,0.000000,0.000000,0.000000
1.000000,0.000000,0.000000,0.000000,0.000000,0.000000,0.000000,0.000000
1.000000,0.000000,0.000000,0.000000,0.000000,0.000000,0.000000,0.000000
1.000000,0.000000,0.000000,0.000000,0.000000,0.000000,0.000000,0.000000
1.000000,0.000000,0.000000,0.000000,0.000000,0.000000,0.000000,0.000000
1.000000,0.000000,0.000000,0.000000,0.000000,0.000000,0.000000,0.000000
1.000000,0.000000,0.000000,0.000000,0.000000,0.000000,0.000000,0.000000
1.000000,0.000000,0.000000,0.000000,0.000000,0.000000,0.000000,0.000000
1.000000,0.000000,0.000000,0.000000,0.000000,0.000000,0.000000,0.000000
1.000000,0.000000,0.000000,0.000000,0.000000,0.000000,0.000000,0.000000
1.000000,0.000000,0.000000,0.000000,0.000000,0.000000,0.000000,0.000000
1.000000,0.000000,0.000000,0.000000,0.000000,0.000000,0.000000,0.000000
1.000000,0.000000,0.000000,0.000000,0.000000,0.000000,0.000000,0.000000
1.000000,0.000000,0.000000,0.000000,0.000000,0.000000,0.000000,0.000000
1.000000,0.000000,0.000000,0.000000,0.000000,0.000000,0.000000,0.000000
1.000000,0.000000,0.000000,0.000000,0.000000,0.000000,0.000000,0.000000
1.000000,0.000000,0.000000,0.000000,0.000000,0.000000,0.000000,0.000000
1.000000,0.000000,0.000000,0.000000,0.000000,0.000000,0.000000,0.000000
1.000000,0.000000,0.000000,0.000000,0.000000,0.000000,0.000000,0.000000
1.000000,0.000000,0.000000,0.000000,0.000000,0.000000,0.000000,0.000000
1.000000,0.000000,0.000000,0.000000,0.000000,0.000000,0.000000,0.000000
1.000000,0.000000,0.000000,0.000000,0.000000,0.000000,0.000000,0.000000
1.000000,0.000000,0.000000,0.000000,0.000000,0.000000,0.000000,0.000000
1.000000,0.000000,0.000000,0.000000,0.000000,0.000000,0.000000,0.000000
1.000000,0.000000,0.000000,0.000000,0.000000,0.000000,0.000000,0.000000
1.000000,0.000000,0.000000,0.000000,0.000000,0.000000,0.000000,0.000000
1.000000,0.000000,0.000000,0.000000,0.000000,0.000000,0.000000,0.000000
1.000000,0.000000,0.000000,0.000000,0.000000,0.000000,0.000000,0.000000
1.000000,0.000000,0.000000,0.000000,0.000000,0.000000,0.000000,0.000000
1.000000,0.000000,0.000000,0.000000,0.000000,0.000000,0.000000,0.000000
1.000000,0.000000,0.000000,0.000000,0.000000,0.000000,0.000000,0.000000
1.000000,0.000000,0.000000,0.000000,0.000000,0.000000,0.000000,0.000000
1.000000,0.000000,0.000000,0.000000,0.000000,0.000000,0.000000,0.000000
1.000000,0.000000,0.000000,0.000000,0.000000,0.000000,0.000000,0.000000
1.000000,0.000000,0.000000,0.000000,0.000000,0.000000,0.000000,0.000000
1.000000,0.000000,0.000000,0.000000,0.000000,0.000000,0.000000,0.000000
1.000000,0.000000,0.000000,0.000000,0.000000,0.000000,0.000000,0.000000
1.000000,0.000000,0.000000,0.000000,0.000000,0.000000,0.000000,0.000000
1.000000,0.000000,0.000000,0.000000,0.000000,0.000000,0.000000,0.000000
1.000000,0.000000,0.000000,0.000000,0.000000,0.000000,0.000000,0.000000
1.000000,0.000000,0.000000,0.000000,0.000000,0.000000,0.000000,0.000000
1.000000,0.000000,0.000000,0.000000,0.000000,0.000000,0.000000,0.000000
1.000000,0.000000,0.000000,0.000000,0.000000,0.000000,0.000000,0.000000
1.000000,0.000000,0.000000,0.000000,0.000000,0.000000,0.000000,0.000000
1.000000,0.000000,0.000000,0.000000,0.000000,0.000000,0.000000,0.000000
1.000000,0.000000,0.000000,0.000000,0.000000,0.000000,0.000000,0.000000
1.000000,0.000000,0.000000,0.000000,0.000000,0.000000,0.000000,0.000000
1.000000,0.000000,0.000000,0.000000,0.000000,0.000000,0.000000,0.000000
1.000000,0.000000,0.000000,0.000000,0.000000,0.000000,0.000000,0.000000
1.000000,0.000000,0.000000,0.000000,0.000000,0.000000,0.000000,0.000000
1.000000,0.000000,0.000000,0.000000,0.000000,0.000000,0.000000,0.000000
1.000000,0.000000,0.000000,0.000000,0.000000,0.000000,0.000000,0.000000
1.000000,0.000000,0.000000,0.000000,0.000000,0.000000,0.000000,0.000000
1.000000,0.000000,0.000000,0.000000,0.000000,0.000000,0.000000,0.000000
1.000000,0.000000,0.000000,0.000000,0.000000,0.000000,0.000000,0.000000
1.000000,0.000000,0.000000,0.000000,0.000000,0.000000,0.000000,0.000000
1.000000,0.000000,0.000000,0.000000,0.000000,0.000000,0.000000,0.000000
1.000000,0.000000,0.000000,0.000000,0.000000,0.000000,0.000000,0.000000
1.000000,0.000000,0.000000,0.000000,0.000000,0.000000,0.000000,0.000000
1.000000,0.000000,0.000000,0.000000,0.000000,0.000000,0.000000,0.000000
1.000000,0.000000,0.000000,0.000000,0.000000,0.000000,0.000000,0.000000
1.000000,0.000000,0.000000,0.000000,0.000000,0.000000,0.000000,0.000000
1.000000,0.000000,0.000000,0.000000,0.000000,0.000000,0.000000,0.000000
1.000000,0.000000,0.000000,0.000000,0.000000,0.000000,0.000000,0.000000
1.000000,0.000000,0.000000,0.000000,0.000000,0.000000,0.000000,0.000000
1.000000,0.000000,0.000000,0.000000,0.000000,0.000000,0.000000,0.000000
1.000000,0.000000,0.000000,0.000000,0.000000,0.000000,0.000000,0.000000
1.000000,0.000000,0.000000,0.000000,0.000000,0.000000,0.000000,0.000000
1.000000,0.000000,0.000000,0.000000,0.000000,0.000000,0.000000,0.000000
1.000000,0.000000,0.000000,0.000000,0.000000,0.000000,0.000000,0.000000
1.000000,0.000000,0.000000,0.000000,0.000000,0.000000,0.000000,0.000000
1.000000,0.000000,0.000000,0.000000,0.000000,0.000000,0.000000,0.000000
1.000000,0.000000,0.000000,0.000000,0.000000,0.000000,0.000000,0.000000
1.000000,0.000000,0.000000,0.000000,0.000000,0.000000,0.000000,0.000000
1.000000,0.000000,0.000000,0.000000,0.000000,0.000000,0.000000,0.000000
1.000000,0.000000,0.000000,0.000000,0.000000,0.000000,0.000000,0.000000
1.000000,0.000000,0.000000,0.000000,0.000000,0.000000,0.000000,0.000000
1.000000,0.000000,0.000000,0.000000,0.000000,0.000000,0.000000,0.000000
1.000000,0.000000,0.000000,0.000000,0.000000,0.000000,0.000000,0.000000
1.000000,0.000000,0.000000,0.000000,0.000000,0.000000,0.000000,0.000000
1.000000,0.000000,0.000000,0.000000,0.000000,0.000000,0.000000,0.000000
1.000000,0.000000,0.000000,0.000000,0.000000,0.000000,0.000000,0.000000
1.000000,0.000000,0.000000,0.000000,0.000000,0.000000,0.000000,0.000000
1.000000,0.000000,0.000000,0.000000,0.000000,0.000000,0.000000,0.000000
1.000000,0.000000,0.000000,0.000000,0.000000,0.000000,0.000000,0.000000
1.000000,0.000000,0.000000,0.000000,0.000000,0.000000,0.000000,0.000000
1.000000,0.000000,0.000000,0.000000,0.000000,0.000000,0.000000,0.000000
1.000000,0.000000,0.000000,0.000000,0.000000,0.000000,0.000000,0.000000
1.000000,0.000000,0.000000,0.000000,0.000000,0.000000,0.000000,0.000000
1.000000,0.000000,0.000000,0.000000,0.000000,0.000000,0.000000,0.000000
1.000000,0.000000,0.000000,0.000000,0.000000,0.000000,0.000000,0.000000
1.000000,0.000000,0.000000,0.000000,0.000000,0.000000,0.000000,0.000000
1.000000,0.000000,0.000000,0.000000,0.000000,0.000000,0.000000,0.000000
1.000000,0.000000,0.000000,0.000000,0.000000,0.000000,0.000000,0.000000
1.000000,0.000000,0.000000,0.000000,0.000000,0.000000,0.000000,0.000000
1.000000,0.000000,0.000000,0.000000,0.000000,0.000000,0.000000,0.000000
1.000000,0.000000,0.000000,0.000000,0.000000,0.000000,0.000000,0.000000
1.000000,0.000000,0.000000,0.000000,0.000000,0.000000,0.000000,0.000000
1.000000,0.000000,0.000000,0.000000,0.000000,0.000000,0.000000,0.000000
1.000000,0.000000,0.000000,0.000000,0.000000,0.000000,0.000000,0.000000
1.000000,0.000000,0.000000,0.000000,0.000000,0.000000,0.000000,0.000000
1.000000,0.000000,0.000000,0.000000,0.000000,0.000000,0.000000,0.000000
1.000000,0.000000,0.000000,0.000000,0.000000,0.000000,0.000000,0.000000
1.000000,0.000000,0.000000,0.000000,0.000000,0.000000,0.000000,0.000000
1.000000,0.000000,0.000000,0.000000,0.000000,0.000000,0.000000,0.000000
1.000000,0.000000,0.000000,0.000000,0.000000,0.000000,0.000000,0.000000
1.000000,0.000000,0.000000,0.000000,0.000000,0.000000,0.000000,0.000000
1.000000,0.000000,0.000000,0.000000,0.000000,0.000000,0.000000,0.000000
1.000000,0.000000,0.000000,0.000000,0.000000,0.000000,0.000000,0.000000
1.000000,0.000000,0.000000,0.000000,0.000000,0.000000,0.000000,0.000000
1.000000,0.000000,0.000000,0.000000,0.000000,0.000000,0.000000,0.000000
1.000000,0.000000,0.000000,0.000000,0.000000,0.000000,0.000000,0.000000
1.000000,0.000000,0.000000,0.000000,0.000000,0.000000,0.000000,0.000000
1.000000,0.000000,0.000000,0.000000,0.000000,0.000000,0.000000,0.000000
1.000000,0.000000,0.000000,0.000000,0.000000,0.000000,0.000000,0.000000
1.000000,0.000000,0.000000,0.000000,0.000000,0.000000,0.000000,0.000000
1.000000,0.000000,0.000000,0.000000,0.000000,0.000000,0.000000,0.000000
1.000000,0.000000,0.000000,0.000000,0.000000,0.000000,0.000000,0.000000
1.000000,0.000000,0.000000,0.000000,0.000000,0.000000,0.000000,0.000000
1.000000,0.000000,0.000000,0.000000,0.000000,0.000000,0.000000,0.000000
1.000000,0.000000,0.000000,0.000000,0.000000,0.000000,0.000000,0.000000
1.000000,0.000000,0.000000,0.000000,0.000000,0.000000,0.000000,0.000000
1.000000,0.000000,0.000000,0.000000,0.000000,0.000000,0.000000,0.000000
1.000000,0.000000,0.000000,0.000000,0.000000,0.000000,0.000000,0.000000
1.000000,0.000000,0.000000,0.000000,0.000000,0.000000,0.000000,0.000000
1.000000,0.000000,0.000000,0.000000,0.000000,0.000000,0.000000,0.000000
1.000000,0.000000,0.000000,0.000000,0.000000,0.000000,0.000000,0.000000
1.000000,0.000000,0.000000,0.000000,0.000000,0.000000,0.000000,0.000000
1.000000,0.000000,0.000000,0.000000,0.000000,0.000000,0.000000,0.000000
1.000000,0.000000,0.000000,0.000000,0.000000,0.000000,0.000000,0.000000
1.000000,0.000000,0.000000,0.000000,0.000000,0.000000,0.000000,0.000000
1.000000,0.000000,0.000000,0.000000,0.000000,0.000000,0.000000,0.000000
1.000000,0.000000,0.000000,0.000000,0.000000,0.000000,0.000000,0.000000
1.000000,0.000000,0.000000,0.000000,0.000000,0.000000,0.000000,0.000000
1.000000,0.000000,0.000000,0.000000,0.000000,0.000000,0.000000,0.000000
1.000000,0.000000,0.000000,0.000000,0.000000,0.000000,0.000000,0.000000
1.000000,0.000000,0.000000,0.000000,0.000000,0.000000,0.000000,0.000000
1.000000,0.000000,0.000000,0.000000,0.000000,0.000000,0.000000,0.000000
1.000000,0.000000,0.000000,0.000000,0.000000,0.000000,0.000000,0.000000
1.000000,0.000000,0.000000,0.000000,0.000000,0.000000,0.000000,0.000000
1.000000,0.000000,0.000000,0.000000,0.000000,0.000000,0.000000,0.000000
1.000000,0.000000,0.000000,0.000000,0.000000,0.000000,0.000000,0.000000
1.000000,0.000000,0.000000,0.000000,0.000000,0.000000,0.000000,0.000000
1.000000,0.000000,0.000000,0.000000,0.000000,0.000000,0.000000,0.000000
1.000000,0.000000,0.000000,0.000000,0.000000,0.000000,0.000000,0.000000
1.000000,0.000000,0.000000,0.000000,0.000000,0.000000,0.000000,0.000000
1.000000,0.000000,0.000000,0.000000,0.000000,0.000000,0.000000,0.000000
1.000000,0.000000,0.000000,0.000000,0.000000,0.000000,0.000000,0.000000
1.000000,0.000000,0.000000,0.000000,0.000000,0.000000,0.000000,0.000000
1.000000,0.000000,0.000000,0.000000,0.000000,0.000000,0.000000,0.000000
1.000000,0.000000,0.000000,0.000000,0.000000,0.000000,0.000000,0.000000
1.000000,0.000000,0.000000,0.000000,0.000000,0.000000,0.000000,0.000000
1.000000,0.000000,0.000000,0.000000,0.000000,0.000000,0.000000,0.000000
1.000000,0.000000,0.000000,0.000000,0.000000,0.000000,0.000000,0.000000
1.000000,0.000000,0.000000,0.000000,0.000000,0.000000,0.000000,0.000000
1.000000,0.000000,0.000000,0.000000,0.000000,0.000000,0.000000,0.000000
1.000000,0.000000,0.000000,0.000000,0.000000,0.000000,0.000000,0.000000
1.000000,0.000000,0.000000,0.000000,0.000000,0.000000,0.000000,0.000000
1.000000,0.000000,0.000000,0.000000,0.000000,0.000000,0.000000,0.000000
1.000000,0.000000,0.000000,0.000000,0.000000,0.000000,0.000000,0.000000
1.000000,0.000000,0.000000,0.000000,0.000000,0.000000,0.000000,0.000000
1.000000,0.000000,0.000000,0.000000,0.000000,0.000000,0.000000,0.000000
1.000000,0.000000,0.000000,0.000000,0.000000,0.000000,0.000000,0.000000
1.000000,0.000000,0.000000,0.000000,0.000000,0.000000,0.000000,0.000000
1.000000,0.000000,0.000000,0.000000,0.000000,0.000000,0.000000,0.000000
1.000000,0.000000,0.000000,0.000000,0.000000,0.000000,0.000000,0.000000
1.000000,0.000000,0.000000,0.000000,0.000000,0.000000,0.000000,0.000000
1.000000,0.000000,0.000000,0.000000,0.000000,0.000000,0.000000,0.000000
1.000000,0.000000,0.000000,0.000000,0.000000,0.000000,0.000000,0.000000
1.000000,0.000000,0.000000,0.000000,0.000000,0.000000,0.000000,0.000000
1.000000,0.000000,0.000000,0.000000,0.000000,0.000000,0.000000,0.000000
1.000000,0.000000,0.000000,0.000000,0.000000,0.000000,0.000000,0.000000
1.000000,0.000000,0.000000,0.000000,0.000000,0.000000,0.000000,0.000000
1.000000,0.000000,0.000000,0.000000,0.000000,0.000000,0.000000,0.000000
1.000000,0.000000,0.000000,0.000000,0.000000,0.000000,0.000000,0.000000
1.000000,0.000000,0.000000,0.000000,0.000000,0.000000,0.000000,0.000000
1.000000,0.000000,0.000000,0.000000,0.000000,0.000000,0.000000,0.000000
1.000000,0.000000,0.000000,0.000000,0.000000,0.000000,0.000000,0.000000
1.000000,0.000000,0.000000,0.000000,0.000000,0.000000,0.000000,0.000000
1.000000,0.000000,0.000000,0.000000,0.000000,0.000000,0.000000,0.000000
1.000000,0.000000,0.000000,0.000000,0.000000,0.000000,0.000000,0.000000
1.000000,0.000000,0.000000,0.000000,0.000000,0.000000,0.000000,0.000000
1.000000,0.000000,0.000000,0.000000,0.000000,0.000000,0.000000,0.000000
1.000000,0.000000,0.000000,0.000000,0.000000,0.000000,0.000000,0.000000
1.000000,0.000000,0.000000,0.000000,0.000000,0.000000,0.000000,0.000000
1.000000,0.000000,0.000000,0.000000,0.000000,0.000000,0.000000,0.000000
1.000000,0.000000,0.000000,0.000000,0.000000,0.000000,0.000000,0.000000
1.000000,0.000000,0.000000,0.000000,0.000000,0.000000,0.000000,0.000000
1.000000,0.000000,0.000000,0.000000,0.000000,0.000000,0.000000,0.000000
1.000000,0.000000,0.000000,0.000000,0.000000,0.000000,0.000000,0.000000
1.000000,0.000000,0.000000,0.000000,0.000000,0.000000,0.000000,0.000000
1.000000,0.000000,0.000000,0.000000,0.000000,0.000000,0.000000,0.000000
1.000000,0.000000,0.000000,0.000000,0.000000,0.000000,0.000000,0.000000
1.000000,0.000000,0.000000,0.000000,0.000000,0.000000,0.000000,0.000000
1.000000,0.000000,0.000000,0.000000,0.000000,0.000000,0.000000,0.000000
1.000000,0.000000,0.000000,0.000000,0.000000,0.000000,0.000000,0.000000
1.000000,0.000000,0.000000,0.000000,0.000000,0.000000,0.000000,0.000000
1.000000,0.000000,0.000000,0.000000,0.000000,0.000000,0.000000,0.000000
1.000000,0.000000,0.000000,0.000000,0.000000,0.000000,0.000000,0.000000
1.000000,0.000000,0.000000,0.000000,0.000000,0.000000,0.000000,0.000000
1.000000,0.000000,0.000000,0.000000,0.000000,0.000000,0.000000,0.000000
1.000000,0.000000,0.000000,0.000000,0.000000,0.000000,0.000000,0.000000
1.000000,0.000000,0.000000,0.000000,0.000000,0.000000,0.000000,0.000000
1.000000,0.000000,0.000000,0.000000,0.000000,0.000000,0.000000,0.000000
1.000000,0.000000,0.000000,0.000000,0.000000,0.000000,0.000000,0.000000
1.000000,0.000000,0.000000,0.000000,0.000000,0.000000,0.000000,0.000000
1.000000,0.000000,0.000000,0.000000,0.000000,0.000000,0.000000,0.000000
1.000000,0.000000,0.000000,0.000000,0.000000,0.000000,0.000000,0.000000
1.000000,0.000000,0.000000,0.000000,0.000000,0.000000,0.000000,0.000000
1.000000,0.000000,0.000000,0.000000,0.000000,0.000000,0.000000,0.000000
1.000000,0.000000,0.000000,0.000000,0.000000,0.000000,0.000000,0.000000
1.000000,0.000000,0.000000,0.000000,0.000000,0.000000,0.000000,0.000000
1.000000,0.000000,0.000000,0.000000,0.000000,0.000000,0.000000,0.000000
1.000000,0.000000,0.000000,0.000000,0.000000,0.000000,0.000000,0.000000
1.000000,0.000000,0.000000,0.000000,0.000000,0.000000,0.000000,0.000000
1.000000,0.000000,0.000000,0.000000,0.000000,0.000000,0.000000,0.000000
1.000000,0.000000,0.000000,0.000000,0.000000,0.000000,0.000000,0.000000
1.000000,0.000000,0.000000,0.000000,0.000000,0.000000,0.000000,0.000000
1.000000,0.000000,0.000000,0.000000,0.000000,0.000000,0.000000,0.000000
1.000000,0.000000,0.000000,0.000000,0.000000,0.000000,0.000000,0.000000
1.000000,0.000000,0.000000,0.000000,0.000000,0.000000,0.000000,0.000000
1.000000,0.000000,0.000000,0.000000,0.000000,0.000000,0.000000,0.000000
1.000000,0.000000,0.000000,0.000000,0.000000,0.000000,0.000000,0.000000
1.000000,0.000000,0.000000,0.000000,0.000000,0.000000,0.000000,0.000000
1.000000,0.000000,0.000000,0.000000,0.000000,0.000000,0.000000,0.000000
1.000000,0.000000,0.000000,0.000000,0.000000,0.000000,0.000000,0.000000
1.000000,0.000000,0.000000,0.000000,0.000000,0.000000,0.000000,0.000000
1.000000,0.000000,0.000000,0.000000,0.000000,0.000000,0.000000,0.000000
1.000000,0.000000,0.000000,0.000000,0.000000,0.000000,0.000000,0.000000
1.000000,0.000000,0.000000,0.000000,0.000000,0.000000,0.000000,0.000000
1.000000,0.000000,0.000000,0.000000,0.000000,0.000000,0.000000,0.000000
1.000000,0.000000,0.000000,0.000000,0.000000,0.000000,0.000000,0.000000
1.000000,0.000000,0.000000,0.000000,0.000000,0.000000,0.000000,0.000000
1.000000,0.000000,0.000000,0.000000,0.000000,0.000000,0.000000,0.000000
1.000000,0.000000,0.000000,0.000000,0.000000,0.000000,0.000000,0.000000
1.000000,0.000000,0.000000,0.000000,0.000000,0.000000,0.000000,0.000000
1.000000,0.000000,0.000000,0.000000,0.000000,0.000000,0.000000,0.000000
1.000000,0.000000,0.000000,0.000000,0.000000,0.000000,0.000000,0.000000
1.000000,0.000000,0.000000,0.000000,0.000000,0.000000,0.000000,0.000000
1.000000,0.000000,0.000000,0.000000,0.000000,0.000000,0.000000,0.000000
1.000000,0.000000,0.000000,0.000000,0.000000,0.000000,0.000000,0.000000
1.000000,0.000000,0.000000,0.000000,0.000000,0.000000,0.000000,0.000000
1.000000,0.000000,0.000000,0.000000,0.000000,0.000000,0.000000,0.000000
1.000000,0.000000,0.000000,0.000000,0.000000,0.000000,0.000000,0.000000
1.000000,0.000000,0.000000,0.000000,0.000000,0.000000,0.000000,0.000000
3.000000,40.000000,0.007324,39.992676,4200.000000,0.000000,6500.000000,0.000000
3.000000,40.000000,0.202637,39.797363,4200.000000,91.217880,6500.000000,0.000000
3.000000,40.000000,1.005859,38.994141,4200.000000,740.244934,6500.000000,0.000000
3.000000,40.000000,1.982422,38.017578,4200.000000,1086.174438,6500.000000,0.000000
3.000000,40.000000,3.903809,36.096191,4200.000000,1737.092651,6500.000000,0.000000
3.000000,40.000000,5.480957,34.519043,4200.000000,2213.706543,6500.000000,0.000000
3.000000,40.000000,8.221436,31.778564,4200.000000,2580.133789,6500.000000,0.000000
3.000000,40.000000,10.364990,29.635010,4200.000000,2975.919189,6500.000000,0.000000
3.000000,40.000000,14.189453,25.810547,4200.000000,3613.522705,6500.000000,0.000000
3.000000,40.000000,17.896729,22.103271,4200.000000,4128.788574,-5943.000000,0.000000
3.000000,40.000000,22.672119,17.327881,4200.000000,4714.015137,-6500.000000,0.000000
3.000000,40.000000,25.668945,14.331055,4200.000000,4668.479004,-6500.000000,0.000000
3.000000,40.000000,29.523926,10.476074,3142.822266,4094.906982,-6500.000000,0.000000
3.000000,40.000000,31.578369,8.421631,2526.489258,3531.116943,-6500.000000,0.000000
3.000000,40.000000,33.870850,6.129150,1838.745117,2581.631348,-6500.000000,0.000000
3.000000,40.000000,34.888916,5.111084,1533.325195,1915.487305,-907.000000,0.000000
3.000000,40.000000,35.745850,4.254150,1276.245117,931.920044,6500.000000,0.000000
3.000000,40.000000,36.195068,3.804932,1141.479492,861.814392,2971.000000,0.000000
3.000000,40.000000,37.724609,2.275391,682.617188,1278.735352,-6500.000000,0.000000
3.000000,40.000000,38.406982,1.593018,477.905273,1093.692993,-6500.000000,0.000000
3.000000,40.000000,38.795166,1.204834,361.450195,589.961487,-1788.000000,0.000000
3.000000,40.000000,38.662109,1.337891,401.367188,7.170517,6500.000000,0.000000
3.000000,40.000000,38.800049,1.199951,359.985352,61.872360,4667.000000,0.000000
3.000000,40.000000,39.212646,0.787354,0.000000,461.790619,-6500.000000,0.000000
3.000000,40.000000,39.671631,0.328369,0.000000,502.342651,-6500.000000,0.000000
3.000000,40.000000,39.583740,0.416260,0.000000,121.160110,2838.000000,0.000000
3.000000,40.000000,39.210205,0.789795,0.000000,-357.763794,6500.000000,0.000000
3.000000,40.000000,39.238281,0.761719,0.000000,-156.783478,-1014.000000,0.000000
3.000000,40.000000,39.635010,0.364990,0.000000,352.115784,-6500.000000,0.000000
3.000000,40.000000,39.650879,0.349121,0.000000,223.639679,0.000000,0.000000
3.000000,40.000000,39.305420,0.694580,0.000000,-317.190125,6500.000000,0.000000
3.000000,40.000000,39.254150,0.745850,0.000000,-239.245468,1803.000000,0.000000
3.000000,40.000000,39.553223,0.446777,0.000000,239.447662,-6440.000000,0.000000
3.000000,40.000000,39.635010,0.364990,0.000000,182.459106,-2627.000000,0.000000
3.000000,40.000000,39.396973,0.603027,0.000000,-178.138443,5147.000000,0.000000
3.000000,40.000000,39.276123,0.723877,0.000000,-233.077438,4003.000000,0.000000
3.000000,40.000000,39.343262,0.656738,0.000000,22.235949,-926.000000,0.000000
3.000000,40.000000,39.378662,0.621338,0.000000,59.703823,-1130.000000,0.000000
3.000000,40.000000,39.394531,0.605469,0.000000,22.788088,0.000000,0.000000
3.000000,40.000000,39.393311,0.606689,0.000000,2.667817,0.000000,0.000000
3.000000,40.000000,39.392090,0.607910,0.000000,-4.569561,0.000000,0.000000
3.000000,40.000000,39.392090,0.607910,0.000000,-0.815695,0.000000,0.000000
3.000000,40.000000,39.392090,0.607910,0.000000,-0.061519,0.000000,0.000000
3.000000,40.000000,39.389648,0.610352,0.000000,-2.912481,0.000000,0.000000
3.000000,40.000000,39.367676,0.632324,0.000000,-21.567921,0.000000,0.000000
3.000000,40.000000,39.351807,0.648193,0.000000,-21.901751,0.000000,0.000000
3.000000,40.000000,39.348145,0.651855,0.000000,-14.136336,0.000000,0.000000
3.000000,40.000000,39.343262,0.656738,0.000000,-8.050908,0.000000,0.000000
3.000000,40.000000,39.343262,0.656738,0.000000,-5.703981,0.000000,0.000000
3.000000,40.000000,39.345703,0.654297,0.000000,-0.430188,0.000000,0.000000
3.000000,40.000000,39.345703,0.654297,0.000000,-0.049914,0.000000,0.000000
3.000000,40.000000,39.345703,0.654297,0.000000,-0.005792,0.000000,0.000000
3.000000,40.000000,39.345703,0.654297,0.000000,-0.001034,0.000000,0.000000
3.000000,40.000000,39.345703,0.654297,0.000000,-0.000078,0.000000,0.000000
3.000000,40.000000,39.345703,0.654297,0.000000,-0.000014,0.000000,0.000000
3.000000,40.000000,39.345703,0.654297,0.000000,-0.000001,0.000000,0.000000
3.000000,40.000000,39.345703,0.654297,0.000000,-0.000000,0.000000,0.000000
3.000000,40.000000,39.345703,0.654297,0.000000,-0.000000,0.000000,0.000000
3.000000,40.000000,39.345703,0.654297,0.000000,-0.000000,0.000000,0.000000
3.000000,40.000000,39.345703,0.654297,0.000000,-0.000000,0.000000,0.000000
3.000000,40.000000,39.345703,0.654297,0.000000,-0.000000,0.000000,0.000000
3.000000,40.000000,39.345703,0.654297,0.000000,-0.000000,0.000000,0.000000
3.000000,40.000000,39.345703,0.654297,0.000000,-0.000000,0.000000,0.000000
3.000000,40.000000,39.345703,0.654297,0.000000,-0.000000,0.000000,0.000000
3.000000,40.000000,39.345703,0.654297,0.000000,-0.000000,0.000000,0.000000
3.000000,40.000000,39.345703,0.654297,0.000000,-0.000000,0.000000,0.000000
3.000000,40.000000,39.344482,0.655518,0.000000,-0.000000,0.000000,0.000000
3.000000,40.000000,39.342041,0.657959,0.000000,-2.034384,0.000000,0.000000
3.000000,40.000000,39.339600,0.660400,0.000000,-4.625100,0.000000,0.000000
3.000000,40.000000,39.335938,0.664063,0.000000,-4.047144,0.000000,0.000000
3.000000,40.000000,39.333496,0.666504,0.000000,-4.984391,0.000000,0.000000
3.000000,40.000000,39.326172,0.673828,0.000000,-9.505066,0.000000,0.000000
3.000000,40.000000,39.321289,0.678711,0.000000,-8.557020,0.000000,0.000000
3.000000,40.000000,39.313965,0.686035,0.000000,-8.042009,0.000000,0.000000
3.000000,40.000000,39.312744,0.687256,0.000000,-5.105999,0.000000,0.000000
3.000000,40.000000,39.313965,0.686035,0.000000,-0.250308,0.000000,0.000000
3.000000,40.000000,39.313965,0.686035,0.000000,-0.068741,0.000000,0.000000
3.000000,40.000000,39.313965,0.686035,0.000000,-0.005184,0.000000,0.000000
3.000000,40.000000,39.313965,0.686035,0.000000,-0.000602,0.000000,0.000000
3.000000,40.000000,39.313965,0.686035,0.000000,-0.000070,0.000000,0.000000
3.000000,40.000000,39.313965,0.686035,0.000000,-0.000012,0.000000,0.000000
3.000000,40.000000,39.313965,0.686035,0.000000,-0.000001,0.000000,0.000000
3.000000,40.000000,39.313965,0.686035,0.000000,-0.000000,0.000000,0.000000
3.000000,40.000000,39.313965,0.686035,0.000000,-0.000000,0.000000,0.000000
3.000000,40.000000,39.311523,0.688477,0.000000,-0.000000,0.000000,0.000000
3.000000,40.000000,39.306641,0.693359,0.000000,-8.360333,0.000000,0.000000
3.000000,40.000000,39.305420,0.694580,0.000000,-4.778347,0.000000,0.000000
3.000000,40.000000,39.305420,0.694580,0.000000,-0.772727,0.000000,0.000000
3.000000,40.000000,39.305420,0.694580,0.000000,-0.137937,0.000000,0.000000
3.000000,40.000000,39.305420,0.694580,0.000000,-0.010403,0.000000,0.000000
3.000000,40.000000,39.305420,0.694580,0.000000,-0.001207,0.000000,0.000000
3.000000,40.000000,39.305420,0.694580,0.000000,-0.000215,0.000000,0.000000
3.000000,40.000000,39.305420,0.694580,0.000000,-0.000011,0.000000,0.000000
3.000000,40.000000,39.305420,0.694580,0.000000,-0.000003,0.000000,0.000000
3.000000,40.000000,39.305420,0.694580,0.000000,-0.000000,0.000000,0.000000
3.000000,40.000000,39.305420,0.694580,0.000000,-0.000000,0.000000,0.000000
3.000000,40.000000,39.305420,0.694580,0.000000,-0.000000,0.000000,0.000000
3.000000,40.000000,39.305420,0.694580,0.000000,-0.000000,0.000000,0.000000
3.000000,40.000000,39.305420,0.694580,0.000000,-0.000000,0.000000,0.000000
3.000000,40.000000,39.305420,0.694580,0.000000,-0.000000,0.000000,0.000000
3.000000,40.000000,39.305420,0.694580,0.000000,-0.000000,0.000000,0.000000
3.000000,40.000000,39.305420,0.694580,0.000000,-0.000000,0.000000,0.000000
3.000000,40.000000,39.305420,0.694580,0.000000,-0.000000,0.000000,0.000000
3.000000,40.000000,39.305420,0.694580,0.000000,-0.000000,0.000000,0.000000
3.000000,40.000000,39.305420,0.694580,0.000000,-0.000000,0.000000,0.000000
3.000000,40.000000,39.305420,0.694580,0.000000,-0.000000,0.000000,0.000000
3.000000,40.000000,39.305420,0.694580,0.000000,-0.000000,0.000000,0.000000
3.000000,40.000000,39.305420,0.694580,0.000000,-0.000000,0.000000,0.000000
3.000000,40.000000,39.305420,0.694580,0.000000,-0.000000,0.000000,0.000000
3.000000,40.000000,39.305420,0.694580,0.000000,-0.000000,0.000000,0.000000
3.000000,40.000000,39.305420,0.694580,0.000000,-0.000000,0.000000,0.000000
3.000000,40.000000,39.305420,0.694580,0.000000,-0.000000,0.000000,0.000000
3.000000,40.000000,39.305420,0.694580,0.000000,-0.000000,0.000000,0.000000
3.000000,40.000000,39.305420,0.694580,0.000000,-0.000000,0.000000,0.000000
3.000000,40.000000,39.305420,0.694580,0.000000,-0.000000,0.000000,0.000000
3.000000,40.000000,39.305420,0.694580,0.000000,-0.000000,0.000000,0.000000
3.000000,40.000000,39.305420,0.694580,0.000000,-0.000000,0.000000,0.000000
3.000000,40.000000,39.305420,0.694580,0.000000,-0.000000,0.000000,0.000000
3.000000,40.000000,39.305420,0.694580,0.000000,-0.000000,0.000000,0.000000
3.000000,40.000000,39.305420,0.694580,0.000000,-0.000000,0.000000,0.000000
3.000000,40.000000,39.305420,0.694580,0.000000,-0.000000,0.000000,0.000000
3.000000,40.000000,39.305420,0.694580,0.000000,-0.000000,0.000000,0.000000
3.000000,40.000000,39.305420,0.694580,0.000000,-0.000000,0.000000,0.000000
3.000000,40.000000,39.305420,0.694580,0.000000,-0.000000,0.000000,0.000000
3.000000,40.000000,39.305420,0.694580,0.000000,-0.000000,0.000000,0.000000
3.000000,40.000000,39.305420,0.694580,0.000000,-0.000000,0.000000,0.000000
3.000000,40.000000,39.305420,0.694580,0.000000,-0.000000,0.000000,0.000000
3.000000,40.000000,39.305420,0.694580,0.000000,-0.000000,0.000000,0.000000
3.000000,40.000000,39.305420,0.694580,0.000000,-0.000000,0.000000,0.000000
3.000000,40.000000,39.305420,0.694580,0.000000,-0.000000,0.000000,0.000000
3.000000,40.000000,39.305420,0.694580,0.000000,-0.000000,0.000000,0.000000
3.000000,40.000000,39.305420,0.694580,0.000000,-0.000000,0.000000,0.000000
3.000000,40.000000,39.305420,0.694580,0.000000,-0.000000,0.000000,0.000000
3.000000,40.000000,39.305420,0.694580,0.000000,-0.000000,0.000000,0.000000
3.000000,40.000000,39.305420,0.694580,0.000000,-0.000000,0.000000,0.000000
3.000000,40.000000,39.305420,0.694580,0.000000,-0.000000,0.000000,0.000000
3.000000,40.000000,39.305420,0.694580,0.000000,-0.000000,0.000000,0.000000
3.000000,40.000000,39.305420,0.694580,0.000000,-0.000000,0.000000,0.000000
3.000000,40.000000,39.305420,0.694580,0.000000,-0.000000,0.000000,0.000000
3.000000,40.000000,39.305420,0.694580,0.000000,-0.000000,0.000000,0.000000
3.000000,40.000000,39.305420,0.694580,0.000000,-0.000000,0.000000,0.000000
3.000000,40.000000,39.305420,0.694580,0.000000,-0.000000,0.000000,0.000000
3.000000,40.000000,39.305420,0.694580,0.000000,-0.000000,0.000000,0.000000
3.000000,40.000000,39.305420,0.694580,0.000000,-0.000000,0.000000,0.000000
3.000000,40.000000,39.305420,0.694580,0.000000,-0.000000,0.000000,0.000000
3.000000,40.000000,39.305420,0.694580,0.000000,-0.000000,0.000000,0.000000
3.000000,40.000000,39.305420,0.694580,0.000000,-0.000000,0.000000,0.000000
3.000000,40.000000,39.305420,0.694580,0.000000,-0.000000,0.000000,0.000000
3.000000,40.000000,39.305420,0.694580,0.000000,-0.000000,0.000000,0.000000
3.000000,40.000000,39.305420,0.694580,0.000000,-0.000000,0.000000,0.000000
3.000000,40.000000,39.305420,0.694580,0.000000,-0.000000,0.000000,0.000000
3.000000,40.000000,39.305420,0.694580,0.000000,-0.000000,0.000000,0.000000
3.000000,40.000000,39.305420,0.694580,0.000000,-0.000000,0.000000,0.000000
3.000000,40.000000,39.305420,0.694580,0.000000,-0.000000,0.000000,0.000000
3.000000,40.000000,39.305420,0.694580,0.000000,-0.000000,0.000000,0.000000
3.000000,40.000000,39.305420,0.694580,0.000000,-0.000000,0.000000,0.000000
3.000000,40.000000,39.305420,0.694580,0.000000,-0.000000,0.000000,0.000000
3.000000,40.000000,39.305420,0.694580,0.000000,-0.000000,0.000000,0.000000
3.000000,40.000000,39.305420,0.694580,0.000000,-0.000000,0.000000,0.000000
3.000000,40.000000,39.305420,0.694580,0.000000,-0.000000,0.000000,0.000000
3.000000,40.000000,39.305420,0.694580,0.000000,-0.000000,0.000000,0.000000
3.000000,40.000000,39.305420,0.694580,0.000000,-0.000000,0.000000,0.000000
3.000000,40.000000,39.305420,0.694580,0.000000,-0.000000,0.000000,0.000000
3.000000,40.000000,39.305420,0.694580,0.000000,-0.000000,0.000000,0.000000
3.000000,40.000000,39.305420,0.694580,0.000000,-0.000000,0.000000,0.000000
3.000000,40.000000,39.305420,0.694580,0.000000,-0.000000,0.000000,0.000000
3.000000,40.000000,39.305420,0.694580,0.000000,-0.000000,0.000000,0.000000
3.000000,40.000000,39.305420,0.694580,0.000000,-0.000000,0.000000,0.000000
3.000000,40.000000,39.305420,0.694580,0.000000,-0.000000,0.000000,0.000000
3.000000,40.000000,39.305420,0.694580,0.000000,-0.000000,0.000000,0.000000
3.000000,40.000000,39.305420,0.694580,0.000000,-0.000000,0.000000,0.000000
1.000000,40.000000,39.305420,0.694580,0.000000,-0.000000,0.000000,0.000000
1.000000,40.000000,39.305420,0.694580,0.000000,-0.000000,0.000000,0.000000
1.000000,40.000000,39.305420,0.694580,0.000000,-0.000000,0.000000,0.000000
1.000000,40.000000,39.305420,0.694580,0.000000,-0.000000,0.000000,0.000000
1.000000,40.000000,39.305420,0.694580,0.000000,-0.000000,0.000000,0.000000
1.000000,40.000000,39.305420,0.694580,0.000000,-0.000000,0.000000,0.000000
1.000000,40.000000,39.305420,0.694580,0.000000,-0.000000,0.000000,0.000000
1.000000,40.000000,39.305420,0.694580,0.000000,-0.000000,0.000000,0.000000
1.000000,40.000000,39.305420,0.694580,0.000000,-0.000000,0.000000,0.000000
1.000000,40.000000,39.305420,0.694580,0.000000,-0.000000,0.000000,0.000000
1.000000,40.000000,39.305420,0.694580,0.000000,-0.000000,0.000000,0.000000
1.000000,40.000000,39.305420,0.694580,0.000000,-0.000000,0.000000,0.000000
1.000000,40.000000,39.305420,0.694580,0.000000,-0.000000,0.000000,0.000000
1.000000,40.000000,39.305420,0.694580,0.000000,-0.000000,0.000000,0.000000
1.000000,40.000000,39.305420,0.694580,0.000000,-0.000000,0.000000,0.000000
1.000000,40.000000,39.305420,0.694580,0.000000,-0.000000,0.000000,0.000000
1.000000,40.000000,39.305420,0.694580,0.000000,-0.000000,0.000000,0.000000
1.000000,40.000000,39.305420,0.694580,0.000000,-0.000000,0.000000,0.000000
1.000000,40.000000,39.305420,0.694580,0.000000,-0.000000,0.000000,0.000000
1.000000,40.000000,39.305420,0.694580,0.000000,-0.000000,0.000000,0.000000
1.000000,40.000000,39.305420,0.694580,0.000000,-0.000000,0.000000,0.000000
1.000000,40.000000,39.305420,0.694580,0.000000,-0.000000,0.000000,0.000000
1.000000,40.000000,39.305420,0.694580,0.000000,-0.000000,0.000000,0.000000
1.000000,40.000000,39.305420,0.694580,0.000000,-0.000000,0.000000,0.000000
1.000000,40.000000,39.305420,0.694580,0.000000,-0.000000,0.000000,0.000000
1.000000,40.000000,39.305420,0.694580,0.000000,-0.000000,0.000000,0.000000
1.000000,40.000000,39.305420,0.694580,0.000000,-0.000000,0.000000,0.000000
1.000000,40.000000,39.305420,0.694580,0.000000,-0.000000,0.000000,0.000000
1.000000,40.000000,39.305420,0.694580,0.000000,-0.000000,0.000000,0.000000
1.000000,40.000000,39.305420,0.694580,0.000000,-0.000000,0.000000,0.000000
1.000000,40.000000,39.305420,0.694580,0.000000,-0.000000,0.000000,0.000000
1.000000,40.000000,39.305420,0.694580,0.000000,-0.000000,0.000000,0.000000
1.000000,40.000000,39.305420,0.694580,0.000000,-0.000000,0.000000,0.000000
1.000000,40.000000,39.305420,0.694580,0.000000,-0.000000,0.000000,0.000000
1.000000,40.000000,39.305420,0.694580,0.000000,-0.000000,0.000000,0.000000
1.000000,40.000000,39.305420,0.694580,0.000000,-0.000000,0.000000,0.000000
1.000000,40.000000,39.305420,0.694580,0.000000,-0.000000,0.000000,0.000000
1.000000,40.000000,39.305420,0.694580,0.000000,-0.000000,0.000000,0.000000
1.000000,40.000000,39.305420,0.694580,0.000000,-0.000000,0.000000,0.000000
1.000000,40.000000,39.305420,0.694580,0.000000,-0.000000,0.000000,0.000000
1.000000,40.000000,39.305420,0.694580,0.000000,-0.000000,0.000000,0.000000
1.000000,40.000000,39.305420,0.694580,0.000000,-0.000000,0.000000,0.000000
1.000000,40.000000,39.305420,0.694580,0.000000,-0.000000,0.000000,0.000000
1.000000,40.000000,39.305420,0.694580,0.000000,-0.000000,0.000000,0.000000
1.000000,40.000000,39.305420,0.694580,0.000000,-0.000000,0.000000,0.000000
1.000000,40.000000,39.305420,0.694580,0.000000,-0.000000,0.000000,0.000000
1.000000,40.000000,39.305420,0.694580,0.000000,-0.000000,0.000000,0.000000
1.000000,40.000000,39.305420,0.694580,0.000000,-0.000000,0.000000,0.000000
1.000000,40.000000,39.305420,0.694580,0.000000,-0.000000,0.000000,0.000000
1.000000,40.000000,39.305420,0.694580,0.000000,-0.000000,0.000000,0.000000
1.000000,40.000000,39.305420,0.694580,0.000000,-0.000000,0.000000,0.000000
1.000000,40.000000,39.305420,0.694580,0.000000,-0.000000,0.000000,0.000000
1.000000,40.000000,39.305420,0.694580,0.000000,-0.000000,0.000000,0.000000
1.000000,40.000000,39.305420,0.694580,0.000000,-0.000000,0.000000,0.000000
1.000000,40.000000,39.305420,0.694580,0.000000,-0.000000,0.000000,0.000000
1.000000,40.000000,39.305420,0.694580,0.000000,-0.000000,0.000000,0.000000
1.000000,40.000000,39.305420,0.694580,0.000000,-0.000000,0.000000,0.000000
1.000000,40.000000,39.305420,0.694580,0.000000,-0.000000,0.000000,0.000000
1.000000,40.000000,39.305420,0.694580,0.000000,-0.000000,0.000000,0.000000
1.000000,40.000000,39.305420,0.694580,0.000000,-0.000000,0.000000,0.000000
1.000000,40.000000,39.305420,0.694580,0.000000,-0.000000,0.000000,0.000000
1.000000,40.000000,39.305420,0.694580,0.000000,-0.000000,0.000000,0.000000
1.000000,40.000000,39.305420,0.694580,0.000000,-0.000000,0.000000,0.000000
1.000000,40.000000,39.305420,0.694580,0.000000,-0.000000,0.000000,0.000000
1.000000,40.000000,39.305420,0.694580,0.000000,-0.000000,0.000000,0.000000
1.000000,40.000000,39.305420,0.694580,0.000000,-0.000000,0.000000,0.000000
1.000000,40.000000,39.305420,0.694580,0.000000,-0.000000,0.000000,0.000000
1.000000,40.000000,39.305420,0.694580,0.000000,-0.000000,0.000000,0.000000
1.000000,40.000000,39.305420,0.694580,0.000000,-0.000000,0.000000,0.000000
1.000000,40.000000,39.305420,0.694580,0.000000,-0.000000,0.000000,0.000000
1.000000,40.000000,39.305420,0.694580,0.000000,-0.000000,0.000000,0.000000
1.000000,40.000000,39.305420,0.694580,0.000000,-0.000000,0.000000,0.000000
1.000000,40.000000,39.305420,0.694580,0.000000,-0.000000,0.000000,0.000000
1.000000,40.000000,39.305420,0.694580,0.000000,-0.000000,0.000000,0.000000
1.000000,40.000000,39.305420,0.694580,0.000000,-0.000000,0.000000,0.000000
1.000000,40.000000,39.305420,0.694580,0.000000,-0.000000,0.000000,0.000000
1.000000,40.000000,39.305420,0.694580,0.000000,-0.000000,0.000000,0.000000
1.000000,40.000000,39.305420,0.694580,0.000000,-0.000000,0.000000,0.000000
1.000000,40.000000,39.305420,0.694580,0.000000,-0.000000,0.000000,0.000000
1.000000,40.000000,39.305420,0.694580,0.000000,-0.000000,0.000000,0.000000
1.000000,40.000000,39.305420,0.694580,0.000000,-0.000000,0.000000,0.000000
1.000000,40.000000,39.305420,0.694580,0.000000,-0.000000,0.000000,0.000000
1.000000,40.000000,39.305420,0.694580,0.000000,-0.000000,0.000000,0.000000
1.000000,40.000000,39.305420,0.694580,0.000000,-0.000000,0.000000,0.000000
1.000000,40.000000,39.305420,0.694580,0.000000,-0.000000,0.000000,0.000000
1.000000,40.000000,39.305420,0.694580,0.000000,-0.000000,0.000000,0.000000
1.000000,40.000000,39.305420,0.694580,0.000000,-0.000000,0.000000,0.000000
1.000000,40.000000,39.305420,0.694580,0.000000,-0.000000,0.000000,0.000000
1.000000,40.000000,39.305420,0.694580,0.000000,-0.000000,0.000000,0.000000
1.000000,40.000000,39.305420,0.694580,0.000000,-0.000000,0.000000,0.000000
1.000000,40.000000,39.305420,0.694580,0.000000,-0.000000,0.000000,0.000000
1.000000,40.000000,39.305420,0.694580,0.000000,-0.000000,0.000000,0.000000
1.000000,40.000000,39.305420,0.694580,0.000000,-0.000000,0.000000,0.000000
1.000000,40.000000,39.305420,0.694580,0.000000,-0.000000,0.000000,0.000000
1.000000,40.000000,39.305420,0.694580,0.000000,-0.000000,0.000000,0.000000
1.000000,40.000000,39.305420,0.694580,0.000000,-0.000000,0.000000,0.000000
1.000000,40.000000,39.305420,0.694580,0.000000,-0.000000,0.000000,0.000000
1.000000,40.000000,39.305420,0.694580,0.000000,-0.000000,0.000000,0.000000
1.000000,40.000000,39.305420,0.694580,0.000000,-0.000000,0.000000,0.000000
1.000000,40.000000,39.305420,0.694580,0.000000,-0.000000,0.000000,0.000000
1.000000,40.000000,39.305420,0.694580,0.000000,-0.000000,0.000000,0.000000
1.000000,40.000000,39.305420,0.694580,0.000000,-0.000000,0.000000,0.000000
1.000000,40.000000,39.305420,0.694580,0.000000,-0.000000,0.000000,0.000000
1.000000,40.000000,39.305420,0.694580,0.000000,-0.000000,0.000000,0.000000
1.000000,40.000000,39.305420,0.694580,0.000000,-0.000000,0.000000,0.000000
1.000000,40.000000,39.305420,0.694580,0.000000,-0.000000,0.000000,0.000000
1.000000,40.000000,39.305420,0.694580,0.000000,-0.000000,0.000000,0.000000
1.000000,40.000000,39.305420,0.694580,0.000000,-0.000000,0.000000,0.000000
1.000000,40.000000,39.305420,0.694580,0.000000,-0.000000,0.000000,0.000000
1.000000,40.000000,39.305420,0.694580,0.000000,-0.000000,0.000000,0.000000
1.000000,40.000000,39.305420,0.694580,0.000000,-0.000000,0.000000,0.000000
1.000000,40.000000,39.305420,0.694580,0.000000,-0.000000,0.000000,0.000000
1.000000,40.000000,39.305420,0.694580,0.000000,-0.000000,0.000000,0.000000
1.000000,40.000000,39.305420,0.694580,0.000000,-0.000000,0.000000,0.000000
1.000000,40.000000,39.305420,0.694580,0.000000,-0.000000,0.000000,0.000000
1.000000,40.000000,39.305420,0.694580,0.000000,-0.000000,0.000000,0.000000
1.000000,40.000000,39.305420,0.694580,0.000000,-0.000000,0.000000,0.000000
1.000000,40.000000,39.305420,0.694580,0.000000,-0.000000,0.000000,0.000000
1.000000,40.000000,39.305420,0.694580,0.000000,-0.000000,0.000000,0.000000
1.000000,40.000000,39.305420,0.694580,0.000000,-0.000000,0.000000,0.000000
1.000000,40.000000,39.305420,0.694580,0.000000,-0.000000,0.000000,0.000000
1.000000,40.000000,39.305420,0.694580,0.000000,-0.000000,0.000000,0.000000
1.000000,40.000000,39.305420,0.694580,0.000000,-0.000000,0.000000,0.000000
1.000000,40.000000,39.305420,0.694580,0.000000,-0.000000,0.000000,0.000000
1.000000,40.000000,39.305420,0.694580,0.000000,-0.000000,0.000000,0.000000
1.000000,40.000000,39.305420,0.694580,0.000000,-0.000000,0.000000,0.000000
1.000000,40.000000,39.305420,0.694580,0.000000,-0.000000,0.000000,0.000000
1.000000,40.000000,39.305420,0.694580,0.000000,-0.000000,0.000000,0.000000
1.000000,40.000000,39.305420,0.694580,0.000000,-0.000000,0.000000,0.000000
1.000000,40.000000,39.305420,0.694580,0.000000,-0.000000,0.000000,0.000000
1.000000,40.000000,39.305420,0.694580,0.000000,-0.000000,0.000000,0.000000
1.000000,40.000000,39.305420,0.694580,0.000000,-0.000000,0.000000,0.000000
1.000000,40.000000,39.305420,0.694580,0.000000,-0.000000,0.000000,0.000000
1.000000,40.000000,39.305420,0.694580,0.000000,-0.000000,0.000000,0.000000
1.000000,40.000000,39.305420,0.694580,0.000000,-0.000000,0.000000,0.000000
1.000000,40.000000,39.305420,0.694580,0.000000,-0.000000,0.000000,0.000000
1.000000,40.000000,39.305420,0.694580,0.000000,-0.000000,0.000000,0.000000
1.000000,40.000000,39.305420,0.694580,0.000000,-0.000000,0.000000,0.000000
1.000000,40.000000,39.305420,0.694580,0.000000,-0.000000,0.000000,0.000000
1.000000,40.000000,39.305420,0.694580,0.000000,-0.000000,0.000000,0.000000
1.000000,40.000000,39.305420,0.694580,0.000000,-0.000000,0.000000,0.000000
1.000000,40.000000,39.305420,0.694580,0.000000,-0.000000,0.000000,0.000000
1.000000,40.000000,39.305420,0.694580,0.000000,-0.000000,0.000000,0.000000
1.000000,40.000000,39.305420,0.694580,0.000000,-0.000000,0.000000,0.000000
3.000000,79.305420,39.318848,39.986572,4200.000000,-0.000000,6500.000000,0.000000
3.000000,79.305420,39.527588,39.777832,4200.000000,151.890594,6500.000000,0.000000
3.000000,79.305420,40.391846,38.913574,4200.000000,850.331360,6500.000000,1.000000
3.000000,79.305420,41.374512,37.930908,4200.000000,1180.490967,6500.000000,1.000000
3.000000,79.305420,43.395996,35.909424,4200.000000,1868.280762,6500.000000,1.000000
2.000000,40.000000,45.106201,-5.106201,4800.000000,2459.252686,6500.000000,1.000000
2.000000,40.000000,48.057861,-8.057861,4910.899902,2858.535156,6500.000000,1.000000
2.000000,40.000000,50.406494,-10.406494,4961.981934,3258.455811,6500.000000,1.000000
2.000000,40.000000,54.472656,-14.472656,5006.011719,3880.460693,6500.000000,1.000000
2.000000,40.000000,57.524414,-17.524414,5014.906250,4340.924805,6500.000000,1.000000
2.000000,40.000000,62.863770,-22.863770,4982.544922,5140.106934,-6500.000000,1.000000
2.000000,40.000000,66.655273,-26.655273,4947.054199,5565.528320,-6500.000000,1.000000
2.000000,40.000000,71.864014,-31.864014,4922.529785,5345.460449,-6500.000000,1.000000
2.000000,40.000000,75.047607,-35.047607,4923.513672,4930.735840,5275.000000,1.000000
2.000000,80.000000,79.503174,0.496826,4944.179688,4478.593750,6500.000000,1.000000
2.000000,80.000000,82.667236,-2.667236,4946.335449,4619.094727,3908.000000,2.000000
2.000000,80.000000,87.926025,-7.926025,4918.808105,5203.764160,-6500.000000,2.000000
2.000000,80.000000,91.389160,-11.389160,4903.019531,5268.794434,-6361.000000,2.000000
2.000000,80.000000,96.187744,-16.187744,4903.104492,4893.916016,2790.000000,2.000000
2.000000,80.000000,99.771729,-19.771729,4880.064941,4405.226563,6500.000000,2.000000
2.000000,80.000000,103.695068,-23.695068,4932.664551,4575.165039,5582.000000,2.000000
2.000000,80.000000,108.061523,-28.061523,4862.676758,4983.085449,-6500.000000,2.000000
2.000000,80.000000,113.291016,-33.291016,4836.907227,5227.537109,-6500.000000,2.000000
2.000000,80.000000,116.419678,-36.419678,4841.187500,4935.114258,3391.000000,2.000000
2.000000,120.000000,120.866699,-0.866699,4862.365723,4445.286621,6500.000000,3.000000
2.000000,120.000000,124.055176,-4.055176,4863.057129,4656.812012,744.000000,3.000000
2.000000,120.000000,129.244385,-9.244385,4839.704590,5099.414551,-6431.000000,3.000000
2.000000,120.000000,132.462158,-12.462158,4838.638672,4945.567871,-288.000000,3.000000
2.000000,120.000000,137.036133,-17.036133,4852.201660,4633.927734,6271.000000,3.000000
2.000000,120.000000,139.976807,-19.976807,4867.761719,4411.688477,6500.000000,3.000000
2.000000,120.000000,144.775391,-24.775391,4867.847656,4661.573242,1847.000000,3.000000
2.000000,120.000000,149.250488,-29.250488,4839.342773,5242.355469,-6500.000000,3.000000
2.000000,120.000000,152.725830,-32.725830,4822.823242,5243.826660,-6500.000000,3.000000
2.000000,120.000000,157.340088,-37.340088,4833.968750,4628.180176,5977.000000,3.000000
2.000000,160.000000,160.317383,-0.317383,4847.332031,4447.915527,6500.000000,4.000000
2.000000,160.000000,165.228271,-5.228271,4840.679688,4772.464844,-626.000000,4.000000
2.000000,160.000000,168.712158,-8.712158,4823.646973,5136.553711,-6500.000000,4.000000
2.000000,160.000000,173.543701,-13.543701,4821.755859,4924.413574,-620.000000,4.000000
2.000000,160.000000,176.505127,-16.505127,4836.070801,4570.535156,6500.000000,4.000000
2.000000,160.000000,181.160889,-21.160889,4844.726074,4567.009277,4859.000000,4.000000
2.000000,160.000000,183.676758,-23.676758,4885.774902,4913.119141,-4155.000000,4.000000
2.000000,160.000000,189.727783,-29.727783,4810.714355,5127.231445,-6500.000000,4.000000
2.000000,160.000000,192.897949,-32.897949,4812.505371,4906.663574,1790.000000,4.000000
2.000000,160.000000,197.349854,-37.349854,4833.392090,4430.718750,6500.000000,4.000000
2.000000,200.000000,200.477295,-0.477295,4837.746094,4503.412109,3586.000000,5.000000
2.000000,200.000000,205.694580,-5.694580,4812.710449,5074.511719,-6500.000000,5.000000
2.000000,200.000000,209.089355,-9.089355,4801.024414,5205.122070,-6290.000000,5.000000
2.000000,200.000000,213.560791,-13.560791,4820.739258,4579.324219,5793.000000,5.000000
2.000000,200.000000,216.475830,-16.475830,4837.837891,4398.731934,6500.000000,5.000000
2.000000,200.000000,221.138916,-21.138916,4846.053711,4556.281250,5083.000000,5.000000
2.000000,200.000000,224.731445,-24.731445,4822.502930,4973.984375,-5164.000000,5.000000
2.000000,200.000000,229.699707,-29.699707,4812.408203,5133.356445,-6500.000000,5.000000
2.000000,200.000000,232.640381,-32.640381,4827.968262,4910.853516,987.000000,5.000000
2.000000,200.000000,237.312012,-37.312012,4835.671875,4535.160645,6500.000000,5.000000
2.000000,240.000000,240.451660,-0.451660,4839.293457,4503.422363,4447.000000,6.000000
2.000000,240.000000,245.444336,-5.444336,4827.733887,5065.869629,-6500.000000,6.000000
2.000000,240.000000,248.895264,-8.895264,4812.679199,5244.045898,-6500.000000,6.000000
2.000000,240.000000,253.453369,-13.453369,4827.193848,4770.278320,3417.000000,6.000000
2.000000,240.000000,256.353760,-16.353760,4845.170410,4433.256836,6500.000000,6.000000
2.000000,240.000000,260.881348,-20.881348,4861.516113,4437.596680,6500.000000,6.000000
2.000000,240.000000,264.544678,-24.544678,4833.716797,4678.660645,-912.000000,6.000000
2.000000,240.000000,269.383545,-29.383545,4831.386230,5158.773926,-6500.000000,6.000000
2.000000,240.000000,272.755127,-32.755127,4821.091797,5117.803223,-5570.000000,6.000000
2.000000,240.000000,277.266846,-37.266846,4838.389648,4705.398438,5899.000000,6.000000
2.000000,280.000000,280.162354,-0.162354,4856.660156,4337.234375,6500.000000,7.000000
2.000000,280.000000,285.036621,-5.036621,4852.205078,4635.156738,2623.000000,7.000000
2.000000,280.000000,288.538818,-8.538818,4834.074219,5064.395508,-6500.000000,7.000000
2.000000,280.000000,293.591309,-13.591309,4818.925781,5118.769531,-6307.000000,7.000000
2.000000,280.000000,296.727295,-16.727295,4822.767578,4842.325684,6049.000000,7.000000
2.000000,280.000000,300.863037,-20.863037,4862.624023,4281.691406,6500.000000,7.000000
2.000000,280.000000,304.050293,-24.050293,4863.389160,4439.544922,5856.000000,7.000000
2.000000,280.000000,309.273682,-29.273682,4837.987305,5056.017090,-6500.000000,7.000000
2.000000,280.000000,312.756348,-32.756348,4821.027832,5246.500000,-6500.000000,7.000000
2.000000,280.000000,316.771240,-36.771240,4820.134277,5050.252441,43.000000,7.000000
2.000000,320.000000,321.005859,-1.005859,4854.058105,4371.487305,6500.000000,8.000000
2.000000,320.000000,323.988037,-3.988037,4867.128418,4274.349121,6500.000000,8.000000
2.000000,320.000000,328.995361,-8.995361,4854.689941,4817.058594,-1171.000000,8.000000
2.000000,320.000000,332.576904,-12.576904,4831.797852,5215.942383,-6500.000000,8.000000
2.000000,320.000000,337.514648,-17.514648,4823.534668,5050.681152,-5451.000000,8.000000
2.000000,320.000000,340.325928,-20.325928,4846.858398,4561.531250,6500.000000,8.000000
2.000000,320.000000,344.205322,-24.205322,4902.095703,3932.016113,6500.000000,8.000000
3.000000,347.987061,347.987061,0.000000,0.000000,4335.770996,-6500.000000,8.000000
3.000000,347.987061,352.115479,-4.128418,-1238.525391,4820.579590,-6500.000000,8.000000
3.000000,347.987061,355.240479,-7.253418,-2176.025391,4798.858398,-6500.000000,8.000000
3.000000,347.987061,359.254150,-11.267090,-3380.126953,4102.137695,-6500.000000,8.000000
3.000000,347.987061,361.429443,-13.442383,-4032.714844,3534.771729,-6500.000000,9.000000
3.000000,347.987061,363.879395,-15.892334,-4200.000000,2646.218994,-6500.000000,9.000000
3.000000,347.987061,364.987793,-17.000732,-4200.000000,1956.143433,-6500.000000,9.000000
3.000000,347.987061,365.688477,-17.701416,-4200.000000,845.384583,-6500.000000,9.000000
3.000000,347.987061,365.623779,-17.636719,-4200.000000,222.972229,-6500.000000,9.000000
3.000000,347.987061,364.748535,-16.761475,-4200.000000,-683.792358,-6500.000000,9.000000
3.000000,347.987061,363.332520,-15.345459,-4200.000000,-1444.828369,-6500.000000,9.000000
3.000000,347.987061,360.709229,-12.722168,-3816.650391,-2550.334473,-6500.000000,9.000000
3.000000,347.987061,358.500977,-10.513916,-3154.174805,-2971.764893,3833.000000,9.000000
3.000000,347.987061,354.841309,-6.854248,-2056.274414,-3655.597656,6500.000000,9.000000
3.000000,347.987061,352.561035,-4.573975,-1372.192383,-3402.485596,6500.000000,9.000000
3.000000,347.987061,350.378418,-2.391357,-717.407227,-2483.843018,6500.000000,9.000000
3.000000,347.987061,349.946289,-1.959229,-587.768555,-1298.433228,2755.000000,9.000000
3.000000,347.987061,350.371094,-2.384033,-715.209961,247.275574,-6500.000000,9.000000
3.000000,347.987061,350.603027,-2.615967,-784.790039,418.589386,-6500.000000,9.000000
3.000000,347.987061,350.435791,-2.448730,-734.619141,-65.730240,-6500.000000,9.000000
3.000000,347.987061,350.156250,-2.169189,-650.756836,-313.641541,-6110.000000,9.000000
3.000000,347.987061,349.639893,-1.652832,-495.849609,-533.694641,768.000000,9.000000
3.000000,347.987061,349.661865,-1.674805,-502.441406,-236.962234,-6500.000000,9.000000
3.000000,347.987061,349.609375,-1.622314,-486.694336,-35.511337,-6500.000000,9.000000
3.000000,347.987061,349.473877,-1.486816,-446.044922,-161.763977,-6168.000000,9.000000
3.000000,347.987061,349.299316,-1.312256,-393.676758,-179.932831,-5129.000000,9.000000
3.000000,347.987061,349.290771,-1.303711,-391.113281,-82.407684,-6500.000000,9.000000
3.000000,347.987061,349.277344,-1.290283,-387.084961,-17.819365,-6500.000000,9.000000
3.000000,347.987061,349.263916,-1.276855,-383.056641,-20.356638,-6500.000000,9.000000
3.000000,347.987061,349.240723,-1.253662,-376.098633,-23.209322,-6500.000000,9.000000
3.000000,347.987061,349.223633,-1.236572,-370.971680,-25.501846,-6500.000000,9.000000
3.000000,347.987061,349.166260,-1.179199,-353.759766,-49.338158,-6500.000000,9.000000
3.000000,347.987061,349.119873,-1.132813,-339.843750,-65.335754,-6442.000000,9.000000
3.000000,347.987061,349.029541,-1.042480,-312.744141,-92.114563,-5237.000000,9.000000
3.000000,347.987061,349.012451,-1.025391,-307.617188,-71.206787,-6500.000000,9.000000
3.000000,347.987061,349.001465,-1.014404,-304.321289,-12.463024,-6500.000000,9.000000
3.000000,347.987061,348.990479,-1.003418,-301.025391,-18.942259,-6500.000000,9.000000
3.000000,347.987061,348.975830,-0.988770,-296.630859,-19.912714,-6500.000000,9.000000
3.000000,347.987061,348.931885,-0.944824,-283.447266,-36.138817,-5776.000000,9.000000
3.000000,347.987061,348.912354,-0.925293,-277.587891,-49.183163,-5813.000000,9.000000
3.000000,347.987061,348.908691,-0.921631,-276.489258,-9.666702,-6358.000000,9.000000
3.000000,347.987061,348.902588,-0.915527,-274.658203,-11.146473,-6351.000000,9.000000
1.000000,347.987061,348.900146,-0.913086,-273.925781,-5.289053,-6447.000000,9.000000
1.000000,347.987061,348.895264,-0.908203,-272.460938,-7.255506,-6354.000000,9.000000
1.000000,347.987061,348.887939,-0.900879,-270.263672,-7.943851,-6295.000000,9.000000
1.000000,347.987061,348.885498,-0.898438,-269.531250,-5.683485,-6346.000000,9.000000
1.000000,347.987061,348.883057,-0.895996,-268.798828,-4.195333,-6352.000000,9.000000
1.000000,347.987061,348.879395,-0.892334,-267.700195,-4.034868,-6273.000000,9.000000
1.000000,347.987061,348.872070,-0.885010,-265.502930,-9.877079,-6125.000000,9.000000
1.000000,347.987061,348.867188,-0.880127,-264.038086,-8.623426,-6138.000000,9.000000
1.000000,347.987061,348.865967,-0.878906,-263.671875,-3.259543,-6243.000000,9.000000
1.000000,347.987061,348.863525,-0.876465,-262.939453,-3.867824,-6215.000000,9.000000
1.000000,347.987061,348.859863,-0.872803,-261.840820,-3.990031,-6188.000000,9.000000
1.000000,347.987061,348.859863,-0.872803,-261.840820,-2.598221,-6257.000000,9.000000
1.000000,347.987061,348.857422,-0.870361,-261.108398,-1.595955,-6174.000000,9.000000
1.000000,347.987061,348.852539,-0.865479,-259.643555,-7.906837,-5998.000000,9.000000
1.000000,347.987061,348.848877,-0.861816,-258.544922,-5.886454,-6063.000000,9.000000
1.000000,347.987061,348.848877,-0.861816,-258.544922,-2.208067,-6182.000000,9.000000
1.000000,347.987061,348.848877,-0.861816,-258.544922,-0.166530,-6202.000000,9.000000
1.000000,347.987061,348.846436,-0.859375,-257.812500,-4.639322,-6047.000000,9.000000
1.000000,347.987061,348.841553,-0.854492,-256.347656,-5.300064,-6036.000000,9.000000
1.000000,347.987061,348.840332,-0.853271,-255.981445,-4.232069,-6045.000000,9.000000
1.000000,347.987061,348.841553,-0.854492,-256.347656,-0.731527,-6140.000000,9.000000
1.000000,347.987061,348.841553,-0.854492,-256.347656,-0.130582,-6151.000000,9.000000
1.000000,347.987061,348.841553,-0.854492,-256.347656,-0.009848,-6152.000000,9.000000
1.000000,347.987061,348.837891,-0.850830,-255.249023,-1.401758,-6000.000000,9.000000
1.000000,347.987061,348.834229,-0.847168,-254.150391,-4.600868,-5994.000000,9.000000
1.000000,347.987061,348.833008,-0.845947,-253.784180,-4.107259,-6027.000000,9.000000
1.000000,347.987061,348.834229,-0.847168,-254.150391,-0.472206,-6092.000000,9.000000
1.000000,347.987061,348.834229,-0.847168,-254.150391,-0.084292,-6098.000000,9.000000
1.000000,347.987061,348.834229,-0.847168,-254.150391,-0.004132,-6099.000000,9.000000
1.000000,347.987061,348.834229,-0.847168,-254.150391,-0.001135,-6099.000000,9.000000
1.000000,347.987061,348.834229,-0.847168,-254.150391,-0.000086,-6099.000000,9.000000
1.000000,347.987061,348.831787,-0.844727,-253.417969,-2.310006,-6035.000000,9.000000
1.000000,347.987061,348.829346,-0.842285,-252.685547,-4.127386,-5967.000000,9.000000
1.000000,347.987061,348.829346,-0.842285,-252.685547,-1.699607,-6037.000000,9.000000
1.000000,347.987061,348.829346,-0.842285,-252.685547,-0.197204,-6061.000000,9.000000
1.000000,347.987061,348.829346,-0.842285,-252.685547,-0.022881,-6064.000000,9.000000
1.000000,347.987061,348.829346,-0.842285,-252.685547,-0.004084,-6064.000000,9.000000
1.000000,347.987061,348.829346,-0.842285,-252.685547,-0.000308,-6064.000000,9.000000
1.000000,347.987061,348.828125,-0.841064,-252.319336,-1.400055,-5986.000000,9.000000
1.000000,347.987061,348.825684,-0.838623,-251.586914,-3.803915,-5945.000000,9.000000
1.000000,347.987061,348.825684,-0.838623,-251.586914,-1.063498,-6027.000000,9.000000
1.000000,347.987061,348.825684,-0.838623,-251.586914,-0.080208,-6036.000000,9.000000
1.000000,347.987061,348.825684,-0.838623,-251.586914,-0.014318,-6037.000000,9.000000
1.000000,347.987061,348.825684,-0.838623,-251.586914,-0.001080,-6038.000000,9.000000
1.000000,347.987061,348.825684,-0.838623,-251.586914,-0.000193,-6038.000000,9.000000
1.000000,347.987061,348.825684,-0.838623,-251.586914,-0.000009,-6038.000000,9.000000
1.000000,347.987061,348.825684,-0.838623,-251.586914,-0.000003,-6038.000000,9.000000
1.000000,347.987061,348.825684,-0.838623,-251.586914,-0.000000,-6038.000000,9.000000
1.000000,347.987061,348.825684,-0.838623,-251.586914,-0.000000,-6038.000000,9.000000
1.000000,347.987061,348.825684,-0.838623,-251.586914,-0.000000,-6038.000000,9.000000
1.000000,347.987061,348.823242,-0.836182,-250.854492,-3.811500,-5926.000000,9.000000
1.000000,347.987061,348.820801,-0.833740,-250.122070,-2.585783,-5962.000000,9.000000
1.000000,347.987061,348.822021,-0.834961,-250.488281,-0.461579,-6007.000000,9.000000
1.000000,347.987061,348.822021,-0.834961,-250.488281,-0.034812,-6011.000000,9.000000
1.000000,347.987061,348.822021,-0.834961,-250.488281,-0.006214,-6011.000000,9.000000
1.000000,347.987061,348.822021,-0.834961,-250.488281,-0.000469,-6011.000000,9.000000
1.000000,347.987061,348.822021,-0.834961,-250.488281,-0.000084,-6011.000000,9.000000
1.000000,347.987061,348.822021,-0.834961,-250.488281,-0.000006,-6011.000000,9.000000
1.000000,347.987061,348.822021,-0.834961,-250.488281,-0.000001,-6011.000000,9.000000
1.000000,347.987061,348.822021,-0.834961,-250.488281,-0.000000,-6011.000000,9.000000
1.000000,347.987061,348.822021,-0.834961,-250.488281,-0.000000,-6011.000000,9.000000
1.000000,347.987061,348.822021,-0.834961,-250.488281,-0.000000,-6011.000000,9.000000
1.000000,347.987061,348.822021,-0.834961,-250.488281,-0.000000,-6011.000000,9.000000
1.000000,347.987061,348.822021,-0.834961,-250.488281,-0.000000,-6011.000000,9.000000
1.000000,347.987061,348.822021,-0.834961,-250.488281,-0.000000,-6011.000000,9.000000
1.000000,347.987061,348.822021,-0.834961,-250.488281,-0.000000,-6011.000000,9.000000
1.000000,347.987061,348.820801,-0.833740,-250.122070,-1.400000,-5933.000000,9.000000
1.000000,347.987061,348.818359,-0.831299,-249.389648,-4.819436,-5876.000000,9.000000
1.000000,347.987061,348.817139,-0.830078,-249.023438,-4.146275,-5912.000000,9.000000
1.000000,347.987061,348.817139,-0.830078,-249.023438,-0.475148,-5969.000000,9.000000
1.000000,347.987061,348.817139,-0.830078,-249.023438,-0.084817,-5975.000000,9.000000
1.000000,347.987061,348.817139,-0.830078,-249.023438,-0.006397,-5976.000000,9.000000
1.000000,347.987061,348.817139,-0.830078,-249.023438,-0.001142,-5976.000000,9.000000
1.000000,347.987061,348.817139,-0.830078,-249.023438,-0.000086,-5976.000000,9.000000
1.000000,347.987061,348.817139,-0.830078,-249.023438,-0.000010,-5976.000000,9.000000
1.000000,347.987061,348.817139,-0.830078,-249.023438,-0.000002,-5976.000000,9.000000
1.000000,347.987061,348.817139,-0.830078,-249.023438,-0.000000,-5976.000000,9.000000
1.000000,347.987061,348.817139,-0.830078,-249.023438,-0.000000,-5976.000000,9.000000
1.000000,347.987061,348.817139,-0.830078,-249.023438,-0.000000,-5976.000000,9.000000
1.000000,347.987061,348.817139,-0.830078,-249.023438,-0.000000,-5976.000000,9.000000
1.000000,347.987061,348.817139,-0.830078,-249.023438,-0.000000,-5976.000000,9.000000
1.000000,347.987061,348.817139,-0.830078,-249.023438,-0.000000,-5976.000000,9.000000
1.000000,347.987061,348.817139,-0.830078,-249.023438,-0.000000,-5976.000000,9.000000
1.000000,347.987061,348.817139,-0.830078,-249.023438,-0.000000,-5976.000000,9.000000
1.000000,347.987061,348.817139,-0.830078,-249.023438,-0.000000,-5976.000000,9.000000
1.000000,347.987061,348.817139,-0.830078,-249.023438,-0.000000,-5976.000000,9.000000
1.000000,347.987061,348.817139,-0.830078,-249.023438,-0.000000,-5976.000000,9.000000
1.000000,347.987061,348.817139,-0.830078,-249.023438,-0.000000,-5976.000000,9.000000
1.000000,347.987061,348.817139,-0.830078,-249.023438,-0.000000,-5976.000000,9.000000
1.000000,347.987061,348.817139,-0.830078,-249.023438,-0.000000,-5976.000000,9.000000
1.000000,347.987061,348.814697,-0.827637,-248.291016,-3.811500,-5867.000000,9.000000
1.000000,347.987061,348.812256,-0.825195,-247.558594,-3.948233,-5879.000000,9.000000
1.000000,347.987061,348.814697,-0.827637,-248.291016,-0.171856,-5956.000000,9.000000
1.000000,347.987061,348.814697,-0.827637,-248.291016,-0.019940,-5958.000000,9.000000
1.000000,347.987061,348.814697,-0.827637,-248.291016,-0.002314,-5958.000000,9.000000
1.000000,347.987061,348.814697,-0.827637,-248.291016,-0.000413,-5958.000000,9.000000
1.000000,347.987061,348.814697,-0.827637,-248.291016,-0.000031,-5958.000000,9.000000
1.000000,347.987061,348.814697,-0.827637,-248.291016,-0.000006,-5958.000000,9.000000
1.000000,347.987061,348.814697,-0.827637,-248.291016,-0.000000,-5958.000000,9.000000
1.000000,347.987061,348.814697,-0.827637,-248.291016,-0.000000,-5958.000000,9.000000
1.000000,347.987061,348.814697,-0.827637,-248.291016,-0.000000,-5958.000000,9.000000
1.000000,347.987061,348.814697,-0.827637,-248.291016,-0.000000,-5958.000000,9.000000
1.000000,347.987061,348.814697,-0.827637,-248.291016,-0.000000,-5958.000000,9.000000
1.000000,347.987061,348.814697,-0.827637,-248.291016,-0.000000,-5958.000000,9.000000
1.000000,347.987061,348.814697,-0.827637,-248.291016,-0.000000,-5958.000000,9.000000
1.000000,347.987061,348.814697,-0.827637,-248.291016,-0.000000,-5958.000000,9.000000
1.000000,347.987061,348.814697,-0.827637,-248.291016,-0.000000,-5958.000000,9.000000
1.000000,347.987061,348.814697,-0.827637,-248.291016,-0.000000,-5958.000000,9.000000
1.000000,347.987061,348.814697,-0.827637,-248.291016,-0.000000,-5958.000000,9.000000
1.000000,347.987061,348.814697,-0.827637,-248.291016,-0.000000,-5958.000000,9.000000
1.000000,347.987061,348.814697,-0.827637,-248.291016,-0.000000,-5958.000000,9.000000
1.000000,347.987061,348.814697,-0.827637,-248.291016,-0.000000,-5958.000000,9.000000
1.000000,347.987061,348.814697,-0.827637,-248.291016,-0.000000,-5958.000000,9.000000
1.000000,347.987061,348.813477,-0.826416,-247.924805,-0.000000,-5950.000000,9.000000
1.000000,347.987061,348.813477,-0.826416,-247.924805,-2.901500,-5898.000000,9.000000
1.000000,347.987061,348.813477,-0.826416,-247.924805,-0.381269,-5944.000000,9.000000
1.000000,347.987061,348.813477,-0.826416,-247.924805,-0.068059,-5949.000000,9.000000
1.000000,347.987061,348.813477,-0.826416,-247.924805,-0.005133,-5950.000000,9.000000
1.000000,347.987061,348.813477,-0.826416,-247.924805,-0.000916,-5950.000000,9.000000
1.000000,347.987061,348.813477,-0.826416,-247.924805,-0.000069,-5950.000000,9.000000
1.000000,347.987061,348.813477,-0.826416,-247.924805,-0.000012,-5950.000000,9.000000
1.000000,347.987061,348.813477,-0.826416,-247.924805,-0.000001,-5950.000000,9.000000
1.000000,347.987061,348.813477,-0.826416,-247.924805,-0.000000,-5950.000000,9.000000
1.000000,347.987061,348.812256,-0.825195,-247.558594,-2.310000,-5905.000000,9.000000
1.000000,347.987061,348.812256,-0.825195,-247.558594,-0.268027,-5937.000000,9.000000
1.000000,347.987061,348.812256,-0.825195,-247.558594,-0.031099,-5940.000000,9.000000
1.000000,347.987061,348.812256,-0.825195,-247.558594,-0.005551,-5907.000000,9.000000
1.000000,347.987061,348.808594,-0.821533,-246.459961,-4.127802,-5817.000000,9.000000
1.000000,347.987061,348.808594,-0.821533,-246.459961,-2.622813,-5888.000000,9.000000
1.000000,347.987061,348.809814,-0.822754,-246.826172,-0.197810,-5920.000000,9.000000
1.000000,347.987061,348.809814,-0.822754,-246.826172,-0.035310,-5923.000000,9.000000
1.000000,347.987061,348.809814,-0.822754,-246.826172,-0.002663,-5923.000000,9.000000
1.000000,347.987061,348.809814,-0.822754,-246.826172,-0.000475,-5923.000000,9.000000
1.000000,347.987061,348.809814,-0.822754,-246.826172,-0.000036,-5923.000000,9.000000
1.000000,347.987061,348.809814,-0.822754,-246.826172,-0.000006,-5923.000000,9.000000
1.000000,347.987061,348.809814,-0.822754,-246.826172,-0.000000,-5923.000000,9.000000
1.000000,347.987061,348.809814,-0.822754,-246.826172,-0.000000,-5923.000000,9.000000
1.000000,347.987061,348.809814,-0.822754,-246.826172,-0.000000,-5923.000000,9.000000
1.000000,347.987061,348.809814,-0.822754,-246.826172,-0.000000,-5923.000000,9.000000
1.000000,347.987061,348.809814,-0.822754,-246.826172,-0.000000,-5923.000000,9.000000
1.000000,347.987061,348.809814,-0.822754,-246.826172,-0.000000,-5923.000000,9.000000
1.000000,347.987061,348.809814,-0.822754,-246.826172,-0.000000,-5923.000000,9.000000
1.000000,347.987061,348.809814,-0.822754,-246.826172,-0.000000,-5923.000000,9.000000
1.000000,347.987061,348.809814,-0.822754,-246.826172,-0.000000,-5923.000000,9.000000
1.000000,347.987061,348.809814,-0.822754,-246.826172,-0.000000,-5923.000000,9.000000
1.000000,347.987061,348.809814,-0.822754,-246.826172,-0.000000,-5923.000000,9.000000
1.000000,347.987061,348.809814,-0.822754,-246.826172,-0.000000,-5923.000000,9.000000
1.000000,347.987061,348.809814,-0.822754,-246.826172,-0.000000,-5923.000000,9.000000
1.000000,347.987061,348.809814,-0.822754,-246.826172,-0.000000,-5923.000000,9.000000
1.000000,347.987061,348.809814,-0.822754,-246.826172,-0.000000,-5923.000000,9.000000
1.000000,347.987061,348.809814,-0.822754,-246.826172,-0.000000,-5923.000000,9.000000
1.000000,347.987061,348.809814,-0.822754,-246.826172,-0.000000,-5923.000000,9.000000
1.000000,347.987061,348.809814,-0.822754,-246.826172,-0.000000,-5923.000000,9.000000
1.000000,347.987061,348.809814,-0.822754,-246.826172,-0.000000,-5923.000000,9.000000
1.000000,347.987061,348.809814,-0.822754,-246.826172,-0.000000,-5923.000000,9.000000
1.000000,347.987061,348.809814,-0.822754,-246.826172,-0.000000,-5923.000000,9.000000
1.000000,347.987061,348.809814,-0.822754,-246.826172,-0.000000,-5923.000000,9.000000
1.000000,347.987061,348.809814,-0.822754,-246.826172,-0.000000,-5923.000000,9.000000
1.000000,347.987061,348.808594,-0.821533,-246.459961,-0.975975,-5899.000000,9.000000
1.000000,347.987061,348.808594,-0.821533,-246.459961,-0.174218,-5913.000000,9.000000
1.000000,347.987061,348.808594,-0.821533,-246.459961,-0.013139,-5914.000000,9.000000
1.000000,347.987061,348.808594,-0.821533,-246.459961,-0.002345,-5915.000000,9.000000
1.000000,347.987061,348.808594,-0.821533,-246.459961,-0.000177,-5915.000000,9.000000
1.000000,347.987061,348.808594,-0.821533,-246.459961,-0.000032,-5915.000000,9.000000
1.000000,347.987061,348.808594,-0.821533,-246.459961,-0.000002,-5915.000000,9.000000
1.000000,347.987061,348.808594,-0.821533,-246.459961,-0.000000,-5915.000000,9.000000
1.000000,347.987061,348.808594,-0.821533,-246.459961,-0.000000,-5915.000000,9.000000
1.000000,347.987061,348.808594,-0.821533,-246.459961,-0.000000,-5915.000000,9.000000
1.000000,347.987061,348.808594,-0.821533,-246.459961,-0.000000,-5915.000000,9.000000
1.000000,347.987061,348.808594,-0.821533,-246.459961,-0.000000,-5915.000000,9.000000
1.000000,347.987061,348.808594,-0.821533,-246.459961,-0.000000,-5915.000000,9.000000
1.000000,347.987061,348.808594,-0.821533,-246.459961,-0.000000,-5915.000000,9.000000
3.000000,388.808594,348.808594,40.000000,4200.000000,-0.000000,6500.000000,9.000000
3.000000,388.808594,349.011230,39.797363,4200.000000,101.088745,6500.000000,9.000000
3.000000,388.808594,349.991455,38.817139,4200.000000,824.973022,6500.000000,9.000000
3.000000,388.808594,350.880127,37.928467,4200.000000,1174.785034,6500.000000,9.000000
3.000000,388.808594,352.510986,36.297607,4200.000000,1567.922241,6500.000000,9.000000
3.000000,388.808594,353.986816,34.821777,4200.000000,1937.983032,6500.000000,9.000000
3.000000,388.808594,356.818848,31.989746,4200.000000,2663.772705,6500.000000,9.000000
3.000000,388.808594,359.150391,29.658203,4200.000000,3156.313232,6500.000000,9.000000
3.000000,388.808594,363.371582,25.437012,4200.000000,4161.196289,931.000000,9.000000
3.000000,388.808594,366.616211,22.192383,4200.000000,4534.192383,-6500.000000,9.000000
3.000000,388.808594,371.092529,17.716064,4200.000000,4622.244141,-6500.000000,9.000000
3.000000,388.808594,374.069824,14.738770,4200.000000,3851.701416,6500.000000,9.000000
3.000000,388.808594,376.790771,12.017822,3605.346680,3307.313965,6500.000000,9.000000
3.000000,388.808594,379.155273,9.653320,2895.996094,3440.332031,-6500.000000,9.000000
3.000000,388.808594,382.630615,6.177979,1853.393555,3512.874512,-6500.000000,9.000000
3.000000,388.808594,384.700928,4.107666,1232.299805,3206.402100,-6500.000000,9.000000
3.000000,388.808594,387.126465,1.682129,504.638672,2469.092285,-6500.000000,9.000000
3.000000,388.808594,388.175049,0.633545,0.000000,1843.773682,-6500.000000,9.000000
3.000000,388.808594,389.060059,-0.251465,0.000000,896.235596,-6500.000000,9.000000
3.000000,388.808594,388.974609,-0.166016,0.000000,270.684204,1571.000000,9.000000
3.000000,388.808594,388.428955,0.379639,0.000000,-511.196411,6500.000000,9.000000
3.000000,388.808594,388.149414,0.659180,0.000000,-408.613586,6500.000000,9.000000
3.000000,388.808594,388.280029,0.528564,0.000000,22.761345,-5839.000000,9.000000
3.000000,388.808594,388.664551,0.144043,0.000000,351.382019,-6500.000000,9.000000
3.000000,388.808594,388.604736,0.203857,0.000000,115.613449,2484.000000,9.000000
3.000000,388.808594,388.300781,0.507813,0.000000,-283.380646,6500.000000,9.000000
3.000000,388.808594,388.334961,0.473633,0.000000,-155.015045,0.000000,9.000000
3.000000,388.808594,388.643799,0.164795,0.000000,248.261505,-6451.000000,9.000000
3.000000,388.808594,388.703613,0.104980,0.000000,185.771729,-2184.000000,9.000000
3.000000,388.808594,388.392334,0.416260,0.000000,-247.870407,6487.000000,9.000000
3.000000,388.808594,388.303223,0.505371,0.000000,-254.164337,3385.000000,9.000000
3.000000,388.808594,388.568115,0.240479,0.000000,178.263245,-5267.000000,9.000000
3.000000,388.808594,388.721924,0.086670,0.000000,293.357361,-5996.000000,9.000000
3.000000,388.808594,388.546143,0.262451,0.000000,-100.408707,4766.000000,9.000000
3.000000,388.808594,388.302002,0.506592,0.000000,-307.812714,6500.000000,9.000000
3.000000,388.808594,388.453369,0.355225,0.000000,8.688927,-2563.000000,9.000000
3.000000,388.808594,388.713379,0.095215,0.000000,285.567841,-6500.000000,9.000000
3.000000,388.808594,388.686523,0.122070,0.000000,147.250336,-1003.000000,9.000000
3.000000,388.808594,388.415527,0.393066,0.000000,-276.844543,6500.000000,9.000000
3.000000,388.808594,388.309326,0.499268,0.000000,-158.858856,3812.000000,9.000000
3.000000,388.808594,388.538818,0.269775,0.000000,139.119751,-6448.000000,9.000000
3.000000,388.808594,388.817139,-0.008545,0.000000,350.393372,-6500.000000,9.000000
3.000000,388.808594,388.604736,0.203857,0.000000,-106.076874,5258.000000,9.000000
3.000000,388.808594,388.271484,0.537109,0.000000,-359.668976,6500.000000,9.000000
3.000000,388.808594,388.361816,0.446777,0.000000,-156.929901,-1177.000000,9.000000
3.000000,388.808594,388.775635,0.032959,0.000000,334.457886,-6500.000000,9.000000
3.000000,388.808594,388.833008,-0.024414,0.000000,322.818115,-1689.000000,9.000000
3.000000,388.808594,388.459473,0.349121,0.000000,-288.477295,6500.000000,9.000000
3.000000,388.808594,388.359375,0.449219,0.000000,-289.886108,4530.000000,9.000000
3.000000,388.808594,388.657227,0.151367,0.000000,154.804321,-5606.000000,9.000000
3.000000,388.808594,388.925781,-0.117188,0.000000,406.149780,-6500.000000,9.000000
3.000000,388.808594,388.767090,0.041504,0.000000,22.258377,2147.000000,9.000000
3.000000,388.808594,388.435059,0.373535,0.000000,-401.090881,6500.000000,9.000000
3.000000,388.808594,388.341064,0.467529,0.000000,-152.390930,3657.000000,9.000000
3.000000,388.808594,388.620605,0.187988,0.000000,163.230377,-6500.000000,9.000000
3.000000,388.808594,389.018555,-0.209961,0.000000,453.287323,-6500.000000,9.000000
3.000000,388.808594,388.909912,-0.101318,0.000000,32.479836,1988.000000,9.000000
3.000000,388.808594,388.402100,0.406494,0.000000,-471.125793,6500.000000,9.000000
3.000000,388.808594,388.298340,0.510254,0.000000,-365.126282,3919.000000,9.000000
3.000000,388.808594,388.670654,0.137939,0.000000,220.057526,-6500.000000,9.000000
3.000000,388.808594,388.961182,-0.152588,0.000000,465.295135,-6500.000000,9.000000
3.000000,388.808594,388.815918,-0.007324,0.000000,61.751152,1254.000000,9.000000
3.000000,388.808594,388.378906,0.429688,0.000000,-465.877991,6500.000000,9.000000
3.000000,388.808594,388.242188,0.566406,0.000000,-397.263550,6188.000000,9.000000
3.000000,388.808594,388.607178,0.201416,0.000000,181.805176,-6500.000000,9.000000
3.000000,388.808594,388.959961,-0.151367,0.000000,497.483002,-6500.000000,9.000000
3.000000,388.808594,388.944092,-0.135498,0.000000,187.144592,0.000000,9.000000
3.000000,388.808594,388.562012,0.246582,0.000000,-294.477417,6500.000000,9.000000
3.000000,388.808594,388.247070,0.561523,0.000000,-418.518829,6500.000000,9.000000
3.000000,388.808594,388.416748,0.391846,0.000000,-20.491478,-4175.000000,9.000000
3.000000,388.808594,388.863525,-0.054932,0.000000,407.436188,-6500.000000,9.000000
3.000000,388.808594,388.879395,-0.070801,0.000000,226.200409,-1171.000000,9.000000
3.000000,388.808594,388.452148,0.356445,0.000000,-363.561707,6500.000000,9.000000
3.000000,388.808594,388.317871,0.490723,0.000000,-246.632034,4007.000000,9.000000
3.000000,388.808594,388.585205,0.223389,0.000000,195.380066,-6122.000000,9.000000
3.000000,388.808594,388.831787,-0.023193,0.000000,368.481781,-6500.000000,9.000000
3.000000,388.808594,388.632813,0.175781,0.000000,-100.169769,5132.000000,9.000000
3.000000,388.808594,388.392334,0.416260,0.000000,-360.181152,6500.000000,9.000000
3.000000,388.808594,388.450928,0.357666,0.000000,-19.996437,-1804.000000,9.000000
3.000000,388.808594,388.720703,0.087891,0.000000,287.497681,-6500.000000,9.000000
3.000000,388.808594,388.822021,-0.013428,0.000000,173.268845,-1652.000000,9.000000
3.000000,388.808594,388.520508,0.288086,0.000000,-278.214264,6500.000000,9.000000
3.000000,388.808594,388.315430,0.493164,0.000000,-249.142944,3307.000000,9.000000
3.000000,388.808594,388.494873,0.313721,0.000000,145.996994,-6296.000000,9.000000
3.000000,388.808594,388.778076,0.030518,0.000000,191.544128,-4597.000000,9.000000
3.000000,388.808594,388.583984,0.224609,0.000000,-80.664070,5473.000000,9.000000
3.000000,388.808594,388.433838,0.374756,0.000000,-187.770645,3206.000000,9.000000
3.000000,388.808594,388.547363,0.261230,0.000000,102.896812,-3352.000000,9.000000
3.000000,388.808594,388.747559,0.061035,0.000000,209.256973,-4549.000000,9.000000
3.000000,388.808594,388.653564,0.155029,0.000000,8.695732,2933.000000,9.000000
3.000000,388.808594,388.496094,0.312500,0.000000,-160.484024,3402.000000,9.000000
3.000000,388.808594,388.526611,0.281982,0.000000,-38.868237,0.000000,9.000000
3.000000,388.808594,388.679199,0.129395,0.000000,128.425735,-3381.000000,9.000000
3.000000,388.808594,388.739014,0.069580,0.000000,133.077148,-1763.000000,9.000000
3.000000,388.808594,388.620605,0.187988,0.000000,-88.004265,2574.000000,9.000000
3.000000,388.808594,388.566895,0.241699,0.000000,-106.198792,1934.000000,9.000000
3.000000,388.808594,388.607178,0.201416,0.000000,3.015320,0.000000,9.000000
3.000000,388.808594,388.675537,0.133057,0.000000,74.978920,-2162.000000,9.000000
3.000000,388.808594,388.702393,0.106201,0.000000,26.728878,0.000000,9.000000
3.000000,388.808594,388.652344,0.156250,0.000000,-41.131081,1527.000000,9.000000
3.000000,388.808594,388.623047,0.185547,0.000000,-48.237610,0.000000,9.000000
3.000000,388.808594,388.659668,0.148926,0.000000,31.747711,-982.000000,9.000000
3.000000,388.808594,388.693848,0.114746,0.000000,43.249969,0.000000,9.000000
3.000000,388.808594,388.663330,0.145264,0.000000,-16.949972,892.000000,9.000000
3.000000,388.808594,388.638916,0.169678,0.000000,-33.982117,0.000000,9.000000
3.000000,388.808594,388.671875,0.136719,0.000000,19.619543,0.000000,9.000000
3.000000,388.808594,388.686523,0.122070,0.000000,24.731985,0.000000,9.000000
3.000000,388.808594,388.665771,0.142822,0.000000,-14.078085,0.000000,9.000000
3.000000,388.808594,388.659668,0.148926,0.000000,-17.837864,0.000000,9.000000
3.000000,388.808594,388.669434,0.139160,0.000000,3.279664,0.000000,9.000000
3.000000,388.808594,388.673096,0.135498,0.000000,5.224253,0.000000,9.000000
3.000000,388.808594,388.668213,0.140381,0.000000,-4.508231,0.000000,9.000000
3.000000,388.808594,388.668213,0.140381,0.000000,-3.666697,0.000000,9.000000
3.000000,388.808594,388.668213,0.140381,0.000000,-0.276538,0.000000,9.000000
3.000000,388.808594,388.668213,0.140381,0.000000,-0.049364,0.000000,9.000000
3.000000,388.808594,388.668213,0.140381,0.000000,-0.002420,0.000000,9.000000
3.000000,388.808594,388.668213,0.140381,0.000000,-0.000665,0.000000,9.000000
3.000000,388.808594,388.668213,0.140381,0.000000,-0.000050,0.000000,9.000000
3.000000,388.808594,388.668213,0.140381,0.000000,-0.000006,0.000000,9.000000
3.000000,388.808594,388.668213,0.140381,0.000000,-0.000001,0.000000,9.000000
3.000000,388.808594,388.668213,0.140381,0.000000,-0.000000,0.000000,9.000000
3.000000,388.808594,388.668213,0.140381,0.000000,-0.000000,0.000000,9.000000
3.000000,388.808594,388.668213,0.140381,0.000000,-0.000000,0.000000,9.000000
3.000000,388.808594,388.668213,0.140381,0.000000,-0.000000,0.000000,9.000000
3.000000,388.808594,388.668213,0.140381,0.000000,-0.000000,0.000000,9.000000
3.000000,388.808594,388.668213,0.140381,0.000000,-0.000000,0.000000,9.000000
3.000000,388.808594,388.668213,0.140381,0.000000,-0.000000,0.000000,9.000000
3.000000,388.808594,388.668213,0.140381,0.000000,-0.000000,0.000000,9.000000
3.000000,388.808594,388.668213,0.140381,0.000000,-0.000000,0.000000,9.000000
3.000000,388.808594,388.668213,0.140381,0.000000,-0.000000,0.000000,9.000000
3.000000,388.808594,388.668213,0.140381,0.000000,-0.000000,0.000000,9.000000
3.000000,388.808594,388.668213,0.140381,0.000000,-0.000000,0.000000,9.000000
3.000000,388.808594,388.668213,0.140381,0.000000,-0.000000,0.000000,9.000000
3.000000,388.808594,388.668213,0.140381,0.000000,-0.000000,0.000000,9.000000
3.000000,388.808594,388.668213,0.140381,0.000000,-0.000000,0.000000,9.000000
3.000000,388.808594,388.668213,0.140381,0.000000,-0.000000,0.000000,9.000000
3.000000,388.808594,388.668213,0.140381,0.000000,-0.000000,0.000000,9.000000
3.000000,388.808594,388.668213,0.140381,0.000000,-0.000000,0.000000,9.000000
3.000000,388.808594,388.668213,0.140381,0.000000,-0.000000,0.000000,9.000000
3.000000,388.808594,388.668213,0.140381,0.000000,-0.000000,0.000000,9.000000
3.000000,388.808594,388.668213,0.140381,0.000000,-0.000000,0.000000,9.000000
3.000000,388.808594,388.668213,0.140381,0.000000,-0.000000,0.000000,9.000000
3.000000,388.808594,388.668213,0.140381,0.000000,-0.000000,0.000000,9.000000
1.000000,388.808594,388.668213,0.140381,0.000000,-0.000000,0.000000,9.000000
1.000000,388.808594,388.668213,0.140381,0.000000,-0.000000,0.000000,9.000000
1.000000,388.808594,388.668213,0.140381,0.000000,-0.000000,0.000000,9.000000
1.000000,388.808594,388.668213,0.140381,0.000000,-0.000000,0.000000,9.000000
1.000000,388.808594,388.668213,0.140381,0.000000,-0.000000,0.000000,9.000000
1.000000,388.808594,388.668213,0.140381,0.000000,-0.000000,0.000000,9.000000
1.000000,388.808594,388.668213,0.140381,0.000000,-0.000000,0.000000,9.000000
1.000000,388.808594,388.668213,0.140381,0.000000,-0.000000,0.000000,9.000000
1.000000,388.808594,388.668213,0.140381,0.000000,-0.000000,0.000000,9.000000
1.000000,388.808594,388.668213,0.140381,0.000000,-0.000000,0.000000,9.000000
1.000000,388.808594,388.668213,0.140381,0.000000,-0.000000,0.000000,9.000000
1.000000,388.808594,388.668213,0.140381,0.000000,-0.000000,0.000000,9.000000
1.000000,388.808594,388.668213,0.140381,0.000000,-0.000000,0.000000,9.000000
1.000000,388.808594,388.668213,0.140381,0.000000,-0.000000,0.000000,9.000000
1.000000,388.808594,388.668213,0.140381,0.000000,-0.000000,0.000000,9.000000
1.000000,388.808594,388.668213,0.140381,0.000000,-0.000000,0.000000,9.000000
1.000000,388.808594,388.668213,0.140381,0.000000,-0.000000,0.000000,9.000000
1.000000,388.808594,388.668213,0.140381,0.000000,-0.000000,0.000000,9.000000
1.000000,388.808594,388.668213,0.140381,0.000000,-0.000000,0.000000,9.000000
1.000000,388.808594,388.668213,0.140381,0.000000,-0.000000,0.000000,9.000000
1.000000,388.808594,388.668213,0.140381,0.000000,-0.000000,0.000000,9.000000
1.000000,388.808594,388.668213,0.140381,0.000000,-0.000000,0.000000,9.000000
1.000000,388.808594,388.668213,0.140381,0.000000,-0.000000,0.000000,9.000000
1.000000,388.808594,388.668213,0.140381,0.000000,-0.000000,0.000000,9.000000
1.000000,388.808594,388.668213,0.140381,0.000000,-0.000000,0.000000,9.000000
1.000000,388.808594,388.668213,0.140381,0.000000,-0.000000,0.000000,9.000000
1.000000,388.808594,388.668213,0.140381,0.000000,-0.000000,0.000000,9.000000
1.000000,388.808594,388.668213,0.140381,0.000000,-0.000000,0.000000,9.000000
1.000000,388.808594,388.668213,0.140381,0.000000,-0.000000,0.000000,9.000000
1.000000,388.808594,388.668213,0.140381,0.000000,-0.000000,0.000000,9.000000
1.000000,388.808594,388.668213,0.140381,0.000000,-0.000000,0.000000,9.000000
1.000000,388.808594,388.668213,0.140381,0.000000,-0.000000,0.000000,9.000000
1.000000,388.808594,388.668213,0.140381,0.000000,-0.000000,0.000000,9.000000
1.000000,388.808594,388.668213,0.140381,0.000000,-0.000000,0.000000,9.000000
1.000000,388.808594,388.668213,0.140381,0.000000,-0.000000,0.000000,9.000000
1.000000,388.808594,388.668213,0.140381,0.000000,-0.000000,0.000000,9.000000
1.000000,388.808594,388.668213,0.140381,0.000000,-0.000000,0.000000,9.000000
1.000000,388.808594,388.668213,0.140381,0.000000,-0.000000,0.000000,9.000000
1.000000,388.808594,388.668213,0.140381,0.000000,-0.000000,0.000000,9.000000
1.000000,388.808594,388.668213,0.140381,0.000000,-0.000000,0.000000,9.000000
1.000000,388.808594,388.668213,0.140381,0.000000,-0.000000,0.000000,9.000000
1.000000,388.808594,388.668213,0.140381,0.000000,-0.000000,0.000000,9.000000
1.000000,388.808594,388.668213,0.140381,0.000000,-0.000000,0.000000,9.000000
1.000000,388.808594,388.668213,0.140381,0.000000,-0.000000,0.000000,9.000000
1.000000,388.808594,388.668213,0.140381,0.000000,-0.000000,0.000000,9.000000
1.000000,388.808594,388.668213,0.140381,0.000000,-0.000000,0.000000,9.000000
1.000000,388.808594,388.668213,0.140381,0.000000,-0.000000,0.000000,9.000000
1.000000,388.808594,388.668213,0.140381,0.000000,-0.000000,0.000000,9.000000
1.000000,388.808594,388.668213,0.140381,0.000000,-0.000000,0.000000,9.000000
1.000000,388.808594,388.668213,0.140381,0.000000,-0.000000,0.000000,9.000000
1.000000,388.808594,388.668213,0.140381,0.000000,-0.000000,0.000000,9.000000
1.000000,388.808594,388.668213,0.140381,0.000000,-0.000000,0.000000,9.000000
1.000000,388.808594,388.668213,0.140381,0.000000,-0.000000,0.000000,9.000000
1.000000,388.808594,388.668213,0.140381,0.000000,-0.000000,0.000000,9.000000
1.000000,388.808594,388.668213,0.140381,0.000000,-0.000000,0.000000,9.000000
1.000000,388.808594,388.668213,0.140381,0.000000,-0.000000,0.000000,9.000000
1.000000,388.808594,388.668213,0.140381,0.000000,-0.000000,0.000000,9.000000
1.000000,388.808594,388.668213,0.140381,0.000000,-0.000000,0.000000,9.000000
1.000000,388.808594,388.668213,0.140381,0.000000,-0.000000,0.000000,9.000000
1.000000,388.808594,388.668213,0.140381,0.000000,-0.000000,0.000000,9.000000
1.000000,388.808594,388.668213,0.140381,0.000000,-0.000000,0.000000,9.000000
1.000000,388.808594,388.668213,0.140381,0.000000,-0.000000,0.000000,9.000000
1.000000,388.808594,388.668213,0.140381,0.000000,-0.000000,0.000000,9.000000
1.000000,388.808594,388.668213,0.140381,0.000000,-0.000000,0.000000,9.000000
1.000000,388.808594,388.668213,0.140381,0.000000,-0.000000,0.000000,9.000000
1.000000,388.808594,388.668213,0.140381,0.000000,-0.000000,0.000000,9.000000
1.000000,388.808594,388.668213,0.140381,0.000000,-0.000000,0.000000,9.000000
1.000000,388.808594,388.668213,0.140381,0.000000,-0.000000,0.000000,9.000000
1.000000,388.808594,388.668213,0.140381,0.000000,-0.000000,0.000000,9.000000
1.000000,388.808594,388.668213,0.140381,0.000000,-0.000000,0.000000,9.000000
1.000000,388.808594,388.668213,0.140381,0.000000,-0.000000,0.000000,9.000000
1.000000,388.808594,388.668213,0.140381,0.000000,-0.000000,0.000000,9.000000
1.000000,388.808594,388.668213,0.140381,0.000000,-0.000000,0.000000,9.000000
1.000000,388.808594,388.668213,0.140381,0.000000,-0.000000,0.000000,9.000000
3.000000,428.668213,388.680420,39.987793,4200.000000,2.450000,6500.000000,9.000000
3.000000,428.668213,389.018555,39.649658,4200.000000,227.539169,6500.000000,9.000000
3.000000,428.668213,390.079346,38.588867,4200.000000,1001.370361,6500.000000,9.000000
3.000000,428.668213,390.921631,37.746582,4200.000000,1377.625610,6500.000000,9.000000
3.000000,428.668213,393.726807,34.941406,4200.000000,2233.331055,6500.000000,9.000000
3.000000,428.668213,395.914307,32.753906,4200.000000,2995.027344,6500.000000,9.000000
3.000000,428.668213,399.892578,28.775635,4200.000000,3704.741211,6500.000000,9.000000
3.000000,428.668213,403.027344,25.640869,4200.000000,4285.007324,-6500.000000,10.000000
3.000000,428.668213,407.723389,20.944824,4200.000000,4729.862305,-6500.000000,10.000000
3.000000,428.668213,410.515137,18.153076,4200.000000,4461.629883,-1391.000000,10.000000
3.000000,428.668213,414.306641,14.361572,4200.000000,3863.361572,6500.000000,10.000000
3.000000,428.668213,416.840820,11.827393,3548.217773,3753.608154,-5013.000000,10.000000
3.000000,428.668213,420.212402,8.455811,2536.743164,3548.210205,-6500.000000,10.000000
3.000000,428.668213,421.970215,6.697998,2009.399414,3025.955566,-6500.000000,10.000000
3.000000,428.668213,423.850098,4.818115,1445.434570,2132.215820,-6500.000000,10.000000
3.000000,428.668213,424.653320,4.014893,1204.467773,1600.614746,-1706.000000,10.000000
3.000000,428.668213,425.225830,3.442383,1032.714844,736.241394,6500.000000,10.000000
3.000000,428.668213,425.681152,2.987061,896.118164,592.012756,5568.000000,10.000000
3.000000,428.668213,426.605225,2.062988,618.896484,900.354980,-6500.000000,10.000000
3.000000,428.668213,427.618408,1.049805,314.941406,1016.404175,-6500.000000,10.000000
3.000000,428.668213,427.878418,0.789795,0.000000,756.512512,-6500.000000,10.000000
3.000000,428.668213,427.701416,0.966797,290.039063,20.499207,6500.000000,10.000000
3.000000,428.668213,427.491455,1.176758,353.027344,-288.509888,6500.000000,10.000000
3.000000,428.668213,427.722168,0.946045,283.813477,89.873703,1478.000000,10.000000
3.000000,428.668213,428.149414,0.518799,0.000000,470.335846,-6500.000000,10.000000
3.000000,428.668213,428.508301,0.159912,0.000000,461.389893,-6500.000000,10.000000
3.000000,428.668213,428.359375,0.308838,0.000000,2.052391,5047.000000,10.000000
3.000000,428.668213,428.037109,0.631104,0.000000,-322.188507,6500.000000,10.000000
3.000000,428.668213,428.117676,0.550537,0.000000,-55.353249,-2475.000000,10.000000
3.000000,428.668213,428.355713,0.312500,0.000000,223.832825,-5180.000000,10.000000
3.000000,428.668213,428.364258,0.303955,0.000000,109.595802,0.000000,10.000000
3.000000,428.668213,428.192139,0.476074,0.000000,-146.338364,3794.000000,10.000000
3.000000,428.668213,428.106689,0.561523,0.000000,-150.510559,2910.000000,10.000000
3.000000,428.668213,428.131104,0.537109,0.000000,12.051390,0.000000,10.000000
3.000000,428.668213,428.190918,0.477295,0.000000,63.789612,-1908.000000,10.000000
3.000000,428.668213,428.258057,0.410156,0.000000,71.416847,-1416.000000,10.000000
3.000000,428.668213,428.236084,0.432129,0.000000,-14.043184,0.000000,10.000000
3.000000,428.668213,428.184814,0.483398,0.000000,-55.728828,1331.000000,10.000000
3.000000,428.668213,428.173828,0.494385,0.000000,-44.018478,0.000000,10.000000
3.000000,428.668213,428.211670,0.456543,0.000000,22.717094,0.000000,10.000000
3.000000,428.668213,428.234863,0.433350,0.000000,34.604893,0.000000,10.000000
3.000000,428.668213,428.237305,0.430908,0.000000,13.007707,0.000000,10.000000
3.000000,428.668213,428.222656,0.445557,0.000000,-16.093599,0.000000,10.000000
3.000000,428.668213,428.206787,0.461426,0.000000,-17.674486,0.000000,10.000000
3.000000,428.668213,428.205566,0.462646,0.000000,-10.510387,0.000000,10.000000
3.000000,428.668213,428.214111,0.454102,0.000000,5.710661,0.000000,10.000000
3.000000,428.668213,428.214111,0.454102,0.000000,1.307745,0.000000,10.000000
3.000000,428.668213,428.211670,0.456543,0.000000,-5.531866,0.000000,10.000000
3.000000,428.668213,428.211670,0.456543,0.000000,-3.020689,0.000000,10.000000
3.000000,428.668213,428.211670,0.456543,0.000000,-0.227817,0.000000,10.000000
3.000000,428.668213,428.211670,0.456543,0.000000,-0.026433,0.000000,10.000000
3.000000,428.668213,428.211670,0.456543,0.000000,-0.003067,0.000000,10.000000
3.000000,428.668213,428.211670,0.456543,0.000000,-0.000547,0.000000,10.000000
3.000000,428.668213,428.211670,0.456543,0.000000,-0.000041,0.000000,10.000000
3.000000,428.668213,428.211670,0.456543,0.000000,-0.000007,0.000000,10.000000
3.000000,428.668213,428.211670,0.456543,0.000000,-0.000001,0.000000,10.000000
3.000000,428.668213,428.211670,0.456543,0.000000,-0.000000,0.000000,10.000000
3.000000,428.668213,428.210449,0.457764,0.000000,-0.000000,0.000000,10.000000
3.000000,428.668213,428.210449,0.457764,0.000000,-1.885975,0.000000,10.000000
3.000000,428.668213,428.210449,0.457764,0.000000,-0.218828,0.000000,10.000000
3.000000,428.668213,428.209229,0.458984,0.000000,-1.242388,0.000000,10.000000
3.000000,428.668213,428.209229,0.458984,0.000000,-0.221774,0.000000,10.000000
3.000000,428.668213,428.209229,0.458984,0.000000,-0.016726,0.000000,10.000000
3.000000,428.668213,428.209229,0.458984,0.000000,-0.002986,0.000000,10.000000
1.000000,428.668213,428.209229,0.458984,0.000000,-2.310146,0.000000,10.000000
1.000000,428.668213,428.209229,0.458984,0.000000,-0.634424,0.000000,10.000000
1.000000,428.668213,428.206787,0.461426,0.000000,-4.349348,0.000000,10.000000
1.000000,428.668213,428.204346,0.463867,0.000000,-4.040534,0.000000,10.000000
1.000000,428.668213,428.204346,0.463867,0.000000,-0.718728,0.000000,10.000000
1.000000,428.668213,428.204346,0.463867,0.000000,-0.128298,0.000000,10.000000
1.000000,428.668213,428.204346,0.463867,0.000000,-0.009676,0.000000,10.000000
1.000000,428.668213,428.204346,0.463867,0.000000,-0.001727,0.000000,10.000000
1.000000,428.668213,428.204346,0.463867,0.000000,-0.000130,0.000000,10.000000
1.000000,428.668213,428.204346,0.463867,0.000000,-0.000023,0.000000,10.000000
1.000000,428.668213,428.204346,0.463867,0.000000,-0.000002,0.000000,10.000000
1.000000,428.668213,428.204346,0.463867,0.000000,-0.000000,0.000000,10.000000
1.000000,428.668213,428.204346,0.463867,0.000000,-0.000000,0.000000,10.000000
1.000000,428.668213,428.204346,0.463867,0.000000,-0.000000,0.000000,10.000000
1.000000,428.668213,428.204346,0.463867,0.000000,-0.000000,0.000000,10.000000
1.000000,428.668213,428.204346,0.463867,0.000000,-0.000000,0.000000,10.000000
1.000000,428.668213,428.204346,0.463867,0.000000,-0.000000,0.000000,10.000000
1.000000,428.668213,428.204346,0.463867,0.000000,-0.000000,0.000000,10.000000
1.000000,428.668213,428.204346,0.463867,0.000000,-0.000000,0.000000,10.000000
1.000000,428.668213,428.204346,0.463867,0.000000,-0.000000,0.000000,10.000000
1.000000,428.668213,428.204346,0.463867,0.000000,-0.000000,0.000000,10.000000
1.000000,428.668213,428.204346,0.463867,0.000000,-0.000000,0.000000,10.000000
1.000000,428.668213,428.204346,0.463867,0.000000,-0.000000,0.000000,10.000000
1.000000,428.668213,428.204346,0.463867,0.000000,-0.000000,0.000000,10.000000
1.000000,428.668213,428.204346,0.463867,0.000000,-0.000000,0.000000,10.000000
1.000000,428.668213,428.204346,0.463867,0.000000,-0.000000,0.000000,10.000000
1.000000,428.668213,428.204346,0.463867,0.000000,-0.000000,0.000000,10.000000
1.000000,428.668213,428.204346,0.463867,0.000000,-0.000000,0.000000,10.000000
1.000000,428.668213,428.204346,0.463867,0.000000,-0.000000,0.000000,10.000000
1.000000,428.668213,428.204346,0.463867,0.000000,-0.000000,0.000000,10.000000
1.000000,428.668213,428.204346,0.463867,0.000000,-0.000000,0.000000,10.000000
1.000000,428.668213,428.204346,0.463867,0.000000,-0.000000,0.000000,10.000000
1.000000,428.668213,428.204346,0.463867,0.000000,-0.000000,0.000000,10.000000
1.000000,428.668213,428.204346,0.463867,0.000000,-0.000000,0.000000,10.000000
1.000000,428.668213,428.204346,0.463867,0.000000,-0.000000,0.000000,10.000000
1.000000,428.668213,428.204346,0.463867,0.000000,-0.000000,0.000000,10.000000
1.000000,428.668213,428.204346,0.463867,0.000000,-0.000000,0.000000,10.000000
1.000000,428.668213,428.201904,0.466309,0.000000,-2.310000,0.000000,10.000000
1.000000,428.668213,428.199463,0.468750,0.000000,-4.082799,0.000000,10.000000
1.000000,428.668213,428.200684,0.467529,0.000000,-1.104745,0.000000,10.000000
1.000000,428.668213,428.200684,0.467529,0.000000,-0.197204,0.000000,10.000000
1.000000,428.668213,428.200684,0.467529,0.000000,-0.014873,0.000000,10.000000
1.000000,428.668213,428.200684,0.467529,0.000000,-0.002655,0.000000,10.000000
1.000000,428.668213,428.200684,0.467529,0.000000,-0.000200,0.000000,10.000000
1.000000,428.668213,428.200684,0.467529,0.000000,-0.000036,0.000000,10.000000
1.000000,428.668213,428.200684,0.467529,0.000000,-0.000002,0.000000,10.000000
1.000000,428.668213,428.200684,0.467529,0.000000,-0.000000,0.000000,10.000000
1.000000,428.668213,428.200684,0.467529,0.000000,-0.000000,0.000000,10.000000
1.000000,428.668213,428.200684,0.467529,0.000000,-0.000000,0.000000,10.000000
1.000000,428.668213,428.200684,0.467529,0.000000,-0.000000,0.000000,10.000000
1.000000,428.668213,428.200684,0.467529,0.000000,-0.000000,0.000000,10.000000
1.000000,428.668213,428.200684,0.467529,0.000000,-0.000000,0.000000,10.000000
1.000000,428.668213,428.200684,0.467529,0.000000,-0.000000,0.000000,10.000000
1.000000,428.668213,428.200684,0.467529,0.000000,-0.000000,0.000000,10.000000
1.000000,428.668213,428.200684,0.467529,0.000000,-0.000000,0.000000,10.000000
1.000000,428.668213,428.200684,0.467529,0.000000,-0.000000,0.000000,10.000000
1.000000,428.668213,428.200684,0.467529,0.000000,-0.000000,0.000000,10.000000
1.000000,428.668213,428.200684,0.467529,0.000000,-0.000000,0.000000,10.000000
1.000000,428.668213,428.200684,0.467529,0.000000,-0.000000,0.000000,10.000000
1.000000,428.668213,428.200684,0.467529,0.000000,-0.000000,0.000000,10.000000
1.000000,428.668213,428.200684,0.467529,0.000000,-0.000000,0.000000,10.000000
1.000000,428.668213,428.200684,0.467529,0.000000,-0.000000,0.000000,10.000000
1.000000,428.668213,428.200684,0.467529,0.000000,-0.000000,0.000000,10.000000
1.000000,428.668213,428.200684,0.467529,0.000000,-0.000000,0.000000,10.000000
1.000000,428.668213,428.200684,0.467529,0.000000,-0.000000,0.000000,10.000000
1.000000,428.668213,428.200684,0.467529,0.000000,-0.000000,0.000000,10.000000
1.000000,428.668213,428.200684,0.467529,0.000000,-0.000000,0.000000,10.000000
1.000000,428.668213,428.200684,0.467529,0.000000,-0.000000,0.000000,10.000000
1.000000,428.668213,428.200684,0.467529,0.000000,-0.000000,0.000000,10.000000
1.000000,428.668213,428.200684,0.467529,0.000000,-0.000000,0.000000,10.000000
1.000000,428.668213,428.200684,0.467529,0.000000,-0.000000,0.000000,10.000000
1.000000,428.668213,428.200684,0.467529,0.000000,-0.000000,0.000000,10.000000
1.000000,428.668213,428.200684,0.467529,0.000000,-0.000000,0.000000,10.000000
1.000000,428.668213,428.200684,0.467529,0.000000,-0.000000,0.000000,10.000000
1.000000,428.668213,428.200684,0.467529,0.000000,-0.000000,0.000000,10.000000
1.000000,428.668213,428.200684,0.467529,0.000000,-0.000000,0.000000,10.000000
1.000000,428.668213,428.200684,0.467529,0.000000,-0.000000,0.000000,10.000000
1.000000,428.668213,428.200684,0.467529,0.000000,-0.000000,0.000000,10.000000
1.000000,428.668213,428.200684,0.467529,0.000000,-0.000000,0.000000,10.000000
1.000000,428.668213,428.200684,0.467529,0.000000,-0.000000,0.000000,10.000000
1.000000,428.668213,428.200684,0.467529,0.000000,-0.000000,0.000000,10.000000
1.000000,428.668213,428.200684,0.467529,0.000000,-0.000000,0.000000,10.000000
1.000000,428.668213,428.200684,0.467529,0.000000,-0.000000,0.000000,10.000000
1.000000,428.668213,428.200684,0.467529,0.000000,-0.000000,0.000000,10.000000
1.000000,428.668213,428.200684,0.467529,0.000000,-0.000000,0.000000,10.000000
1.000000,428.668213,428.200684,0.467529,0.000000,-0.000000,0.000000,10.000000
1.000000,428.668213,428.200684,0.467529,0.000000,-0.000000,0.000000,10.000000
1.000000,428.668213,428.200684,0.467529,0.000000,-0.000000,0.000000,10.000000
1.000000,428.668213,428.200684,0.467529,0.000000,-0.000000,0.000000,10.000000
1.000000,428.668213,428.200684,0.467529,0.000000,-0.000000,0.000000,10.000000
1.000000,428.668213,428.200684,0.467529,0.000000,-0.000000,0.000000,10.000000
1.000000,428.668213,428.200684,0.467529,0.000000,-0.000000,0.000000,10.000000
1.000000,428.668213,428.200684,0.467529,0.000000,-0.000000,0.000000,10.000000
1.000000,428.668213,428.200684,0.467529,0.000000,-0.000000,0.000000,10.000000
1.000000,428.668213,428.200684,0.467529,0.000000,-0.000000,0.000000,10.000000
1.000000,428.668213,428.200684,0.467529,0.000000,-0.000000,0.000000,10.000000
1.000000,428.668213,428.200684,0.467529,0.000000,-0.000000,0.000000,10.000000
1.000000,428.668213,428.200684,0.467529,0.000000,-0.000000,0.000000,10.000000
1.000000,428.668213,428.200684,0.467529,0.000000,-0.000000,0.000000,10.000000
1.000000,428.668213,428.200684,0.467529,0.000000,-0.000000,0.000000,10.000000
1.000000,428.668213,428.200684,0.467529,0.000000,-0.000000,0.000000,10.000000
1.000000,428.668213,428.200684,0.467529,0.000000,-0.000000,0.000000,10.000000
1.000000,428.668213,428.200684,0.467529,0.000000,-0.000000,0.000000,10.000000
1.000000,428.668213,428.200684,0.467529,0.000000,-0.000000,0.000000,10.000000
1.000000,428.668213,428.200684,0.467529,0.000000,-0.000000,0.000000,10.000000
1.000000,428.668213,428.200684,0.467529,0.000000,-0.000000,0.000000,10.000000
1.000000,428.668213,428.200684,0.467529,0.000000,-0.000000,0.000000,10.000000
1.000000,428.668213,428.200684,0.467529,0.000000,-0.000000,0.000000,10.000000
1.000000,428.668213,428.200684,0.467529,0.000000,-0.000000,0.000000,10.000000
1.000000,428.668213,428.200684,0.467529,0.000000,-0.000000,0.000000,10.000000
1.000000,428.668213,428.200684,0.467529,0.000000,-0.000000,0.000000,10.000000
1.000000,428.668213,428.200684,0.467529,0.000000,-0.000000,0.000000,10.000000
1.000000,428.668213,428.200684,0.467529,0.000000,-0.000000,0.000000,10.000000
1.000000,428.668213,428.200684,0.467529,0.000000,-0.000000,0.000000,10.000000
1.000000,428.668213,428.200684,0.467529,0.000000,-0.000000,0.000000,10.000000
1.000000,428.668213,428.200684,0.467529,0.000000,-0.000000,0.000000,10.000000
1.000000,428.668213,428.200684,0.467529,0.000000,-0.000000,0.000000,10.000000
1.000000,428.668213,428.200684,0.467529,0.000000,-0.000000,0.000000,10.000000
1.000000,428.668213,428.200684,0.467529,0.000000,-0.000000,0.000000,10.000000
1.000000,428.668213,428.200684,0.467529,0.000000,-0.000000,0.000000,10.000000
1.000000,428.668213,428.200684,0.467529,0.000000,-0.000000,0.000000,10.000000
1.000000,428.668213,428.200684,0.467529,0.000000,-0.000000,0.000000,10.000000
1.000000,428.668213,428.200684,0.467529,0.000000,-0.000000,0.000000,10.000000
1.000000,428.668213,428.200684,0.467529,0.000000,-0.000000,0.000000,10.000000
1.000000,428.668213,428.200684,0.467529,0.000000,-0.000000,0.000000,10.000000
1.000000,428.668213,428.200684,0.467529,0.000000,-0.000000,0.000000,10.000000
1.000000,428.668213,428.200684,0.467529,0.000000,-0.000000,0.000000,10.000000
1.000000,428.668213,428.200684,0.467529,0.000000,-0.000000,0.000000,10.000000
1.000000,428.668213,428.200684,0.467529,0.000000,-0.000000,0.000000,10.000000
1.000000,428.668213,428.200684,0.467529,0.000000,-0.000000,0.000000,10.000000
1.000000,428.668213,428.200684,0.467529,0.000000,-0.000000,0.000000,10.000000
1.000000,428.668213,428.200684,0.467529,0.000000,-0.000000,0.000000,10.000000
1.000000,428.668213,428.200684,0.467529,0.000000,-0.000000,0.000000,10.000000
1.000000,428.668213,428.200684,0.467529,0.000000,-0.000000,0.000000,10.000000
1.000000,428.668213,428.200684,0.467529,0.000000,-0.000000,0.000000,10.000000
3.000000,468.200684,428.200684,40.000000,4200.000000,-0.000000,0.000000,10.000000
3.000000,468.200684,428.214111,39.986572,4200.000000,-0.000000,6500.000000,10.000000
3.000000,468.200684,428.676758,39.523926,4200.000000,311.134003,6500.000000,10.000000
3.000000,468.200684,429.428711,38.771973,4200.000000,946.564270,6500.000000,10.000000
3.000000,468.200684,431.195068,37.005615,4200.000000,1613.402832,6500.000000,10.000000
3.000000,468.200684,432.899170,35.301514,4200.000000,2269.655029,6500.000000,10.000000
3.000000,468.200684,436.765137,31.435547,4200.000000,3150.854004,6500.000000,10.000000
3.000000,468.200684,438.840332,29.360352,4200.000000,3702.768799,4075.000000,10.000000
3.000000,468.200684,444.300537,23.900146,4200.000000,4598.523926,-6500.000000,11.000000
3.000000,468.200684,447.359619,20.841064,4200.000000,4701.997070,-6500.000000,11.000000
3.000000,468.200684,451.401367,16.799316,4200.000000,4232.152832,2236.000000,11.000000
3.000000,468.200684,453.873291,14.327393,4200.000000,3857.197998,6500.000000,11.000000
3.000000,468.200684,457.624512,10.576172,3172.851563,3782.145508,-6500.000000,11.000000
3.000000,468.200684,459.703369,8.497314,2549.194336,3469.981445,-6500.000000,11.000000
3.000000,468.200684,462.149658,6.051025,1815.307617,2525.324707,-6500.000000,11.000000
3.000000,468.200684,463.186035,5.014648,1504.394531,2042.537109,-5364.000000,11.000000
3.000000,468.200684,464.166260,4.034424,1210.327148,1131.106934,4665.000000,11.000000
3.000000,468.200684,464.666748,3.533936,1060.180664,793.481995,6500.000000,11.000000
3.000000,468.200684,465.769043,2.431641,729.492188,958.150879,-6500.000000,11.000000
3.000000,468.200684,466.500244,1.700439,510.131836,1129.100098,-6500.000000,11.000000
3.000000,468.200684,467.032471,1.168213,350.463867,699.009644,-6273.000000,11.000000
3.000000,468.200684,467.001953,1.198730,359.619141,154.798416,6500.000000,11.000000
3.000000,468.200684,467.010498,1.190186,357.055664,9.418953,6500.000000,11.000000
3.000000,468.200684,467.388916,0.811768,243.530273,358.997345,-6500.000000,11.000000
3.000000,468.200684,467.917480,0.283203,0.000000,556.128296,-6500.000000,11.000000
3.000000,468.200684,467.924805,0.275879,0.000000,218.106644,0.000000,11.000000
3.000000,468.200684,467.604980,0.595703,0.000000,-264.501282,6500.000000,11.000000
3.000000,468.200684,467.532959,0.667725,0.000000,-235.527252,1767.000000,11.000000
3.000000,468.200684,467.807617,0.393066,0.000000,223.423065,-5820.000000,11.000000
3.000000,468.200684,467.896729,0.303955,0.000000,171.950165,-2926.000000,11.000000
3.000000,468.200684,467.816162,0.384521,0.000000,-40.253754,2178.000000,11.000000
3.000000,468.200684,467.740479,0.460205,0.000000,-73.718124,1769.000000,11.000000
3.000000,468.200684,467.762451,0.438232,0.000000,-15.931091,0.000000,11.000000
3.000000,468.200684,467.847900,0.352783,0.000000,72.999100,-1936.000000,11.000000
3.000000,468.200684,467.904053,0.296631,0.000000,84.401283,-1896.000000,11.000000
3.000000,468.200684,467.902832,0.297852,0.000000,15.002859,0.000000,11.000000
3.000000,468.200684,467.867432,0.333252,0.000000,-39.546288,1185.000000,11.000000
3.000000,468.200684,467.840576,0.360107,0.000000,-38.408855,0.000000,11.000000
3.000000,468.200684,467.860107,0.340576,0.000000,4.990623,0.000000,11.000000
3.000000,468.200684,467.886963,0.313721,0.000000,25.920483,0.000000,11.000000
3.000000,468.200684,467.889404,0.311279,0.000000,13.542212,0.000000,11.000000
3.000000,468.200684,467.872314,0.328369,0.000000,-16.514606,0.000000,11.000000
3.000000,468.200684,467.866211,0.334473,0.000000,-13.344842,0.000000,11.000000
3.000000,468.200684,467.872314,0.328369,0.000000,2.876873,0.000000,11.000000
3.000000,468.200684,467.877197,0.323486,0.000000,6.552352,0.000000,11.000000
3.000000,468.200684,467.877197,0.323486,0.000000,-1.311980,0.000000,11.000000
3.000000,468.200684,467.875977,0.324707,0.000000,-4.661802,0.000000,11.000000
3.000000,468.200684,467.875977,0.324707,0.000000,-0.926378,0.000000,11.000000
3.000000,468.200684,467.875977,0.324707,0.000000,-0.107487,0.000000,11.000000
3.000000,468.200684,467.875977,0.324707,0.000000,-0.012472,0.000000,11.000000
3.000000,468.200684,467.875977,0.324707,0.000000,-0.002226,0.000000,11.000000
3.000000,468.200684,467.875977,0.324707,0.000000,-0.000168,0.000000,11.000000
3.000000,468.200684,467.875977,0.324707,0.000000,-0.000030,0.000000,11.000000
3.000000,468.200684,467.875977,0.324707,0.000000,-0.000002,0.000000,11.000000
3.000000,468.200684,467.875977,0.324707,0.000000,-0.000000,0.000000,11.000000
3.000000,468.200684,467.875977,0.324707,0.000000,-0.000000,0.000000,11.000000
3.000000,468.200684,467.875977,0.324707,0.000000,-0.000000,0.000000,11.000000
3.000000,468.200684,467.875977,0.324707,0.000000,-0.000000,0.000000,11.000000
3.000000,468.200684,467.875977,0.324707,0.000000,-0.000000,0.000000,11.000000
3.000000,468.200684,467.875977,0.324707,0.000000,-0.000000,0.000000,11.000000
3.000000,468.200684,467.875977,0.324707,0.000000,-0.000000,0.000000,11.000000
3.000000,468.200684,467.875977,0.324707,0.000000,-0.000000,0.000000,11.000000
1.000000,468.200684,467.875977,0.324707,0.000000,-0.000000,0.000000,11.000000
1.000000,468.200684,467.875977,0.324707,0.000000,-0.000000,0.000000,11.000000
1.000000,468.200684,467.875977,0.324707,0.000000,-0.000000,0.000000,11.000000
1.000000,468.200684,467.875977,0.324707,0.000000,-0.000000,0.000000,11.000000
1.000000,468.200684,467.875977,0.324707,0.000000,-0.000000,0.000000,11.000000
1.000000,468.200684,467.875977,0.324707,0.000000,-0.000000,0.000000,11.000000
1.000000,468.200684,467.875977,0.324707,0.000000,-0.000000,0.000000,11.000000
1.000000,468.200684,467.875977,0.324707,0.000000,-0.000000,0.000000,11.000000
1.000000,468.200684,467.875977,0.324707,0.000000,-0.000000,0.000000,11.000000
1.000000,468.200684,467.875977,0.324707,0.000000,-0.000000,0.000000,11.000000
1.000000,468.200684,467.875977,0.324707,0.000000,-0.000000,0.000000,11.000000
1.000000,468.200684,467.875977,0.324707,0.000000,-0.000000,0.000000,11.000000
1.000000,468.200684,467.875977,0.324707,0.000000,-0.000000,0.000000,11.000000
1.000000,468.200684,467.875977,0.324707,0.000000,-0.000000,0.000000,11.000000
1.000000,468.200684,467.875977,0.324707,0.000000,-0.000000,0.000000,11.000000
1.000000,468.200684,467.875977,0.324707,0.000000,-0.000000,0.000000,11.000000
1.000000,468.200684,467.875977,0.324707,0.000000,-0.000000,0.000000,11.000000
1.000000,468.200684,467.875977,0.324707,0.000000,-0.000000,0.000000,11.000000
1.000000,468.200684,467.875977,0.324707,0.000000,-0.000000,0.000000,11.000000
1.000000,468.200684,467.875977,0.324707,0.000000,-0.000000,0.000000,11.000000
1.000000,468.200684,467.875977,0.324707,0.000000,-0.000000,0.000000,11.000000
1.000000,468.200684,467.875977,0.324707,0.000000,-0.000000,0.000000,11.000000
1.000000,468.200684,467.875977,0.324707,0.000000,-0.000000,0.000000,11.000000
1.000000,468.200684,467.875977,0.324707,0.000000,-0.000000,0.000000,11.000000
1.000000,468.200684,467.875977,0.324707,0.000000,-0.000000,0.000000,11.000000
1.000000,468.200684,467.875977,0.324707,0.000000,-0.000000,0.000000,11.000000
1.000000,468.200684,467.875977,0.324707,0.000000,-0.000000,0.000000,11.000000
1.000000,468.200684,467.875977,0.324707,0.000000,-0.000000,0.000000,11.000000
1.000000,468.200684,467.875977,0.324707,0.000000,-0.000000,0.000000,11.000000
1.000000,468.200684,467.875977,0.324707,0.000000,-0.000000,0.000000,11.000000
1.000000,468.200684,467.875977,0.324707,0.000000,-0.000000,0.000000,11.000000
1.000000,468.200684,467.875977,0.324707,0.000000,-0.000000,0.000000,11.000000
1.000000,468.200684,467.877197,0.323486,0.000000,-0.000000,0.000000,11.000000
1.000000,468.200684,467.878418,0.322266,0.000000,-0.000000,0.000000,11.000000
1.000000,468.200684,467.878418,0.322266,0.000000,-0.000000,0.000000,11.000000
1.000000,468.200684,467.878418,0.322266,0.000000,-0.000000,0.000000,11.000000
1.000000,468.200684,467.878418,0.322266,0.000000,-0.000000,0.000000,11.000000
1.000000,468.200684,467.878418,0.322266,0.000000,-0.000000,0.000000,11.000000
1.000000,468.200684,467.878418,0.322266,0.000000,-0.000000,0.000000,11.000000
1.000000,468.200684,467.878418,0.322266,0.000000,-0.000000,0.000000,11.000000
1.000000,468.200684,467.878418,0.322266,0.000000,-0.000000,0.000000,11.000000
1.000000,468.200684,467.878418,0.322266,0.000000,-0.000000,0.000000,11.000000
1.000000,468.200684,467.878418,0.322266,0.000000,-0.000000,0.000000,11.000000
1.000000,468.200684,467.878418,0.322266,0.000000,-0.000000,0.000000,11.000000
1.000000,468.200684,467.878418,0.322266,0.000000,-0.000000,0.000000,11.000000
1.000000,468.200684,467.878418,0.322266,0.000000,-0.000000,0.000000,11.000000
1.000000,468.200684,467.878418,0.322266,0.000000,-0.000000,0.000000,11.000000
1.000000,468.200684,467.878418,0.322266,0.000000,-0.000000,0.000000,11.000000
1.000000,468.200684,467.878418,0.322266,0.000000,-0.000000,0.000000,11.000000
1.000000,468.200684,467.878418,0.322266,0.000000,-0.000000,0.000000,11.000000
1.000000,468.200684,467.878418,0.322266,0.000000,-0.000000,0.000000,11.000000
1.000000,468.200684,467.878418,0.322266,0.000000,-0.000000,0.000000,11.000000
1.000000,468.200684,467.878418,0.322266,0.000000,-0.000000,0.000000,11.000000
1.000000,468.200684,467.878418,0.322266,0.000000,-0.000000,0.000000,11.000000
1.000000,468.200684,467.878418,0.322266,0.000000,-0.000000,0.000000,11.000000
1.000000,468.200684,467.878418,0.322266,0.000000,-0.000000,0.000000,11.000000
1.000000,468.200684,467.878418,0.322266,0.000000,-0.000000,0.000000,11.000000
1.000000,468.200684,467.878418,0.322266,0.000000,-0.000000,0.000000,11.000000
1.000000,468.200684,467.878418,0.322266,0.000000,-0.000000,0.000000,11.000000
1.000000,468.200684,467.878418,0.322266,0.000000,-0.000000,0.000000,11.000000
1.000000,468.200684,467.878418,0.322266,0.000000,-0.000000,0.000000,11.000000
1.000000,468.200684,467.878418,0.322266,0.000000,-0.000000,0.000000,11.000000
1.000000,468.200684,467.878418,0.322266,0.000000,-0.000000,0.000000,11.000000
1.000000,468.200684,467.878418,0.322266,0.000000,-0.000000,0.000000,11.000000
1.000000,468.200684,467.878418,0.322266,0.000000,-0.000000,0.000000,11.000000
1.000000,468.200684,467.878418,0.322266,0.000000,-0.000000,0.000000,11.000000
1.000000,468.200684,467.878418,0.322266,0.000000,-0.000000,0.000000,11.000000
1.000000,468.200684,467.878418,0.322266,0.000000,-0.000000,0.000000,11.000000
1.000000,468.200684,467.878418,0.322266,0.000000,-0.000000,0.000000,11.000000
1.000000,468.200684,467.878418,0.322266,0.000000,-0.000000,0.000000,11.000000
1.000000,468.200684,467.878418,0.322266,0.000000,-0.000000,0.000000,11.000000
1.000000,468.200684,467.878418,0.322266,0.000000,-0.000000,0.000000,11.000000
1.000000,468.200684,467.878418,0.322266,0.000000,-0.000000,0.000000,11.000000
1.000000,468.200684,467.878418,0.322266,0.000000,-0.000000,0.000000,11.000000
1.000000,468.200684,467.878418,0.322266,0.000000,-0.000000,0.000000,11.000000
1.000000,468.200684,467.878418,0.322266,0.000000,-0.000000,0.000000,11.000000
1.000000,468.200684,467.878418,0.322266,0.000000,-0.000000,0.000000,11.000000
1.000000,468.200684,467.878418,0.322266,0.000000,-0.000000,0.000000,11.000000
1.000000,468.200684,467.878418,0.322266,0.000000,-0.000000,0.000000,11.000000
1.000000,468.200684,467.878418,0.322266,0.000000,-0.000000,0.000000,11.000000
1.000000,468.200684,467.878418,0.322266,0.000000,-0.000000,0.000000,11.000000
1.000000,468.200684,467.878418,0.322266,0.000000,-0.000000,0.000000,11.000000
1.000000,468.200684,467.878418,0.322266,0.000000,-0.000000,0.000000,11.000000
1.000000,468.200684,467.878418,0.322266,0.000000,-0.000000,0.000000,11.000000
1.000000,468.200684,467.878418,0.322266,0.000000,-0.000000,0.000000,11.000000
1.000000,468.200684,467.878418,0.322266,0.000000,-0.000000,0.000000,11.000000
1.000000,468.200684,467.878418,0.322266,0.000000,-0.000000,0.000000,11.000000
1.000000,468.200684,467.878418,0.322266,0.000000,-0.000000,0.000000,11.000000
1.000000,468.200684,467.878418,0.322266,0.000000,-0.000000,0.000000,11.000000
1.000000,468.200684,467.878418,0.322266,0.000000,-0.000000,0.000000,11.000000
1.000000,468.200684,467.878418,0.322266,0.000000,-0.000000,0.000000,11.000000
1.000000,468.200684,467.878418,0.322266,0.000000,-0.000000,0.000000,11.000000
1.000000,468.200684,467.878418,0.322266,0.000000,-0.000000,0.000000,11.000000
1.000000,468.200684,467.878418,0.322266,0.000000,-0.000000,0.000000,11.000000
1.000000,468.200684,467.878418,0.322266,0.000000,-0.000000,0.000000,11.000000
1.000000,468.200684,467.878418,0.322266,0.000000,-0.000000,0.000000,11.000000
1.000000,468.200684,467.878418,0.322266,0.000000,-0.000000,0.000000,11.000000
1.000000,468.200684,467.878418,0.322266,0.000000,-0.000000,0.000000,11.000000
1.000000,468.200684,467.878418,0.322266,0.000000,-0.000000,0.000000,11.000000
1.000000,468.200684,467.878418,0.322266,0.000000,-0.000000,0.000000,11.000000
1.000000,468.200684,467.878418,0.322266,0.000000,-0.000000,0.000000,11.000000
1.000000,468.200684,467.878418,0.322266,0.000000,-0.000000,0.000000,11.000000
1.000000,468.200684,467.878418,0.322266,0.000000,-0.000000,0.000000,11.000000
1.000000,468.200684,467.878418,0.322266,0.000000,-0.000000,0.000000,11.000000
1.000000,468.200684,467.878418,0.322266,0.000000,-0.000000,0.000000,11.000000
1.000000,468.200684,467.878418,0.322266,0.000000,-0.000000,0.000000,11.000000
1.000000,468.200684,467.878418,0.322266,0.000000,-0.000000,0.000000,11.000000
1.000000,468.200684,467.878418,0.322266,0.000000,-0.000000,0.000000,11.000000
1.000000,468.200684,467.878418,0.322266,0.000000,-0.000000,0.000000,11.000000
1.000000,468.200684,467.878418,0.322266,0.000000,-0.000000,0.000000,11.000000
1.000000,468.200684,467.878418,0.322266,0.000000,-0.000000,0.000000,11.000000
1.000000,468.200684,467.878418,0.322266,0.000000,-0.000000,0.000000,11.000000
1.000000,468.200684,467.878418,0.322266,0.000000,-0.000000,0.000000,11.000000
1.000000,468.200684,467.878418,0.322266,0.000000,-0.000000,0.000000,11.000000
1.000000,468.200684,467.878418,0.322266,0.000000,-0.000000,0.000000,11.000000
1.000000,468.200684,467.878418,0.322266,0.000000,-0.000000,0.000000,11.000000
1.000000,468.200684,467.878418,0.322266,0.000000,-0.000000,0.000000,11.000000
1.000000,468.200684,467.878418,0.322266,0.000000,-0.000000,0.000000,11.000000
1.000000,468.200684,467.878418,0.322266,0.000000,-0.000000,0.000000,11.000000
1.000000,468.200684,467.878418,0.322266,0.000000,-0.000000,0.000000,11.000000
1.000000,468.200684,467.878418,0.322266,0.000000,-0.000000,0.000000,11.000000
1.000000,468.200684,467.878418,0.322266,0.000000,-0.000000,0.000000,11.000000
1.000000,468.200684,467.878418,0.322266,0.000000,-0.000000,0.000000,11.000000
1.000000,468.200684,467.878418,0.322266,0.000000,-0.000000,0.000000,11.000000
1.000000,468.200684,467.878418,0.322266,0.000000,-0.000000,0.000000,11.000000
1.000000,468.200684,467.878418,0.322266,0.000000,-0.000000,0.000000,11.000000
1.000000,468.200684,467.878418,0.322266,0.000000,-0.000000,0.000000,11.000000
1.000000,468.200684,467.878418,0.322266,0.000000,-0.000000,0.000000,11.000000
1.000000,468.200684,467.878418,0.322266,0.000000,-0.000000,0.000000,11.000000
1.000000,468.200684,467.878418,0.322266,0.000000,-0.000000,0.000000,11.000000
1.000000,468.200684,467.878418,0.322266,0.000000,-0.000000,0.000000,11.000000
1.000000,468.200684,467.878418,0.322266,0.000000,-0.000000,0.000000,11.000000
1.000000,468.200684,467.878418,0.322266,0.000000,-0.000000,0.000000,11.000000
1.000000,468.200684,467.878418,0.322266,0.000000,-0.000000,0.000000,11.000000
1.000000,468.200684,467.878418,0.322266,0.000000,-0.000000,0.000000,11.000000
1.000000,468.200684,467.878418,0.322266,0.000000,-0.000000,0.000000,11.000000
1.000000,468.200684,467.878418,0.322266,0.000000,-0.000000,0.000000,11.000000
1.000000,468.200684,467.878418,0.322266,0.000000,-0.000000,0.000000,11.000000
1.000000,468.200684,467.878418,0.322266,0.000000,-0.000000,0.000000,11.000000
1.000000,468.200684,467.878418,0.322266,0.000000,-0.000000,0.000000,11.000000
1.000000,468.200684,467.878418,0.322266,0.000000,-0.000000,0.000000,11.000000
1.000000,468.200684,467.878418,0.322266,0.000000,-0.000000,0.000000,11.000000
1.000000,468.200684,467.878418,0.322266,0.000000,-0.000000,0.000000,11.000000
1.000000,468.200684,467.878418,0.322266,0.000000,-0.000000,0.000000,11.000000
3.000000,507.878418,467.878418,40.000000,4200.000000,-0.000000,6500.000000,11.000000
3.000000,507.878418,468.081055,39.797363,4200.000000,134.810593,6500.000000,11.000000
3.000000,507.878418,468.574219,39.304199,4200.000000,551.228638,6500.000000,11.000000
3.000000,507.878418,470.369873,37.508545,4200.000000,1296.171143,6500.000000,11.000000
3.000000,507.878418,471.906738,35.971680,4200.000000,1856.307129,6500.000000,11.000000
3.000000,507.878418,474.941406,32.937012,4200.000000,2881.988037,6500.000000,11.000000
3.000000,507.878418,476.794434,31.083984,4200.000000,3331.755371,6500.000000,11.000000
3.000000,507.878418,481.995850,25.882568,4200.000000,4233.952148,-3914.000000,12.000000
3.000000,507.878418,485.209961,22.668457,4200.000000,4780.997070,-6500.000000,12.000000
3.000000,507.878418,489.587402,18.291016,4200.000000,4610.657227,-6500.000000,12.000000
3.000000,507.878418,492.164307,15.714111,4200.000000,4148.484863,6500.000000,12.000000
3.000000,507.878418,495.822754,12.055664,3616.699219,3691.083740,-2061.000000,12.000000
3.000000,507.878418,498.240967,9.637451,2891.235352,3739.160156,-6500.000000,12.000000
3.000000,507.878418,501.203613,6.674805,2002.441406,3101.788818,-6500.000000,12.000000
3.000000,507.878418,502.708740,5.169678,1550.903320,2563.235596,-6500.000000,12.000000
3.000000,507.878418,504.147949,3.730469,1119.140625,1572.433838,-6500.000000,12.000000
3.000000,507.878418,504.593506,3.284912,985.473633,988.033569,6500.000000,12.000000
3.000000,507.878418,505.128174,2.750244,825.073242,559.913757,6211.000000,12.000000
3.000000,507.878418,505.756836,2.121582,636.474609,752.212769,-6500.000000,12.000000
3.000000,507.878418,506.630859,1.247559,374.267578,853.770386,-6500.000000,12.000000
3.000000,507.878418,506.842041,1.036377,310.913086,554.336975,-212.000000,12.000000
3.000000,507.878418,506.726074,1.152344,345.703125,-49.058937,6500.000000,12.000000
3.000000,507.878418,506.837158,1.041260,312.377930,83.501862,3212.000000,12.000000
3.000000,507.878418,507.447510,0.430908,0.000000,533.879639,-6500.000000,12.000000
3.000000,507.878418,507.713623,0.164795,0.000000,536.348694,-6500.000000,12.000000
3.000000,507.878418,507.479248,0.399170,0.000000,-101.139091,5214.000000,12.000000
3.000000,507.878418,507.197266,0.681152,0.000000,-402.968262,6500.000000,12.000000
3.000000,507.878418,507.258301,0.620117,0.000000,-56.236740,-1054.000000,12.000000
3.000000,507.878418,507.495117,0.383301,0.000000,270.006470,-6500.000000,12.000000
3.000000,507.878418,507.478027,0.400391,0.000000,81.199402,0.000000,12.000000
3.000000,507.878418,507.244873,0.633545,0.000000,-243.753204,6500.000000,12.000000
3.000000,507.878418,507.194824,0.683594,0.000000,-145.880539,1418.000000,12.000000
3.000000,507.878418,507.398682,0.479736,0.000000,192.665405,-6500.000000,12.000000
3.000000,507.878418,507.519531,0.358887,0.000000,101.415779,-2433.000000,12.000000
3.000000,507.878418,507.312012,0.566406,0.000000,-158.686432,6500.000000,12.000000
3.000000,507.878418,507.126465,0.751953,0.000000,-236.509583,4033.000000,12.000000
3.000000,507.878418,507.386475,0.491943,0.000000,253.871399,-6092.000000,12.000000
3.000000,507.878418,507.564697,0.313721,0.000000,303.835297,-5454.000000,12.000000
3.000000,507.878418,507.336426,0.541992,0.000000,-133.159119,5218.000000,12.000000
3.000000,507.878418,507.115479,0.762939,0.000000,-328.697235,6500.000000,12.000000
3.000000,507.878418,507.258301,0.620117,0.000000,43.547523,-3384.000000,12.000000
3.000000,507.878418,507.512207,0.366211,0.000000,328.114227,-6500.000000,12.000000
3.000000,507.878418,507.454834,0.423584,0.000000,40.963486,1519.000000,12.000000
3.000000,507.878418,507.174072,0.704346,0.000000,-314.953278,6500.000000,12.000000
3.000000,507.878418,507.127686,0.750732,0.000000,-146.023178,1110.000000,12.000000
3.000000,507.878418,507.452393,0.426025,0.000000,281.367981,-6500.000000,12.000000
3.000000,507.878418,507.724609,0.153809,0.000000,340.754639,-6080.000000,12.000000
3.000000,507.878418,507.508545,0.369873,0.000000,-70.806114,6500.000000,12.000000
3.000000,507.878418,507.113037,0.765381,0.000000,-413.251831,6500.000000,12.000000
3.000000,507.878418,507.181396,0.697021,0.000000,-132.099960,-1819.000000,12.000000
3.000000,507.878418,507.591553,0.286865,0.000000,378.893402,-6500.000000,12.000000
3.000000,507.878418,507.644043,0.234375,0.000000,258.593475,-1588.000000,12.000000
3.000000,507.878418,507.222900,0.655518,0.000000,-335.747620,6500.000000,12.000000
3.000000,507.878418,507.060547,0.817871,245.361328,-310.272919,6500.000000,12.000000
3.000000,507.878418,507.376709,0.501709,0.000000,186.880005,-6500.000000,12.000000
3.000000,507.878418,507.655029,0.223389,0.000000,423.962006,-6500.000000,12.000000
3.000000,507.878418,507.518311,0.360107,0.000000,5.726295,2775.000000,12.000000
3.000000,507.878418,507.180176,0.698242,0.000000,-396.541809,6500.000000,12.000000
3.000000,507.878418,507.084961,0.793457,0.000000,-219.034088,2744.000000,12.000000
3.000000,507.878418,507.399902,0.478516,0.000000,224.409927,-6500.000000,12.000000
3.000000,507.878418,507.755127,0.123291,0.000000,420.183380,-6500.000000,12.000000
3.000000,507.878418,507.615967,0.262451,0.000000,58.989494,4169.000000,12.000000
3.000000,507.878418,507.139893,0.738525,0.000000,-454.181519,6500.000000,12.000000
3.000000,507.878418,507.092285,0.786133,0.000000,-286.133942,2245.000000,12.000000
3.000000,507.878418,507.596436,0.281982,0.000000,403.334686,-6500.000000,12.000000
3.000000,507.878418,507.734375,0.144043,0.000000,423.359528,-6500.000000,12.000000
3.000000,507.878418,507.486572,0.391846,0.000000,-112.194099,5815.000000,12.000000
3.000000,507.878418,507.131348,0.747070,0.000000,-417.369446,6500.000000,12.000000
3.000000,507.878418,507.185059,0.693359,0.000000,-100.631218,0.000000,12.000000
3.000000,507.878418,507.556152,0.322266,0.000000,316.531952,-6500.000000,12.000000
3.000000,507.878418,507.675781,0.202637,0.000000,199.731766,-2435.000000,12.000000
3.000000,507.878418,507.447510,0.430908,0.000000,-207.000610,6500.000000,12.000000
3.000000,507.878418,507.205811,0.672607,0.000000,-259.421692,4416.000000,12.000000
1.000000,507.878418,507.403564,0.474854,0.000000,92.260635,-5680.000000,12.000000
1.000000,507.878418,507.603760,0.274658,0.000000,255.860443,-4974.000000,12.000000
1.000000,507.878418,507.431641,0.446777,0.000000,-45.432785,4827.000000,12.000000
1.000000,507.878418,507.170410,0.708008,0.000000,-296.464294,6321.000000,12.000000
1.000000,507.878418,507.297363,0.581055,0.000000,-64.424973,-3104.000000,12.000000
1.000000,507.878418,507.617188,0.261230,0.000000,309.640808,-6500.000000,12.000000
1.000000,507.878418,507.550049,0.328369,0.000000,48.831001,1153.000000,12.000000
1.000000,507.878418,507.299805,0.578613,0.000000,-274.483948,6500.000000,12.000000
1.000000,507.878418,507.213135,0.665283,0.000000,-75.209496,1805.000000,12.000000
1.000000,507.878418,507.454834,0.423584,0.000000,199.156952,-6500.000000,12.000000
1.000000,507.878418,507.565918,0.312500,0.000000,221.742889,-3543.000000,12.000000
1.000000,507.878418,507.326660,0.551758,0.000000,-214.362183,6500.000000,12.000000
1.000000,507.878418,507.114258,0.764160,0.000000,-301.102692,5873.000000,12.000000
1.000000,507.878418,507.309570,0.568848,0.000000,24.397537,-5056.000000,12.000000
1.000000,507.878418,507.583008,0.295410,0.000000,326.488342,-6500.000000,12.000000
1.000000,507.878418,507.531738,0.346680,0.000000,82.835030,1959.000000,12.000000
1.000000,507.878418,507.093506,0.784912,0.000000,-359.712463,6500.000000,12.000000
1.000000,507.878418,507.122803,0.755615,0.000000,-220.058868,0.000000,12.000000
1.000000,507.878418,507.554932,0.323486,0.000000,349.836365,-6500.000000,12.000000
1.000000,507.878418,507.651367,0.227051,0.000000,344.039429,-4522.000000,12.000000
1.000000,507.878418,507.244873,0.633545,0.000000,-270.547913,6500.000000,12.000000
1.000000,507.878418,507.042236,0.836182,250.854492,-422.959137,6500.000000,12.000000
1.000000,507.878418,507.326660,0.551758,0.000000,239.604004,-5750.000000,12.000000
1.000000,507.878418,507.651367,0.227051,0.000000,452.886383,-6500.000000,12.000000
1.000000,507.878418,507.589111,0.289307,0.000000,32.422180,1989.000000,12.000000
1.000000,507.878418,507.333984,0.544434,0.000000,-328.404755,6500.000000,12.000000
1.000000,507.878418,507.331543,0.546875,0.000000,-80.902733,0.000000,12.000000
1.000000,507.878418,507.518311,0.360107,0.000000,210.676514,-5618.000000,12.000000
1.000000,507.878418,507.567139,0.311279,0.000000,93.247528,0.000000,12.000000
1.000000,507.878418,507.436523,0.441895,0.000000,-127.086777,4088.000000,12.000000
1.000000,507.878418,507.287598,0.590820,0.000000,-170.149994,3485.000000,12.000000
1.000000,507.878418,507.333984,0.544434,0.000000,-30.330969,-1073.000000,12.000000
1.000000,507.878418,507.429199,0.449219,0.000000,91.396614,-1912.000000,12.000000
1.000000,507.878418,507.414551,0.463867,0.000000,23.289759,0.000000,12.000000
1.000000,507.878418,507.330322,0.548096,0.000000,-78.474907,1997.000000,12.000000
1.000000,507.878418,507.283936,0.594482,0.000000,-78.599182,1614.000000,12.000000
1.000000,507.878418,507.292480,0.585938,0.000000,2.525415,0.000000,12.000000
1.000000,507.878418,507.307129,0.571289,0.000000,18.561918,0.000000,12.000000
1.000000,507.878418,507.312012,0.566406,0.000000,8.028871,0.000000,12.000000
1.000000,507.878418,507.301025,0.577393,0.000000,-12.537416,0.000000,12.000000
1.000000,507.878418,507.285156,0.593262,0.000000,-18.250153,0.000000,12.000000
1.000000,507.878418,507.279053,0.599365,0.000000,-14.564648,0.000000,12.000000
1.000000,507.878418,507.281494,0.596924,0.000000,-0.575124,0.000000,12.000000
1.000000,507.878418,507.283936,0.594482,0.000000,1.535182,0.000000,12.000000
1.000000,507.878418,507.283936,0.594482,0.000000,0.274040,0.000000,12.000000
1.000000,507.878418,507.283936,0.594482,0.000000,0.020668,0.000000,12.000000
1.000000,507.878418,507.283936,0.594482,0.000000,0.003689,0.000000,12.000000
1.000000,507.878418,507.283936,0.594482,0.000000,0.000278,0.000000,12.000000
1.000000,507.878418,507.283936,0.594482,0.000000,0.000050,0.000000,12.000000
1.000000,507.878418,507.283936,0.594482,0.000000,0.000004,0.000000,12.000000
1.000000,507.878418,507.282715,0.595703,0.000000,0.000001,0.000000,12.000000
1.000000,507.878418,507.282715,0.595703,0.000000,-0.796824,0.000000,12.000000
1.000000,507.878418,507.281494,0.596924,0.000000,-3.852238,0.000000,12.000000
1.000000,507.878418,507.277832,0.600586,0.000000,-4.732727,0.000000,12.000000
1.000000,507.878418,507.275391,0.603027,0.000000,-4.201225,0.000000,12.000000
1.000000,507.878418,507.271729,0.606689,0.000000,-4.015176,0.000000,12.000000
1.000000,507.878418,507.270508,0.607910,0.000000,-2.601761,0.000000,12.000000
1.000000,507.878418,507.270508,0.607910,0.000000,-0.301880,0.000000,12.000000
1.000000,507.878418,507.270508,0.607910,0.000000,-0.053887,0.000000,12.000000
1.000000,507.878418,507.270508,0.607910,0.000000,-0.004064,0.000000,12.000000
1.000000,507.878418,507.269287,0.609131,0.000000,-1.400725,0.000000,12.000000
1.000000,507.878418,507.265625,0.612793,0.000000,-3.803966,0.000000,12.000000
1.000000,507.878418,507.263184,0.615234,0.000000,-3.965007,0.000000,12.000000
1.000000,507.878418,507.263184,0.615234,0.000000,-1.687361,0.000000,12.000000
1.000000,507.878418,507.263184,0.615234,0.000000,-0.301204,0.000000,12.000000
1.000000,507.878418,507.263184,0.615234,0.000000,-0.022717,0.000000,12.000000
1.000000,507.878418,507.263184,0.615234,0.000000,-0.004055,0.000000,12.000000
1.000000,507.878418,507.263184,0.615234,0.000000,-0.000199,0.000000,12.000000
1.000000,507.878418,507.263184,0.615234,0.000000,-0.000055,0.000000,12.000000
1.000000,507.878418,507.260742,0.617676,0.000000,-3.710004,0.000000,12.000000
1.000000,507.878418,507.257080,0.621338,0.000000,-4.216261,0.000000,12.000000
1.000000,507.878418,507.257080,0.621338,0.000000,-1.715093,0.000000,12.000000
1.000000,507.878418,507.257080,0.621338,0.000000,-0.306155,0.000000,12.000000
1.000000,507.878418,507.257080,0.621338,0.000000,-0.023090,0.000000,12.000000
1.000000,507.878418,507.257080,0.621338,0.000000,-0.004122,0.000000,12.000000
1.000000,507.878418,507.257080,0.621338,0.000000,-0.000311,0.000000,12.000000
1.000000,507.878418,507.257080,0.621338,0.000000,-0.000055,0.000000,12.000000
1.000000,507.878418,507.255859,0.622559,0.000000,-0.000004,0.000000,12.000000
1.000000,507.878418,507.253418,0.625000,0.000000,-3.877476,0.000000,12.000000
1.000000,507.878418,507.252197,0.626221,0.000000,-3.990759,0.000000,12.000000
1.000000,507.878418,507.252197,0.626221,0.000000,-0.712376,0.000000,12.000000
1.000000,507.878418,507.252197,0.626221,0.000000,-0.034922,0.000000,12.000000
1.000000,507.878418,507.252197,0.626221,0.000000,-0.009591,0.000000,12.000000
1.000000,507.878418,507.252197,0.626221,0.000000,-0.000723,0.000000,12.000000
1.000000,507.878418,507.252197,0.626221,0.000000,-0.000055,0.000000,12.000000
1.000000,507.878418,507.252197,0.626221,0.000000,-0.000015,0.000000,12.000000
1.000000,507.878418,507.252197,0.626221,0.000000,-0.000001,0.000000,12.000000
1.000000,507.878418,507.252197,0.626221,0.000000,-0.000000,0.000000,12.000000
1.000000,507.878418,507.252197,0.626221,0.000000,-0.000000,0.000000,12.000000
1.000000,507.878418,507.252197,0.626221,0.000000,-0.000000,0.000000,12.000000
1.000000,507.878418,507.252197,0.626221,0.000000,-0.000000,0.000000,12.000000
1.000000,507.878418,507.252197,0.626221,0.000000,-0.000000,0.000000,12.000000
1.000000,507.878418,507.252197,0.626221,0.000000,-0.000000,0.000000,12.000000
1.000000,507.878418,507.252197,0.626221,0.000000,-0.000000,0.000000,12.000000
1.000000,507.878418,507.252197,0.626221,0.000000,-0.000000,0.000000,12.000000
1.000000,507.878418,507.252197,0.626221,0.000000,-0.000000,0.000000,12.000000
1.000000,507.878418,507.252197,0.626221,0.000000,-0.000000,0.000000,12.000000
1.000000,507.878418,507.252197,0.626221,0.000000,-0.000000,0.000000,12.000000
1.000000,507.878418,507.252197,0.626221,0.000000,-0.000000,0.000000,12.000000
1.000000,507.878418,507.252197,0.626221,0.000000,-0.000000,0.000000,12.000000
1.000000,507.878418,507.252197,0.626221,0.000000,-0.000000,0.000000,12.000000
1.000000,507.878418,507.248535,0.629883,0.000000,-3.811500,0.000000,12.000000
1.000000,507.878418,507.246094,0.632324,0.000000,-3.978128,0.000000,12.000000
1.000000,507.878418,507.246094,0.632324,0.000000,-1.686096,0.000000,12.000000
1.000000,507.878418,507.247314,0.631104,0.000000,-0.127163,0.000000,12.000000
1.000000,507.878418,507.247314,0.631104,0.000000,-0.022699,0.000000,12.000000
1.000000,507.878418,507.247314,0.631104,0.000000,-0.001712,0.000000,12.000000
1.000000,507.878418,507.247314,0.631104,0.000000,-0.000306,0.000000,12.000000
1.000000,507.878418,507.247314,0.631104,0.000000,-0.000023,0.000000,12.000000
1.000000,507.878418,507.247314,0.631104,0.000000,-0.000004,0.000000,12.000000
1.000000,507.878418,507.247314,0.631104,0.000000,-0.000000,0.000000,12.000000
1.000000,507.878418,507.247314,0.631104,0.000000,-0.000000,0.000000,12.000000
1.000000,507.878418,507.247314,0.631104,0.000000,-0.000000,0.000000,12.000000
1.000000,507.878418,507.247314,0.631104,0.000000,-0.000000,0.000000,12.000000
1.000000,507.878418,507.247314,0.631104,0.000000,-0.000000,0.000000,12.000000
1.000000,507.878418,507.247314,0.631104,0.000000,-0.000000,0.000000,12.000000
1.000000,507.878418,507.247314,0.631104,0.000000,-0.000000,0.000000,12.000000
1.000000,507.878418,507.247314,0.631104,0.000000,-0.000000,0.000000,12.000000
1.000000,507.878418,507.247314,0.631104,0.000000,-0.000000,0.000000,12.000000
1.000000,507.878418,507.247314,0.631104,0.000000,-0.000000,0.000000,12.000000
1.000000,507.878418,507.247314,0.631104,0.000000,-0.000000,0.000000,12.000000
1.000000,507.878418,507.247314,0.631104,0.000000,-0.000000,0.000000,12.000000
1.000000,507.878418,507.247314,0.631104,0.000000,-0.000000,0.000000,12.000000
1.000000,507.878418,507.247314,0.631104,0.000000,-0.000000,0.000000,12.000000
1.000000,507.878418,507.247314,0.631104,0.000000,-0.000000,0.000000,12.000000
1.000000,507.878418,507.247314,0.631104,0.000000,-0.000000,0.000000,12.000000
1.000000,507.878418,507.247314,0.631104,0.000000,-0.000000,0.000000,12.000000
3.000000,547.247314,507.263184,39.984131,4200.000000,-0.000000,6500.000000,12.000000
3.000000,547.247314,507.504883,39.742432,4200.000000,118.778625,6500.000000,12.000000
3.000000,547.247314,508.464355,38.782959,4200.000000,871.379822,6500.000000,12.000000
3.000000,547.247314,509.561768,37.685547,4200.000000,1253.771484,6500.000000,12.000000
3.000000,547.247314,511.973877,35.273438,4200.000000,2138.893311,6500.000000,12.000000
3.000000,547.247314,513.999023,33.248291,4200.000000,2846.935303,6500.000000,12.000000
3.000000,547.247314,517.890625,29.356689,4200.000000,3655.730225,6500.000000,12.000000
3.000000,547.247314,520.953369,26.293945,4200.000000,4174.187500,-6500.000000,13.000000
3.000000,547.247314,525.800781,21.446533,4200.000000,4799.237793,-6500.000000,13.000000
3.000000,547.247314,528.720703,18.526611,4200.000000,4615.543457,-4825.000000,13.000000
3.000000,547.247314,532.603760,14.643555,4200.000000,3987.647949,6500.000000,13.000000
3.000000,547.247314,535.074463,12.172852,3651.855469,3721.295654,-1909.000000,13.000000
3.000000,547.247314,538.605957,8.641357,2592.407227,3614.729492,-6500.000000,13.000000
3.000000,547.247314,540.329590,6.917725,2075.317383,2953.294189,-6500.000000,13.000000
3.000000,547.247314,542.048340,5.198975,1559.692383,1902.761108,-4119.000000,13.000000
3.000000,547.247314,542.713623,4.533691,1360.107422,1232.189819,6500.000000,13.000000
3.000000,547.247314,543.745117,3.502197,1050.659180,1104.729248,-1297.000000,13.000000
3.000000,547.247314,544.661865,2.585449,775.634766,1290.485107,-6500.000000,13.000000
3.000000,547.247314,545.676270,1.571045,471.313477,1040.579712,-6500.000000,13.000000
3.000000,547.247314,545.913086,1.334229,400.268555,409.478210,2302.000000,13.000000
3.000000,547.247314,545.815430,1.431885,429.565430,-43.662464,6500.000000,13.000000
3.000000,547.247314,546.002197,1.245117,373.535156,65.183212,2481.000000,13.000000
3.000000,547.247314,546.691895,0.555420,0.000000,619.372437,-6500.000000,13.000000
3.000000,547.247314,546.992188,0.255127,0.000000,569.511719,-6500.000000,13.000000
3.000000,547.247314,546.837158,0.410156,0.000000,-3.268845,3133.000000,13.000000
3.000000,547.247314,546.577148,0.670166,0.000000,-337.399841,6500.000000,13.000000
3.000000,547.247314,546.574707,0.672607,0.000000,-91.414833,0.000000,13.000000
3.000000,547.247314,546.740723,0.506592,0.000000,180.872574,-5023.000000,13.000000
3.000000,547.247314,546.805420,0.441895,0.000000,116.621597,-1416.000000,13.000000
3.000000,547.247314,546.694336,0.552979,0.000000,-94.838760,3434.000000,13.000000
3.000000,547.247314,546.542969,0.704346,0.000000,-147.574219,3541.000000,13.000000
3.000000,547.247314,546.539307,0.708008,0.000000,-83.194321,0.000000,13.000000
3.000000,547.247314,546.597900,0.649414,0.000000,51.431507,-1071.000000,13.000000
3.000000,547.247314,546.582031,0.665283,0.000000,-8.671919,0.000000,13.000000
3.000000,547.247314,546.510010,0.737305,0.000000,-68.569016,1624.000000,13.000000
3.000000,547.247314,546.507568,0.739746,0.000000,-43.376961,0.000000,13.000000
3.000000,547.247314,546.558838,0.688477,0.000000,43.894203,-1045.000000,13.000000
3.000000,547.247314,546.560059,0.687256,0.000000,27.879496,0.000000,13.000000
3.000000,547.247314,546.519775,0.727539,0.000000,-38.573189,946.000000,13.000000
3.000000,547.247314,546.516113,0.731201,0.000000,-25.039295,0.000000,13.000000
3.000000,547.247314,546.535645,0.711670,0.000000,13.124392,0.000000,13.000000
3.000000,547.247314,546.546631,0.700684,0.000000,15.094696,0.000000,13.000000
3.000000,547.247314,546.534424,0.712891,0.000000,-9.616272,0.000000,13.000000
3.000000,547.247314,546.524658,0.722656,0.000000,-12.340052,0.000000,13.000000
3.000000,547.247314,546.531982,0.715332,0.000000,-1.830726,0.000000,13.000000
3.000000,547.247314,546.536865,0.710449,0.000000,4.023996,0.000000,13.000000
3.000000,547.247314,546.531982,0.715332,0.000000,-4.663335,0.000000,13.000000
3.000000,547.247314,546.530762,0.716553,0.000000,-2.212580,0.000000,13.000000
3.000000,547.247314,546.530762,0.716553,0.000000,-0.607630,0.000000,13.000000
3.000000,547.247314,546.530762,0.716553,0.000000,-0.045827,0.000000,13.000000
3.000000,547.247314,546.530762,0.716553,0.000000,-0.005317,0.000000,13.000000
3.000000,547.247314,546.530762,0.716553,0.000000,-0.000617,0.000000,13.000000
3.000000,547.247314,546.530762,0.716553,0.000000,-0.000110,0.000000,13.000000
3.000000,547.247314,546.530762,0.716553,0.000000,-0.000008,0.000000,13.000000
3.000000,547.247314,546.530762,0.716553,0.000000,-0.000001,0.000000,13.000000
3.000000,547.247314,546.530762,0.716553,0.000000,-0.000000,0.000000,13.000000
3.000000,547.247314,546.530762,0.716553,0.000000,-0.000000,0.000000,13.000000
3.000000,547.247314,546.529541,0.717773,0.000000,-2.310000,0.000000,13.000000
3.000000,547.247314,546.527100,0.720215,0.000000,-4.608324,0.000000,13.000000
3.000000,547.247314,546.525879,0.721436,0.000000,-2.645879,0.000000,13.000000
3.000000,547.247314,546.525879,0.721436,0.000000,-0.472306,0.000000,13.000000
3.000000,547.247314,546.525879,0.721436,0.000000,-0.023154,0.000000,13.000000
3.000000,547.247314,546.525879,0.721436,0.000000,-0.006359,0.000000,13.000000
3.000000,547.247314,546.525879,0.721436,0.000000,-0.000480,0.000000,13.000000
3.000000,547.247314,546.525879,0.721436,0.000000,-0.000056,0.000000,13.000000
3.000000,547.247314,546.525879,0.721436,0.000000,-0.000006,0.000000,13.000000
3.000000,547.247314,546.525879,0.721436,0.000000,-0.000001,0.000000,13.000000
1.000000,547.247314,546.525879,0.721436,0.000000,-0.000000,0.000000,13.000000
1.000000,547.247314,546.525879,0.721436,0.000000,-0.000000,0.000000,13.000000
1.000000,547.247314,546.524658,0.722656,0.000000,-0.000000,0.000000,13.000000
1.000000,547.247314,546.522217,0.725098,0.000000,-4.787475,0.000000,13.000000
1.000000,547.247314,546.522217,0.725098,0.000000,-1.749391,0.000000,13.000000
1.000000,547.247314,546.522217,0.725098,0.000000,-0.312277,0.000000,13.000000
1.000000,547.247314,546.522217,0.725098,0.000000,-0.023552,0.000000,13.000000
1.000000,547.247314,546.522217,0.725098,0.000000,-0.004204,0.000000,13.000000
1.000000,547.247314,546.522217,0.725098,0.000000,-0.000206,0.000000,13.000000
1.000000,547.247314,546.522217,0.725098,0.000000,-0.000057,0.000000,13.000000
1.000000,547.247314,546.522217,0.725098,0.000000,-0.000004,0.000000,13.000000
1.000000,547.247314,546.522217,0.725098,0.000000,-0.000000,0.000000,13.000000
1.000000,547.247314,546.522217,0.725098,0.000000,-0.000000,0.000000,13.000000
1.000000,547.247314,546.522217,0.725098,0.000000,-0.000000,0.000000,13.000000
1.000000,547.247314,546.522217,0.725098,0.000000,-0.000000,0.000000,13.000000
1.000000,547.247314,546.522217,0.725098,0.000000,-0.000000,0.000000,13.000000
1.000000,547.247314,546.522217,0.725098,0.000000,-0.000000,0.000000,13.000000
1.000000,547.247314,546.522217,0.725098,0.000000,-0.000000,0.000000,13.000000
1.000000,547.247314,546.522217,0.725098,0.000000,-0.000000,0.000000,13.000000
1.000000,547.247314,546.522217,0.725098,0.000000,-0.000000,0.000000,13.000000
1.000000,547.247314,546.522217,0.725098,0.000000,-0.000000,0.000000,13.000000
1.000000,547.247314,546.522217,0.725098,0.000000,-0.000000,0.000000,13.000000
1.000000,547.247314,546.522217,0.725098,0.000000,-0.000000,0.000000,13.000000
1.000000,547.247314,546.522217,0.725098,0.000000,-0.000000,0.000000,13.000000
1.000000,547.247314,546.522217,0.725098,0.000000,-0.000000,0.000000,13.000000
1.000000,547.247314,546.522217,0.725098,0.000000,-0.000000,0.000000,13.000000
1.000000,547.247314,546.522217,0.725098,0.000000,-0.000000,0.000000,13.000000
1.000000,547.247314,546.522217,0.725098,0.000000,-0.000000,0.000000,13.000000
1.000000,547.247314,546.522217,0.725098,0.000000,-0.000000,0.000000,13.000000
1.000000,547.247314,546.522217,0.725098,0.000000,-0.000000,0.000000,13.000000
1.000000,547.247314,546.522217,0.725098,0.000000,-0.000000,0.000000,13.000000
1.000000,547.247314,546.522217,0.725098,0.000000,-0.000000,0.000000,13.000000
1.000000,547.247314,546.519775,0.727539,0.000000,-1.400000,0.000000,13.000000
1.000000,547.247314,546.517334,0.729980,0.000000,-3.966352,0.000000,13.000000
1.000000,547.247314,546.517334,0.729980,0.000000,-1.092494,0.000000,13.000000
1.000000,547.247314,546.517334,0.729980,0.000000,-0.082395,0.000000,13.000000
1.000000,547.247314,546.517334,0.729980,0.000000,-0.014708,0.000000,13.000000
1.000000,547.247314,546.517334,0.729980,0.000000,-0.001109,0.000000,13.000000
1.000000,547.247314,546.517334,0.729980,0.000000,-0.000198,0.000000,13.000000
1.000000,547.247314,546.517334,0.729980,0.000000,-0.000010,0.000000,13.000000
1.000000,547.247314,546.517334,0.729980,0.000000,-0.000003,0.000000,13.000000
1.000000,547.247314,546.517334,0.729980,0.000000,-0.000000,0.000000,13.000000
1.000000,547.247314,546.517334,0.729980,0.000000,-0.000000,0.000000,13.000000
1.000000,547.247314,546.517334,0.729980,0.000000,-0.000000,0.000000,13.000000
1.000000,547.247314,546.517334,0.729980,0.000000,-0.000000,0.000000,13.000000
1.000000,547.247314,546.517334,0.729980,0.000000,-0.000000,0.000000,13.000000
1.000000,547.247314,546.517334,0.729980,0.000000,-0.000000,0.000000,13.000000
1.000000,547.247314,546.517334,0.729980,0.000000,-0.000000,0.000000,13.000000
1.000000,547.247314,546.517334,0.729980,0.000000,-0.000000,0.000000,13.000000
1.000000,547.247314,546.517334,0.729980,0.000000,-0.000000,0.000000,13.000000
1.000000,547.247314,546.517334,0.729980,0.000000,-0.000000,0.000000,13.000000
1.000000,547.247314,546.517334,0.729980,0.000000,-0.000000,0.000000,13.000000
1.000000,547.247314,546.517334,0.729980,0.000000,-0.000000,0.000000,13.000000
1.000000,547.247314,546.517334,0.729980,0.000000,-0.000000,0.000000,13.000000
1.000000,547.247314,546.517334,0.729980,0.000000,-0.000000,0.000000,13.000000
1.000000,547.247314,546.517334,0.729980,0.000000,-0.000000,0.000000,13.000000
1.000000,547.247314,546.517334,0.729980,0.000000,-0.000000,0.000000,13.000000
1.000000,547.247314,546.517334,0.729980,0.000000,-0.000000,0.000000,13.000000
1.000000,547.247314,546.517334,0.729980,0.000000,-0.000000,0.000000,13.000000
1.000000,547.247314,546.517334,0.729980,0.000000,-0.000000,0.000000,13.000000
1.000000,547.247314,546.517334,0.729980,0.000000,-0.000000,0.000000,13.000000
1.000000,547.247314,546.517334,0.729980,0.000000,-0.000000,0.000000,13.000000
1.000000,547.247314,546.517334,0.729980,0.000000,-0.000000,0.000000,13.000000
1.000000,547.247314,546.517334,0.729980,0.000000,-0.000000,0.000000,13.000000
1.000000,547.247314,546.517334,0.729980,0.000000,-0.000000,0.000000,13.000000
1.000000,547.247314,546.517334,0.729980,0.000000,-0.000000,0.000000,13.000000
1.000000,547.247314,546.517334,0.729980,0.000000,-0.000000,0.000000,13.000000
1.000000,547.247314,546.517334,0.729980,0.000000,-0.000000,0.000000,13.000000
1.000000,547.247314,546.517334,0.729980,0.000000,-0.000000,0.000000,13.000000
1.000000,547.247314,546.517334,0.729980,0.000000,-0.000000,0.000000,13.000000
1.000000,547.247314,546.517334,0.729980,0.000000,-0.000000,0.000000,13.000000
1.000000,547.247314,546.517334,0.729980,0.000000,-0.000000,0.000000,13.000000
1.000000,547.247314,546.517334,0.729980,0.000000,-0.000000,0.000000,13.000000
1.000000,547.247314,546.517334,0.729980,0.000000,-0.000000,0.000000,13.000000
1.000000,547.247314,546.517334,0.729980,0.000000,-0.000000,0.000000,13.000000
1.000000,547.247314,546.517334,0.729980,0.000000,-0.000000,0.000000,13.000000
1.000000,547.247314,546.517334,0.729980,0.000000,-0.000000,0.000000,13.000000
1.000000,547.247314,546.517334,0.729980,0.000000,-0.000000,0.000000,13.000000
1.000000,547.247314,546.517334,0.729980,0.000000,-0.000000,0.000000,13.000000
1.000000,547.247314,546.517334,0.729980,0.000000,-0.000000,0.000000,13.000000
1.000000,547.247314,546.517334,0.729980,0.000000,-0.000000,0.000000,13.000000
1.000000,547.247314,546.517334,0.729980,0.000000,-0.000000,0.000000,13.000000
1.000000,547.247314,546.517334,0.729980,0.000000,-0.000000,0.000000,13.000000
1.000000,547.247314,546.517334,0.729980,0.000000,-0.000000,0.000000,13.000000
1.000000,547.247314,546.517334,0.729980,0.000000,-0.000000,0.000000,13.000000
1.000000,547.247314,546.517334,0.729980,0.000000,-0.000000,0.000000,13.000000
1.000000,547.247314,546.517334,0.729980,0.000000,-0.000000,0.000000,13.000000
1.000000,547.247314,546.517334,0.729980,0.000000,-0.000000,0.000000,13.000000
1.000000,547.247314,546.517334,0.729980,0.000000,-0.000000,0.000000,13.000000
1.000000,547.247314,546.517334,0.729980,0.000000,-0.000000,0.000000,13.000000
1.000000,547.247314,546.517334,0.729980,0.000000,-0.000000,0.000000,13.000000
1.000000,547.247314,546.517334,0.729980,0.000000,-0.000000,0.000000,13.000000
1.000000,547.247314,546.517334,0.729980,0.000000,-0.000000,0.000000,13.000000
1.000000,547.247314,546.517334,0.729980,0.000000,-0.000000,0.000000,13.000000
1.000000,547.247314,546.517334,0.729980,0.000000,-0.000000,0.000000,13.000000
1.000000,547.247314,546.517334,0.729980,0.000000,-0.000000,0.000000,13.000000
1.000000,547.247314,546.517334,0.729980,0.000000,-0.000000,0.000000,13.000000
1.000000,547.247314,546.517334,0.729980,0.000000,-0.000000,0.000000,13.000000
1.000000,547.247314,546.517334,0.729980,0.000000,-0.000000,0.000000,13.000000
1.000000,547.247314,546.517334,0.729980,0.000000,-0.000000,0.000000,13.000000
1.000000,547.247314,546.517334,0.729980,0.000000,-0.000000,0.000000,13.000000
1.000000,547.247314,546.517334,0.729980,0.000000,-0.000000,0.000000,13.000000
1.000000,547.247314,546.517334,0.729980,0.000000,-0.000000,0.000000,13.000000
1.000000,547.247314,546.517334,0.729980,0.000000,-0.000000,0.000000,13.000000
1.000000,547.247314,546.517334,0.729980,0.000000,-0.000000,0.000000,13.000000
1.000000,547.247314,546.517334,0.729980,0.000000,-0.000000,0.000000,13.000000
1.000000,547.247314,546.517334,0.729980,0.000000,-0.000000,0.000000,13.000000
1.000000,547.247314,546.517334,0.729980,0.000000,-0.000000,0.000000,13.000000
1.000000,547.247314,546.517334,0.729980,0.000000,-0.000000,0.000000,13.000000
1.000000,547.247314,546.517334,0.729980,0.000000,-0.000000,0.000000,13.000000
1.000000,547.247314,546.517334,0.729980,0.000000,-0.000000,0.000000,13.000000
1.000000,547.247314,546.517334,0.729980,0.000000,-0.000000,0.000000,13.000000
1.000000,547.247314,546.517334,0.729980,0.000000,-0.000000,0.000000,13.000000
1.000000,547.247314,546.517334,0.729980,0.000000,-0.000000,0.000000,13.000000
1.000000,547.247314,546.517334,0.729980,0.000000,-0.000000,0.000000,13.000000
1.000000,547.247314,546.517334,0.729980,0.000000,-0.000000,0.000000,13.000000
1.000000,547.247314,546.517334,0.729980,0.000000,-0.000000,0.000000,13.000000
1.000000,547.247314,546.517334,0.729980,0.000000,-0.000000,0.000000,13.000000
1.000000,547.247314,546.517334,0.729980,0.000000,-0.000000,0.000000,13.000000
1.000000,547.247314,546.517334,0.729980,0.000000,-0.000000,0.000000,13.000000
1.000000,547.247314,546.517334,0.729980,0.000000,-0.000000,0.000000,13.000000
1.000000,547.247314,546.517334,0.729980,0.000000,-0.000000,0.000000,13.000000
1.000000,547.247314,546.517334,0.729980,0.000000,-0.000000,0.000000,13.000000
1.000000,547.247314,546.517334,0.729980,0.000000,-0.000000,0.000000,13.000000
1.000000,547.247314,546.517334,0.729980,0.000000,-0.000000,0.000000,13.000000
1.000000,547.247314,546.517334,0.729980,0.000000,-0.000000,0.000000,13.000000
1.000000,547.247314,546.517334,0.729980,0.000000,-0.000000,0.000000,13.000000
1.000000,547.247314,546.517334,0.729980,0.000000,-0.000000,0.000000,13.000000
1.000000,547.247314,546.517334,0.729980,0.000000,-0.000000,0.000000,13.000000
1.000000,547.247314,546.517334,0.729980,0.000000,-0.000000,0.000000,13.000000
1.000000,547.247314,546.517334,0.729980,0.000000,-0.000000,0.000000,13.000000
1.000000,547.247314,546.517334,0.729980,0.000000,-0.000000,0.000000,13.000000
1.000000,547.247314,546.517334,0.729980,0.000000,-0.000000,0.000000,13.000000
1.000000,547.247314,546.517334,0.729980,0.000000,-0.000000,0.000000,13.000000
1.000000,547.247314,546.517334,0.729980,0.000000,-0.000000,0.000000,13.000000
1.000000,547.247314,546.517334,0.729980,0.000000,-0.000000,0.000000,13.000000
1.000000,547.247314,546.517334,0.729980,0.000000,-0.000000,0.000000,13.000000
1.000000,547.247314,546.517334,0.729980,0.000000,-0.000000,0.000000,13.000000
1.000000,547.247314,546.517334,0.729980,0.000000,-0.000000,0.000000,13.000000
1.000000,547.247314,546.517334,0.729980,0.000000,-0.000000,0.000000,13.000000
1.000000,547.247314,546.517334,0.729980,0.000000,-0.000000,0.000000,13.000000
1.000000,547.247314,546.517334,0.729980,0.000000,-0.000000,0.000000,13.000000
1.000000,547.247314,546.517334,0.729980,0.000000,-0.000000,0.000000,13.000000
1.000000,547.247314,546.517334,0.729980,0.000000,-0.000000,0.000000,13.000000
1.000000,547.247314,546.517334,0.729980,0.000000,-0.000000,0.000000,13.000000
1.000000,547.247314,546.517334,0.729980,0.000000,-0.000000,0.000000,13.000000
3.000000,586.517334,546.517334,40.000000,4200.000000,-0.000000,0.000000,13.000000
3.000000,586.517334,546.530762,39.986572,4200.000000,-0.000000,6500.000000,13.000000
3.000000,586.517334,546.990967,39.526367,4200.000000,327.199646,6500.000000,13.000000
3.000000,586.517334,547.736816,38.780518,4200.000000,967.247314,6500.000000,13.000000
3.000000,586.517334,549.486084,37.031250,4200.000000,1611.366943,6500.000000,13.000000
3.000000,586.517334,551.130371,35.386963,4200.000000,2183.378174,6500.000000,13.000000
3.000000,586.517334,554.390869,32.126465,4200.000000,3053.853271,6500.000000,13.000000
3.000000,586.517334,557.065430,29.451904,4200.000000,3646.842041,5958.000000,13.000000
3.000000,586.517334,561.739502,24.777832,4200.000000,4532.042969,-6500.000000,14.000000
3.000000,586.517334,564.893799,21.623535,4200.000000,4757.001465,-6500.000000,14.000000
3.000000,586.517334,569.190674,17.326660,4200.000000,4368.851074,-1558.000000,14.000000
3.000000,586.517334,571.638184,14.879150,4200.000000,3917.743408,6500.000000,14.000000
3.000000,586.517334,575.394287,11.123047,3336.914063,3737.750244,-6500.000000,14.000000
3.000000,586.517334,577.913818,8.603516,2581.054688,3854.893799,-6500.000000,14.000000
3.000000,586.517334,581.137695,5.379639,1613.891602,2811.769287,-6500.000000,14.000000
3.000000,586.517334,582.468262,4.049072,1214.721680,2384.521973,-6500.000000,14.000000
3.000000,586.517334,583.560791,2.956543,886.962891,1397.186157,-6500.000000,14.000000
3.000000,586.517334,583.952637,2.564697,769.409180,608.727417,6390.000000,14.000000
3.000000,586.517334,584.261475,2.255859,676.757813,386.289978,6500.000000,14.000000
3.000000,586.517334,584.890137,1.627197,488.159180,580.405029,-6500.000000,14.000000
3.000000,586.517334,585.629883,0.887451,266.235352,767.760315,-6500.000000,14.000000
3.000000,586.517334,585.766602,0.750732,0.000000,469.265503,-5710.000000,14.000000
3.000000,586.517334,585.458984,1.058350,317.504883,-219.773071,6500.000000,14.000000
3.000000,586.517334,585.426025,1.091309,327.392578,-222.920670,6500.000000,14.000000
3.000000,586.517334,585.952148,0.565186,0.000000,397.203430,-6500.000000,14.000000
3.000000,586.517334,586.293945,0.223389,0.000000,560.685974,-6500.000000,14.000000
3.000000,586.517334,586.177979,0.339355,0.000000,66.570366,1456.000000,14.000000
3.000000,586.517334,585.875244,0.642090,0.000000,-360.613434,6500.000000,14.000000
3.000000,586.517334,585.787354,0.729980,0.000000,-115.852943,2780.000000,14.000000
3.000000,586.517334,586.005859,0.511475,0.000000,153.451141,-6212.000000,14.000000
3.000000,586.517334,586.203613,0.313721,0.000000,266.729767,-5168.000000,14.000000
3.000000,586.517334,586.005859,0.511475,0.000000,-154.289124,5397.000000,14.000000
3.000000,586.517334,585.740967,0.776367,0.000000,-301.979034,6500.000000,14.000000
3.000000,586.517334,585.844727,0.672607,0.000000,-71.267807,-2333.000000,14.000000
3.000000,586.517334,586.130371,0.386963,0.000000,258.611542,-6277.000000,14.000000
3.000000,586.517334,586.126709,0.390625,0.000000,179.002731,0.000000,14.000000
3.000000,586.517334,585.882568,0.634766,0.000000,-228.807800,6123.000000,14.000000
3.000000,586.517334,585.745850,0.771484,0.000000,-249.401093,3696.000000,14.000000
3.000000,586.517334,585.975342,0.541992,0.000000,139.152802,-4531.000000,14.000000
3.000000,586.517334,586.121826,0.395508,0.000000,238.540771,-5210.000000,14.000000
3.000000,586.517334,586.013184,0.504150,0.000000,-2.457024,1735.000000,14.000000
3.000000,586.517334,585.842285,0.675049,0.000000,-204.547836,5674.000000,14.000000
3.000000,586.517334,585.778809,0.738525,0.000000,-153.414154,2334.000000,14.000000
3.000000,586.517334,585.957031,0.560303,0.000000,133.383591,-3920.000000,14.000000
3.000000,586.517334,586.060791,0.456543,0.000000,179.952805,-3794.000000,14.000000
3.000000,586.517334,586.044922,0.472412,0.000000,6.841526,0.000000,14.000000
3.000000,586.517334,585.974121,0.543213,0.000000,-75.968147,2464.000000,14.000000
3.000000,586.517334,585.837402,0.679932,0.000000,-132.045731,3202.000000,14.000000
3.000000,586.517334,585.782471,0.734863,0.000000,-111.133591,2170.000000,14.000000
3.000000,586.517334,585.841064,0.676270,0.000000,22.228930,-1077.000000,14.000000
3.000000,586.517334,585.887451,0.629883,0.000000,72.088455,-1447.000000,14.000000
3.000000,586.517334,585.869141,0.648193,0.000000,7.991495,0.000000,14.000000
3.000000,586.517334,585.819092,0.698242,0.000000,-56.288292,1693.000000,14.000000
3.000000,586.517334,585.765381,0.751953,0.000000,-63.930172,1434.000000,14.000000
3.000000,586.517334,585.769043,0.748291,0.000000,-29.595486,0.000000,14.000000
3.000000,586.517334,585.795898,0.721436,0.000000,18.917320,0.000000,14.000000
3.000000,586.517334,585.809326,0.708008,0.000000,21.538229,0.000000,14.000000
3.000000,586.517334,585.822754,0.694580,0.000000,14.568525,0.000000,14.000000
3.000000,586.517334,585.819092,0.698242,0.000000,0.295385,0.000000,14.000000
3.000000,586.517334,585.811768,0.705566,0.000000,-8.528998,0.000000,14.000000
3.000000,586.517334,585.808105,0.709229,0.000000,-8.145276,0.000000,14.000000
3.000000,586.517334,585.809326,0.708008,0.000000,-2.002632,0.000000,14.000000
3.000000,586.517334,585.809326,0.708008,0.000000,-0.044932,0.000000,14.000000
3.000000,586.517334,585.809326,0.708008,0.000000,-0.005213,0.000000,14.000000
3.000000,586.517334,585.809326,0.708008,0.000000,-0.000931,0.000000,14.000000
3.000000,586.517334,585.809326,0.708008,0.000000,-0.000070,0.000000,14.000000
3.000000,586.517334,585.809326,0.708008,0.000000,-0.000013,0.000000,14.000000
3.000000,586.517334,585.808105,0.709229,0.000000,-2.310001,0.000000,14.000000
3.000000,586.517334,585.805664,0.711670,0.000000,-1.812350,0.000000,14.000000
3.000000,586.517334,585.802002,0.715332,0.000000,-3.997450,0.000000,14.000000
3.000000,586.517334,585.799561,0.717773,0.000000,-3.999545,0.000000,14.000000
3.000000,586.517334,585.795898,0.721436,0.000000,-3.999966,0.000000,14.000000
3.000000,586.517334,585.792236,0.725098,0.000000,-5.399994,0.000000,14.000000
3.000000,586.517334,585.783691,0.733643,0.000000,-8.922542,0.000000,14.000000
3.000000,586.517334,585.777588,0.739746,0.000000,-11.020978,0.000000,14.000000
3.000000,586.517334,585.759277,0.758057,0.000000,-17.823441,0.000000,14.000000
3.000000,586.517334,585.744629,0.772705,0.000000,-22.106897,0.000000,14.000000
3.000000,586.517334,585.731201,0.786133,0.000000,-20.962402,0.000000,14.000000
3.000000,586.517334,585.736084,0.781250,0.000000,-0.024745,0.000000,14.000000
1.000000,586.517334,585.740967,0.776367,0.000000,3.159683,0.000000,14.000000
1.000000,586.517334,585.739746,0.777588,0.000000,-0.835977,0.000000,14.000000
1.000000,586.517334,585.737305,0.780029,0.000000,-2.561544,0.000000,14.000000
1.000000,586.517334,585.737305,0.780029,0.000000,-0.457252,0.000000,14.000000
1.000000,586.517334,585.737305,0.780029,0.000000,-0.034485,0.000000,14.000000
1.000000,586.517334,585.737305,0.780029,0.000000,-0.006156,0.000000,14.000000
1.000000,586.517334,585.737305,0.780029,0.000000,-0.000714,0.000000,14.000000
1.000000,586.517334,585.737305,0.780029,0.000000,-0.000054,0.000000,14.000000
1.000000,586.517334,585.737305,0.780029,0.000000,-0.000010,0.000000,14.000000
1.000000,586.517334,585.737305,0.780029,0.000000,-0.000001,0.000000,14.000000
1.000000,586.517334,585.737305,0.780029,0.000000,-0.000000,0.000000,14.000000
1.000000,586.517334,585.737305,0.780029,0.000000,-0.000000,0.000000,14.000000
1.000000,586.517334,585.737305,0.780029,0.000000,-0.000000,0.000000,14.000000
1.000000,586.517334,585.737305,0.780029,0.000000,-0.000000,0.000000,14.000000
1.000000,586.517334,585.737305,0.780029,0.000000,-0.000000,0.000000,14.000000
1.000000,586.517334,585.737305,0.780029,0.000000,-0.000000,0.000000,14.000000
1.000000,586.517334,585.737305,0.780029,0.000000,-0.000000,0.000000,14.000000
1.000000,586.517334,585.737305,0.780029,0.000000,-0.000000,0.000000,14.000000
1.000000,586.517334,585.737305,0.780029,0.000000,-0.000000,0.000000,14.000000
1.000000,586.517334,585.737305,0.780029,0.000000,-0.000000,0.000000,14.000000
1.000000,586.517334,585.737305,0.780029,0.000000,-0.000000,0.000000,14.000000
1.000000,586.517334,585.737305,0.780029,0.000000,-0.000000,0.000000,14.000000
1.000000,586.517334,585.737305,0.780029,0.000000,-0.000000,0.000000,14.000000
1.000000,586.517334,585.737305,0.780029,0.000000,-0.000000,0.000000,14.000000
1.000000,586.517334,585.737305,0.780029,0.000000,-0.000000,0.000000,14.000000
1.000000,586.517334,585.737305,0.780029,0.000000,-0.000000,0.000000,14.000000
1.000000,586.517334,585.737305,0.780029,0.000000,-0.000000,0.000000,14.000000
1.000000,586.517334,585.737305,0.780029,0.000000,-0.000000,0.000000,14.000000
1.000000,586.517334,585.737305,0.780029,0.000000,-0.000000,0.000000,14.000000
1.000000,586.517334,585.737305,0.780029,0.000000,-0.000000,0.000000,14.000000
1.000000,586.517334,585.737305,0.780029,0.000000,-0.000000,0.000000,14.000000
1.000000,586.517334,585.737305,0.780029,0.000000,-0.000000,0.000000,14.000000
1.000000,586.517334,585.737305,0.780029,0.000000,-0.000000,0.000000,14.000000
1.000000,586.517334,585.737305,0.780029,0.000000,-0.000000,0.000000,14.000000
1.000000,586.517334,585.737305,0.780029,0.000000,-0.000000,0.000000,14.000000
1.000000,586.517334,585.737305,0.780029,0.000000,-0.000000,0.000000,14.000000
1.000000,586.517334,585.737305,0.780029,0.000000,-0.000000,0.000000,14.000000
1.000000,586.517334,585.737305,0.780029,0.000000,-0.000000,0.000000,14.000000
1.000000,586.517334,585.737305,0.780029,0.000000,-0.000000,0.000000,14.000000
1.000000,586.517334,585.737305,0.780029,0.000000,-0.000000,0.000000,14.000000
1.000000,586.517334,585.737305,0.780029,0.000000,-0.000000,0.000000,14.000000
1.000000,586.517334,585.737305,0.780029,0.000000,-0.000000,0.000000,14.000000
1.000000,586.517334,585.737305,0.780029,0.000000,-0.000000,0.000000,14.000000
1.000000,586.517334,585.737305,0.780029,0.000000,-0.000000,0.000000,14.000000
1.000000,586.517334,585.737305,0.780029,0.000000,-0.000000,0.000000,14.000000
1.000000,586.517334,585.737305,0.780029,0.000000,-0.000000,0.000000,14.000000
1.000000,586.517334,585.737305,0.780029,0.000000,-0.000000,0.000000,14.000000
1.000000,586.517334,585.737305,0.780029,0.000000,-0.000000,0.000000,14.000000
1.000000,586.517334,585.737305,0.780029,0.000000,-0.000000,0.000000,14.000000
1.000000,586.517334,585.737305,0.780029,0.000000,-0.000000,0.000000,14.000000
1.000000,586.517334,585.737305,0.780029,0.000000,-0.000000,0.000000,14.000000
1.000000,586.517334,585.737305,0.780029,0.000000,-0.000000,0.000000,14.000000
1.000000,586.517334,585.737305,0.780029,0.000000,-0.000000,0.000000,14.000000
1.000000,586.517334,585.737305,0.780029,0.000000,-0.000000,0.000000,14.000000
1.000000,586.517334,585.737305,0.780029,0.000000,-0.000000,0.000000,14.000000
1.000000,586.517334,585.737305,0.780029,0.000000,-0.000000,0.000000,14.000000
1.000000,586.517334,585.737305,0.780029,0.000000,-0.000000,0.000000,14.000000
1.000000,586.517334,585.737305,0.780029,0.000000,-0.000000,0.000000,14.000000
1.000000,586.517334,585.737305,0.780029,0.000000,-0.000000,0.000000,14.000000
1.000000,586.517334,585.737305,0.780029,0.000000,-0.000000,0.000000,14.000000
1.000000,586.517334,585.737305,0.780029,0.000000,-0.000000,0.000000,14.000000
1.000000,586.517334,585.737305,0.780029,0.000000,-0.000000,0.000000,14.000000
1.000000,586.517334,585.737305,0.780029,0.000000,-0.000000,0.000000,14.000000
1.000000,586.517334,585.737305,0.780029,0.000000,-0.000000,0.000000,14.000000
1.000000,586.517334,585.737305,0.780029,0.000000,-0.000000,0.000000,14.000000
1.000000,586.517334,585.737305,0.780029,0.000000,-0.000000,0.000000,14.000000
1.000000,586.517334,585.737305,0.780029,0.000000,-0.000000,0.000000,14.000000
1.000000,586.517334,585.737305,0.780029,0.000000,-0.000000,0.000000,14.000000
1.000000,586.517334,585.737305,0.780029,0.000000,-0.000000,0.000000,14.000000
1.000000,586.517334,585.737305,0.780029,0.000000,-0.000000,0.000000,14.000000
1.000000,586.517334,585.737305,0.780029,0.000000,-0.000000,0.000000,14.000000
1.000000,586.517334,585.737305,0.780029,0.000000,-0.000000,0.000000,14.000000
1.000000,586.517334,585.737305,0.780029,0.000000,-0.000000,0.000000,14.000000
1.000000,586.517334,585.737305,0.780029,0.000000,-0.000000,0.000000,14.000000
1.000000,586.517334,585.737305,0.780029,0.000000,-0.000000,0.000000,14.000000
1.000000,586.517334,585.737305,0.780029,0.000000,-0.000000,0.000000,14.000000
1.000000,586.517334,585.737305,0.780029,0.000000,-0.000000,0.000000,14.000000
1.000000,586.517334,585.737305,0.780029,0.000000,-0.000000,0.000000,14.000000
1.000000,586.517334,585.737305,0.780029,0.000000,-0.000000,0.000000,14.000000
1.000000,586.517334,585.737305,0.780029,0.000000,-0.000000,0.000000,14.000000
1.000000,586.517334,585.737305,0.780029,0.000000,-0.000000,0.000000,14.000000
1.000000,586.517334,585.737305,0.780029,0.000000,-0.000000,0.000000,14.000000
1.000000,586.517334,585.737305,0.780029,0.000000,-0.000000,0.000000,14.000000
1.000000,586.517334,585.737305,0.780029,0.000000,-0.000000,0.000000,14.000000
1.000000,586.517334,585.737305,0.780029,0.000000,-0.000000,0.000000,14.000000
1.000000,586.517334,585.737305,0.780029,0.000000,-0.000000,0.000000,14.000000
1.000000,586.517334,585.737305,0.780029,0.000000,-0.000000,0.000000,14.000000
1.000000,586.517334,585.737305,0.780029,0.000000,-0.000000,0.000000,14.000000
1.000000,586.517334,585.737305,0.780029,0.000000,-0.000000,0.000000,14.000000
1.000000,586.517334,585.737305,0.780029,0.000000,-0.000000,0.000000,14.000000
1.000000,586.517334,585.737305,0.780029,0.000000,-0.000000,0.000000,14.000000
1.000000,586.517334,585.737305,0.780029,0.000000,-0.000000,0.000000,14.000000
1.000000,586.517334,585.737305,0.780029,0.000000,-0.000000,0.000000,14.000000
1.000000,586.517334,585.737305,0.780029,0.000000,-0.000000,0.000000,14.000000
1.000000,586.517334,585.737305,0.780029,0.000000,-0.000000,0.000000,14.000000
1.000000,586.517334,585.737305,0.780029,0.000000,-0.000000,0.000000,14.000000
1.000000,586.517334,585.737305,0.780029,0.000000,-0.000000,0.000000,14.000000
1.000000,586.517334,585.737305,0.780029,0.000000,-0.000000,0.000000,14.000000
1.000000,586.517334,585.737305,0.780029,0.000000,-0.000000,0.000000,14.000000
1.000000,586.517334,585.737305,0.780029,0.000000,-0.000000,0.000000,14.000000
1.000000,586.517334,585.737305,0.780029,0.000000,-0.000000,0.000000,14.000000
1.000000,586.517334,585.737305,0.780029,0.000000,-0.000000,0.000000,14.000000
1.000000,586.517334,585.737305,0.780029,0.000000,-0.000000,0.000000,14.000000
1.000000,586.517334,585.737305,0.780029,0.000000,-0.000000,0.000000,14.000000
1.000000,586.517334,585.737305,0.780029,0.000000,-0.000000,0.000000,14.000000
1.000000,586.517334,585.737305,0.780029,0.000000,-0.000000,0.000000,14.000000
1.000000,586.517334,585.737305,0.780029,0.000000,-0.000000,0.000000,14.000000
1.000000,586.517334,585.737305,0.780029,0.000000,-0.000000,0.000000,14.000000
1.000000,586.517334,585.737305,0.780029,0.000000,-0.000000,0.000000,14.000000
1.000000,586.517334,585.737305,0.780029,0.000000,-0.000000,0.000000,14.000000
1.000000,586.517334,585.737305,0.780029,0.000000,-0.000000,0.000000,14.000000
1.000000,586.517334,585.737305,0.780029,0.000000,-0.000000,0.000000,14.000000
1.000000,586.517334,585.737305,0.780029,0.000000,-0.000000,0.000000,14.000000
1.000000,586.517334,585.737305,0.780029,0.000000,-0.000000,0.000000,14.000000
1.000000,586.517334,585.737305,0.780029,0.000000,-0.000000,0.000000,14.000000
1.000000,586.517334,585.737305,0.780029,0.000000,-0.000000,0.000000,14.000000
1.000000,586.517334,585.737305,0.780029,0.000000,-0.000000,0.000000,14.000000
1.000000,586.517334,585.737305,0.780029,0.000000,-0.000000,0.000000,14.000000
1.000000,586.517334,585.737305,0.780029,0.000000,-0.000000,0.000000,14.000000
1.000000,586.517334,585.737305,0.780029,0.000000,-0.000000,0.000000,14.000000
1.000000,586.517334,585.737305,0.780029,0.000000,-0.000000,0.000000,14.000000
1.000000,586.517334,585.737305,0.780029,0.000000,-0.000000,0.000000,14.000000
1.000000,586.517334,585.737305,0.780029,0.000000,-0.000000,0.000000,14.000000
1.000000,586.517334,585.737305,0.780029,0.000000,-0.000000,0.000000,14.000000
1.000000,586.517334,585.737305,0.780029,0.000000,-0.000000,0.000000,14.000000
1.000000,586.517334,585.737305,0.780029,0.000000,-0.000000,0.000000,14.000000
1.000000,586.517334,585.737305,0.780029,0.000000,-0.000000,0.000000,14.000000
1.000000,586.517334,585.737305,0.780029,0.000000,-0.000000,0.000000,14.000000
1.000000,586.517334,585.737305,0.780029,0.000000,-0.000000,0.000000,14.000000
1.000000,586.517334,585.737305,0.780029,0.000000,-0.000000,0.000000,14.000000
1.000000,586.517334,585.737305,0.780029,0.000000,-0.000000,0.000000,14.000000
1.000000,586.517334,585.737305,0.780029,0.000000,-0.000000,0.000000,14.000000
1.000000,586.517334,585.737305,0.780029,0.000000,-0.000000,0.000000,14.000000
1.000000,586.517334,585.737305,0.780029,0.000000,-0.000000,0.000000,14.000000
1.000000,586.517334,585.737305,0.780029,0.000000,-0.000000,0.000000,14.000000
1.000000,586.517334,585.737305,0.780029,0.000000,-0.000000,0.000000,14.000000
1.000000,586.517334,585.737305,0.780029,0.000000,-0.000000,0.000000,14.000000
1.000000,586.517334,585.737305,0.780029,0.000000,-0.000000,0.000000,14.000000
3.000000,625.737305,585.737305,40.000000,4200.000000,-0.000000,6500.000000,14.000000
3.000000,625.737305,585.815430,39.921875,4200.000000,17.850000,6500.000000,14.000000
3.000000,625.737305,586.527100,39.210205,4200.000000,554.767456,6500.000000,14.000000
3.000000,625.737305,587.427979,38.309326,4200.000000,1043.242920,6500.000000,14.000000
3.000000,625.737305,589.514160,36.223145,4200.000000,1870.892822,6500.000000,14.000000
3.000000,625.737305,591.386719,34.350586,4200.000000,2430.703125,6500.000000,14.000000
3.000000,625.737305,594.902344,30.834961,4200.000000,3290.699707,6500.000000,14.000000
3.000000,625.737305,597.802734,27.934570,4200.000000,3885.026611,951.000000,14.000000
3.000000,625.737305,603.435059,22.302246,4200.000000,4797.724121,-6500.000000,15.000000
3.000000,625.737305,605.808105,19.929199,4200.000000,4820.415039,-6500.000000,15.000000
3.000000,625.737305,609.924316,15.812988,4200.000000,4298.221680,1239.000000,15.000000
3.000000,625.737305,612.374268,13.363037,4008.911133,3743.682617,6500.000000,15.000000
3.000000,625.737305,616.645508,9.091797,2727.539063,3741.457275,-6500.000000,15.000000
3.000000,625.737305,618.211670,7.525635,2257.690430,3500.212158,-6500.000000,15.000000
3.000000,625.737305,620.865479,4.871826,1461.547852,2512.897461,-6500.000000,15.000000
3.000000,625.737305,621.781006,3.956299,1186.889648,1916.652832,-6500.000000,15.000000
3.000000,625.737305,622.440186,3.297119,989.135742,880.033508,6356.000000,15.000000
3.000000,625.737305,622.742920,2.994385,898.315430,469.082123,6500.000000,15.000000
3.000000,625.737305,623.641357,2.095947,628.784180,745.028931,-5973.000000,15.000000
3.000000,625.737305,624.035645,1.701660,510.498047,1017.884521,-6500.000000,15.000000
3.000000,625.737305,624.897461,0.839844,251.953125,709.856445,-6500.000000,15.000000
3.000000,625.737305,624.820557,0.916748,275.024414,250.182343,6500.000000,15.000000
3.000000,625.737305,624.648438,1.088867,326.660156,-160.466400,6500.000000,15.000000
3.000000,625.737305,624.899902,0.837402,251.220703,56.138657,-1128.000000,15.000000
3.000000,625.737305,625.524902,0.212402,0.000000,566.894470,-6500.000000,15.000000
3.000000,625.737305,625.684814,0.052490,0.000000,387.633423,-6500.000000,15.000000
3.000000,625.737305,625.328369,0.408936,0.000000,-175.845184,6500.000000,15.000000
3.000000,625.737305,625.092773,0.644531,0.000000,-420.350464,6500.000000,15.000000
3.000000,625.737305,625.128174,0.609131,0.000000,-66.624222,0.000000,15.000000
3.000000,625.737305,625.428467,0.308838,0.000000,286.400543,-6500.000000,15.000000
3.000000,625.737305,625.574951,0.162354,0.000000,305.504364,-3682.000000,15.000000
3.000000,625.737305,625.202637,0.534668,0.000000,-273.546509,6500.000000,15.000000
3.000000,625.737305,625.065918,0.671387,0.000000,-326.473602,5620.000000,15.000000
3.000000,625.737305,625.234375,0.502930,0.000000,96.289253,-4047.000000,15.000000
3.000000,625.737305,625.531006,0.206299,0.000000,302.373108,-6500.000000,15.000000
3.000000,625.737305,625.399170,0.338135,0.000000,64.281242,1214.000000,15.000000
3.000000,625.737305,625.135498,0.601807,0.000000,-325.034119,6500.000000,15.000000
3.000000,625.737305,625.056152,0.681152,0.000000,-180.183502,1676.000000,15.000000
3.000000,625.737305,625.291748,0.445557,0.000000,154.250275,-5949.000000,15.000000
3.000000,625.737305,625.500488,0.236816,0.000000,241.183395,-5788.000000,15.000000
3.000000,625.737305,625.281982,0.455322,0.000000,-102.385384,6101.000000,15.000000
3.000000,625.737305,625.048828,0.688477,0.000000,-273.141357,5185.000000,15.000000
3.000000,625.737305,625.162354,0.574951,0.000000,89.237320,-3324.000000,15.000000
3.000000,625.737305,625.360107,0.377197,0.000000,191.236847,-4394.000000,15.000000
3.000000,625.737305,625.366211,0.371094,0.000000,101.645668,0.000000,15.000000
3.000000,625.737305,625.247803,0.489502,0.000000,-102.650368,2525.000000,15.000000
3.000000,625.737305,625.196533,0.540771,0.000000,-91.906425,1868.000000,15.000000
3.000000,625.737305,625.158691,0.578613,0.000000,-46.634193,1004.000000,15.000000
3.000000,625.737305,625.137939,0.599365,0.000000,-34.307663,0.000000,15.000000
3.000000,625.737305,625.101318,0.635986,0.000000,-36.384598,878.000000,15.000000
3.000000,625.737305,625.086670,0.650635,0.000000,-35.490147,0.000000,15.000000
3.000000,625.737305,625.103760,0.633545,0.000000,6.538452,0.000000,15.000000
3.000000,625.737305,625.112305,0.625000,0.000000,13.052543,0.000000,15.000000
3.000000,625.737305,625.108643,0.628662,0.000000,-5.030201,0.000000,15.000000
3.000000,625.737305,625.102539,0.634766,0.000000,-10.862043,0.000000,15.000000
3.000000,625.737305,625.101318,0.635986,0.000000,-5.436182,0.000000,15.000000
3.000000,625.737305,625.103760,0.633545,0.000000,1.375226,0.000000,15.000000
3.000000,625.737305,625.103760,0.633545,0.000000,0.159566,0.000000,15.000000
3.000000,625.737305,625.103760,0.633545,0.000000,-2.281516,0.000000,15.000000
3.000000,625.737305,625.103760,0.633545,0.000000,-0.172069,0.000000,15.000000
3.000000,625.737305,625.103760,0.633545,0.000000,-0.030715,0.000000,15.000000
3.000000,625.737305,625.103760,0.633545,0.000000,-0.002317,0.000000,15.000000
3.000000,625.737305,625.103760,0.633545,0.000000,-1.501913,0.000000,15.000000
3.000000,625.737305,625.103760,0.633545,0.000000,-0.113273,0.000000,15.000000
3.000000,625.737305,625.102539,0.634766,0.000000,-1.420220,0.000000,15.000000
3.000000,625.737305,625.102539,0.634766,0.000000,-0.414696,0.000000,15.000000
3.000000,625.737305,625.102539,0.634766,0.000000,-0.031276,0.000000,15.000000
3.000000,625.737305,625.101318,0.635986,0.000000,-1.405583,0.000000,15.000000
3.000000,625.737305,625.101318,0.635986,0.000000,-2.019857,0.000000,15.000000
3.000000,625.737305,625.098877,0.638428,0.000000,-1.760557,0.000000,15.000000
3.000000,625.737305,625.095215,0.642090,0.000000,-4.158245,0.000000,15.000000
3.000000,625.737305,625.095215,0.642090,0.000000,-4.043458,0.000000,15.000000
3.000000,625.737305,625.095215,0.642090,0.000000,-0.304953,0.000000,15.000000
1.000000,625.737305,625.095215,0.642090,0.000000,-0.035383,0.000000,15.000000
1.000000,625.737305,625.095215,0.642090,0.000000,-0.004106,0.000000,15.000000
1.000000,625.737305,625.095215,0.642090,0.000000,-0.000733,0.000000,15.000000
1.000000,625.737305,625.095215,0.642090,0.000000,-0.000055,0.000000,15.000000
1.000000,625.737305,625.095215,0.642090,0.000000,-0.000010,0.000000,15.000000
1.000000,625.737305,625.093994,0.643311,0.000000,-1.400001,0.000000,15.000000
1.000000,625.737305,625.091553,0.645752,0.000000,-5.037384,0.000000,15.000000
1.000000,625.737305,625.089111,0.648193,0.000000,-4.078238,0.000000,15.000000
1.000000,625.737305,625.089111,0.648193,0.000000,-1.112466,0.000000,15.000000
1.000000,625.737305,625.089111,0.648193,0.000000,-0.083901,0.000000,15.000000
1.000000,625.737305,625.089111,0.648193,0.000000,-0.014977,0.000000,15.000000
1.000000,625.737305,625.089111,0.648193,0.000000,-0.000734,0.000000,15.000000
1.000000,625.737305,625.089111,0.648193,0.000000,-0.000202,0.000000,15.000000
1.000000,625.737305,625.089111,0.648193,0.000000,-0.000015,0.000000,15.000000
1.000000,625.737305,625.089111,0.648193,0.000000,-0.000002,0.000000,15.000000
1.000000,625.737305,625.089111,0.648193,0.000000,-0.000000,0.000000,15.000000
1.000000,625.737305,625.089111,0.648193,0.000000,-0.000000,0.000000,15.000000
1.000000,625.737305,625.086670,0.650635,0.000000,-3.710000,0.000000,15.000000
1.000000,625.737305,625.084229,0.653076,0.000000,-3.948233,0.000000,15.000000
1.000000,625.737305,625.085449,0.651855,0.000000,-0.710121,0.000000,15.000000
1.000000,625.737305,625.085449,0.651855,0.000000,-0.126761,0.000000,15.000000
1.000000,625.737305,625.085449,0.651855,0.000000,-0.009560,0.000000,15.000000
1.000000,625.737305,625.085449,0.651855,0.000000,-0.001707,0.000000,15.000000
1.000000,625.737305,625.085449,0.651855,0.000000,-0.000129,0.000000,15.000000
1.000000,625.737305,625.085449,0.651855,0.000000,-0.000023,0.000000,15.000000
1.000000,625.737305,625.085449,0.651855,0.000000,-0.000001,0.000000,15.000000
1.000000,625.737305,625.085449,0.651855,0.000000,-0.000000,0.000000,15.000000
1.000000,625.737305,625.085449,0.651855,0.000000,-0.000000,0.000000,15.000000
1.000000,625.737305,625.085449,0.651855,0.000000,-0.000000,0.000000,15.000000
1.000000,625.737305,625.085449,0.651855,0.000000,-0.000000,0.000000,15.000000
1.000000,625.737305,625.085449,0.651855,0.000000,-0.000000,0.000000,15.000000
1.000000,625.737305,625.085449,0.651855,0.000000,-0.000000,0.000000,15.000000
1.000000,625.737305,625.085449,0.651855,0.000000,-0.000000,0.000000,15.000000
1.000000,625.737305,625.085449,0.651855,0.000000,-0.000000,0.000000,15.000000
1.000000,625.737305,625.085449,0.651855,0.000000,-0.000000,0.000000,15.000000
1.000000,625.737305,625.085449,0.651855,0.000000,-0.000000,0.000000,15.000000
1.000000,625.737305,625.083008,0.654297,0.000000,-2.901500,0.000000,15.000000
1.000000,625.737305,625.080566,0.656738,0.000000,-4.188386,0.000000,15.000000
1.000000,625.737305,625.080566,0.656738,0.000000,-1.112708,0.000000,15.000000
1.000000,625.737305,625.080566,0.656738,0.000000,-0.198625,0.000000,15.000000
1.000000,625.737305,625.080566,0.656738,0.000000,-0.014980,0.000000,15.000000
1.000000,625.737305,625.080566,0.656738,0.000000,-0.002674,0.000000,15.000000
1.000000,625.737305,625.080566,0.656738,0.000000,-0.000131,0.000000,15.000000
1.000000,625.737305,625.080566,0.656738,0.000000,-0.000036,0.000000,15.000000
1.000000,625.737305,625.080566,0.656738,0.000000,-0.000003,0.000000,15.000000
1.000000,625.737305,625.080566,0.656738,0.000000,-0.000000,0.000000,15.000000
1.000000,625.737305,625.080566,0.656738,0.000000,-0.000000,0.000000,15.000000
1.000000,625.737305,625.080566,0.656738,0.000000,-0.000000,0.000000,15.000000
1.000000,625.737305,625.080566,0.656738,0.000000,-0.000000,0.000000,15.000000
1.000000,625.737305,625.080566,0.656738,0.000000,-0.000000,0.000000,15.000000
1.000000,625.737305,625.080566,0.656738,0.000000,-0.000000,0.000000,15.000000
1.000000,625.737305,625.080566,0.656738,0.000000,-0.000000,0.000000,15.000000
1.000000,625.737305,625.080566,0.656738,0.000000,-0.000000,0.000000,15.000000
1.000000,625.737305,625.080566,0.656738,0.000000,-0.000000,0.000000,15.000000
1.000000,625.737305,625.080566,0.656738,0.000000,-0.000000,0.000000,15.000000
1.000000,625.737305,625.080566,0.656738,0.000000,-0.000000,0.000000,15.000000
1.000000,625.737305,625.080566,0.656738,0.000000,-0.000000,0.000000,15.000000
1.000000,625.737305,625.080566,0.656738,0.000000,-0.000000,0.000000,15.000000
1.000000,625.737305,625.080566,0.656738,0.000000,-0.000000,0.000000,15.000000
1.000000,625.737305,625.080566,0.656738,0.000000,-0.000000,0.000000,15.000000
1.000000,625.737305,625.080566,0.656738,0.000000,-0.000000,0.000000,15.000000
1.000000,625.737305,625.080566,0.656738,0.000000,-0.000000,0.000000,15.000000
1.000000,625.737305,625.080566,0.656738,0.000000,-0.000000,0.000000,15.000000
1.000000,625.737305,625.080566,0.656738,0.000000,-0.000000,0.000000,15.000000
1.000000,625.737305,625.080566,0.656738,0.000000,-0.000000,0.000000,15.000000
1.000000,625.737305,625.080566,0.656738,0.000000,-0.000000,0.000000,15.000000
1.000000,625.737305,625.080566,0.656738,0.000000,-0.000000,0.000000,15.000000
1.000000,625.737305,625.080566,0.656738,0.000000,-0.000000,0.000000,15.000000
1.000000,625.737305,625.080566,0.656738,0.000000,-0.000000,0.000000,15.000000
1.000000,625.737305,625.080566,0.656738,0.000000,-0.000000,0.000000,15.000000
1.000000,625.737305,625.080566,0.656738,0.000000,-0.000000,0.000000,15.000000
1.000000,625.737305,625.080566,0.656738,0.000000,-0.000000,0.000000,15.000000
1.000000,625.737305,625.080566,0.656738,0.000000,-0.000000,0.000000,15.000000
1.000000,625.737305,625.080566,0.656738,0.000000,-0.000000,0.000000,15.000000
1.000000,625.737305,625.080566,0.656738,0.000000,-0.000000,0.000000,15.000000
1.000000,625.737305,625.080566,0.656738,0.000000,-0.000000,0.000000,15.000000
1.000000,625.737305,625.080566,0.656738,0.000000,-0.000000,0.000000,15.000000
1.000000,625.737305,625.080566,0.656738,0.000000,-0.000000,0.000000,15.000000
1.000000,625.737305,625.080566,0.656738,0.000000,-0.000000,0.000000,15.000000
1.000000,625.737305,625.080566,0.656738,0.000000,-0.000000,0.000000,15.000000
1.000000,625.737305,625.080566,0.656738,0.000000,-0.000000,0.000000,15.000000
1.000000,625.737305,625.080566,0.656738,0.000000,-0.000000,0.000000,15.000000
1.000000,625.737305,625.080566,0.656738,0.000000,-0.000000,0.000000,15.000000
1.000000,625.737305,625.080566,0.656738,0.000000,-0.000000,0.000000,15.000000
1.000000,625.737305,625.080566,0.656738,0.000000,-0.000000,0.000000,15.000000
1.000000,625.737305,625.080566,0.656738,0.000000,-0.000000,0.000000,15.000000
1.000000,625.737305,625.080566,0.656738,0.000000,-0.000000,0.000000,15.000000
1.000000,625.737305,625.080566,0.656738,0.000000,-0.000000,0.000000,15.000000
1.000000,625.737305,625.080566,0.656738,0.000000,-0.000000,0.000000,15.000000
1.000000,625.737305,625.080566,0.656738,0.000000,-0.000000,0.000000,15.000000
1.000000,625.737305,625.080566,0.656738,0.000000,-0.000000,0.000000,15.000000
1.000000,625.737305,625.080566,0.656738,0.000000,-0.000000,0.000000,15.000000
1.000000,625.737305,625.080566,0.656738,0.000000,-0.000000,0.000000,15.000000
1.000000,625.737305,625.080566,0.656738,0.000000,-0.000000,0.000000,15.000000
1.000000,625.737305,625.080566,0.656738,0.000000,-0.000000,0.000000,15.000000
1.000000,625.737305,625.080566,0.656738,0.000000,-0.000000,0.000000,15.000000
1.000000,625.737305,625.080566,0.656738,0.000000,-0.000000,0.000000,15.000000
1.000000,625.737305,625.080566,0.656738,0.000000,-0.000000,0.000000,15.000000
1.000000,625.737305,625.080566,0.656738,0.000000,-0.000000,0.000000,15.000000
1.000000,625.737305,625.076904,0.660400,0.000000,-3.920359,0.000000,15.000000
1.000000,625.737305,625.076904,0.660400,0.000000,-2.585783,0.000000,15.000000
1.000000,625.737305,625.076904,0.660400,0.000000,-0.126761,0.000000,15.000000
1.000000,625.737305,625.076904,0.660400,0.000000,-0.034812,0.000000,15.000000
1.000000,625.737305,625.076904,0.660400,0.000000,-0.002625,0.000000,15.000000
1.000000,625.737305,625.076904,0.660400,0.000000,-0.000305,0.000000,15.000000
1.000000,625.737305,625.076904,0.660400,0.000000,-0.000035,0.000000,15.000000
1.000000,625.737305,625.076904,0.660400,0.000000,-0.000006,0.000000,15.000000
1.000000,625.737305,625.076904,0.660400,0.000000,-0.000000,0.000000,15.000000
1.000000,625.737305,625.076904,0.660400,0.000000,-0.000000,0.000000,15.000000
1.000000,625.737305,625.076904,0.660400,0.000000,-0.000000,0.000000,15.000000
1.000000,625.737305,625.076904,0.660400,0.000000,-0.000000,0.000000,15.000000
1.000000,625.737305,625.076904,0.660400,0.000000,-0.000000,0.000000,15.000000
1.000000,625.737305,625.076904,0.660400,0.000000,-0.000000,0.000000,15.000000
1.000000,625.737305,625.076904,0.660400,0.000000,-0.000000,0.000000,15.000000
1.000000,625.737305,625.076904,0.660400,0.000000,-0.000000,0.000000,15.000000
1.000000,625.737305,625.076904,0.660400,0.000000,-0.000000,0.000000,15.000000
1.000000,625.737305,625.076904,0.660400,0.000000,-0.000000,0.000000,15.000000
1.000000,625.737305,625.076904,0.660400,0.000000,-0.000000,0.000000,15.000000
1.000000,625.737305,625.076904,0.660400,0.000000,-0.000000,0.000000,15.000000
1.000000,625.737305,625.076904,0.660400,0.000000,-0.000000,0.000000,15.000000
1.000000,625.737305,625.076904,0.660400,0.000000,-0.000000,0.000000,15.000000
1.000000,625.737305,625.076904,0.660400,0.000000,-0.000000,0.000000,15.000000
1.000000,625.737305,625.076904,0.660400,0.000000,-0.000000,0.000000,15.000000
1.000000,625.737305,625.076904,0.660400,0.000000,-0.000000,0.000000,15.000000
1.000000,625.737305,625.076904,0.660400,0.000000,-0.000000,0.000000,15.000000
1.000000,625.737305,625.076904,0.660400,0.000000,-0.000000,0.000000,15.000000
1.000000,625.737305,625.076904,0.660400,0.000000,-0.000000,0.000000,15.000000
1.000000,625.737305,625.076904,0.660400,0.000000,-0.000000,0.000000,15.000000
1.000000,625.737305,625.076904,0.660400,0.000000,-0.000000,0.000000,15.000000
1.000000,625.737305,625.076904,0.660400,0.000000,-0.000000,0.000000,15.000000
1.000000,625.737305,625.076904,0.660400,0.000000,-0.000000,0.000000,15.000000
1.000000,625.737305,625.076904,0.660400,0.000000,-0.000000,0.000000,15.000000
1.000000,625.737305,625.076904,0.660400,0.000000,-0.000000,0.000000,15.000000
1.000000,625.737305,625.076904,0.660400,0.000000,-0.000000,0.000000,15.000000
1.000000,625.737305,625.076904,0.660400,0.000000,-0.000000,0.000000,15.000000
1.000000,625.737305,625.076904,0.660400,0.000000,-0.000000,0.000000,15.000000
1.000000,625.737305,625.076904,0.660400,0.000000,-0.000000,0.000000,15.000000
1.000000,625.737305,625.076904,0.660400,0.000000,-0.000000,0.000000,15.000000
1.000000,625.737305,625.076904,0.660400,0.000000,-0.000000,0.000000,15.000000
1.000000,625.737305,625.076904,0.660400,0.000000,-0.000000,0.000000,15.000000
1.000000,625.737305,625.076904,0.660400,0.000000,-0.000000,0.000000,15.000000
1.000000,625.737305,625.076904,0.660400,0.000000,-0.000000,0.000000,15.000000
1.000000,625.737305,625.076904,0.660400,0.000000,-0.000000,0.000000,15.000000
1.000000,625.737305,625.076904,0.660400,0.000000,-0.000000,0.000000,15.000000
3.000000,665.076904,625.092773,39.984131,4200.000000,-0.000000,6500.000000,15.000000
3.000000,665.076904,625.318604,39.758301,4200.000000,124.854584,6500.000000,15.000000
3.000000,665.076904,626.358643,38.718262,4200.000000,791.731140,6500.000000,15.000000
3.000000,665.076904,627.824707,37.252197,4200.000000,1420.052612,6500.000000,15.000000
3.000000,665.076904,629.395752,35.681152,4200.000000,1955.015869,6500.000000,15.000000
3.000000,665.076904,632.534180,32.542725,4200.000000,3019.894531,6500.000000,15.000000
3.000000,665.076904,635.126953,29.949951,4200.000000,3438.340088,6500.000000,15.000000
3.000000,665.076904,640.070801,25.006104,4200.000000,4300.603027,-6500.000000,16.000000
3.000000,665.076904,643.010254,22.066650,4200.000000,4857.047363,-6500.000000,16.000000
3.000000,665.076904,647.778320,17.298584,4200.000000,4618.330078,-6500.000000,16.000000
3.000000,665.076904,650.076904,15.000000,4200.000000,4185.340820,5662.000000,16.000000
3.000000,665.076904,653.713379,11.363525,3409.057617,3659.859375,-5726.000000,16.000000
3.000000,665.076904,656.123047,8.953857,2686.157227,3728.006348,-6500.000000,16.000000
3.000000,665.076904,658.822021,6.254883,1876.464844,3021.425537,-6500.000000,16.000000
3.000000,665.076904,659.942627,5.134277,1540.283203,2228.365967,-6500.000000,16.000000
3.000000,665.076904,660.852051,4.224854,1267.456055,1178.925049,5324.000000,16.000000
3.000000,665.076904,661.280518,3.796387,1138.916016,706.164795,6500.000000,16.000000
3.000000,665.076904,662.371826,2.705078,811.523438,928.571350,-5374.000000,16.000000
3.000000,665.076904,663.272705,1.804199,541.259766,1273.352539,-6500.000000,16.000000
3.000000,665.076904,664.233398,0.843506,253.051758,1002.153259,-6500.000000,16.000000
3.000000,665.076904,664.404297,0.672607,0.000000,680.902222,-6500.000000,16.000000
3.000000,665.076904,663.964844,1.112061,333.618164,-263.328308,6500.000000,16.000000
3.000000,665.076904,663.679199,1.397705,419.311523,-503.251465,6500.000000,16.000000
3.000000,665.076904,663.739014,1.337891,401.367188,-122.009193,6500.000000,16.000000
3.000000,665.076904,664.200439,0.876465,262.939453,411.287842,-6500.000000,16.000000
3.000000,665.076904,664.987793,0.089111,0.000000,789.796631,-6500.000000,16.000000
3.000000,665.076904,665.167236,-0.090332,0.000000,509.133606,-6462.000000,16.000000
3.000000,665.076904,664.827881,0.249023,0.000000,-221.890671,6500.000000,16.000000
3.000000,665.076904,664.515381,0.561523,0.000000,-488.950409,6500.000000,16.000000
3.000000,665.076904,664.578857,0.498047,0.000000,-34.606842,-1702.000000,16.000000
3.000000,665.076904,664.891357,0.185547,0.000000,333.449280,-6500.000000,16.000000
3.000000,665.076904,665.004883,0.072021,0.000000,182.917038,-2299.000000,16.000000
3.000000,665.076904,664.764404,0.312500,0.000000,-186.111389,6500.000000,16.000000
3.000000,665.076904,664.516602,0.560303,0.000000,-220.486130,5291.000000,16.000000
3.000000,665.076904,664.677734,0.399170,0.000000,50.229240,-5541.000000,16.000000
3.000000,665.076904,665.039063,0.037842,0.000000,349.958466,-6500.000000,16.000000
3.000000,665.076904,664.932861,0.144043,0.000000,-39.937256,3361.000000,16.000000
3.000000,665.076904,664.635010,0.441895,0.000000,-340.133667,6500.000000,16.000000
3.000000,665.076904,664.645996,0.430908,0.000000,-72.608734,-2049.000000,16.000000
3.000000,665.076904,664.987793,0.089111,0.000000,276.768341,-6157.000000,16.000000
3.000000,665.076904,664.940186,0.136719,0.000000,79.676506,1500.000000,16.000000
3.000000,665.076904,664.716797,0.360107,0.000000,-210.928558,5079.000000,16.000000
3.000000,665.076904,664.704590,0.372314,0.000000,-124.451233,0.000000,16.000000
3.000000,665.076904,664.880371,0.196533,0.000000,145.687668,-3742.000000,16.000000
3.000000,665.076904,664.948730,0.128174,0.000000,137.807312,-2233.000000,16.000000
3.000000,665.076904,664.920654,0.156250,0.000000,-7.142225,1253.000000,16.000000
3.000000,665.076904,664.831543,0.245361,0.000000,-77.011002,1696.000000,16.000000
3.000000,665.076904,664.825439,0.251465,0.000000,-43.543453,0.000000,16.000000
3.000000,665.076904,664.869385,0.207520,0.000000,31.623363,-946.000000,16.000000
3.000000,665.076904,664.902344,0.174561,0.000000,47.829506,-1022.000000,16.000000
3.000000,665.076904,664.906006,0.170898,0.000000,0.042030,0.000000,16.000000
3.000000,665.076904,664.888916,0.187988,0.000000,-21.158207,0.000000,16.000000
3.000000,665.076904,664.874268,0.202637,0.000000,-18.690838,0.000000,16.000000
3.000000,665.076904,664.882813,0.194092,0.000000,3.550120,0.000000,16.000000
3.000000,665.076904,664.895020,0.181885,0.000000,10.477509,0.000000,16.000000
3.000000,665.076904,664.896240,0.180664,0.000000,6.220757,0.000000,16.000000
3.000000,665.076904,664.890137,0.186768,0.000000,-8.473001,0.000000,16.000000
3.000000,665.076904,664.890137,0.186768,0.000000,-1.896959,0.000000,16.000000
3.000000,665.076904,664.892578,0.184326,0.000000,0.906933,0.000000,16.000000
3.000000,665.076904,664.892578,0.184326,0.000000,0.450250,0.000000,16.000000
3.000000,665.076904,664.891357,0.185547,0.000000,0.033957,0.000000,16.000000
3.000000,665.076904,664.891357,0.185547,0.000000,-1.495438,0.000000,16.000000
3.000000,665.076904,664.892578,0.184326,0.000000,-0.112784,0.000000,16.000000
3.000000,665.076904,664.892578,0.184326,0.000000,-0.020133,0.000000,16.000000
3.000000,665.076904,664.892578,0.184326,0.000000,-0.000987,0.000000,16.000000
3.000000,665.076904,664.892578,0.184326,0.000000,-0.000271,0.000000,16.000000
3.000000,665.076904,664.892578,0.184326,0.000000,-0.000020,0.000000,16.000000
3.000000,665.076904,664.892578,0.184326,0.000000,-0.000002,0.000000,16.000000
3.000000,665.076904,664.892578,0.184326,0.000000,-0.000000,0.000000,16.000000
3.000000,665.076904,664.892578,0.184326,0.000000,-0.000000,0.000000,16.000000
3.000000,665.076904,664.892578,0.184326,0.000000,-0.000000,0.000000,16.000000
3.000000,665.076904,664.892578,0.184326,0.000000,-0.000000,0.000000,16.000000
3.000000,665.076904,664.892578,0.184326,0.000000,-0.000000,0.000000,16.000000
1.000000,665.076904,664.892578,0.184326,0.000000,-0.000000,0.000000,16.000000
1.000000,665.076904,664.892578,0.184326,0.000000,-0.000000,0.000000,16.000000
1.000000,665.076904,664.893799,0.183105,0.000000,-0.000000,0.000000,16.000000
1.000000,665.076904,664.893799,0.183105,0.000000,-0.000000,0.000000,16.000000
1.000000,665.076904,664.893799,0.183105,0.000000,-0.000000,0.000000,16.000000
1.000000,665.076904,664.893799,0.183105,0.000000,-0.000000,0.000000,16.000000
1.000000,665.076904,664.893799,0.183105,0.000000,-0.000000,0.000000,16.000000
1.000000,665.076904,664.893799,0.183105,0.000000,-0.000000,0.000000,16.000000
1.000000,665.076904,664.893799,0.183105,0.000000,-0.000000,0.000000,16.000000
1.000000,665.076904,664.893799,0.183105,0.000000,-0.000000,0.000000,16.000000
1.000000,665.076904,664.893799,0.183105,0.000000,-0.000000,0.000000,16.000000
1.000000,665.076904,664.893799,0.183105,0.000000,-0.000000,0.000000,16.000000
1.000000,665.076904,664.893799,0.183105,0.000000,-0.000000,0.000000,16.000000
1.000000,665.076904,664.893799,0.183105,0.000000,-0.000000,0.000000,16.000000
1.000000,665.076904,664.893799,0.183105,0.000000,-0.000000,0.000000,16.000000
1.000000,665.076904,664.893799,0.183105,0.000000,-0.000000,0.000000,16.000000
1.000000,665.076904,664.893799,0.183105,0.000000,-0.000000,0.000000,16.000000
1.000000,665.076904,664.893799,0.183105,0.000000,-0.000000,0.000000,16.000000
1.000000,665.076904,664.893799,0.183105,0.000000,-0.000000,0.000000,16.000000
1.000000,665.076904,664.893799,0.183105,0.000000,-0.000000,0.000000,16.000000
1.000000,665.076904,664.893799,0.183105,0.000000,-0.000000,0.000000,16.000000
1.000000,665.076904,664.893799,0.183105,0.000000,-0.000000,0.000000,16.000000
1.000000,665.076904,664.893799,0.183105,0.000000,-0.000000,0.000000,16.000000
1.000000,665.076904,664.893799,0.183105,0.000000,-0.000000,0.000000,16.000000
1.000000,665.076904,664.896240,0.180664,0.000000,-0.000000,0.000000,16.000000
1.000000,665.076904,664.898682,0.178223,0.000000,2.464481,0.000000,16.000000
1.000000,665.076904,664.898682,0.178223,0.000000,0.761739,0.000000,16.000000
1.000000,665.076904,664.898682,0.178223,0.000000,0.135975,0.000000,16.000000
1.000000,665.076904,664.898682,0.178223,0.000000,0.010255,0.000000,16.000000
1.000000,665.076904,664.898682,0.178223,0.000000,0.001831,0.000000,16.000000
1.000000,665.076904,664.898682,0.178223,0.000000,0.000138,0.000000,16.000000
1.000000,665.076904,664.898682,0.178223,0.000000,0.000025,0.000000,16.000000
1.000000,665.076904,664.898682,0.178223,0.000000,0.000002,0.000000,16.000000
1.000000,665.076904,664.898682,0.178223,0.000000,0.000000,0.000000,16.000000
1.000000,665.076904,664.898682,0.178223,0.000000,0.000000,0.000000,16.000000
1.000000,665.076904,664.898682,0.178223,0.000000,0.000000,0.000000,16.000000
1.000000,665.076904,664.898682,0.178223,0.000000,0.000000,0.000000,16.000000
1.000000,665.076904,664.898682,0.178223,0.000000,0.000000,0.000000,16.000000
1.000000,665.076904,664.898682,0.178223,0.000000,0.000000,0.000000,16.000000
1.000000,665.076904,664.898682,0.178223,0.000000,0.000000,0.000000,16.000000
1.000000,665.076904,664.898682,0.178223,0.000000,0.000000,0.000000,16.000000
1.000000,665.076904,664.898682,0.178223,0.000000,0.000000,0.000000,16.000000
1.000000,665.076904,664.898682,0.178223,0.000000,0.000000,0.000000,16.000000
1.000000,665.076904,664.898682,0.178223,0.000000,0.000000,0.000000,16.000000
1.000000,665.076904,664.898682,0.178223,0.000000,0.000000,0.000000,16.000000
1.000000,665.076904,664.898682,0.178223,0.000000,0.000000,0.000000,16.000000
1.000000,665.076904,664.898682,0.178223,0.000000,0.000000,0.000000,16.000000
1.000000,665.076904,664.898682,0.178223,0.000000,0.000000,0.000000,16.000000
1.000000,665.076904,664.898682,0.178223,0.000000,0.000000,0.000000,16.000000
1.000000,665.076904,664.898682,0.178223,0.000000,0.000000,0.000000,16.000000
1.000000,665.076904,664.898682,0.178223,0.000000,0.000000,0.000000,16.000000
1.000000,665.076904,664.898682,0.178223,0.000000,0.000000,0.000000,16.000000
1.000000,665.076904,664.898682,0.178223,0.000000,0.000000,0.000000,16.000000
1.000000,665.076904,664.898682,0.178223,0.000000,0.000000,0.000000,16.000000
1.000000,665.076904,664.898682,0.178223,0.000000,0.000000,0.000000,16.000000
1.000000,665.076904,664.898682,0.178223,0.000000,0.000000,0.000000,16.000000
1.000000,665.076904,664.898682,0.178223,0.000000,0.000000,0.000000,16.000000
1.000000,665.076904,664.898682,0.178223,0.000000,0.000000,0.000000,16.000000
1.000000,665.076904,664.898682,0.178223,0.000000,0.000000,0.000000,16.000000
1.000000,665.076904,664.898682,0.178223,0.000000,0.000000,0.000000,16.000000
1.000000,665.076904,664.898682,0.178223,0.000000,0.000000,0.000000,16.000000
1.000000,665.076904,664.898682,0.178223,0.000000,0.000000,0.000000,16.000000
1.000000,665.076904,664.898682,0.178223,0.000000,0.000000,0.000000,16.000000
1.000000,665.076904,664.898682,0.178223,0.000000,0.000000,0.000000,16.000000
1.000000,665.076904,664.898682,0.178223,0.000000,0.000000,0.000000,16.000000
1.000000,665.076904,664.898682,0.178223,0.000000,0.000000,0.000000,16.000000
1.000000,665.076904,664.898682,0.178223,0.000000,0.000000,0.000000,16.000000
1.000000,665.076904,664.898682,0.178223,0.000000,0.000000,0.000000,16.000000
1.000000,665.076904,664.898682,0.178223,0.000000,0.000000,0.000000,16.000000
1.000000,665.076904,664.898682,0.178223,0.000000,0.000000,0.000000,16.000000
1.000000,665.076904,664.898682,0.178223,0.000000,0.000000,0.000000,16.000000
1.000000,665.076904,664.898682,0.178223,0.000000,0.000000,0.000000,16.000000
1.000000,665.076904,664.898682,0.178223,0.000000,0.000000,0.000000,16.000000
1.000000,665.076904,664.898682,0.178223,0.000000,0.000000,0.000000,16.000000
1.000000,665.076904,664.898682,0.178223,0.000000,0.000000,0.000000,16.000000
1.000000,665.076904,664.898682,0.178223,0.000000,0.000000,0.000000,16.000000
1.000000,665.076904,664.898682,0.178223,0.000000,0.000000,0.000000,16.000000
1.000000,665.076904,664.898682,0.178223,0.000000,0.000000,0.000000,16.000000
1.000000,665.076904,664.898682,0.178223,0.000000,0.000000,0.000000,16.000000
1.000000,665.076904,664.898682,0.178223,0.000000,0.000000,0.000000,16.000000
1.000000,665.076904,664.898682,0.178223,0.000000,0.000000,0.000000,16.000000
1.000000,665.076904,664.898682,0.178223,0.000000,0.000000,0.000000,16.000000
1.000000,665.076904,664.898682,0.178223,0.000000,0.000000,0.000000,16.000000
1.000000,665.076904,664.898682,0.178223,0.000000,0.000000,0.000000,16.000000
1.000000,665.076904,664.898682,0.178223,0.000000,0.000000,0.000000,16.000000
1.000000,665.076904,664.898682,0.178223,0.000000,0.000000,0.000000,16.000000
1.000000,665.076904,664.898682,0.178223,0.000000,0.000000,0.000000,16.000000
1.000000,665.076904,664.898682,0.178223,0.000000,0.000000,0.000000,16.000000
1.000000,665.076904,664.898682,0.178223,0.000000,0.000000,0.000000,16.000000
1.000000,665.076904,664.898682,0.178223,0.000000,0.000000,0.000000,16.000000
1.000000,665.076904,664.898682,0.178223,0.000000,0.000000,0.000000,16.000000
1.000000,665.076904,664.898682,0.178223,0.000000,0.000000,0.000000,16.000000
1.000000,665.076904,664.898682,0.178223,0.000000,0.000000,0.000000,16.000000
1.000000,665.076904,664.898682,0.178223,0.000000,0.000000,0.000000,16.000000
1.000000,665.076904,664.898682,0.178223,0.000000,0.000000,0.000000,16.000000
1.000000,665.076904,664.898682,0.178223,0.000000,0.000000,0.000000,16.000000
1.000000,665.076904,664.898682,0.178223,0.000000,0.000000,0.000000,16.000000
1.000000,665.076904,664.898682,0.178223,0.000000,0.000000,0.000000,16.000000
1.000000,665.076904,664.898682,0.178223,0.000000,0.000000,0.000000,16.000000
1.000000,665.076904,664.898682,0.178223,0.000000,0.000000,0.000000,16.000000
1.000000,665.076904,664.898682,0.178223,0.000000,0.000000,0.000000,16.000000
1.000000,665.076904,664.898682,0.178223,0.000000,0.000000,0.000000,16.000000
1.000000,665.076904,664.898682,0.178223,0.000000,0.000000,0.000000,16.000000
1.000000,665.076904,664.898682,0.178223,0.000000,0.000000,0.000000,16.000000
1.000000,665.076904,664.898682,0.178223,0.000000,0.000000,0.000000,16.000000
1.000000,665.076904,664.898682,0.178223,0.000000,0.000000,0.000000,16.000000
1.000000,665.076904,664.898682,0.178223,0.000000,0.000000,0.000000,16.000000
1.000000,665.076904,664.898682,0.178223,0.000000,0.000000,0.000000,16.000000
1.000000,665.076904,664.898682,0.178223,0.000000,0.000000,0.000000,16.000000
1.000000,665.076904,664.898682,0.178223,0.000000,0.000000,0.000000,16.000000
1.000000,665.076904,664.898682,0.178223,0.000000,0.000000,0.000000,16.000000
1.000000,665.076904,664.898682,0.178223,0.000000,0.000000,0.000000,16.000000
1.000000,665.076904,664.898682,0.178223,0.000000,0.000000,0.000000,16.000000
1.000000,665.076904,664.898682,0.178223,0.000000,0.000000,0.000000,16.000000
1.000000,665.076904,664.898682,0.178223,0.000000,0.000000,0.000000,16.000000
1.000000,665.076904,664.898682,0.178223,0.000000,0.000000,0.000000,16.000000
1.000000,665.076904,664.898682,0.178223,0.000000,0.000000,0.000000,16.000000
1.000000,665.076904,664.898682,0.178223,0.000000,0.000000,0.000000,16.000000
1.000000,665.076904,664.898682,0.178223,0.000000,0.000000,0.000000,16.000000
1.000000,665.076904,664.898682,0.178223,0.000000,0.000000,0.000000,16.000000
1.000000,665.076904,664.898682,0.178223,0.000000,0.000000,0.000000,16.000000
1.000000,665.076904,664.898682,0.178223,0.000000,0.000000,0.000000,16.000000
1.000000,665.076904,664.898682,0.178223,0.000000,0.000000,0.000000,16.000000
1.000000,665.076904,664.898682,0.178223,0.000000,0.000000,0.000000,16.000000
1.000000,665.076904,664.898682,0.178223,0.000000,0.000000,0.000000,16.000000
1.000000,665.076904,664.898682,0.178223,0.000000,0.000000,0.000000,16.000000
1.000000,665.076904,664.898682,0.178223,0.000000,0.000000,0.000000,16.000000
1.000000,665.076904,664.898682,0.178223,0.000000,0.000000,0.000000,16.000000
1.000000,665.076904,664.898682,0.178223,0.000000,0.000000,0.000000,16.000000
1.000000,665.076904,664.898682,0.178223,0.000000,0.000000,0.000000,16.000000
1.000000,665.076904,664.898682,0.178223,0.000000,0.000000,0.000000,16.000000
1.000000,665.076904,664.898682,0.178223,0.000000,0.000000,0.000000,16.000000
1.000000,665.076904,664.898682,0.178223,0.000000,0.000000,0.000000,16.000000
1.000000,665.076904,664.898682,0.178223,0.000000,0.000000,0.000000,16.000000
1.000000,665.076904,664.898682,0.178223,0.000000,0.000000,0.000000,16.000000
1.000000,665.076904,664.898682,0.178223,0.000000,0.000000,0.000000,16.000000
1.000000,665.076904,664.898682,0.178223,0.000000,0.000000,0.000000,16.000000
1.000000,665.076904,664.898682,0.178223,0.000000,0.000000,0.000000,16.000000
1.000000,665.076904,664.898682,0.178223,0.000000,0.000000,0.000000,16.000000
1.000000,665.076904,664.898682,0.178223,0.000000,0.000000,0.000000,16.000000
1.000000,665.076904,664.898682,0.178223,0.000000,0.000000,0.000000,16.000000
3.000000,704.898682,664.927979,39.970703,4200.000000,2.450000,6500.000000,16.000000
3.000000,704.898682,665.191650,39.707031,4200.000000,213.426544,6500.000000,16.000000
3.000000,704.898682,666.284180,38.614502,4200.000000,1036.760986,6500.000000,16.000000
3.000000,704.898682,667.446289,37.452393,4200.000000,1439.612793,6500.000000,16.000000
3.000000,704.898682,669.913330,34.985352,4200.000000,2291.259277,6500.000000,16.000000
3.000000,704.898682,672.028809,32.869873,4200.000000,2978.046875,6500.000000,16.000000
3.000000,704.898682,675.989990,28.908691,4200.000000,3722.124023,6500.000000,16.000000
3.000000,704.898682,679.055176,25.843506,4200.000000,4306.181641,-6500.000000,16.000000
3.000000,704.898682,683.679199,21.219482,4200.000000,4643.624023,-6500.000000,17.000000
3.000000,704.898682,686.505127,18.393555,4200.000000,4427.631836,-388.000000,17.000000
3.000000,704.898682,690.267334,14.631348,4200.000000,3822.229248,6500.000000,17.000000
3.000000,704.898682,692.923584,11.975098,3592.529297,3843.246826,-6500.000000,17.000000
3.000000,704.898682,696.923828,7.974854,2392.456055,4036.612305,-6500.000000,17.000000
3.000000,704.898682,699.044189,5.854492,1756.347656,3548.312500,-6500.000000,17.000000
3.000000,704.898682,701.290283,3.608398,1082.519531,2539.255371,-6500.000000,17.000000
3.000000,704.898682,702.305908,2.592773,777.832031,1914.330933,-6500.000000,17.000000
3.000000,704.898682,702.969971,1.928711,578.613281,681.496521,-2469.000000,17.000000
3.000000,704.898682,702.957764,1.940918,582.275391,231.647980,6500.000000,17.000000
3.000000,704.898682,703.078613,1.820068,546.020508,83.640182,6500.000000,17.000000
3.000000,704.898682,703.533936,1.364746,409.423828,560.735962,-5926.000000,17.000000
3.000000,704.898682,704.348145,0.550537,0.000000,826.128235,-6500.000000,17.000000
3.000000,704.898682,704.576416,0.322266,0.000000,558.381897,-6500.000000,17.000000
3.000000,704.898682,704.326172,0.572510,0.000000,-126.057533,5662.000000,17.000000
3.000000,704.898682,703.996582,0.902100,270.629883,-425.588318,6500.000000,17.000000
3.000000,704.898682,704.012451,0.886230,265.869141,-118.499504,6230.000000,17.000000
3.000000,704.898682,704.431152,0.467529,0.000000,400.820496,-6500.000000,17.000000
3.000000,704.898682,704.919434,-0.020752,0.000000,539.367310,-6500.000000,17.000000
3.000000,704.898682,704.816895,0.081787,0.000000,138.244049,3174.000000,17.000000
3.000000,704.898682,704.389648,0.509033,0.000000,-419.841614,6500.000000,17.000000
3.000000,704.898682,704.296875,0.601807,0.000000,-201.639313,2507.000000,17.000000
3.000000,704.898682,704.562988,0.335693,0.000000,208.045013,-6500.000000,17.000000
3.000000,704.898682,704.862061,0.036621,0.000000,355.472168,-6500.000000,17.000000
3.000000,704.898682,704.663086,0.235596,0.000000,-27.264061,6128.000000,17.000000
3.000000,704.898682,704.281006,0.617676,0.000000,-361.182800,6500.000000,17.000000
3.000000,704.898682,704.321289,0.577393,0.000000,-158.123688,-945.000000,17.000000
3.000000,704.898682,704.732666,0.166016,0.000000,344.621338,-6500.000000,17.000000
3.000000,704.898682,704.859619,0.039063,0.000000,266.478760,-4089.000000,17.000000
3.000000,704.898682,704.476318,0.422363,0.000000,-282.345398,6500.000000,17.000000
3.000000,704.898682,704.266357,0.632324,0.000000,-391.398804,6500.000000,17.000000
3.000000,704.898682,704.470215,0.428467,0.000000,73.778854,-4225.000000,17.000000
3.000000,704.898682,704.764404,0.134277,0.000000,366.437317,-6500.000000,17.000000
3.000000,704.898682,704.780273,0.118408,0.000000,147.486710,0.000000,17.000000
3.000000,704.898682,704.458008,0.440674,0.000000,-313.608795,6500.000000,17.000000
3.000000,704.898682,704.238281,0.660400,0.000000,-308.755035,5438.000000,17.000000
3.000000,704.898682,704.464111,0.434570,0.000000,79.108635,-6500.000000,17.000000
3.000000,704.898682,704.885254,0.013428,0.000000,433.421967,-6500.000000,17.000000
3.000000,704.898682,704.822998,0.075684,0.000000,180.556244,1466.000000,17.000000
3.000000,704.898682,704.332275,0.566406,0.000000,-449.859131,6500.000000,17.000000
3.000000,704.898682,704.212646,0.686035,0.000000,-353.665802,4607.000000,17.000000
3.000000,704.898682,704.569092,0.329590,0.000000,250.279053,-6500.000000,17.000000
3.000000,704.898682,704.906006,-0.007324,0.000000,416.702698,-6500.000000,17.000000
3.000000,704.898682,704.732666,0.166016,0.000000,-46.085770,4566.000000,17.000000
3.000000,704.898682,704.405518,0.493164,0.000000,-420.853241,6500.000000,17.000000
3.000000,704.898682,704.383545,0.515137,0.000000,-125.072639,0.000000,17.000000
3.000000,704.898682,704.581299,0.317383,0.000000,255.702850,-6500.000000,17.000000
3.000000,704.898682,704.746094,0.152588,0.000000,217.530319,-2931.000000,17.000000
3.000000,704.898682,704.499512,0.399170,0.000000,-190.227631,6500.000000,17.000000
3.000000,704.898682,704.346924,0.551758,0.000000,-240.180176,4116.000000,17.000000
3.000000,704.898682,704.530029,0.368652,0.000000,86.525360,-5186.000000,17.000000
3.000000,704.898682,704.750977,0.147705,0.000000,263.727325,-5491.000000,17.000000
3.000000,704.898682,704.589844,0.308838,0.000000,-15.851791,4341.000000,17.000000
3.000000,704.898682,704.333496,0.565186,0.000000,-259.054962,6217.000000,17.000000
3.000000,704.898682,704.429932,0.468750,0.000000,-71.493843,-2194.000000,17.000000
3.000000,704.898682,704.708252,0.190430,0.000000,256.505463,-6244.000000,17.000000
3.000000,704.898682,704.688721,0.209961,0.000000,88.961456,0.000000,17.000000
3.000000,704.898682,704.392090,0.506592,0.000000,-249.151871,6440.000000,17.000000
3.000000,704.898682,704.343262,0.555420,0.000000,-223.522400,2418.000000,17.000000
3.000000,704.898682,704.561768,0.336914,0.000000,177.880768,-5320.000000,17.000000
3.000000,704.898682,704.763184,0.135498,0.000000,254.466431,-5347.000000,17.000000
3.000000,704.898682,704.649658,0.249023,0.000000,-12.520927,4363.000000,17.000000
3.000000,704.898682,704.324951,0.573730,0.000000,-295.273041,6500.000000,17.000000
3.000000,704.898682,704.414063,0.484619,0.000000,-103.249565,-1596.000000,17.000000
3.000000,704.898682,704.722900,0.175781,0.000000,274.227783,-6500.000000,17.000000
3.000000,704.898682,704.720459,0.178223,0.000000,226.214066,-1117.000000,17.000000
3.000000,704.898682,704.338379,0.560303,0.000000,-289.189484,6500.000000,17.000000
3.000000,704.898682,704.230957,0.667725,0.000000,-319.909332,4781.000000,17.000000
1.000000,704.898682,704.547119,0.351563,0.000000,182.559387,-6107.000000,17.000000
1.000000,704.898682,704.748535,0.150146,0.000000,344.536682,-6500.000000,17.000000
1.000000,704.898682,704.508057,0.390625,0.000000,-205.738678,4937.000000,17.000000
1.000000,704.898682,704.262695,0.635986,0.000000,-355.771973,6500.000000,17.000000
1.000000,704.898682,704.354248,0.544434,0.000000,17.275444,-2571.000000,17.000000
1.000000,704.898682,704.548340,0.350342,0.000000,257.794800,-5928.000000,17.000000
1.000000,704.898682,704.525146,0.373535,0.000000,32.290962,915.000000,17.000000
1.000000,704.898682,704.382324,0.516357,0.000000,-167.992188,4529.000000,17.000000
1.000000,704.898682,704.301758,0.596924,0.000000,-117.711800,1836.000000,17.000000
1.000000,704.898682,704.365234,0.533447,0.000000,38.437832,-1781.000000,17.000000
1.000000,704.898682,704.448242,0.450439,0.000000,84.465302,-1838.000000,17.000000
1.000000,704.898682,704.451904,0.446777,0.000000,36.908577,0.000000,17.000000
1.000000,704.898682,704.395752,0.502930,0.000000,-46.802734,1259.000000,17.000000
1.000000,704.898682,704.370117,0.528564,0.000000,-49.314690,920.000000,17.000000
1.000000,704.898682,704.388428,0.510254,0.000000,4.475076,0.000000,17.000000
1.000000,704.898682,704.410400,0.488281,0.000000,26.798271,0.000000,17.000000
1.000000,704.898682,704.427490,0.471191,0.000000,19.855635,0.000000,17.000000
1.000000,704.898682,704.417725,0.480957,0.000000,-3.801146,0.000000,17.000000
1.000000,704.898682,704.403076,0.495605,0.000000,-16.478710,0.000000,17.000000
1.000000,704.898682,704.400635,0.498047,0.000000,-6.371208,0.000000,17.000000
1.000000,704.898682,704.407959,0.490723,0.000000,4.492176,0.000000,17.000000
1.000000,704.898682,704.407959,0.490723,0.000000,1.090238,0.000000,17.000000
1.000000,704.898682,704.406738,0.491943,0.000000,-4.113750,0.000000,17.000000
1.000000,704.898682,704.406738,0.491943,0.000000,-1.118805,0.000000,17.000000
1.000000,704.898682,704.406738,0.491943,0.000000,-0.084379,0.000000,17.000000
1.000000,704.898682,704.406738,0.491943,0.000000,-0.015062,0.000000,17.000000
1.000000,704.898682,704.406738,0.491943,0.000000,-0.001136,0.000000,17.000000
1.000000,704.898682,704.406738,0.491943,0.000000,-0.000203,0.000000,17.000000
1.000000,704.898682,704.406738,0.491943,0.000000,-0.000015,0.000000,17.000000
1.000000,704.898682,704.406738,0.491943,0.000000,-0.000003,0.000000,17.000000
1.000000,704.898682,704.406738,0.491943,0.000000,-0.000000,0.000000,17.000000
1.000000,704.898682,704.406738,0.491943,0.000000,-0.000000,0.000000,17.000000
1.000000,704.898682,704.406738,0.491943,0.000000,-0.000000,0.000000,17.000000
1.000000,704.898682,704.406738,0.491943,0.000000,-0.000000,0.000000,17.000000
1.000000,704.898682,704.406738,0.491943,0.000000,-0.000000,0.000000,17.000000
1.000000,704.898682,704.406738,0.491943,0.000000,-0.000000,0.000000,17.000000
1.000000,704.898682,704.406738,0.491943,0.000000,-0.000000,0.000000,17.000000
1.000000,704.898682,704.406738,0.491943,0.000000,-0.000000,0.000000,17.000000
1.000000,704.898682,704.406738,0.491943,0.000000,-0.000000,0.000000,17.000000
1.000000,704.898682,704.406738,0.491943,0.000000,-0.000000,0.000000,17.000000
1.000000,704.898682,704.406738,0.491943,0.000000,-0.000000,0.000000,17.000000
1.000000,704.898682,704.406738,0.491943,0.000000,-0.000000,0.000000,17.000000
1.000000,704.898682,704.406738,0.491943,0.000000,-0.000000,0.000000,17.000000
1.000000,704.898682,704.406738,0.491943,0.000000,-0.000000,0.000000,17.000000
1.000000,704.898682,704.406738,0.491943,0.000000,-0.000000,0.000000,17.000000
1.000000,704.898682,704.406738,0.491943,0.000000,-0.000000,0.000000,17.000000
1.000000,704.898682,704.406738,0.491943,0.000000,-0.000000,0.000000,17.000000
1.000000,704.898682,704.405518,0.493164,0.000000,-1.400000,0.000000,17.000000
1.000000,704.898682,704.405518,0.493164,0.000000,-1.885975,0.000000,17.000000
1.000000,704.898682,704.404297,0.494385,0.000000,-1.542238,0.000000,17.000000
1.000000,704.898682,704.404297,0.494385,0.000000,-0.813328,0.000000,17.000000
1.000000,704.898682,704.404297,0.494385,0.000000,-0.094370,0.000000,17.000000
1.000000,704.898682,704.404297,0.494385,0.000000,-0.016846,0.000000,17.000000
1.000000,704.898682,704.404297,0.494385,0.000000,-0.001270,0.000000,17.000000
1.000000,704.898682,704.404297,0.494385,0.000000,-0.000227,0.000000,17.000000
1.000000,704.898682,704.404297,0.494385,0.000000,-0.000017,0.000000,17.000000
1.000000,704.898682,704.404297,0.494385,0.000000,-0.000003,0.000000,17.000000
1.000000,704.898682,704.404297,0.494385,0.000000,-0.000000,0.000000,17.000000
1.000000,704.898682,704.404297,0.494385,0.000000,-0.000000,0.000000,17.000000
1.000000,704.898682,704.404297,0.494385,0.000000,-0.000000,0.000000,17.000000
1.000000,704.898682,704.404297,0.494385,0.000000,-0.000000,0.000000,17.000000
1.000000,704.898682,704.404297,0.494385,0.000000,-0.000000,0.000000,17.000000
1.000000,704.898682,704.404297,0.494385,0.000000,-0.000000,0.000000,17.000000
1.000000,704.898682,704.404297,0.494385,0.000000,-0.000000,0.000000,17.000000
1.000000,704.898682,704.404297,0.494385,0.000000,-0.000000,0.000000,17.000000
1.000000,704.898682,704.404297,0.494385,0.000000,-0.000000,0.000000,17.000000
1.000000,704.898682,704.404297,0.494385,0.000000,-0.000000,0.000000,17.000000
1.000000,704.898682,704.404297,0.494385,0.000000,-0.000000,0.000000,17.000000
1.000000,704.898682,704.403076,0.495605,0.000000,-2.310000,0.000000,17.000000
1.000000,704.898682,704.403076,0.495605,0.000000,-0.971042,0.000000,17.000000
1.000000,704.898682,704.403076,0.495605,0.000000,-0.112669,0.000000,17.000000
1.000000,704.898682,704.403076,0.495605,0.000000,-0.020112,0.000000,17.000000
1.000000,704.898682,704.403076,0.495605,0.000000,-0.001517,0.000000,17.000000
1.000000,704.898682,704.403076,0.495605,0.000000,-0.000271,0.000000,17.000000
1.000000,704.898682,704.403076,0.495605,0.000000,-0.000020,0.000000,17.000000
1.000000,704.898682,704.403076,0.495605,0.000000,-0.000004,0.000000,17.000000
1.000000,704.898682,704.403076,0.495605,0.000000,-0.000000,0.000000,17.000000
1.000000,704.898682,704.403076,0.495605,0.000000,-0.000000,0.000000,17.000000
1.000000,704.898682,704.403076,0.495605,0.000000,-0.000000,0.000000,17.000000
1.000000,704.898682,704.403076,0.495605,0.000000,-0.000000,0.000000,17.000000
1.000000,704.898682,704.403076,0.495605,0.000000,-0.000000,0.000000,17.000000
1.000000,704.898682,704.403076,0.495605,0.000000,-0.000000,0.000000,17.000000
1.000000,704.898682,704.403076,0.495605,0.000000,-0.000000,0.000000,17.000000
1.000000,704.898682,704.403076,0.495605,0.000000,-0.000000,0.000000,17.000000
1.000000,704.898682,704.403076,0.495605,0.000000,-0.000000,0.000000,17.000000
1.000000,704.898682,704.403076,0.495605,0.000000,-0.000000,0.000000,17.000000
1.000000,704.898682,704.403076,0.495605,0.000000,-0.000000,0.000000,17.000000
1.000000,704.898682,704.403076,0.495605,0.000000,-0.000000,0.000000,17.000000
1.000000,704.898682,704.403076,0.495605,0.000000,-0.000000,0.000000,17.000000
1.000000,704.898682,704.403076,0.495605,0.000000,-0.000000,0.000000,17.000000
1.000000,704.898682,704.403076,0.495605,0.000000,-0.000000,0.000000,17.000000
1.000000,704.898682,704.403076,0.495605,0.000000,-0.000000,0.000000,17.000000
1.000000,704.898682,704.403076,0.495605,0.000000,-0.000000,0.000000,17.000000
1.000000,704.898682,704.403076,0.495605,0.000000,-0.000000,0.000000,17.000000
1.000000,704.898682,704.403076,0.495605,0.000000,-0.000000,0.000000,17.000000
1.000000,704.898682,704.403076,0.495605,0.000000,-0.000000,0.000000,17.000000
1.000000,704.898682,704.403076,0.495605,0.000000,-0.000000,0.000000,17.000000
1.000000,704.898682,704.403076,0.495605,0.000000,-0.000000,0.000000,17.000000
1.000000,704.898682,704.403076,0.495605,0.000000,-0.000000,0.000000,17.000000
1.000000,704.898682,704.403076,0.495605,0.000000,-0.000000,0.000000,17.000000
1.000000,704.898682,704.403076,0.495605,0.000000,-0.000000,0.000000,17.000000
1.000000,704.898682,704.403076,0.495605,0.000000,-0.000000,0.000000,17.000000
1.000000,704.898682,704.403076,0.495605,0.000000,-0.000000,0.000000,17.000000
1.000000,704.898682,704.403076,0.495605,0.000000,-0.000000,0.000000,17.000000
1.000000,704.898682,704.403076,0.495605,0.000000,-0.000000,0.000000,17.000000
1.000000,704.898682,704.403076,0.495605,0.000000,-0.000000,0.000000,17.000000
1.000000,704.898682,704.403076,0.495605,0.000000,-0.000000,0.000000,17.000000
1.000000,704.898682,704.403076,0.495605,0.000000,-0.000000,0.000000,17.000000
1.000000,704.898682,704.403076,0.495605,0.000000,-0.000000,0.000000,17.000000
1.000000,704.898682,704.403076,0.495605,0.000000,-0.000000,0.000000,17.000000
1.000000,704.898682,704.403076,0.495605,0.000000,-0.000000,0.000000,17.000000
1.000000,704.898682,704.403076,0.495605,0.000000,-0.000000,0.000000,17.000000
1.000000,704.898682,704.403076,0.495605,0.000000,-0.000000,0.000000,17.000000
1.000000,704.898682,704.403076,0.495605,0.000000,-0.000000,0.000000,17.000000
1.000000,704.898682,704.403076,0.495605,0.000000,-0.000000,0.000000,17.000000
1.000000,704.898682,704.403076,0.495605,0.000000,-0.000000,0.000000,17.000000
1.000000,704.898682,704.403076,0.495605,0.000000,-0.000000,0.000000,17.000000
1.000000,704.898682,704.403076,0.495605,0.000000,-0.000000,0.000000,17.000000
1.000000,704.898682,704.403076,0.495605,0.000000,-0.000000,0.000000,17.000000
1.000000,704.898682,704.403076,0.495605,0.000000,-0.000000,0.000000,17.000000
1.000000,704.898682,704.403076,0.495605,0.000000,-0.000000,0.000000,17.000000
1.000000,704.898682,704.403076,0.495605,0.000000,-0.000000,0.000000,17.000000
1.000000,704.898682,704.403076,0.495605,0.000000,-0.000000,0.000000,17.000000
1.000000,704.898682,704.403076,0.495605,0.000000,-0.000000,0.000000,17.000000
1.000000,704.898682,704.403076,0.495605,0.000000,-0.000000,0.000000,17.000000
1.000000,704.898682,704.403076,0.495605,0.000000,-0.000000,0.000000,17.000000
1.000000,704.898682,704.403076,0.495605,0.000000,-0.000000,0.000000,17.000000
1.000000,704.898682,704.403076,0.495605,0.000000,-0.000000,0.000000,17.000000
1.000000,704.898682,704.403076,0.495605,0.000000,-0.000000,0.000000,17.000000
1.000000,704.898682,704.403076,0.495605,0.000000,-0.000000,0.000000,17.000000
1.000000,704.898682,704.403076,0.495605,0.000000,-0.000000,0.000000,17.000000
1.000000,704.898682,704.403076,0.495605,0.000000,-0.000000,0.000000,17.000000
3.000000,744.403076,704.403076,40.000000,4200.000000,-0.000000,6500.000000,17.000000
3.000000,744.403076,704.635010,39.768066,4200.000000,154.982178,6500.000000,17.000000
3.000000,744.403076,705.196533,39.206543,4200.000000,604.729248,6500.000000,17.000000
3.000000,744.403076,706.695557,37.707520,4200.000000,1385.674927,6500.000000,17.000000
3.000000,744.403076,708.148193,36.254883,4200.000000,1982.869507,6500.000000,17.000000
3.000000,744.403076,711.660156,32.742920,4200.000000,2968.439453,6500.000000,17.000000
3.000000,744.403076,713.559570,30.843506,4200.000000,3447.117432,6500.000000,17.000000
3.000000,744.403076,718.688965,25.714111,4200.000000,4354.976563,-6500.000000,17.000000
3.000000,744.403076,721.839600,22.563477,4200.000000,4658.293945,-6500.000000,18.000000
3.000000,744.403076,725.435791,18.967285,4200.000000,4332.086914,-582.000000,18.000000
3.000000,744.403076,728.624268,15.778809,4200.000000,3946.685791,6500.000000,18.000000
3.000000,744.403076,732.689209,11.713867,3514.160156,3949.297363,-6500.000000,18.000000
3.000000,744.403076,735.456543,8.946533,2683.959961,4158.902344,-6500.000000,18.000000
3.000000,744.403076,738.935547,5.467529,1640.258789,3648.648193,-6500.000000,18.000000
3.000000,744.403076,740.715332,3.687744,1106.323242,2828.345215,-6500.000000,18.000000
3.000000,744.403076,741.990967,2.412109,723.632813,2191.114258,-6500.000000,18.000000
3.000000,744.403076,743.177490,1.225586,367.675781,1249.818970,-6500.000000,18.000000
3.000000,744.403076,743.261719,1.141357,342.407227,532.075623,3741.000000,18.000000
3.000000,744.403076,742.976074,1.427002,428.100586,-230.845566,6500.000000,18.000000
3.000000,744.403076,743.023682,1.379395,413.818359,-107.766083,6500.000000,18.000000
3.000000,744.403076,743.665771,0.737305,0.000000,523.293762,-6500.000000,18.000000
3.000000,744.403076,744.169922,0.233154,0.000000,724.627441,-6500.000000,18.000000
3.000000,744.403076,744.359131,0.043945,0.000000,226.212769,-5429.000000,18.000000
3.000000,744.403076,744.096680,0.306396,0.000000,-123.417442,6500.000000,18.000000
3.000000,744.403076,743.758545,0.644531,0.000000,-384.541351,6500.000000,18.000000
3.000000,744.403076,743.872070,0.531006,0.000000,25.493668,-2791.000000,18.000000
3.000000,744.403076,744.243164,0.159912,0.000000,361.973541,-6500.000000,18.000000
3.000000,744.403076,744.208984,0.194092,0.000000,173.204361,0.000000,18.000000
3.000000,744.403076,743.836670,0.566406,0.000000,-332.855255,6500.000000,18.000000
3.000000,744.403076,743.808594,0.594482,0.000000,-236.206848,1898.000000,18.000000
3.000000,744.403076,744.160156,0.242920,0.000000,255.673859,-6500.000000,18.000000
3.000000,744.403076,744.271240,0.131836,0.000000,306.867828,-4400.000000,18.000000
3.000000,744.403076,743.969727,0.433350,0.000000,-169.719574,6007.000000,18.000000
3.000000,744.403076,743.802490,0.600586,0.000000,-338.772888,6236.000000,18.000000
3.000000,744.403076,744.018555,0.384521,0.000000,32.484791,-3211.000000,18.000000
3.000000,744.403076,744.270020,0.133057,0.000000,347.016113,-6500.000000,18.000000
3.000000,744.403076,744.212646,0.190430,0.000000,-2.776100,0.000000,18.000000
3.000000,744.403076,743.941650,0.461426,0.000000,-249.991272,6500.000000,18.000000
3.000000,744.403076,743.869629,0.533447,0.000000,-206.876862,3017.000000,18.000000
3.000000,744.403076,744.147949,0.255127,0.000000,261.740143,-6500.000000,18.000000
3.000000,744.403076,744.355469,0.047607,0.000000,302.155090,-5788.000000,18.000000
3.000000,744.403076,744.168701,0.234375,0.000000,-17.285973,4786.000000,18.000000
3.000000,744.403076,743.820801,0.582275,0.000000,-388.606781,6500.000000,18.000000
3.000000,744.403076,743.900146,0.502930,0.000000,-147.258087,-941.000000,18.000000
3.000000,744.403076,744.334717,0.068359,0.000000,395.708588,-6500.000000,18.000000
3.000000,744.403076,744.395752,0.007324,0.000000,293.039948,-3286.000000,18.000000
3.000000,744.403076,744.039307,0.363770,0.000000,-231.744171,6500.000000,18.000000
3.000000,744.403076,743.824463,0.578613,0.000000,-409.265564,6500.000000,18.000000
3.000000,744.403076,744.051514,0.351563,0.000000,40.686264,-3675.000000,18.000000
3.000000,744.403076,744.359131,0.043945,0.000000,420.970337,-6500.000000,18.000000
3.000000,744.403076,744.378662,0.024414,0.000000,67.279411,-1614.000000,18.000000
3.000000,744.403076,744.078369,0.324707,0.000000,-234.607513,6500.000000,18.000000
3.000000,744.403076,743.797607,0.605469,0.000000,-372.271027,6500.000000,18.000000
3.000000,744.403076,744.094238,0.308838,0.000000,209.227753,-5021.000000,18.000000
3.000000,744.403076,744.399414,0.003662,0.000000,454.097534,-6500.000000,18.000000
3.000000,744.403076,744.405518,-0.002441,0.000000,159.896606,-1477.000000,18.000000
3.000000,744.403076,744.097900,0.305176,0.000000,-323.575348,6500.000000,18.000000
3.000000,744.403076,743.800049,0.603027,0.000000,-391.955566,6500.000000,18.000000
3.000000,744.403076,743.983154,0.419922,0.000000,-35.427635,-4508.000000,18.000000
3.000000,744.403076,744.459229,-0.056152,0.000000,463.362854,-6500.000000,18.000000
3.000000,744.403076,744.490967,-0.087891,0.000000,286.469208,-2551.000000,18.000000
3.000000,744.403076,744.057617,0.345459,0.000000,-293.896545,6500.000000,18.000000
3.000000,744.403076,743.798828,0.604248,0.000000,-488.703339,6500.000000,18.000000
3.000000,744.403076,743.983154,0.419922,0.000000,-16.556656,-2169.000000,18.000000
3.000000,744.403076,744.353027,0.050049,0.000000,430.045837,-6500.000000,18.000000
3.000000,744.403076,744.498291,-0.095215,0.000000,290.509369,-4893.000000,18.000000
3.000000,744.403076,744.233398,0.169678,0.000000,-103.302902,6500.000000,18.000000
3.000000,744.403076,743.774414,0.628662,0.000000,-473.549591,6500.000000,18.000000
3.000000,744.403076,743.803711,0.599365,0.000000,-239.190811,1057.000000,18.000000
3.000000,744.403076,744.322510,0.080566,0.000000,407.577026,-6500.000000,18.000000
3.000000,744.403076,744.527588,-0.124512,0.000000,374.832489,-6500.000000,18.000000
3.000000,744.403076,744.301758,0.101318,0.000000,-41.876671,3551.000000,18.000000
3.000000,744.403076,743.919678,0.483398,0.000000,-402.936096,6500.000000,18.000000
3.000000,744.403076,743.793945,0.609131,0.000000,-265.988159,4460.000000,18.000000
3.000000,744.403076,744.091797,0.311279,0.000000,122.656670,-6500.000000,18.000000
3.000000,744.403076,744.498291,-0.095215,0.000000,458.070984,-6500.000000,18.000000
3.000000,744.403076,744.443359,-0.040283,0.000000,227.346100,1227.000000,18.000000
3.000000,744.403076,743.916016,0.487061,0.000000,-462.686157,6500.000000,18.000000
3.000000,744.403076,743.753662,0.649414,0.000000,-392.085297,5122.000000,18.000000
3.000000,744.403076,744.049072,0.354004,0.000000,189.092926,-6500.000000,18.000000
3.000000,744.403076,744.311523,0.091553,0.000000,409.727997,-6500.000000,18.000000
1.000000,744.403076,744.180908,0.222168,0.000000,-155.880005,3741.000000,18.000000
1.000000,744.403076,744.025879,0.377197,0.000000,-264.597412,6397.000000,18.000000
1.000000,744.403076,744.149170,0.253906,0.000000,90.720970,-4052.000000,18.000000
1.000000,744.403076,744.300537,0.102539,0.000000,222.089310,-4690.000000,18.000000
1.000000,744.403076,744.246826,0.156250,0.000000,-18.536972,1431.000000,18.000000
1.000000,744.403076,744.161377,0.241699,0.000000,-115.133621,2773.000000,18.000000
1.000000,744.403076,744.082031,0.321045,0.000000,-87.488266,1952.000000,18.000000
1.000000,744.403076,744.064941,0.338135,0.000000,-50.306141,0.000000,18.000000
1.000000,744.403076,744.068604,0.334473,0.000000,-1.382965,0.000000,18.000000
1.000000,744.403076,744.072266,0.330811,0.000000,5.503588,0.000000,18.000000
1.000000,744.403076,744.072266,0.330811,0.000000,0.415075,0.000000,18.000000
1.000000,744.403076,744.071045,0.332031,0.000000,-1.325907,0.000000,18.000000
1.000000,744.403076,744.067383,0.335693,0.000000,-5.575703,0.000000,18.000000
1.000000,744.403076,744.067383,0.335693,0.000000,-1.217338,0.000000,18.000000
1.000000,744.403076,744.067383,0.335693,0.000000,-0.217302,0.000000,18.000000
1.000000,744.403076,744.067383,0.335693,0.000000,-0.016389,0.000000,18.000000
1.000000,744.403076,744.067383,0.335693,0.000000,-0.002925,0.000000,18.000000
1.000000,744.403076,744.067383,0.335693,0.000000,-0.000143,0.000000,18.000000
1.000000,744.403076,744.067383,0.335693,0.000000,-0.000039,0.000000,18.000000
1.000000,744.403076,744.067383,0.335693,0.000000,-0.000003,0.000000,18.000000
1.000000,744.403076,744.066162,0.336914,0.000000,-2.310000,0.000000,18.000000
1.000000,744.403076,744.062500,0.340576,0.000000,-4.053820,0.000000,18.000000
1.000000,744.403076,744.060059,0.343018,0.000000,-4.009607,0.000000,18.000000
1.000000,744.403076,744.056396,0.346680,0.000000,-4.000724,0.000000,18.000000
1.000000,744.403076,744.056396,0.346680,0.000000,-2.600129,0.000000,18.000000
1.000000,744.403076,744.056396,0.346680,0.000000,-0.196099,0.000000,18.000000
1.000000,744.403076,744.056396,0.346680,0.000000,-0.035005,0.000000,18.000000
1.000000,744.403076,744.052734,0.350342,0.000000,-3.288615,0.000000,18.000000
1.000000,744.403076,744.050293,0.352783,0.000000,-3.873013,0.000000,18.000000
1.000000,744.403076,744.051514,0.351563,0.000000,-1.088923,0.000000,18.000000
1.000000,744.403076,744.051514,0.351563,0.000000,-0.194380,0.000000,18.000000
1.000000,744.403076,744.050293,0.352783,0.000000,-0.009529,0.000000,18.000000
1.000000,744.403076,744.047852,0.355225,0.000000,-5.214117,0.000000,18.000000
1.000000,744.403076,744.044189,0.358887,0.000000,-4.091568,0.000000,18.000000
1.000000,744.403076,744.044189,0.358887,0.000000,-1.700624,0.000000,18.000000
1.000000,744.403076,744.044189,0.358887,0.000000,-0.197322,0.000000,18.000000
1.000000,744.403076,744.044189,0.358887,0.000000,-0.035223,0.000000,18.000000
1.000000,744.403076,744.044189,0.358887,0.000000,-0.002656,0.000000,18.000000
1.000000,744.403076,744.044189,0.358887,0.000000,-0.000474,0.000000,18.000000
1.000000,744.403076,744.044189,0.358887,0.000000,-0.000036,0.000000,18.000000
1.000000,744.403076,744.044189,0.358887,0.000000,-0.000006,0.000000,18.000000
1.000000,744.403076,744.042969,0.360107,0.000000,-1.400000,0.000000,18.000000
1.000000,744.403076,744.040527,0.362549,0.000000,-3.920359,0.000000,18.000000
1.000000,744.403076,744.038086,0.364990,0.000000,-2.593994,0.000000,18.000000
1.000000,744.403076,744.038086,0.364990,0.000000,-0.463044,0.000000,18.000000
1.000000,744.403076,744.038086,0.364990,0.000000,-0.022699,0.000000,18.000000
1.000000,744.403076,744.038086,0.364990,0.000000,-0.006234,0.000000,18.000000
1.000000,744.403076,744.038086,0.364990,0.000000,-0.000470,0.000000,18.000000
1.000000,744.403076,744.038086,0.364990,0.000000,-0.000055,0.000000,18.000000
1.000000,744.403076,744.038086,0.364990,0.000000,-0.000006,0.000000,18.000000
1.000000,744.403076,744.038086,0.364990,0.000000,-0.000001,0.000000,18.000000
1.000000,744.403076,744.038086,0.364990,0.000000,-0.000000,0.000000,18.000000
1.000000,744.403076,744.038086,0.364990,0.000000,-0.000000,0.000000,18.000000
1.000000,744.403076,744.038086,0.364990,0.000000,-0.000000,0.000000,18.000000
1.000000,744.403076,744.038086,0.364990,0.000000,-0.000000,0.000000,18.000000
1.000000,744.403076,744.036865,0.366211,0.000000,-1.400000,0.000000,18.000000
1.000000,744.403076,744.033203,0.369873,0.000000,-3.966352,0.000000,18.000000
1.000000,744.403076,744.033203,0.369873,0.000000,-2.593994,0.000000,18.000000
1.000000,744.403076,744.033203,0.369873,0.000000,-0.195636,0.000000,18.000000
1.000000,744.403076,744.033203,0.369873,0.000000,-0.034922,0.000000,18.000000
1.000000,744.403076,744.033203,0.369873,0.000000,-0.002634,0.000000,18.000000
1.000000,744.403076,744.033203,0.369873,0.000000,-0.000470,0.000000,18.000000
1.000000,744.403076,744.033203,0.369873,0.000000,-0.000023,0.000000,18.000000
1.000000,744.403076,744.033203,0.369873,0.000000,-0.000006,0.000000,18.000000
1.000000,744.403076,744.033203,0.369873,0.000000,-0.000000,0.000000,18.000000
1.000000,744.403076,744.033203,0.369873,0.000000,-0.000000,0.000000,18.000000
1.000000,744.403076,744.033203,0.369873,0.000000,-0.000000,0.000000,18.000000
1.000000,744.403076,744.033203,0.369873,0.000000,-0.000000,0.000000,18.000000
1.000000,744.403076,744.033203,0.369873,0.000000,-0.000000,0.000000,18.000000
1.000000,744.403076,744.033203,0.369873,0.000000,-0.000000,0.000000,18.000000
1.000000,744.403076,744.033203,0.369873,0.000000,-0.000000,0.000000,18.000000
1.000000,744.403076,744.033203,0.369873,0.000000,-0.000000,0.000000,18.000000
1.000000,744.403076,744.033203,0.369873,0.000000,-0.000000,0.000000,18.000000
1.000000,744.403076,744.033203,0.369873,0.000000,-0.000000,0.000000,18.000000
1.000000,744.403076,744.033203,0.369873,0.000000,-0.000000,0.000000,18.000000
1.000000,744.403076,744.033203,0.369873,0.000000,-0.000000,0.000000,18.000000
1.000000,744.403076,744.033203,0.369873,0.000000,-0.000000,0.000000,18.000000
1.000000,744.403076,744.033203,0.369873,0.000000,-0.000000,0.000000,18.000000
1.000000,744.403076,744.033203,0.369873,0.000000,-0.000000,0.000000,18.000000
1.000000,744.403076,744.033203,0.369873,0.000000,-0.000000,0.000000,18.000000
1.000000,744.403076,744.033203,0.369873,0.000000,-0.000000,0.000000,18.000000
1.000000,744.403076,744.033203,0.369873,0.000000,-0.000000,0.000000,18.000000
1.000000,744.403076,744.033203,0.369873,0.000000,-0.000000,0.000000,18.000000
1.000000,744.403076,744.033203,0.369873,0.000000,-0.000000,0.000000,18.000000
1.000000,744.403076,744.033203,0.369873,0.000000,-0.000000,0.000000,18.000000
1.000000,744.403076,744.033203,0.369873,0.000000,-0.000000,0.000000,18.000000
1.000000,744.403076,744.033203,0.369873,0.000000,-0.000000,0.000000,18.000000
1.000000,744.403076,744.033203,0.369873,0.000000,-0.000000,0.000000,18.000000
1.000000,744.403076,744.033203,0.369873,0.000000,-0.000000,0.000000,18.000000
1.000000,744.403076,744.033203,0.369873,0.000000,-0.000000,0.000000,18.000000
1.000000,744.403076,744.033203,0.369873,0.000000,-0.000000,0.000000,18.000000
1.000000,744.403076,744.033203,0.369873,0.000000,-0.000000,0.000000,18.000000
1.000000,744.403076,744.033203,0.369873,0.000000,-0.000000,0.000000,18.000000
1.000000,744.403076,744.033203,0.369873,0.000000,-0.000000,0.000000,18.000000
1.000000,744.403076,744.033203,0.369873,0.000000,-0.000000,0.000000,18.000000
1.000000,744.403076,744.033203,0.369873,0.000000,-0.000000,0.000000,18.000000
1.000000,744.403076,744.033203,0.369873,0.000000,-0.000000,0.000000,18.000000
1.000000,744.403076,744.033203,0.369873,0.000000,-0.000000,0.000000,18.000000
1.000000,744.403076,744.033203,0.369873,0.000000,-0.000000,0.000000,18.000000
1.000000,744.403076,744.033203,0.369873,0.000000,-0.000000,0.000000,18.000000
1.000000,744.403076,744.033203,0.369873,0.000000,-0.000000,0.000000,18.000000
1.000000,744.403076,744.033203,0.369873,0.000000,-0.000000,0.000000,18.000000
1.000000,744.403076,744.033203,0.369873,0.000000,-0.000000,0.000000,18.000000
1.000000,744.403076,744.033203,0.369873,0.000000,-0.000000,0.000000,18.000000
1.000000,744.403076,744.033203,0.369873,0.000000,-0.000000,0.000000,18.000000
1.000000,744.403076,744.033203,0.369873,0.000000,-0.000000,0.000000,18.000000
1.000000,744.403076,744.033203,0.369873,0.000000,-0.000000,0.000000,18.000000
1.000000,744.403076,744.033203,0.369873,0.000000,-0.000000,0.000000,18.000000
1.000000,744.403076,744.033203,0.369873,0.000000,-0.000000,0.000000,18.000000
1.000000,744.403076,744.033203,0.369873,0.000000,-0.000000,0.000000,18.000000
1.000000,744.403076,744.033203,0.369873,0.000000,-0.000000,0.000000,18.000000
1.000000,744.403076,744.033203,0.369873,0.000000,-0.000000,0.000000,18.000000
1.000000,744.403076,744.033203,0.369873,0.000000,-0.000000,0.000000,18.000000
1.000000,744.403076,744.033203,0.369873,0.000000,-0.000000,0.000000,18.000000
1.000000,744.403076,744.033203,0.369873,0.000000,-0.000000,0.000000,18.000000
1.000000,744.403076,744.033203,0.369873,0.000000,-0.000000,0.000000,18.000000
1.000000,744.403076,744.033203,0.369873,0.000000,-0.000000,0.000000,18.000000
1.000000,744.403076,744.033203,0.369873,0.000000,-0.000000,0.000000,18.000000
1.000000,744.403076,744.033203,0.369873,0.000000,-0.000000,0.000000,18.000000
1.000000,744.403076,744.033203,0.369873,0.000000,-0.000000,0.000000,18.000000
1.000000,744.403076,744.033203,0.369873,0.000000,-0.000000,0.000000,18.000000
1.000000,744.403076,744.033203,0.369873,0.000000,-0.000000,0.000000,18.000000
1.000000,744.403076,744.033203,0.369873,0.000000,-0.000000,0.000000,18.000000
1.000000,744.403076,744.033203,0.369873,0.000000,-0.000000,0.000000,18.000000
1.000000,744.403076,744.033203,0.369873,0.000000,-0.000000,0.000000,18.000000
1.000000,744.403076,744.033203,0.369873,0.000000,-0.000000,0.000000,18.000000
1.000000,744.403076,744.033203,0.369873,0.000000,-0.000000,0.000000,18.000000
1.000000,744.403076,744.033203,0.369873,0.000000,-0.000000,0.000000,18.000000
1.000000,744.403076,744.033203,0.369873,0.000000,-0.000000,0.000000,18.000000
1.000000,744.403076,744.033203,0.369873,0.000000,-0.000000,0.000000,18.000000
1.000000,744.403076,744.033203,0.369873,0.000000,-0.000000,0.000000,18.000000
1.000000,744.403076,744.033203,0.369873,0.000000,-0.000000,0.000000,18.000000
1.000000,744.403076,744.033203,0.369873,0.000000,-0.000000,0.000000,18.000000
1.000000,744.403076,744.033203,0.369873,0.000000,-0.000000,0.000000,18.000000
1.000000,744.403076,744.033203,0.369873,0.000000,-0.000000,0.000000,18.000000
1.000000,744.403076,744.033203,0.369873,0.000000,-0.000000,0.000000,18.000000
1.000000,744.403076,744.033203,0.369873,0.000000,-0.000000,0.000000,18.000000
1.000000,744.403076,744.033203,0.369873,0.000000,-0.000000,0.000000,18.000000
1.000000,744.403076,744.033203,0.369873,0.000000,-0.000000,0.000000,18.000000
1.000000,744.403076,744.033203,0.369873,0.000000,-0.000000,0.000000,18.000000
1.000000,744.403076,744.033203,0.369873,0.000000,-0.000000,0.000000,18.000000
3.000000,784.033203,744.033203,40.000000,4200.000000,-0.000000,6500.000000,18.000000
3.000000,784.033203,744.141846,39.891357,4200.000000,33.494999,6500.000000,18.000000
3.000000,784.033203,744.534912,39.498291,4200.000000,334.743591,6500.000000,18.000000
2.000000,720.000000,745.800781,-25.800781,4864.650879,1014.386597,6500.000000,18.000000
2.000000,720.000000,747.097168,-27.097168,4978.864746,1592.855957,6500.000000,18.000000
2.000000,720.000000,749.716797,-29.716797,5109.682617,2431.260498,6500.000000,18.000000
2.000000,720.000000,752.012939,-32.012939,5163.911133,2972.395996,6500.000000,18.000000
2.000000,760.000000,756.107178,3.892822,5206.252441,3892.767334,6500.000000,18.000000
2.000000,760.000000,759.355469,0.644531,5203.352051,4484.531250,6500.000000,18.000000
2.000000,760.000000,764.688721,-4.688721,5171.352539,5349.545410,-6500.000000,19.000000
2.000000,760.000000,768.879395,-8.879395,5111.909180,5780.505859,-6500.000000,19.000000
2.000000,760.000000,774.249268,-14.249268,5077.712402,5482.680176,-6500.000000,19.000000
2.000000,760.000000,777.507324,-17.507324,5074.226074,5131.913574,4906.000000,19.000000
2.000000,760.000000,781.677246,-21.677246,5112.026367,4301.472656,6500.000000,19.000000
2.000000,760.000000,784.534912,-24.534912,5132.563477,4183.511719,6500.000000,19.000000
2.000000,760.000000,789.323730,-29.323730,5133.229980,4631.185547,6500.000000,19.000000
2.000000,760.000000,792.960205,-32.960205,5107.038574,5053.533203,-6175.000000,19.000000
2.000000,800.000000,798.746338,1.253662,5047.866211,5752.441406,-6500.000000,19.000000
2.000000,800.000000,802.364502,-2.364502,5022.773438,5643.257324,-6500.000000,20.000000
2.000000,800.000000,807.226563,-7.226563,5019.045410,5077.783203,2116.000000,20.000000
2.000000,800.000000,810.124512,-10.124512,5037.165527,4487.630859,6500.000000,20.000000
2.000000,800.000000,814.627686,-14.627686,5054.970703,4412.186035,6500.000000,20.000000
2.000000,800.000000,817.976074,-17.976074,5046.064453,4780.529297,2367.000000,20.000000
2.000000,800.000000,822.589111,-22.589111,5009.278320,5257.521484,-6500.000000,20.000000
2.000000,800.000000,827.961426,-27.961426,4974.935547,5478.187012,-6500.000000,20.000000
2.000000,800.000000,831.191406,-31.191406,4973.133789,5096.528320,1966.000000,20.000000
2.000000,800.000000,835.654297,-35.654297,4993.355469,4555.034180,6500.000000,20.000000
2.000000,840.000000,838.760986,1.239014,4998.951172,4518.579590,6500.000000,20.000000
2.000000,840.000000,844.846191,-4.846191,4921.834961,5195.262207,-6500.000000,21.000000
2.000000,840.000000,848.480225,-8.480225,4895.790039,5439.267090,-6500.000000,21.000000
2.000000,840.000000,852.593994,-12.593994,4936.958984,5016.975586,515.000000,21.000000
2.000000,840.000000,856.282959,-16.282959,4907.618164,4583.936035,6500.000000,21.000000
2.000000,840.000000,860.406494,-20.406494,4948.202148,4210.565430,6500.000000,21.000000
2.000000,840.000000,863.344727,-23.344727,4963.905273,4168.034668,6500.000000,21.000000
2.000000,840.000000,867.753906,-27.753906,4987.349609,4997.215332,-3813.000000,21.000000
2.000000,840.000000,871.390381,-31.390381,4961.158203,5445.323730,-6500.000000,21.000000
2.000000,840.000000,877.581787,-37.581787,4877.669922,5342.979980,-6500.000000,21.000000
2.000000,880.000000,880.574951,-0.574951,4890.077148,4902.240723,5601.000000,22.000000
2.000000,880.000000,885.025635,-5.025635,4911.031250,4443.738281,6500.000000,22.000000
2.000000,880.000000,888.233643,-8.233643,4910.547852,4650.526367,2476.000000,22.000000
2.000000,880.000000,893.336182,-13.336182,4892.391602,5060.819336,-4715.000000,22.000000
2.000000,880.000000,896.735840,-16.735840,4880.409180,5102.875977,-3222.000000,22.000000
2.000000,880.000000,901.539307,-21.539307,4880.196289,4727.261719,3670.000000,22.000000
2.000000,880.000000,904.625244,-24.625244,4887.037109,4689.885254,4982.000000,22.000000
2.000000,880.000000,909.543457,-29.543457,4879.940430,4829.748535,-301.000000,22.000000
2.000000,880.000000,912.966309,-32.966309,4866.566406,5043.367188,-4727.000000,22.000000
2.000000,880.000000,917.845459,-37.845459,4861.812500,4930.915527,-684.000000,22.000000
2.000000,920.000000,920.961914,-0.961914,4866.822266,4760.985840,4240.000000,23.000000
2.000000,920.000000,925.783691,-5.783691,4865.511719,4702.906738,3078.000000,23.000000
2.000000,920.000000,929.084473,-9.084473,4859.461914,4896.401367,-2143.000000,23.000000
2.000000,920.000000,934.072266,-14.072266,4848.189453,4972.486328,-2399.000000,23.000000
2.000000,920.000000,937.213135,-17.213135,4851.734375,4784.397949,4891.000000,23.000000
2.000000,920.000000,941.684570,-21.684570,4871.444336,4488.178711,6500.000000,23.000000
2.000000,920.000000,944.987793,-24.987793,4865.248047,4692.049805,-931.000000,23.000000
2.000000,920.000000,950.291748,-30.291748,4835.005859,5260.254395,-6500.000000,23.000000
2.000000,920.000000,953.690186,-33.690186,4823.096680,5182.418945,-4927.000000,23.000000
2.000000,920.000000,958.173828,-38.173828,4842.074219,4576.955566,6362.000000,23.000000
2.000000,960.000000,961.179199,-1.179199,4853.749023,4429.080078,6500.000000,24.000000
2.000000,960.000000,966.098633,-6.098633,4846.578125,4795.915039,-1531.000000,24.000000
2.000000,960.000000,969.621582,-9.621582,4827.198242,5176.645508,-6500.000000,24.000000
2.000000,960.000000,974.450684,-14.450684,4825.448242,4885.822754,1052.000000,24.000000
2.000000,960.000000,977.370605,-17.370605,4842.250000,4563.153809,6500.000000,24.000000
2.000000,960.000000,980.842285,-20.842285,4873.945313,4368.520508,6500.000000,24.000000
2.000000,960.000000,985.777588,-25.777588,4865.822754,4584.274902,4323.000000,24.000000
2.000000,960.000000,989.138184,-29.138184,4856.184082,5093.937500,-6500.000000,24.000000
2.000000,960.000000,994.415283,-34.415283,4827.553711,5301.193359,-6500.000000,24.000000
2.000000,960.000000,997.600098,-37.600098,4828.461914,5030.951660,1286.000000,24.000000
2.000000,1000.000000,1002.030029,-2.030029,4850.661621,4415.724121,6500.000000,25.000000
2.000000,1000.000000,1005.085449,-5.085449,4859.333496,4459.478516,5459.000000,25.000000
2.000000,1000.000000,1010.087891,-10.087891,4847.182617,4954.659180,-3926.000000,25.000000
2.000000,1000.000000,1013.759766,-13.759766,4818.867188,5108.225586,-5674.000000,25.000000
2.000000,1000.000000,1018.260498,-18.260498,4836.818848,4840.604980,2459.000000,25.000000
2.000000,1000.000000,1021.235352,-21.235352,4850.324707,4518.121582,6500.000000,25.000000
2.000000,1000.000000,1025.946045,-25.946045,4855.678711,4684.248047,4114.000000,25.000000
2.000000,1000.000000,1029.406738,-29.406738,4840.034180,4961.621094,-6500.000000,25.000000
2.000000,1000.000000,1034.536133,-34.536133,4820.266113,5155.807129,-6500.000000,25.000000
2.000000,1000.000000,1037.629395,-37.629395,4826.667480,4788.094238,4236.000000,25.000000
2.000000,1040.000000,1042.005615,-2.005615,4852.089844,4356.300293,6500.000000,26.000000
2.000000,1040.000000,1045.162354,-5.162354,4854.682617,4507.310059,3317.000000,26.000000
2.000000,1040.000000,1050.356445,-10.356445,4831.032715,5111.201660,-6500.000000,26.000000
2.000000,1040.000000,1053.745117,-13.745117,4819.709473,5144.084473,-4808.000000,26.000000
2.000000,1040.000000,1058.303223,-18.303223,4834.218750,4692.386719,6036.000000,26.000000
2.000000,1040.000000,1061.182861,-21.182861,4853.437500,4399.520508,6500.000000,26.000000
2.000000,1040.000000,1065.772705,-25.772705,4866.042480,4432.646484,6500.000000,26.000000
2.000000,1040.000000,1069.123535,-29.123535,4856.989746,4789.421387,-2678.000000,26.000000
2.000000,1040.000000,1074.459229,-34.459229,4824.843750,5303.695313,-6500.000000,26.000000
2.000000,1040.000000,1077.777100,-37.777100,4817.768555,5191.214844,-4677.000000,26.000000
2.000000,1080.000000,1082.330322,-2.330322,4832.570801,4491.575195,6500.000000,27.000000
2.000000,1080.000000,1085.253906,-5.253906,4849.152832,4395.492676,6500.000000,27.000000
2.000000,1080.000000,1090.107422,-10.107422,4845.937500,4755.437500,226.000000,27.000000
2.000000,1080.000000,1093.618164,-13.618164,4827.290039,5116.214355,-6500.000000,27.000000
2.000000,1080.000000,1098.569336,-18.569336,4818.215332,5061.748047,-3587.000000,27.000000
2.000000,1080.000000,1101.525879,-21.525879,4832.819824,4687.958984,6500.000000,27.000000
2.000000,1080.000000,1106.013184,-26.013184,4851.577148,4432.525391,6500.000000,27.000000
2.000000,1080.000000,1109.229736,-29.229736,4850.581055,4661.021973,2265.000000,27.000000
2.000000,1080.000000,1114.486084,-34.486084,4823.195801,5141.681641,-6500.000000,27.000000
2.000000,1080.000000,1117.958984,-37.958984,4806.818848,5244.480957,-6500.000000,27.000000
2.000000,1120.000000,1122.623291,-2.623291,4814.956055,4812.128418,2345.000000,28.000000
2.000000,1120.000000,1125.427246,-5.427246,4838.715820,4438.102539,6500.000000,28.000000
2.000000,1120.000000,1129.985352,-9.985352,4853.225098,4428.756348,6500.000000,28.000000
2.000000,1120.000000,1133.304443,-13.304443,4846.076660,4746.013184,-3072.000000,28.000000
2.000000,1120.000000,1139.456787,-19.456787,4764.931641,5235.335449,-6500.000000,28.000000
2.000000,1120.000000,1141.936035,-21.936035,4808.173828,5137.381836,-3131.000000,28.000000
2.000000,1120.000000,1146.135254,-26.135254,4844.216309,4322.072266,6500.000000,28.000000
2.000000,1120.000000,1150.267334,-30.267334,4836.291504,4040.776611,6500.000000,28.000000
2.000000,1120.000000,1152.518311,-32.518311,4893.229980,4223.895020,6500.000000,28.000000
2.000000,1120.000000,1157.696533,-37.696533,4870.532227,5063.433594,-6500.000000,28.000000
2.000000,1160.000000,1162.276611,-2.276611,4787.724609,5412.086426,-6500.000000,29.000000
2.000000,1160.000000,1167.238770,-7.238770,4777.990723,5127.993652,-5560.000000,29.000000
2.000000,1160.000000,1170.146484,-10.146484,4795.524902,4588.755371,6500.000000,29.000000
2.000000,1160.000000,1173.659668,-13.659668,4872.729492,4279.353516,6500.000000,29.000000
2.000000,1160.000000,1177.640381,-17.640381,4825.883789,4545.598633,2073.000000,29.000000
2.000000,1160.000000,1182.872314,-22.872314,4799.963379,5089.645996,-6500.000000,29.000000
2.000000,1160.000000,1186.239014,-26.239014,4789.958496,5137.538574,-5815.000000,29.000000
2.000000,1160.000000,1190.751953,-30.751953,4807.177734,4631.172363,6249.000000,29.000000
2.000000,1160.000000,1192.937012,-32.937012,4868.071289,4370.208496,6500.000000,29.000000
2.000000,1160.000000,1198.610840,-38.610840,4815.637207,4686.809082,225.000000,29.000000
2.000000,1200.000000,1202.182617,-2.182617,4793.327637,5065.511719,-6500.000000,30.000000
2.000000,1200.000000,1207.205811,-7.205811,4779.931641,5048.043945,-6434.000000,30.000000
2.000000,1200.000000,1210.115967,-10.115967,4797.319336,4732.800293,6500.000000,30.000000
2.000000,1200.000000,1214.434814,-14.434814,4826.184082,4291.803711,6500.000000,30.000000
2.000000,1200.000000,1217.358398,-17.358398,4842.766113,4335.379395,6500.000000,30.000000
2.000000,1200.000000,1222.198486,-22.198486,4840.356445,4620.244141,1244.000000,30.000000
2.000000,1200.000000,1225.755615,-25.755615,4818.925781,5143.964844,-6500.000000,30.000000
2.000000,1200.000000,1230.959473,-30.959473,4794.689941,5232.762695,-6500.000000,30.000000
2.000000,1200.000000,1234.094238,-34.094238,4798.601074,4836.215332,4436.000000,30.000000
2.000000,1200.000000,1238.508301,-38.508301,4821.752930,4440.801270,6500.000000,30.000000
2.000000,1240.000000,1241.702881,-1.702881,4822.075195,4664.393555,-587.000000,31.000000
2.000000,1240.000000,1246.904297,-6.904297,4797.985840,5095.117676,-6500.000000,31.000000
2.000000,1240.000000,1250.072021,-10.072021,4799.919434,4936.943359,740.000000,31.000000
2.000000,1240.000000,1254.481201,-14.481201,4823.364258,4515.742188,6500.000000,31.000000
2.000000,1240.000000,1257.648926,-17.648926,4825.297852,4547.150391,3779.000000,31.000000
2.000000,1240.000000,1262.694092,-22.694092,4810.583496,5066.504395,-6142.000000,31.000000
2.000000,1240.000000,1265.831299,-25.831299,4814.348145,5095.660645,-4521.000000,31.000000
2.000000,1240.000000,1270.567627,-30.567627,4818.164063,4606.647949,6500.000000,31.000000
2.000000,1240.000000,1273.619385,-33.619385,4827.055664,4445.334473,6500.000000,31.000000
2.000000,1240.000000,1278.371582,-38.371582,4829.919434,4824.993164,-2292.000000,31.000000
2.000000,1280.000000,1281.899414,-1.899414,4810.246582,5150.931152,-6500.000000,32.000000
2.000000,1280.000000,1286.889648,-6.889648,4798.828125,4991.615234,-1916.000000,32.000000
2.000000,1280.000000,1289.812012,-9.812012,4815.483398,4561.713379,6500.000000,32.000000
2.000000,1280.000000,1294.296875,-14.296875,4834.387207,4469.516602,6500.000000,32.000000
2.000000,1280.000000,1297.583008,-17.583008,4829.216309,4770.118164,-2100.000000,32.000000
2.000000,1280.000000,1302.421875,-22.421875,4826.879883,4893.150391,913.000000,32.000000
2.000000,1280.000000,1305.280762,-25.280762,4847.343750,4393.253906,6500.000000,32.000000
2.000000,1280.000000,1309.256592,-29.256592,4848.793945,4569.223145,-451.000000,32.000000
2.000000,1280.000000,1314.658203,-34.658203,4812.692871,5291.629395,-6500.000000,32.000000
2.000000,1280.000000,1318.056641,-38.056641,4800.783691,5260.267090,-6500.000000,32.000000
2.000000,1320.000000,1322.685547,-2.685547,4811.044922,4669.704590,5674.000000,33.000000
2.000000,1320.000000,1325.617676,-5.617676,4827.114258,4416.003906,6500.000000,33.000000
2.000000,1320.000000,1330.438232,-10.438232,4825.876465,4804.366699,516.000000,33.000000
2.000000,1320.000000,1333.795166,-13.795166,4816.457520,4984.165039,-5990.000000,33.000000
2.000000,1320.000000,1338.720703,-18.720703,4808.920898,4973.627441,-1881.000000,33.000000
2.000000,1320.000000,1341.607666,-21.607666,4827.700195,4439.314453,6500.000000,33.000000
2.000000,1320.000000,1346.462402,-26.462402,4824.411621,4468.243652,6500.000000,33.000000
2.000000,1320.000000,1349.462891,-29.462891,4836.379395,4773.709473,-4789.000000,33.000000
2.000000,1320.000000,1354.812012,-34.812012,4803.427734,5274.280762,-6500.000000,33.000000
2.000000,1320.000000,1358.020020,-38.020020,4802.944336,5078.605469,-2046.000000,33.000000
2.000000,1360.000000,1362.454834,-2.454834,4824.851074,4458.651855,6500.000000,34.000000
2.000000,1360.000000,1365.405273,-5.405273,4839.821777,4382.704102,6500.000000,34.000000
2.000000,1360.000000,1370.465088,-10.465088,4824.228516,4875.065430,-4100.000000,34.000000
2.000000,1360.000000,1373.933105,-13.933105,4808.144531,5188.074219,-6500.000000,34.000000
2.000000,1360.000000,1378.668213,-18.668213,4812.033691,4864.004883,1289.000000,34.000000
2.000000,1360.000000,1381.596680,-21.596680,4828.322754,4513.272949,6500.000000,34.000000
2.000000,1360.000000,1386.300049,-26.300049,4834.116211,4651.349121,4386.000000,34.000000
2.000000,1360.000000,1389.694824,-29.694824,4822.426758,4932.070801,-6500.000000,34.000000
2.000000,1360.000000,1394.858398,-34.858398,4800.607910,5168.355469,-6500.000000,34.000000
2.000000,1360.000000,1397.937012,-37.937012,4807.888184,4732.370605,4528.000000,34.000000
2.000000,1400.000000,1402.442627,-2.442627,4825.546875,4370.217773,6500.000000,35.000000
2.000000,1400.000000,1405.462646,-5.462646,4836.342773,4576.356934,2074.000000,35.000000
2.000000,1400.000000,1410.695801,-10.695801,4810.349121,5106.398438,-6500.000000,35.000000
2.000000,1400.000000,1413.955078,-13.955078,4806.789551,5131.747070,-4531.000000,35.000000
2.000000,1400.000000,1418.092041,-18.092041,4846.567383,4271.790527,6500.000000,35.000000
2.000000,1400.000000,1420.714111,-20.714111,4881.240234,3899.259033,6500.000000,35.000000
2.000000,1400.000000,1425.203857,-25.203857,4899.851074,4287.810547,6500.000000,35.000000
2.000000,1400.000000,1428.560791,-28.560791,4890.432129,4865.693359,-5177.000000,35.000000
2.000000,1400.000000,1434.147949,-34.147949,4843.198242,5462.769531,-6500.000000,35.000000
2.000000,1400.000000,1437.558594,-37.558594,4830.556641,5312.085449,-6500.000000,35.000000
2.000000,1440.000000,1442.832031,-2.832031,4802.145996,4518.937988,6500.000000,36.000000
2.000000,1440.000000,1444.976807,-4.976807,4865.456543,4339.837891,6500.000000,36.000000
2.000000,1440.000000,1450.571289,-10.571289,4817.783203,4708.086426,-20.000000,36.000000
2.000000,1440.000000,1454.001465,-14.001465,4803.969727,5062.702637,-6500.000000,36.000000
2.000000,1440.000000,1458.846436,-18.846436,4801.267090,4946.251465,-1545.000000,36.000000
2.000000,1440.000000,1461.156006,-21.156006,4854.689941,4664.036133,6468.000000,36.000000
2.000000,1440.000000,1465.778809,-25.778809,4817.321777,4603.546875,4614.000000,36.000000
2.000000,1440.000000,1470.836182,-30.836182,4801.875000,4973.494141,-5710.000000,36.000000
2.000000,1440.000000,1473.463135,-33.463135,4836.254883,5097.870605,-5089.000000,36.000000
2.000000,1440.000000,1478.868408,-38.868408,4799.934082,4735.729004,3269.000000,36.000000
2.000000,1480.000000,1481.972656,-1.972656,4805.676270,4558.272949,5875.000000,37.000000
2.000000,1480.000000,1486.744385,-6.744385,4807.368164,4717.248047,266.000000,37.000000
2.000000,1480.000000,1489.300537,-9.300537,4845.996094,4922.385742,-2473.000000,37.000000
2.000000,1480.000000,1494.967041,-14.967041,4794.001465,4912.503418,-1999.000000,37.000000
2.000000,1480.000000,1497.796631,-17.796631,4816.223145,4561.875488,6500.000000,37.000000
2.000000,1480.000000,1501.914063,-21.914063,4857.172852,4032.518555,6500.000000,37.000000
2.000000,1480.000000,1505.152588,-25.152588,4854.858398,4485.909668,2687.000000,37.000000
2.000000,1480.000000,1510.607910,-30.607910,4815.534668,5346.061523,-6500.000000,37.000000
2.000000,1480.000000,1514.111328,-34.111328,4797.326660,5361.055176,-6500.000000,37.000000
2.000000,1480.000000,1518.858643,-38.858643,4800.483398,4899.688477,1001.000000,37.000000
2.000000,1520.000000,1521.749268,-1.749268,4819.042969,4372.445313,6500.000000,38.000000
2.000000,1520.000000,1526.372070,-6.372070,4829.670410,4539.235352,4956.000000,38.000000
2.000000,1520.000000,1529.759521,-9.759521,4818.420410,4832.272949,-3396.000000,38.000000
2.000000,1520.000000,1534.794922,-14.794922,4804.291992,5044.904785,-4985.000000,38.000000
2.000000,1520.000000,1537.175293,-17.175293,4853.466797,4909.944336,1942.000000,38.000000
2.000000,1520.000000,1542.402344,-22.402344,4827.839355,4497.898438,6500.000000,38.000000
2.000000,1520.000000,1545.543213,-25.543213,4831.384277,4452.406250,5528.000000,38.000000
2.000000,1520.000000,1550.687256,-30.687256,4810.737305,4979.457031,-6111.000000,38.000000
2.000000,1520.000000,1554.099121,-34.099121,4798.022461,5209.821777,-6500.000000,38.000000
2.000000,1520.000000,1558.830566,-38.830566,4802.131348,4882.843262,1463.000000,38.000000
2.000000,1560.000000,1561.696777,-1.696777,4822.155762,4429.679199,6500.000000,39.000000
2.000000,1560.000000,1566.322021,-6.322021,4832.636719,4524.845703,6500.000000,39.000000
2.000000,1560.000000,1569.780273,-9.780273,4817.138672,4882.473145,-6500.000000,39.000000
2.000000,1560.000000,1574.858398,-14.858398,4800.446777,5082.751953,-5357.000000,39.000000
2.000000,1560.000000,1577.915039,-17.915039,4809.045410,4778.488281,3534.000000,39.000000
2.000000,1560.000000,1582.421875,-22.421875,4826.630859,4474.327637,6500.000000,39.000000
2.000000,1560.000000,1585.605469,-25.605469,4827.612305,4626.225098,1087.000000,39.000000
2.000000,1560.000000,1590.668945,-30.668945,4811.799316,5036.214355,-6207.000000,39.000000
2.000000,1560.000000,1593.970947,-33.970947,4805.676270,5028.962402,-1762.000000,39.000000
2.000000,1560.000000,1598.576660,-38.576660,4817.329102,4630.444336,5673.000000,39.000000
2.000000,1600.000000,1601.657715,-1.657715,4824.462891,4574.582520,4743.000000,40.000000
2.000000,1600.000000,1606.478271,-6.478271,4823.225098,4894.242676,-3466.000000,40.000000
2.000000,1600.000000,1609.892578,-9.892578,4810.363770,5047.547852,-5014.000000,40.000000
2.000000,1600.000000,1614.816895,-14.816895,4802.900391,4824.519043,1560.000000,40.000000
2.000000,1600.000000,1616.828613,-16.828613,4874.194336,4555.926270,6500.000000,40.000000
2.000000,1600.000000,1621.778564,-21.778564,4865.192871,4232.907227,6500.000000,40.000000
2.000000,1600.000000,1625.415039,-25.415039,4887.004395,4232.575195,6500.000000,40.000000
2.000000,1600.000000,1628.781738,-28.781738,4876.999512,4624.963379,-921.000000,40.000000
2.000000,1600.000000,1634.382324,-34.382324,4828.959961,5552.475098,-6500.000000,40.000000
2.000000,1600.000000,1638.225098,-38.225098,4790.390625,5567.213867,-6500.000000,40.000000
2.000000,1640.000000,1642.889404,-2.889404,4798.527832,4968.680664,-2515.000000,41.000000
2.000000,1640.000000,1645.756836,-5.756836,4818.479004,4511.268555,6500.000000,41.000000
2.000000,1640.000000,1650.115967,-10.115967,4844.926758,4283.850098,6500.000000,41.000000
2.000000,1640.000000,1653.271484,-13.271484,4847.592773,4520.922852,4720.000000,41.000000
2.000000,1640.000000,1658.482666,-18.482666,4822.917480,5124.523438,-6500.000000,41.000000
2.000000,1640.000000,1661.956787,-21.956787,4806.467285,5296.385254,-6500.000000,41.000000
2.000000,1640.000000,1666.730957,-26.730957,4808.012695,4831.895996,2584.000000,41.000000
2.000000,1640.000000,1669.544678,-29.544678,4831.186523,4366.721680,6500.000000,41.000000
2.000000,1640.000000,1674.130859,-34.130859,4844.011230,4482.546387,6500.000000,41.000000
2.000000,1640.000000,1677.515869,-37.515869,4832.907715,4909.197266,-5947.000000,41.000000
2.000000,1680.000000,1682.716064,-2.716064,4808.891602,5168.353027,-6500.000000,42.000000
2.000000,1680.000000,1685.869141,-5.869141,4811.704102,4939.634766,1962.000000,42.000000
2.000000,1680.000000,1690.255127,-10.255127,4836.540527,4355.025391,6500.000000,42.000000
2.000000,1680.000000,1693.303223,-13.303223,4845.651855,4448.240723,6490.000000,42.000000
2.000000,1680.000000,1698.326416,-18.326416,4832.255859,4995.893066,-5087.000000,42.000000
2.000000,1680.000000,1701.470947,-21.470947,4835.581055,4795.521484,4829.000000,42.000000
2.000000,1680.000000,1705.629883,-25.629883,4874.040527,4163.061035,6500.000000,42.000000
2.000000,1680.000000,1708.771973,-28.771973,4877.512207,4518.941895,2494.000000,42.000000
2.000000,1680.000000,1714.243164,-34.243164,4837.236328,5331.032715,-6500.000000,42.000000
2.000000,1680.000000,1717.744141,-37.744141,4819.174805,5382.654785,-6500.000000,42.000000
2.000000,1720.000000,1722.521973,-2.521973,4820.500488,4876.546875,1322.000000,43.000000
2.000000,1720.000000,1725.397949,-5.397949,4839.938965,4471.822266,6500.000000,43.000000
2.000000,1720.000000,1730.032959,-10.032959,4849.833984,4509.069824,6280.000000,43.000000
2.000000,1720.000000,1733.354492,-13.354492,4842.539063,4813.317383,-3419.000000,43.000000
2.000000,1720.000000,1738.557129,-18.557129,4818.376465,5201.004883,-6500.000000,43.000000
2.000000,1720.000000,1741.793213,-21.793213,4816.208496,4994.740723,70.000000,43.000000
2.000000,1720.000000,1746.165771,-26.165771,4841.850586,4342.625000,6500.000000,43.000000
2.000000,1720.000000,1749.169922,-29.169922,4853.598633,4367.547363,6500.000000,43.000000
2.000000,1720.000000,1754.206543,-34.206543,4839.396973,4947.857422,-4536.000000,43.000000
2.000000,1720.000000,1757.735596,-37.735596,4819.650879,5254.422363,-6500.000000,43.000000
2.000000,1760.000000,1762.601318,-2.601318,4815.703125,4959.513672,-1103.000000,44.000000
2.000000,1760.000000,1765.522461,-5.522461,4832.431641,4520.238770,6500.000000,44.000000
2.000000,1760.000000,1769.995117,-9.995117,4804.072266,4412.993652,6500.000000,44.000000
2.000000,1760.000000,1774.251709,-14.251709,4836.672363,4905.453125,-3755.000000,44.000000
2.000000,1760.000000,1777.895508,-17.895508,4810.041504,5207.224121,-6500.000000,44.000000
2.000000,1760.000000,1782.392578,-22.392578,4828.212891,4830.889648,3513.000000,44.000000
2.000000,1760.000000,1785.050049,-25.050049,4860.761719,4171.931152,6500.000000,44.000000
2.000000,1760.000000,1789.381104,-29.381104,4888.894043,4235.123047,6500.000000,44.000000
2.000000,1760.000000,1792.716064,-32.716064,4880.793457,4716.589355,-3040.000000,44.000000
2.000000,1760.000000,1798.049316,-38.049316,4848.793945,5322.288086,-6500.000000,44.000000
2.000000,1800.000000,1801.500244,-1.500244,4833.735352,5235.270996,-4636.000000,45.000000
2.000000,1800.000000,1806.711426,-6.711426,4809.060059,4630.193359,6500.000000,45.000000
2.000000,1800.000000,1808.891602,-8.891602,4870.246582,4362.417969,6500.000000,45.000000
2.000000,1800.000000,1814.493408,-14.493408,4822.133789,4761.577637,2641.000000,45.000000
2.000000,1800.000000,1817.095947,-17.095947,4857.978516,5086.201172,-6215.000000,45.000000
2.000000,1800.000000,1822.835693,-22.835693,4801.589355,4961.043945,-1953.000000,45.000000
2.000000,1800.000000,1825.821533,-25.821533,4814.436035,4561.356445,6500.000000,45.000000
2.000000,1800.000000,1830.411377,-30.411377,4827.041016,4519.064941,5485.000000,45.000000
2.000000,1800.000000,1833.802490,-33.802490,4815.571289,4811.876465,-4760.000000,45.000000
2.000000,1800.000000,1838.969727,-38.969727,4793.532715,5111.164063,-6336.000000,45.000000
2.000000,1840.000000,1841.975098,-1.975098,4805.207520,4913.590820,2643.000000,46.000000
2.000000,1840.000000,1846.505127,-6.505127,4821.401367,4434.876953,6500.000000,46.000000
2.000000,1840.000000,1849.649658,-9.649658,4824.726563,4568.009277,1205.000000,46.000000
2.000000,1840.000000,1854.843750,-14.843750,4801.076660,5105.850098,-6500.000000,46.000000
2.000000,1840.000000,1858.090820,-18.090820,4798.249512,5022.117676,-1297.000000,46.000000
2.000000,1840.000000,1862.452393,-22.452393,4824.550781,4514.705566,6500.000000,46.000000
2.000000,1840.000000,1865.303955,-25.303955,4845.454102,4227.739746,6500.000000,46.000000
2.000000,1840.000000,1870.026855,-30.026855,4850.075684,4622.483887,5462.000000,46.000000
2.000000,1840.000000,1873.551025,-33.551025,4830.622559,4991.941895,-6500.000000,46.000000
2.000000,1840.000000,1878.870850,-38.870850,4799.428711,5326.892090,-6500.000000,46.000000
2.000000,1880.000000,1882.034912,-2.034912,4801.582031,4948.357422,-1234.000000,47.000000
2.000000,1880.000000,1886.456299,-6.456299,4824.294434,4440.291504,6500.000000,47.000000
2.000000,1880.000000,1889.428711,-9.428711,4837.946777,4357.201660,6500.000000,47.000000
2.000000,1880.000000,1894.465332,-14.465332,4823.745117,4873.371094,-3254.000000,47.000000
2.000000,1880.000000,1897.919922,-17.919922,4808.466797,5099.602539,-6500.000000,47.000000
2.000000,1880.000000,1902.659912,-22.659912,4812.062988,4859.619629,644.000000,47.000000
2.000000,1880.000000,1905.653076,-25.653076,4824.470215,4597.656250,6500.000000,47.000000
2.000000,1880.000000,1910.356445,-30.356445,4830.263672,4551.978516,5267.000000,47.000000
2.000000,1880.000000,1913.748779,-33.748779,4818.720703,4911.897461,-6500.000000,47.000000
2.000000,1880.000000,1918.004150,-38.004150,4803.398438,5137.112793,-6061.000000,47.000000
2.000000,1920.000000,1922.648926,-2.648926,4812.707520,4699.419922,4545.000000,48.000000
2.000000,1920.000000,1925.416260,-5.416260,4838.664551,4508.650391,6500.000000,48.000000
2.000000,1920.000000,1930.476074,-10.476074,4823.071289,4720.100098,1153.000000,48.000000
2.000000,1920.000000,1933.666992,-13.666992,4823.613281,4959.130371,-5180.000000,48.000000
2.000000,1920.000000,1938.669434,-18.669434,4811.462402,4762.536133,1174.000000,48.000000
2.000000,1920.000000,1941.196289,-21.196289,4851.848145,4315.419434,6500.000000,48.000000
2.000000,1920.000000,1945.386963,-25.386963,4888.403320,4018.644531,6500.000000,48.000000
2.000000,1920.000000,1948.708496,-28.708496,4881.108398,4684.020508,1748.000000,48.000000
2.000000,1920.000000,1953.980713,-33.980713,4852.770996,5368.008789,-6500.000000,48.000000
2.000000,1920.000000,1957.514648,-37.514648,4832.731934,5429.437988,-6500.000000,48.000000
2.000000,1960.000000,1962.246094,-2.246094,4836.840820,4896.875488,1582.000000,49.000000
2.000000,1960.000000,1965.053711,-5.053711,4860.380859,4400.317383,6500.000000,49.000000
2.000000,1960.000000,1969.526367,-9.526367,4880.017090,4394.944824,6500.000000,49.000000
2.000000,1960.000000,1972.862549,-12.862549,4871.843262,4723.660645,-1125.000000,49.000000
2.000000,1960.000000,1978.104248,-18.104248,4845.336914,5200.318359,-6500.000000,49.000000
2.000000,1960.000000,1981.441650,-21.441650,4837.089844,5168.161621,-4811.000000,49.000000
2.000000,1960.000000,1985.903320,-25.903320,4857.385254,4619.978027,6500.000000,49.000000
2.000000,1960.000000,1988.779297,-28.779297,4876.823730,4301.106934,6500.000000,49.000000
2.000000,1960.000000,1993.563232,-33.563232,4877.783203,4697.268555,4332.000000,49.000000
2.000000,1960.000000,1997.111816,-37.111816,4856.865234,5031.224121,-6500.000000,49.000000
2.000000,2000.000000,2002.399902,-2.399902,4827.575684,5312.949219,-6500.000000,50.000000
2.000000,2000.000000,2005.588379,-5.588379,4828.264160,4938.814453,-134.000000,50.000000
2.000000,2000.000000,2009.787598,-9.787598,4864.306641,4394.432129,6500.000000,50.000000
2.000000,2000.000000,2012.781982,-12.781982,4876.640625,4270.878418,6500.000000,50.000000
2.000000,2000.000000,2017.661133,-17.661133,4871.887207,4704.079590,2112.000000,50.000000
2.000000,2000.000000,2021.173096,-21.173096,4853.166504,5108.964844,-6500.000000,50.000000
2.000000,2000.000000,2026.204834,-26.204834,4839.257813,5143.482422,-4785.000000,50.000000
2.000000,2000.000000,2029.146729,-29.146729,4854.741211,4729.231934,6500.000000,50.000000
2.000000,2000.000000,2033.629150,-33.629150,4873.791504,4460.798828,6500.000000,50.000000
2.000000,2000.000000,2036.887207,-36.887207,4870.305176,4733.130859,-68.000000,50.000000
2.000000,2040.000000,2042.208252,-2.208252,4839.038086,5241.177734,-6500.000000,51.000000
2.000000,2040.000000,2045.611572,-5.611572,4826.835938,5154.060059,-4027.000000,51.000000
2.000000,2040.000000,2050.097656,-10.097656,4845.673828,4516.956055,6500.000000,51.000000
2.000000,2040.000000,2053.061523,-13.061523,4859.853516,4437.109375,6500.000000,51.000000
2.000000,2040.000000,2057.955322,-17.955322,4854.243164,4754.803711,-303.000000,51.000000
2.000000,2040.000000,2061.419678,-21.419678,4838.393555,5154.267578,-6500.000000,51.000000
2.000000,2040.000000,2066.353760,-26.353760,4830.366211,4947.440430,-311.000000,51.000000
2.000000,2040.000000,2069.199219,-29.199219,4851.650391,4493.942871,6500.000000,51.000000
2.000000,2040.000000,2073.006592,-33.006592,4863.222656,4545.014160,5579.000000,51.000000
2.000000,2040.000000,2078.057861,-38.057861,4848.164063,5029.880371,-6277.000000,51.000000
2.000000,2080.000000,2081.596680,-1.596680,4827.846680,5203.062500,-6500.000000,52.000000
2.000000,2080.000000,2086.385498,-6.385498,4828.535156,4819.554199,2681.000000,52.000000
2.000000,2080.000000,2089.290771,-9.290771,4846.230469,4475.125000,6500.000000,52.000000
2.000000,2080.000000,2093.879395,-13.879395,4858.930664,4621.455566,2872.000000,52.000000
2.000000,2080.000000,2097.404785,-17.404785,4839.418945,4989.642090,-5884.000000,52.000000
2.000000,2080.000000,2102.414551,-22.414551,4826.850586,5039.696289,-3775.000000,52.000000
2.000000,2080.000000,2105.429688,-25.429688,4837.954102,4764.953125,6500.000000,52.000000
2.000000,2080.000000,2109.927979,-29.927979,4856.074219,4426.841309,6500.000000,52.000000
2.000000,2080.000000,2113.176270,-33.176270,4853.188477,4700.766602,-2320.000000,52.000000
2.000000,2080.000000,2119.295654,-39.295654,4774.042969,5187.820801,-6500.000000,52.000000
2.000000,2120.000000,2121.710205,-1.710205,4821.181641,5037.400879,-1441.000000,53.000000
2.000000,2120.000000,2126.263428,-6.263428,4836.005859,4520.083984,6500.000000,53.000000
2.000000,2120.000000,2129.248047,-9.248047,4848.940430,4511.912109,6029.000000,53.000000
2.000000,2120.000000,2135.137939,-15.137939,4783.564453,4965.549316,-6488.000000,53.000000
2.000000,2120.000000,2138.459473,-18.459473,4776.284180,5072.401855,-3757.000000,53.000000
2.000000,2120.000000,2143.040771,-23.040771,4789.423828,4644.591797,4598.000000,53.000000
2.000000,2120.000000,2145.922852,-25.922852,4808.510742,4418.562012,6500.000000,53.000000
2.000000,2120.000000,2150.662842,-30.662842,4812.128906,4621.416016,2060.000000,53.000000
2.000000,2120.000000,2154.123535,-34.123535,4796.499023,5043.316895,-6500.000000,53.000000
2.000000,2120.000000,2159.155273,-39.155273,4782.612305,5050.691406,-4512.000000,53.000000
2.000000,2160.000000,2162.187500,-2.187500,4792.690430,4671.076172,6313.000000,54.000000
2.000000,2160.000000,2166.751709,-6.751709,4806.855469,4518.610352,5503.000000,54.000000
2.000000,2160.000000,2170.087891,-10.087891,4798.696289,4797.933594,-3645.000000,54.000000
2.000000,2160.000000,2175.095215,-15.095215,4786.274414,4966.425781,-4323.000000,54.000000
2.000000,2160.000000,2178.170166,-18.170166,4793.789063,4779.326660,3487.000000,54.000000
2.000000,2160.000000,2182.749023,-22.749023,4807.075195,4520.224121,6373.000000,54.000000
2.000000,2160.000000,2186.025391,-26.025391,4802.504883,4795.603516,-2088.000000,54.000000
2.000000,2160.000000,2191.042480,-31.042480,4789.497070,4981.435059,-4594.000000,54.000000
2.000000,2160.000000,2194.274902,-34.274902,4787.563477,4910.895020,-133.000000,54.000000
2.000000,2160.000000,2198.862305,-38.862305,4800.336914,4602.631348,5514.000000,54.000000
2.000000,2200.000000,2202.008057,-2.008057,4803.603516,4611.021484,2313.000000,55.000000
2.000000,2200.000000,2207.004395,-7.004395,4791.840820,4925.623047,-4406.000000,55.000000
2.000000,2200.000000,2210.321045,-10.321045,4784.853516,4984.554688,-3351.000000,55.000000
2.000000,2200.000000,2214.936523,-14.936523,4795.942383,4715.568359,3277.000000,55.000000
2.000000,2200.000000,2217.971191,-17.971191,4805.874023,4512.966797,6500.000000,55.000000
2.000000,2200.000000,2221.911621,-21.911621,4857.465820,4633.996582,3691.000000,55.000000
2.000000,2200.000000,2226.000977,-26.000977,4804.116211,4845.904785,-1766.000000,55.000000
2.000000,2200.000000,2230.770264,-30.770264,4805.976563,4813.496094,327.000000,55.000000
2.000000,2200.000000,2234.705811,-34.705811,4809.858398,4682.363281,2894.000000,55.000000
2.000000,2200.000000,2237.998047,-37.998047,4804.335938,4813.985840,-1608.000000,55.000000
2.000000,2240.000000,2242.982178,-2.982178,4793.305664,4977.636719,-4423.000000,56.000000
2.000000,2240.000000,2246.146240,-6.146240,4795.473633,4891.114258,-501.000000,56.000000
2.000000,2240.000000,2250.764160,-10.764160,4806.416016,4638.466309,4580.000000,56.000000
2.000000,2240.000000,2253.887939,-13.887939,4811.000977,4588.498535,4638.000000,56.000000
2.000000,2240.000000,2258.917236,-18.917236,4797.260742,4936.645996,-4205.000000,56.000000
2.000000,2240.000000,2262.279053,-22.279053,4787.563477,5063.941406,-5698.000000,56.000000
2.000000,2240.000000,2266.723633,-26.723633,4808.906250,4743.313965,3307.000000,56.000000
2.000000,2240.000000,2269.890137,-29.890137,4810.927734,4508.051758,6500.000000,56.000000
2.000000,2240.000000,2274.542236,-34.542236,4819.819336,4684.959473,1623.000000,56.000000
2.000000,2240.000000,2278.004150,-38.004150,4804.116211,5046.591309,-6500.000000,56.000000
2.000000,2280.000000,2282.976074,-2.976074,4793.818359,5076.405273,-5140.000000,57.000000
2.000000,2280.000000,2286.002197,-6.002197,4804.262695,4712.171387,6500.000000,57.000000
2.000000,2280.000000,2290.384521,-10.384521,4829.340820,4364.535156,6500.000000,57.000000
2.000000,2280.000000,2293.612061,-13.612061,4827.700195,4603.540527,1267.000000,57.000000
2.000000,2280.000000,2298.784180,-18.784180,4805.390625,5132.191406,-6500.000000,57.000000
2.000000,2280.000000,2301.915283,-21.915283,4809.536133,4983.132813,1168.000000,57.000000
2.000000,2280.000000,2306.072998,-26.072998,4848.090820,4283.417969,6500.000000,57.000000
2.000000,2280.000000,2309.112549,-29.112549,4857.729492,4383.596680,6500.000000,57.000000
2.000000,2280.000000,2314.238281,-34.238281,4838.203125,4946.809570,-6085.000000,57.000000
2.000000,2280.000000,2317.873535,-37.873535,4812.099609,5370.346191,-6500.000000,57.000000
2.000000,2320.000000,2322.944336,-2.944336,4795.869141,5159.125977,-6500.000000,58.000000
2.000000,2320.000000,2325.864258,-5.864258,4812.685547,4717.288086,6500.000000,58.000000
2.000000,2320.000000,2330.059814,-10.059814,4848.969727,4179.432129,6500.000000,58.000000
2.000000,2320.000000,2333.200684,-13.200684,4852.529297,4377.682617,6500.000000,58.000000
2.000000,2320.000000,2338.283691,-18.283691,4835.566406,4966.180176,-5401.000000,58.000000
2.000000,2320.000000,2341.542969,-21.542969,4832.021484,5243.688477,-6500.000000,58.000000
2.000000,2320.000000,2346.601563,-26.601563,4816.523438,4986.158203,-945.000000,58.000000
2.000000,2320.000000,2349.418945,-29.418945,4839.492188,4440.380859,6500.000000,58.000000
2.000000,2320.000000,2353.868408,-33.868408,4860.541992,4357.875488,6500.000000,58.000000
2.000000,2320.000000,2357.166748,-37.166748,4854.653320,4640.701172,-795.000000,58.000000
2.000000,2360.000000,2362.512207,-2.512207,4821.943359,5276.524414,-6500.000000,59.000000
2.000000,2360.000000,2365.893555,-5.893555,4811.074219,5233.221191,-6500.000000,59.000000
2.000000,2360.000000,2370.415039,-10.415039,4827.802734,4699.629883,5828.000000,59.000000
2.000000,2360.000000,2373.227539,-13.227539,4851.064453,4278.192871,6500.000000,59.000000
2.000000,2360.000000,2376.956787,-16.956787,4867.324219,4422.767090,6500.000000,59.000000
2.000000,2360.000000,2381.955566,-21.955566,4855.415039,4836.899902,-698.000000,59.000000
2.000000,2360.000000,2385.386963,-25.386963,4841.542969,5068.509277,-5567.000000,59.000000
2.000000,2360.000000,2390.255127,-30.255127,4837.470703,4963.918945,-1632.000000,59.000000
2.000000,2360.000000,2393.369141,-33.369141,4842.641602,4720.184570,4840.000000,59.000000
2.000000,2360.000000,2398.029785,-38.029785,4851.020508,4613.922363,5076.000000,59.000000
2.000000,2400.000000,2401.351318,-1.351318,4843.740234,4769.906738,-2422.000000,60.000000
2.000000,2400.000000,2406.652832,-6.652832,4813.666992,5211.320313,-6500.000000,60.000000
2.000000,2400.000000,2409.935303,-9.935303,4808.730469,5119.327148,-1786.000000,60.000000
2.000000,2400.000000,2414.244385,-14.244385,4838.203125,4546.926758,6500.000000,60.000000
2.000000,2400.000000,2417.186279,-17.186279,4853.701172,4364.426758,6500.000000,60.000000
2.000000,2400.000000,2422.025146,-22.025146,4851.386719,4796.526855,1316.000000,60.000000
2.000000,2400.000000,2425.511475,-25.511475,4834.218750,5084.500000,-6500.000000,60.000000
2.000000,2400.000000,2430.428467,-30.428467,4827.216797,4974.049805,-2070.000000,60.000000
2.000000,2400.000000,2433.453369,-33.453369,4837.734375,4635.117188,5720.000000,60.000000
2.000000,2400.000000,2438.155518,-38.155518,4843.623047,4636.683594,4417.000000,60.000000
2.000000,2440.000000,2441.512451,-1.512451,4834.218750,4895.315430,-4414.000000,61.000000
2.000000,2440.000000,2447.346191,-7.346191,4772.211914,5021.184082,-5167.000000,61.000000
2.000000,2440.000000,2449.683838,-9.683838,4823.964844,4762.182129,5771.000000,61.000000
2.000000,2440.000000,2454.973145,-14.973145,4794.624023,4502.333984,5220.000000,61.000000
2.000000,2440.000000,2458.294678,-18.294678,4787.343750,4797.786621,-2638.000000,61.000000
2.000000,2440.000000,2463.239746,-23.239746,4778.657227,4970.476563,-3700.000000,61.000000
2.000000,2440.000000,2466.324463,-26.324463,4785.585938,4703.261719,4302.000000,61.000000
2.000000,2440.000000,2470.930176,-30.930176,4797.260742,4612.806641,3803.000000,61.000000
2.000000,2440.000000,2474.243164,-34.243164,4790.493164,4817.332031,-3306.000000,61.000000
2.000000,2440.000000,2479.227295,-39.227295,4779.462891,4919.700684,-3365.000000,61.000000
2.000000,2480.000000,2482.349854,-2.349854,4784.121094,4804.583984,1115.000000,62.000000
2.000000,2480.000000,2486.953125,-6.953125,4795.942383,4581.983887,5420.000000,62.000000
2.000000,2480.000000,2490.133057,-10.133057,4797.158203,4730.261719,305.000000,62.000000
2.000000,2480.000000,2495.100098,-15.100098,4787.153320,4915.423340,-3469.000000,62.000000
2.000000,2480.000000,2498.282471,-18.282471,4788.222656,4886.138672,1313.000000,62.000000
2.000000,2480.000000,2502.609863,-22.609863,4816.596680,4336.249512,6500.000000,62.000000
2.000000,2480.000000,2505.731201,-25.731201,4821.328125,4382.837891,5672.000000,62.000000
2.000000,2480.000000,2510.894775,-30.894775,4799.531250,5038.523926,-6500.000000,62.000000
2.000000,2480.000000,2514.381104,-34.381104,4782.363281,5214.163574,-6500.000000,62.000000
2.000000,2480.000000,2519.025879,-39.025879,4791.694336,4807.323730,2576.000000,62.000000
2.000000,2520.000000,2522.012939,-2.012939,4804.482422,4450.014648,6500.000000,63.000000
2.000000,2520.000000,2526.777344,-6.777344,4806.635742,4652.370117,1261.000000,63.000000
2.000000,2520.000000,2530.175781,-10.175781,4794.741211,4952.777832,-4916.000000,63.000000
2.000000,2520.000000,2534.971924,-14.971924,4794.990234,4916.572266,-1695.000000,63.000000
2.000000,2520.000000,2538.920898,-18.920898,4798.066406,4671.732422,4130.000000,63.000000
2.000000,2520.000000,2542.000732,-22.000732,4805.288086,4585.537109,4325.000000,63.000000
2.000000,2520.000000,2546.793213,-26.793213,4805.756836,4795.815918,238.000000,63.000000
2.000000,2520.000000,2550.114746,-30.114746,4798.476563,4906.930176,-3539.000000,63.000000
2.000000,2520.000000,2554.997559,-34.997559,4793.525391,4922.169434,-2162.000000,63.000000
2.000000,2520.000000,2558.095703,-38.095703,4799.648438,4698.336914,3484.000000,63.000000
2.000000,2560.000000,2562.847900,-2.847900,4802.534180,4634.699707,3462.000000,64.000000
2.000000,2560.000000,2566.060791,-6.060791,4801.772461,4743.714844,-1100.000000,64.000000
2.000000,2560.000000,2571.059570,-11.059570,4789.863281,4932.608887,-3580.000000,64.000000
2.000000,2560.000000,2574.206543,-14.206543,4793.056641,4873.874023,202.000000,64.000000
2.000000,2560.000000,2578.767090,-18.767090,4807.441406,4605.917480,5843.000000,64.000000
2.000000,2560.000000,2581.875000,-21.875000,4812.978516,4571.942383,5503.000000,64.000000
2.000000,2560.000000,2586.716309,-26.716309,4810.517578,4747.490234,424.000000,64.000000
2.000000,2560.000000,2590.090332,-30.090332,4800.087891,4972.823242,-6165.000000,64.000000
2.000000,2560.000000,2595.090332,-35.090332,4788.105469,5036.608398,-4967.000000,64.000000
2.000000,2560.000000,2597.940674,-37.940674,4809.096680,4751.235840,5095.000000,64.000000
2.000000,2600.000000,2602.456055,-2.456055,4826.191406,4542.695313,6500.000000,65.000000
2.000000,2600.000000,2606.047363,-6.047363,4802.724609,4770.585449,-3093.000000,65.000000
2.000000,2600.000000,2610.878906,-10.878906,4800.849609,5080.160645,-5988.000000,65.000000
2.000000,2600.000000,2614.028320,-14.028320,4803.896484,4799.538086,1915.000000,65.000000
2.000000,2600.000000,2618.436279,-18.436279,4827.436523,4478.239258,6500.000000,65.000000
2.000000,2600.000000,2621.557617,-21.557617,4832.167969,4505.005371,4494.000000,65.000000
2.000000,2600.000000,2626.691895,-26.691895,4812.128906,4980.377441,-5479.000000,65.000000
2.000000,2600.000000,2630.095215,-30.095215,4799.941406,5119.949219,-6500.000000,65.000000
2.000000,2600.000000,2634.755859,-34.755859,4808.320313,4812.453613,1937.000000,65.000000
2.000000,2600.000000,2637.694092,-37.694092,4824.038086,4522.318848,6500.000000,65.000000
2.000000,2640.000000,2642.380371,-2.380371,4830.878906,4533.435059,5235.000000,66.000000
2.000000,2640.000000,2645.788574,-5.788574,4818.398438,4946.732422,-6500.000000,66.000000
2.000000,2640.000000,2650.864258,-10.864258,4801.875000,5118.978516,-6500.000000,66.000000
2.000000,2640.000000,2653.959961,-13.959961,4808.144531,4850.265137,3150.000000,66.000000
2.000000,2640.000000,2658.282471,-18.282471,4836.811523,4406.267578,6500.000000,66.000000
2.000000,2640.000000,2661.345215,-21.345215,4845.058594,4446.691895,6500.000000,66.000000
2.000000,2640.000000,2666.269531,-26.269531,4837.617188,4718.465332,696.000000,66.000000
2.000000,2640.000000,2669.686279,-29.686279,4824.624023,5120.991699,-6500.000000,66.000000
2.000000,2640.000000,2674.852295,-34.852295,4802.680664,5158.362793,-6500.000000,66.000000
2.000000,2640.000000,2677.899170,-37.899170,4811.879883,4896.990723,4102.000000,66.000000
2.000000,2680.000000,2682.220459,-2.220459,4840.620117,4296.643066,6500.000000,67.000000
2.000000,2680.000000,2685.230713,-5.230713,4852.016602,4376.806152,6500.000000,67.000000
2.000000,2680.000000,2690.447998,-10.447998,4826.997070,4995.668945,-6318.000000,67.000000
2.000000,2680.000000,2694.759521,-14.759521,4808.320313,5222.451172,-6500.000000,67.000000
2.000000,2680.000000,2697.935791,-17.935791,4809.755859,5021.200195,245.000000,67.000000
2.000000,2680.000000,2702.138672,-22.138672,4845.600586,4349.826172,6500.000000,67.000000
2.000000,2680.000000,2704.853516,-24.853516,4874.721680,4053.644043,6500.000000,67.000000
2.000000,2680.000000,2709.494629,-29.494629,4884.272461,4450.468262,6500.000000,67.000000
2.000000,2680.000000,2713.050537,-33.050537,4862.929688,4952.966309,-6500.000000,67.000000
2.000000,2680.000000,2718.521729,-38.521729,4822.675781,5477.800781,-6500.000000,67.000000
2.000000,2720.000000,2721.939697,-1.939697,4809.609375,5271.485352,-6407.000000,68.000000
2.000000,2720.000000,2726.322021,-6.322021,4834.687500,4520.568359,6500.000000,68.000000
2.000000,2720.000000,2729.090576,-9.090576,4860.585938,4254.108398,6500.000000,68.000000
2.000000,2720.000000,2733.640137,-13.640137,4875.629883,4425.557617,6500.000000,68.000000
3.000000,2737.017822,2737.017822,0.000000,0.000000,4814.365234,-6500.000000,68.000000
3.000000,2737.017822,2742.349854,-5.332031,-1599.609375,5336.249512,-6500.000000,68.000000
3.000000,2737.017822,2745.787354,-8.769531,-2630.859375,5251.887207,-6500.000000,68.000000
3.000000,2737.017822,2750.167236,-13.149414,-3944.824219,4626.332520,-6500.000000,68.000000
3.000000,2737.017822,2752.614746,-15.596924,-4200.000000,4057.243408,-6500.000000,68.000000
3.000000,2737.017822,2755.426025,-18.408203,-4200.000000,3052.697510,-6500.000000,68.000000
3.000000,2737.017822,2756.779785,-19.761963,-4200.000000,2316.693604,-6500.000000,68.000000
3.000000,2737.017822,2757.897949,-20.880127,-4200.000000,1278.123047,-6500.000000,68.000000
3.000000,2737.017822,2758.033447,-21.015625,-4200.000000,589.004822,-6500.000000,68.000000
3.000000,2737.017822,2757.530518,-20.512695,-4200.000000,-361.222748,-6500.000000,68.000000
3.000000,2737.017822,2756.367188,-19.349365,-4200.000000,-1020.166138,-6500.000000,68.000000
3.000000,2737.017822,2754.111328,-17.093506,-4200.000000,-2106.663574,-6500.000000,68.000000
3.000000,2737.017822,2752.084961,-15.067139,-4200.000000,-2596.763184,-6500.000000,68.000000
3.000000,2737.017822,2748.311768,-11.293945,-3388.183594,-3486.226074,6500.000000,68.000000
3.000000,2737.017822,2745.466309,-8.448486,-2534.545898,-4146.794922,6500.000000,68.000000
3.000000,2737.017822,2741.523438,-4.505615,-1351.684570,-3962.387939,6500.000000,68.000000
3.000000,2737.017822,2739.409180,-2.391357,-717.407227,-3492.368164,6500.000000,68.000000
3.000000,2737.017822,2737.009277,0.008545,0.000000,-2548.380615,6500.000000,68.000000
3.000000,2737.017822,2735.992432,1.025391,307.617188,-1851.202148,6500.000000,68.000000
3.000000,2737.017822,2735.366211,1.651611,495.483398,-813.209595,6500.000000,68.000000
3.000000,2737.017822,2735.585938,1.431885,429.565430,-108.030853,3935.000000,68.000000
3.000000,2737.017822,2736.491699,0.526123,0.000000,814.850708,-6500.000000,68.000000
3.000000,2737.017822,2736.973877,0.043945,0.000000,818.317444,-6500.000000,68.000000
3.000000,2737.017822,2737.137451,-0.119629,0.000000,286.155334,-4094.000000,68.000000
3.000000,2737.017822,2736.873779,0.144043,0.000000,-178.319458,6500.000000,68.000000
1.000000,2737.017822,2736.605225,0.412598,0.000000,-252.316742,6055.000000,68.000000
1.000000,2737.017822,2736.710205,0.307617,0.000000,-19.039490,-2984.000000,68.000000
1.000000,2737.017822,2736.927490,0.090332,0.000000,234.702057,-5500.000000,68.000000
1.000000,2737.017822,2736.918945,0.098877,0.000000,31.276814,0.000000,68.000000
1.000000,2737.017822,2736.782227,0.235596,0.000000,-146.387115,4332.000000,68.000000
1.000000,2737.017822,2736.673584,0.344238,0.000000,-137.260925,2670.000000,68.000000
1.000000,2737.017822,2736.702881,0.314941,0.000000,7.716150,0.000000,68.000000
1.000000,2737.017822,2736.759033,0.258789,0.000000,51.255611,-1227.000000,68.000000
1.000000,2737.017822,2736.783447,0.234375,0.000000,42.701626,-851.000000,68.000000
1.000000,2737.017822,2736.779785,0.238037,0.000000,-0.646864,0.000000,68.000000
1.000000,2737.017822,2736.772461,0.245361,0.000000,-14.429376,0.000000,68.000000
1.000000,2737.017822,2736.772461,0.245361,0.000000,-2.419252,0.000000,68.000000
1.000000,2737.017822,2736.772461,0.245361,0.000000,-0.431852,0.000000,68.000000
1.000000,2737.017822,2736.772461,0.245361,0.000000,-0.032570,0.000000,68.000000
1.000000,2737.017822,2736.772461,0.245361,0.000000,-0.005814,0.000000,68.000000
1.000000,2737.017822,2736.772461,0.245361,0.000000,-0.000438,0.000000,68.000000
1.000000,2737.017822,2736.772461,0.245361,0.000000,-0.000078,0.000000,68.000000
1.000000,2737.017822,2736.772461,0.245361,0.000000,-0.000004,0.000000,68.000000
1.000000,2737.017822,2736.772461,0.245361,0.000000,-0.000001,0.000000,68.000000
1.000000,2737.017822,2736.772461,0.245361,0.000000,-0.000000,0.000000,68.000000
1.000000,2737.017822,2736.772461,0.245361,0.000000,-0.000000,0.000000,68.000000
1.000000,2737.017822,2736.772461,0.245361,0.000000,-0.000000,0.000000,68.000000
1.000000,2737.017822,2736.772461,0.245361,0.000000,-0.000000,0.000000,68.000000
1.000000,2737.017822,2736.772461,0.245361,0.000000,-0.000000,0.000000,68.000000
1.000000,2737.017822,2736.772461,0.245361,0.000000,-0.000000,0.000000,68.000000
1.000000,2737.017822,2736.772461,0.245361,0.000000,-0.000000,0.000000,68.000000
1.000000,2737.017822,2736.772461,0.245361,0.000000,-0.000000,0.000000,68.000000
1.000000,2737.017822,2736.772461,0.245361,0.000000,-0.000000,0.000000,68.000000
1.000000,2737.017822,2736.772461,0.245361,0.000000,-0.000000,0.000000,68.000000
1.000000,2737.017822,2736.772461,0.245361,0.000000,-0.000000,0.000000,68.000000
1.000000,2737.017822,2736.772461,0.245361,0.000000,-0.000000,0.000000,68.000000
1.000000,2737.017822,2736.772461,0.245361,0.000000,-0.000000,0.000000,68.000000
1.000000,2737.017822,2736.772461,0.245361,0.000000,-0.000000,0.000000,68.000000
1.000000,2737.017822,2736.772461,0.245361,0.000000,-0.000000,0.000000,68.000000
1.000000,2737.017822,2736.772461,0.245361,0.000000,-0.000000,0.000000,68.000000
1.000000,2737.017822,2736.772461,0.245361,0.000000,-0.000000,0.000000,68.000000
1.000000,2737.017822,2736.772461,0.245361,0.000000,-2.901500,0.000000,68.000000
1.000000,2737.017822,2736.772461,0.245361,0.000000,-0.218828,0.000000,68.000000
1.000000,2737.017822,2736.772461,0.245361,0.000000,-0.039062,0.000000,68.000000
1.000000,2737.017822,2736.772461,0.245361,0.000000,-0.002946,0.000000,68.000000
1.000000,2737.017822,2736.772461,0.245361,0.000000,-0.000526,0.000000,68.000000
1.000000,2737.017822,2736.772461,0.245361,0.000000,-0.000040,0.000000,68.000000
1.000000,2737.017822,2736.772461,0.245361,0.000000,-0.000007,0.000000,68.000000
1.000000,2737.017822,2736.772461,0.245361,0.000000,-0.000001,0.000000,68.000000
1.000000,2737.017822,2736.772461,0.245361,0.000000,-0.000000,0.000000,68.000000
1.000000,2737.017822,2736.772461,0.245361,0.000000,-0.000000,0.000000,68.000000
1.000000,2737.017822,2736.772461,0.245361,0.000000,-0.000000,0.000000,68.000000
1.000000,2737.017822,2736.772461,0.245361,0.000000,-0.000000,0.000000,68.000000
1.000000,2737.017822,2736.772461,0.245361,0.000000,-0.000000,0.000000,68.000000
1.000000,2737.017822,2736.772461,0.245361,0.000000,-0.000000,0.000000,68.000000
1.000000,2737.017822,2736.772461,0.245361,0.000000,-0.000000,0.000000,68.000000
1.000000,2737.017822,2736.772461,0.245361,0.000000,-0.000000,0.000000,68.000000
1.000000,2737.017822,2736.772461,0.245361,0.000000,-0.000000,0.000000,68.000000
1.000000,2737.017822,2736.772461,0.245361,0.000000,-0.000000,0.000000,68.000000
1.000000,2737.017822,2736.772461,0.245361,0.000000,-0.000000,0.000000,68.000000
1.000000,2737.017822,2736.772461,0.245361,0.000000,-0.000000,0.000000,68.000000
1.000000,2737.017822,2736.772461,0.245361,0.000000,-0.000000,0.000000,68.000000
1.000000,2737.017822,2736.772461,0.245361,0.000000,-0.000000,0.000000,68.000000
1.000000,2737.017822,2736.772461,0.245361,0.000000,-0.000000,0.000000,68.000000
1.000000,2737.017822,2736.772461,0.245361,0.000000,-0.000000,0.000000,68.000000
1.000000,2737.017822,2736.772461,0.245361,0.000000,-0.000000,0.000000,68.000000
1.000000,2737.017822,2736.772461,0.245361,0.000000,-0.000000,0.000000,68.000000
1.000000,2737.017822,2736.772461,0.245361,0.000000,-0.000000,0.000000,68.000000
1.000000,2737.017822,2736.772461,0.245361,0.000000,-0.000000,0.000000,68.000000
1.000000,2737.017822,2736.772461,0.245361,0.000000,-0.000000,0.000000,68.000000
1.000000,2737.017822,2736.772461,0.245361,0.000000,-0.000000,0.000000,68.000000
1.000000,2737.017822,2736.772461,0.245361,0.000000,-0.000000,0.000000,68.000000
1.000000,2737.017822,2736.772461,0.245361,0.000000,-0.000000,0.000000,68.000000
1.000000,2737.017822,2736.772461,0.245361,0.000000,-0.000000,0.000000,68.000000
1.000000,2737.017822,2736.772461,0.245361,0.000000,-0.000000,0.000000,68.000000
1.000000,2737.017822,2736.772461,0.245361,0.000000,-0.000000,0.000000,68.000000
1.000000,2737.017822,2736.772461,0.245361,0.000000,-0.000000,0.000000,68.000000
1.000000,2737.017822,2736.772461,0.245361,0.000000,-0.000000,0.000000,68.000000
1.000000,2737.017822,2736.772461,0.245361,0.000000,-0.000000,0.000000,68.000000
1.000000,2737.017822,2736.772461,0.245361,0.000000,-0.000000,0.000000,68.000000
1.000000,2737.017822,2736.772461,0.245361,0.000000,-0.000000,0.000000,68.000000
1.000000,2737.017822,2736.772461,0.245361,0.000000,-0.000000,0.000000,68.000000
1.000000,2737.017822,2736.772461,0.245361,0.000000,-0.000000,0.000000,68.000000
1.000000,2737.017822,2736.772461,0.245361,0.000000,-0.000000,0.000000,68.000000
1.000000,2737.017822,2736.772461,0.245361,0.000000,-0.000000,0.000000,68.000000
1.000000,2737.017822,2736.772461,0.245361,0.000000,-0.000000,0.000000,68.000000
1.000000,2737.017822,2736.772461,0.245361,0.000000,-0.000000,0.000000,68.000000
1.000000,2737.017822,2736.772461,0.245361,0.000000,-0.000000,0.000000,68.000000
1.000000,2737.017822,2736.772461,0.245361,0.000000,-0.000000,0.000000,68.000000
1.000000,2737.017822,2736.772461,0.245361,0.000000,-0.000000,0.000000,68.000000
1.000000,2737.017822,2736.772461,0.245361,0.000000,-0.000000,0.000000,68.000000
1.000000,2737.017822,2736.772461,0.245361,0.000000,-0.000000,0.000000,68.000000
1.000000,2737.017822,2736.772461,0.245361,0.000000,-0.000000,0.000000,68.000000
1.000000,2737.017822,2736.772461,0.245361,0.000000,-0.000000,0.000000,68.000000
1.000000,2737.017822,2736.772461,0.245361,0.000000,-0.000000,0.000000,68.000000
1.000000,2737.017822,2736.772461,0.245361,0.000000,-0.000000,0.000000,68.000000
1.000000,2737.017822,2736.772461,0.245361,0.000000,-0.000000,0.000000,68.000000
1.000000,2737.017822,2736.772461,0.245361,0.000000,-0.000000,0.000000,68.000000
1.000000,2737.017822,2736.772461,0.245361,0.000000,-0.000000,0.000000,68.000000
1.000000,2737.017822,2736.772461,0.245361,0.000000,-0.000000,0.000000,68.000000
1.000000,2737.017822,2736.772461,0.245361,0.000000,-0.000000,0.000000,68.000000
1.000000,2737.017822,2736.772461,0.245361,0.000000,-0.000000,0.000000,68.000000
1.000000,2737.017822,2736.772461,0.245361,0.000000,-0.000000,0.000000,68.000000
1.000000,2737.017822,2736.772461,0.245361,0.000000,-0.000000,0.000000,68.000000
1.000000,2737.017822,2736.772461,0.245361,0.000000,-0.000000,0.000000,68.000000
1.000000,2737.017822,2736.772461,0.245361,0.000000,-0.000000,0.000000,68.000000
1.000000,2737.017822,2736.772461,0.245361,0.000000,-0.000000,0.000000,68.000000
1.000000,2737.017822,2736.772461,0.245361,0.000000,-0.000000,0.000000,68.000000
1.000000,2737.017822,2736.772461,0.245361,0.000000,-0.000000,0.000000,68.000000
1.000000,2737.017822,2736.772461,0.245361,0.000000,-0.000000,0.000000,68.000000
1.000000,2737.017822,2736.772461,0.245361,0.000000,-0.000000,0.000000,68.000000
1.000000,2737.017822,2736.772461,0.245361,0.000000,-0.000000,0.000000,68.000000
1.000000,2737.017822,2736.772461,0.245361,0.000000,-0.000000,0.000000,68.000000
1.000000,2737.017822,2736.772461,0.245361,0.000000,-0.000000,0.000000,68.000000
1.000000,2737.017822,2736.772461,0.245361,0.000000,-0.000000,0.000000,68.000000
1.000000,2737.017822,2736.772461,0.245361,0.000000,-0.000000,0.000000,68.000000
1.000000,2737.017822,2736.772461,0.245361,0.000000,-0.000000,0.000000,68.000000
1.000000,2737.017822,2736.772461,0.245361,0.000000,-0.000000,0.000000,68.000000
1.000000,2737.017822,2736.772461,0.245361,0.000000,-0.000000,0.000000,68.000000
1.000000,2737.017822,2736.772461,0.245361,0.000000,-0.000000,0.000000,68.000000
1.000000,2737.017822,2736.772461,0.245361,0.000000,-0.000000,0.000000,68.000000
1.000000,2737.017822,2736.772461,0.245361,0.000000,-0.000000,0.000000,68.000000
1.000000,2737.017822,2736.772461,0.245361,0.000000,-0.000000,0.000000,68.000000
1.000000,2737.017822,2736.772461,0.245361,0.000000,-0.000000,0.000000,68.000000
1.000000,2737.017822,2736.772461,0.245361,0.000000,-0.000000,0.000000,68.000000
1.000000,2737.017822,2736.772461,0.245361,0.000000,-0.000000,0.000000,68.000000
1.000000,2737.017822,2736.772461,0.245361,0.000000,-0.000000,0.000000,68.000000
1.000000,2737.017822,2736.772461,0.245361,0.000000,-0.000000,0.000000,68.000000
1.000000,2737.017822,2736.772461,0.245361,0.000000,-0.000000,0.000000,68.000000
1.000000,2737.017822,2736.772461,0.245361,0.000000,-0.000000,0.000000,68.000000
1.000000,2737.017822,2736.772461,0.245361,0.000000,-0.000000,0.000000,68.000000
1.000000,2737.017822,2736.771240,0.246582,0.000000,-2.901500,0.000000,68.000000
1.000000,2737.017822,2736.771240,0.246582,0.000000,-0.336658,0.000000,68.000000
1.000000,2737.017822,2736.771240,0.246582,0.000000,-0.039062,0.000000,68.000000
1.000000,2737.017822,2736.771240,0.246582,0.000000,-0.006973,0.000000,68.000000
1.000000,2737.017822,2736.771240,0.246582,0.000000,-0.000526,0.000000,68.000000
1.000000,2737.017822,2736.771240,0.246582,0.000000,-0.000094,0.000000,68.000000
1.000000,2737.017822,2736.771240,0.246582,0.000000,-0.000007,0.000000,68.000000
1.000000,2737.017822,2736.771240,0.246582,0.000000,-0.000001,0.000000,68.000000
1.000000,2737.017822,2736.771240,0.246582,0.000000,-0.000000,0.000000,68.000000
1.000000,2737.017822,2736.771240,0.246582,0.000000,-0.000000,0.000000,68.000000
1.000000,2737.017822,2736.771240,0.246582,0.000000,-0.000000,0.000000,68.000000
1.000000,2737.017822,2736.771240,0.246582,0.000000,-0.000000,0.000000,68.000000
1.000000,2737.017822,2736.771240,0.246582,0.000000,-0.000000,0.000000,68.000000
1.000000,2737.017822,2736.771240,0.246582,0.000000,-0.000000,0.000000,68.000000
1.000000,2737.017822,2736.771240,0.246582,0.000000,-0.634384,0.000000,68.000000
1.000000,2737.017822,2736.771240,0.246582,0.000000,-0.073607,0.000000,68.000000
1.000000,2737.017822,2736.771240,0.246582,0.000000,-0.008541,0.000000,68.000000
1.000000,2737.017822,2736.771240,0.246582,0.000000,-0.001525,0.000000,68.000000
1.000000,2737.017822,2736.771240,0.246582,0.000000,-0.000115,0.000000,68.000000
1.000000,2737.017822,2736.771240,0.246582,0.000000,-0.000021,0.000000,68.000000
1.000000,2737.017822,2736.771240,0.246582,0.000000,-0.000002,0.000000,68.000000
1.000000,2737.017822,2736.771240,0.246582,0.000000,-0.000000,0.000000,68.000000
1.000000,2737.017822,2736.771240,0.246582,0.000000,-0.000000,0.000000,68.000000
1.000000,2737.017822,2736.771240,0.246582,0.000000,-0.000000,0.000000,68.000000
1.000000,2737.017822,2736.771240,0.246582,0.000000,-0.000000,0.000000,68.000000
1.000000,2737.017822,2736.771240,0.246582,0.000000,-0.000000,0.000000,68.000000
1.000000,2737.017822,2736.771240,0.246582,0.000000,-0.000000,0.000000,68.000000
1.000000,2737.017822,2736.771240,0.246582,0.000000,-0.000000,0.000000,68.000000
1.000000,2737.017822,2736.771240,0.246582,0.000000,-0.000000,0.000000,68.000000
1.000000,2737.017822,2736.771240,0.246582,0.000000,-0.000000,0.000000,68.000000
1.000000,2737.017822,2736.771240,0.246582,0.000000,-0.000000,0.000000,68.000000
1.000000,2737.017822,2736.771240,0.246582,0.000000,-0.000000,0.000000,68.000000
1.000000,2737.017822,2736.771240,0.246582,0.000000,-0.000000,0.000000,68.000000
1.000000,2737.017822,2736.771240,0.246582,0.000000,-0.000000,0.000000,68.000000
1.000000,2737.017822,2736.771240,0.246582,0.000000,-0.000000,0.000000,68.000000
1.000000,2737.017822,2736.771240,0.246582,0.000000,-0.000000,0.000000,68.000000
1.000000,2737.017822,2736.771240,0.246582,0.000000,-0.000000,0.000000,68.000000
1.000000,2737.017822,2736.771240,0.246582,0.000000,-0.000000,0.000000,68.000000
1.000000,2737.017822,2736.771240,0.246582,0.000000,-0.000000,0.000000,68.000000
1.000000,2737.017822,2736.771240,0.246582,0.000000,-0.000000,0.000000,68.000000
1.000000,2737.017822,2736.771240,0.246582,0.000000,-0.000000,0.000000,68.000000
1.000000,2737.017822,2736.771240,0.246582,0.000000,-0.000000,0.000000,68.000000
1.000000,2737.017822,2736.771240,0.246582,0.000000,-0.000000,0.000000,68.000000
1.000000,2737.017822,2736.771240,0.246582,0.000000,-0.000000,0.000000,68.000000
1.000000,2737.017822,2736.771240,0.246582,0.000000,-0.000000,0.000000,68.000000
1.000000,2737.017822,2736.771240,0.246582,0.000000,-0.000000,0.000000,68.000000
1.000000,2737.017822,2736.771240,0.246582,0.000000,-0.000000,0.000000,68.000000
1.000000,2737.017822,2736.771240,0.246582,0.000000,-0.000000,0.000000,68.000000
1.000000,2737.017822,2736.771240,0.246582,0.000000,-0.000000,0.000000,68.000000
1.000000,2737.017822,2736.771240,0.246582,0.000000,-0.000000,0.000000,68.000000
1.000000,2737.017822,2736.771240,0.246582,0.000000,-0.000000,0.000000,68.000000
1.000000,2737.017822,2736.771240,0.246582,0.000000,-0.000000,0.000000,68.000000
1.000000,2737.017822,2736.771240,0.246582,0.000000,-0.000000,0.000000,68.000000
1.000000,2737.017822,2736.771240,0.246582,0.000000,-0.000000,0.000000,68.000000
1.000000,2737.017822,2736.771240,0.246582,0.000000,-0.000000,0.000000,68.000000
1.000000,2737.017822,2736.771240,0.246582,0.000000,-0.000000,0.000000,68.000000
1.000000,2737.017822,2736.771240,0.246582,0.000000,-0.000000,0.000000,68.000000
1.000000,2737.017822,2736.771240,0.246582,0.000000,-0.000000,0.000000,68.000000
1.000000,2737.017822,2736.771240,0.246582,0.000000,-0.000000,0.000000,68.000000
1.000000,2737.017822,2736.771240,0.246582,0.000000,-0.000000,0.000000,68.000000
1.000000,2737.017822,2736.771240,0.246582,0.000000,-0.000000,0.000000,68.000000
1.000000,2737.017822,2736.771240,0.246582,0.000000,-0.000000,0.000000,68.000000
1.000000,2737.017822,2736.771240,0.246582,0.000000,-0.000000,0.000000,68.000000
1.000000,2737.017822,2736.771240,0.246582,0.000000,-0.000000,0.000000,68.000000
1.000000,2737.017822,2736.771240,0.246582,0.000000,-0.000000,0.000000,68.000000
1.000000,2737.017822,2736.771240,0.246582,0.000000,-0.000000,0.000000,68.000000
1.000000,2737.017822,2736.771240,0.246582,0.000000,-0.000000,0.000000,68.000000
1.000000,2737.017822,2736.771240,0.246582,0.000000,-0.000000,0.000000,68.000000
1.000000,2737.017822,2736.771240,0.246582,0.000000,-0.000000,0.000000,68.000000
1.000000,2737.017822,2736.771240,0.246582,0.000000,-0.000000,0.000000,68.000000
1.000000,2737.017822,2736.771240,0.246582,0.000000,-0.000000,0.000000,68.000000
1.000000,2737.017822,2736.771240,0.246582,0.000000,-0.000000,0.000000,68.000000
1.000000,2737.017822,2736.771240,0.246582,0.000000,-0.000000,0.000000,68.000000
1.000000,2737.017822,2736.771240,0.246582,0.000000,-0.000000,0.000000,68.000000
1.000000,2737.017822,2736.771240,0.246582,0.000000,-0.000000,0.000000,68.000000
1.000000,2737.017822,2736.771240,0.246582,0.000000,-0.000000,0.000000,68.000000
1.000000,2737.017822,2736.771240,0.246582,0.000000,-0.000000,0.000000,68.000000
1.000000,2737.017822,2736.771240,0.246582,0.000000,-0.000000,0.000000,68.000000
1.000000,2737.017822,2736.771240,0.246582,0.000000,-0.000000,0.000000,68.000000
1.000000,2737.017822,2736.771240,0.246582,0.000000,-0.000000,0.000000,68.000000
1.000000,2737.017822,2736.771240,0.246582,0.000000,-0.000000,0.000000,68.000000
1.000000,2737.017822,2736.771240,0.246582,0.000000,-0.000000,0.000000,68.000000
1.000000,2737.017822,2736.771240,0.246582,0.000000,-0.000000,0.000000,68.000000
1.000000,2737.017822,2736.771240,0.246582,0.000000,-0.000000,0.000000,68.000000
1.000000,2737.017822,2736.771240,0.246582,0.000000,-0.000000,0.000000,68.000000
1.000000,2737.017822,2736.771240,0.246582,0.000000,-0.000000,0.000000,68.000000
1.000000,2737.017822,2736.771240,0.246582,0.000000,-0.000000,0.000000,68.000000
1.000000,2737.017822,2736.771240,0.246582,0.000000,-0.000000,0.000000,68.000000
1.000000,2737.017822,2736.771240,0.246582,0.000000,-0.000000,0.000000,68.000000
1.000000,2737.017822,2736.771240,0.246582,0.000000,-0.000000,0.000000,68.000000
1.000000,2737.017822,2736.771240,0.246582,0.000000,-0.000000,0.000000,68.000000
1.000000,2737.017822,2736.771240,0.246582,0.000000,-0.000000,0.000000,68.000000
1.000000,2737.017822,2736.771240,0.246582,0.000000,-0.000000,0.000000,68.000000
1.000000,2737.017822,2736.771240,0.246582,0.000000,-0.000000,0.000000,68.000000
1.000000,2737.017822,2736.771240,0.246582,0.000000,-0.000000,0.000000,68.000000
1.000000,2737.017822,2736.771240,0.246582,0.000000,-0.000000,0.000000,68.000000
1.000000,2737.017822,2736.771240,0.246582,0.000000,-0.000000,0.000000,68.000000
1.000000,2737.017822,2736.771240,0.246582,0.000000,-0.000000,0.000000,68.000000
1.000000,2737.017822,2736.771240,0.246582,0.000000,-0.000000,0.000000,68.000000
1.000000,2737.017822,2736.771240,0.246582,0.000000,-0.000000,0.000000,68.000000
1.000000,2737.017822,2736.771240,0.246582,0.000000,-0.000000,0.000000,68.000000
1.000000,2737.017822,2736.771240,0.246582,0.000000,-0.000000,0.000000,68.000000
1.000000,2737.017822,2736.771240,0.246582,0.000000,-0.000000,0.000000,68.000000
1.000000,2737.017822,2736.771240,0.246582,0.000000,-0.000000,0.000000,68.000000
1.000000,2737.017822,2736.771240,0.246582,0.000000,-0.000000,0.000000,68.000000
1.000000,2737.017822,2736.771240,0.246582,0.000000,-0.000000,0.000000,68.000000
1.000000,2737.017822,2736.771240,0.246582,0.000000,-0.000000,0.000000,68.000000
1.000000,2737.017822,2736.771240,0.246582,0.000000,-0.000000,0.000000,68.000000
1.000000,2737.017822,2736.771240,0.246582,0.000000,-0.000000,0.000000,68.000000
1.000000,2737.017822,2736.771240,0.246582,0.000000,-0.000000,0.000000,68.000000
1.000000,2737.017822,2736.771240,0.246582,0.000000,-0.000000,0.000000,68.000000
1.000000,2737.017822,2736.771240,0.246582,0.000000,-0.000000,0.000000,68.000000
1.000000,2737.017822,2736.771240,0.246582,0.000000,-0.000000,0.000000,68.000000
1.000000,2737.017822,2736.771240,0.246582,0.000000,-0.000000,0.000000,68.000000
1.000000,2737.017822,2736.771240,0.246582,0.000000,-0.000000,0.000000,68.000000
1.000000,2737.017822,2736.771240,0.246582,0.000000,-0.000000,0.000000,68.000000
1.000000,2737.017822,2736.771240,0.246582,0.000000,-0.000000,0.000000,68.000000
1.000000,2737.017822,2736.771240,0.246582,0.000000,-0.000000,0.000000,68.000000
1.000000,2737.017822,2736.771240,0.246582,0.000000,-0.000000,0.000000,68.000000
1.000000,2737.017822,2736.771240,0.246582,0.000000,-0.000000,0.000000,68.000000
1.000000,2737.017822,2736.771240,0.246582,0.000000,-0.000000,0.000000,68.000000
1.000000,2737.017822,2736.771240,0.246582,0.000000,-0.000000,0.000000,68.000000
1.000000,2737.017822,2736.771240,0.246582,0.000000,-0.000000,0.000000,68.000000
1.000000,2737.017822,2736.771240,0.246582,0.000000,-0.000000,0.000000,68.000000
1.000000,2737.017822,2736.771240,0.246582,0.000000,-0.000000,0.000000,68.000000
1.000000,2737.017822,2736.771240,0.246582,0.000000,-0.000000,0.000000,68.000000
1.000000,2737.017822,2736.771240,0.246582,0.000000,-0.000000,0.000000,68.000000
1.000000,2737.017822,2736.771240,0.246582,0.000000,-0.000000,0.000000,68.000000
3.000000,2776.771240,2736.771240,40.000000,4200.000000,-0.000000,6500.000000,68.000000
3.000000,2776.771240,2737.108154,39.663086,4200.000000,178.832764,6500.000000,68.000000
3.000000,2776.771240,2737.767334,39.003906,4200.000000,597.259583,6500.000000,68.000000
3.000000,2776.771240,2739.357910,37.413330,4200.000000,1379.156372,6500.000000,68.000000
3.000000,2776.771240,2740.880127,35.891113,4200.000000,1890.638428,6500.000000,68.000000
3.000000,2776.771240,2743.830566,32.940674,4200.000000,2808.330811,6500.000000,68.000000
3.000000,2776.771240,2746.280518,30.490723,4200.000000,3244.791992,6500.000000,68.000000
3.000000,2776.771240,2750.698242,26.072998,4200.000000,4275.312500,-5114.000000,68.000000
3.000000,2776.771240,2753.865967,22.905273,4200.000000,4664.427734,-6500.000000,68.000000
3.000000,2776.771240,2758.125000,18.646240,4200.000000,4409.960449,-3460.000000,68.000000
3.000000,2776.771240,2760.533447,16.237793,4200.000000,4008.539551,6500.000000,69.000000
3.000000,2776.771240,2763.531494,13.239746,3971.923828,3500.277344,6500.000000,69.000000
3.000000,2776.771240,2767.332764,9.438477,2831.542969,3826.102295,-6500.000000,69.000000
3.000000,2776.771240,2769.625244,7.145996,2143.798828,3636.816650,-6500.000000,69.000000
3.000000,2776.771240,2772.352295,4.418945,1325.683594,2858.209717,-6500.000000,69.000000
3.000000,2776.771240,2773.663330,3.107910,932.373047,2228.474365,-6500.000000,69.000000
3.000000,2776.771240,2774.825439,1.945801,583.740234,1320.248413,-6500.000000,69.000000
3.000000,2776.771240,2775.057373,1.713867,514.160156,710.890625,3546.000000,69.000000
3.000000,2776.771240,2775.012207,1.759033,527.709961,5.467041,6500.000000,69.000000
3.000000,2776.771240,2775.172119,1.599121,479.736328,111.246201,5637.000000,69.000000
3.000000,2776.771240,2775.880127,0.891113,267.333984,658.054993,-6500.000000,69.000000
3.000000,2776.771240,2776.291504,0.479736,0.000000,687.932495,-6500.000000,69.000000
3.000000,2776.771240,2776.312256,0.458984,0.000000,35.922630,-862.000000,69.000000
3.000000,2776.771240,2775.999756,0.771484,0.000000,-310.656860,6500.000000,69.000000
3.000000,2776.771240,2775.844727,0.926514,277.954102,-229.227478,6500.000000,69.000000
3.000000,2776.771240,2776.079102,0.692139,0.000000,244.473663,-6500.000000,69.000000
3.000000,2776.771240,2776.617432,0.153809,0.000000,509.546417,-6500.000000,69.000000
3.000000,2776.771240,2776.602783,0.168457,0.000000,198.330322,0.000000,69.000000
3.000000,2776.771240,2776.218262,0.552979,0.000000,-330.071259,6500.000000,69.000000
3.000000,2776.771240,2776.165771,0.605469,0.000000,-253.051666,1090.000000,69.000000
3.000000,2776.771240,2776.516113,0.255127,0.000000,299.941010,-6500.000000,69.000000
3.000000,2776.771240,2776.567383,0.203857,0.000000,226.270142,0.000000,69.000000
3.000000,2776.771240,2776.221924,0.549316,0.000000,-283.894775,6500.000000,69.000000
3.000000,2776.771240,2776.127930,0.643311,0.000000,-273.328857,2139.000000,69.000000
3.000000,2776.771240,2776.492920,0.278320,0.000000,301.239410,-6500.000000,69.000000
3.000000,2776.771240,2776.600342,0.170898,0.000000,276.692841,-2805.000000,69.000000
3.000000,2776.771240,2776.289063,0.482178,0.000000,-287.636719,6500.000000,69.000000
3.000000,2776.771240,2776.137695,0.633545,0.000000,-310.434998,4195.000000,69.000000
3.000000,2776.771240,2776.453857,0.317383,0.000000,245.961731,-6500.000000,69.000000
3.000000,2776.771240,2776.599121,0.172119,0.000000,246.888702,-4061.000000,69.000000
3.000000,2776.771240,2776.320801,0.450439,0.000000,-204.686035,6242.000000,69.000000
3.000000,2776.771240,2776.134033,0.637207,0.000000,-323.735107,5595.000000,69.000000
3.000000,2776.771240,2776.397705,0.373535,0.000000,176.576263,-5946.000000,69.000000
3.000000,2776.771240,2776.572266,0.198975,0.000000,299.533325,-5415.000000,69.000000
3.000000,2776.771240,2776.357422,0.413818,0.000000,-134.162262,4864.000000,69.000000
1.000000,2776.771240,2776.147461,0.623779,0.000000,-310.874878,6500.000000,69.000000
1.000000,2776.771240,2776.347656,0.423584,0.000000,99.020172,-4803.000000,69.000000
1.000000,2776.771240,2776.564941,0.206299,0.000000,323.033051,-6500.000000,69.000000
1.000000,2776.771240,2776.473389,0.297852,0.000000,41.159645,3757.000000,69.000000
1.000000,2776.771240,2776.115723,0.655518,0.000000,-345.421570,6500.000000,69.000000
1.000000,2776.771240,2776.191406,0.579834,0.000000,-132.210724,-2554.000000,69.000000
1.000000,2776.771240,2776.568604,0.202637,0.000000,344.474884,-6500.000000,69.000000
1.000000,2776.771240,2776.529541,0.241699,0.000000,154.697067,1252.000000,69.000000
1.000000,2776.771240,2776.138916,0.632324,0.000000,-365.642181,6500.000000,69.000000
1.000000,2776.771240,2776.097412,0.673828,0.000000,-264.063110,1315.000000,69.000000
1.000000,2776.771240,2776.511230,0.260010,0.000000,348.041687,-6500.000000,69.000000
1.000000,2776.771240,2776.608887,0.162354,0.000000,225.114960,-3142.000000,69.000000
1.000000,2776.771240,2776.254883,0.516357,0.000000,-263.190430,6500.000000,69.000000
1.000000,2776.771240,2776.048584,0.722656,0.000000,-389.208160,6455.000000,69.000000
1.000000,2776.771240,2776.379395,0.391846,0.000000,205.792542,-6500.000000,69.000000
1.000000,2776.771240,2776.621094,0.150146,0.000000,398.772858,-6500.000000,69.000000
1.000000,2776.771240,2776.439209,0.332031,0.000000,-50.992775,3785.000000,69.000000
1.000000,2776.771240,2776.124268,0.646973,0.000000,-371.566559,6500.000000,69.000000
1.000000,2776.771240,2776.143799,0.627441,0.000000,-124.112419,0.000000,69.000000
1.000000,2776.771240,2776.470947,0.300293,0.000000,338.207947,-6500.000000,69.000000
1.000000,2776.771240,2776.594238,0.177002,0.000000,229.591431,-3237.000000,69.000000
1.000000,2776.771240,2776.333008,0.438232,0.000000,-181.968109,6500.000000,69.000000
1.000000,2776.771240,2776.048584,0.722656,0.000000,-302.028046,6500.000000,69.000000
1.000000,2776.771240,2776.250000,0.521240,0.000000,76.065781,-6500.000000,69.000000
1.000000,2776.771240,2776.627197,0.144043,0.000000,405.822052,-6500.000000,69.000000
1.000000,2776.771240,2776.456299,0.314941,0.000000,-50.431229,3466.000000,69.000000
1.000000,2776.771240,2776.083984,0.687256,0.000000,-409.092560,6500.000000,69.000000
1.000000,2776.771240,2776.066895,0.704346,0.000000,-270.104187,0.000000,69.000000
1.000000,2776.771240,2776.538086,0.233154,0.000000,416.478180,-6500.000000,69.000000
1.000000,2776.771240,2776.657715,0.113525,0.000000,299.951508,-2349.000000,69.000000
1.000000,2776.771240,2776.347656,0.423584,0.000000,-273.363403,6500.000000,69.000000
1.000000,2776.771240,2776.173096,0.598145,0.000000,-304.659027,3747.000000,69.000000
1.000000,2776.771240,2776.496582,0.274658,0.000000,230.363525,-6500.000000,69.000000
1.000000,2776.771240,2776.585693,0.185547,0.000000,266.589874,-3194.000000,69.000000
1.000000,2776.771240,2776.354980,0.416260,0.000000,-204.784073,5907.000000,69.000000
1.000000,2776.771240,2776.192627,0.578613,0.000000,-267.632721,4848.000000,69.000000
1.000000,2776.771240,2776.495361,0.275879,0.000000,233.338074,-5600.000000,69.000000
1.000000,2776.771240,2776.630859,0.140381,0.000000,283.386963,-4641.000000,69.000000
1.000000,2776.771240,2776.381836,0.389404,0.000000,-141.114624,5032.000000,69.000000
1.000000,2776.771240,2776.203613,0.567627,0.000000,-245.342957,5888.000000,69.000000
1.000000,2776.771240,2776.370850,0.400391,0.000000,9.088066,-4356.000000,69.000000
1.000000,2776.771240,2776.599121,0.172119,0.000000,266.449280,-5626.000000,69.000000
1.000000,2776.771240,2776.451416,0.319824,0.000000,-89.616539,3926.000000,69.000000
1.000000,2776.771240,2776.208496,0.562744,0.000000,-264.457001,5948.000000,69.000000
1.000000,2776.771240,2776.337891,0.433350,0.000000,-46.369377,-3153.000000,69.000000
1.000000,2776.771240,2776.595459,0.175781,0.000000,263.772827,-6021.000000,69.000000
1.000000,2776.771240,2776.488037,0.283203,0.000000,73.917809,2447.000000,69.000000
1.000000,2776.771240,2776.214600,0.556641,0.000000,-265.791260,6422.000000,69.000000
1.000000,2776.771240,2776.284180,0.487061,0.000000,-137.729950,-1187.000000,69.000000
1.000000,2776.771240,2776.583252,0.187988,0.000000,259.413879,-6474.000000,69.000000
1.000000,2776.771240,2776.555176,0.216064,0.000000,190.202179,0.000000,69.000000
1.000000,2776.771240,2776.212158,0.559082,0.000000,-277.564117,6500.000000,69.000000
1.000000,2776.771240,2776.192627,0.578613,0.000000,-258.671570,1969.000000,69.000000
1.000000,2776.771240,2776.568604,0.202637,0.000000,323.313538,-6500.000000,69.000000
1.000000,2776.771240,2776.635742,0.135498,0.000000,286.170715,-3429.000000,69.000000
1.000000,2776.771240,2776.302490,0.468750,0.000000,-223.262619,6500.000000,69.000000
1.000000,2776.771240,2776.147461,0.623779,0.000000,-264.382874,5325.000000,69.000000
1.000000,2776.771240,2776.447754,0.323486,0.000000,202.733215,-6169.000000,69.000000
1.000000,2776.771240,2776.582031,0.189209,0.000000,269.418915,-3408.000000,69.000000
1.000000,2776.771240,2776.356201,0.415039,0.000000,-174.082809,4992.000000,69.000000
1.000000,2776.771240,2776.253662,0.517578,0.000000,-209.996933,2873.000000,69.000000
1.000000,2776.771240,2776.413574,0.357666,0.000000,117.227325,-3483.000000,69.000000
1.000000,2776.771240,2776.513672,0.257568,0.000000,160.045959,-3194.000000,69.000000
1.000000,2776.771240,2776.483154,0.288086,0.000000,-4.489513,0.000000,69.000000
1.000000,2776.771240,2776.422119,0.349121,0.000000,-82.471985,1985.000000,69.000000
1.000000,2776.771240,2776.406250,0.364990,0.000000,-34.952332,0.000000,69.000000
1.000000,2776.771240,2776.442871,0.328369,0.000000,29.645283,-1049.000000,69.000000
1.000000,2776.771240,2776.473389,0.297852,0.000000,25.448021,0.000000,69.000000
1.000000,2776.771240,2776.455078,0.316162,0.000000,-11.052962,0.000000,69.000000
1.000000,2776.771240,2776.435547,0.335693,0.000000,-21.043732,0.000000,69.000000
1.000000,2776.771240,2776.440430,0.330811,0.000000,0.538760,0.000000,69.000000
1.000000,2776.771240,2776.445313,0.325928,0.000000,3.257808,0.000000,69.000000
1.000000,2776.771240,2776.445313,0.325928,0.000000,0.581539,0.000000,69.000000
1.000000,2776.771240,2776.445313,0.325928,0.000000,0.043859,0.000000,69.000000
1.000000,2776.771240,2776.445313,0.325928,0.000000,0.005089,0.000000,69.000000
1.000000,2776.771240,2776.445313,0.325928,0.000000,0.000908,0.000000,69.000000
1.000000,2776.771240,2776.445313,0.325928,0.000000,0.000069,0.000000,69.000000
1.000000,2776.771240,2776.445313,0.325928,0.000000,0.000012,0.000000,69.000000
1.000000,2776.771240,2776.445313,0.325928,0.000000,0.000001,0.000000,69.000000
1.000000,2776.771240,2776.445313,0.325928,0.000000,0.000000,0.000000,69.000000
1.000000,2776.771240,2776.445313,0.325928,0.000000,0.000000,0.000000,69.000000
1.000000,2776.771240,2776.445313,0.325928,0.000000,0.000000,0.000000,69.000000
1.000000,2776.771240,2776.445313,0.325928,0.000000,0.000000,0.000000,69.000000
1.000000,2776.771240,2776.445313,0.325928,0.000000,0.000000,0.000000,69.000000
1.000000,2776.771240,2776.445313,0.325928,0.000000,0.000000,0.000000,69.000000
1.000000,2776.771240,2776.445313,0.325928,0.000000,0.000000,0.000000,69.000000
1.000000,2776.771240,2776.445313,0.325928,0.000000,0.000000,0.000000,69.000000
3.000000,2816.445313,2776.445313,40.000000,4200.000000,0.000000,6500.000000,69.000000
3.000000,2816.445313,2776.523438,39.921875,4200.000000,34.177498,6500.000000,69.000000
3.000000,2816.445313,2776.859131,39.586182,4200.000000,297.457336,6500.000000,69.000000
3.000000,2816.445313,2777.938232,38.507080,4200.000000,967.824829,6500.000000,69.000000
3.000000,2816.445313,2779.082031,37.363281,4200.000000,1415.689331,6500.000000,69.000000
3.000000,2816.445313,2781.342773,35.102539,4200.000000,2098.429932,6500.000000,69.000000
3.000000,2816.445313,2783.251953,33.193359,4200.000000,2604.958252,6500.000000,69.000000
3.000000,2816.445313,2786.713867,29.731445,4200.000000,3302.315918,6500.000000,69.000000
3.000000,2816.445313,2789.539795,26.905518,4200.000000,3840.446777,818.000000,69.000000
3.000000,2816.445313,2794.415283,22.030029,4200.000000,4703.812500,-6500.000000,69.000000
3.000000,2816.445313,2797.520752,18.924561,4200.000000,4818.798340,-6500.000000,69.000000
3.000000,2816.445313,2801.704102,14.741211,4200.000000,4168.845215,747.000000,70.000000
3.000000,2816.445313,2804.183350,12.261963,3678.588867,3851.998291,-1756.000000,70.000000
3.000000,2816.445313,2807.774658,8.670654,2601.196289,3666.886475,-6500.000000,70.000000
3.000000,2816.445313,2809.753418,6.691895,2007.568359,3177.943115,-6500.000000,70.000000
3.000000,2816.445313,2812.017822,4.427490,1328.247070,2401.146973,-6500.000000,70.000000
3.000000,2816.445313,2812.934570,3.510742,1053.222656,1745.280273,-6500.000000,70.000000
3.000000,2816.445313,2813.486328,2.958984,887.695313,773.850098,6284.000000,70.000000
3.000000,2816.445313,2813.613281,2.832031,849.609375,304.054871,6500.000000,70.000000
3.000000,2816.445313,2814.219971,2.225342,667.602539,476.903595,1761.000000,70.000000
3.000000,2816.445313,2814.936523,1.508789,452.636719,862.475220,-6500.000000,70.000000
3.000000,2816.445313,2815.733643,0.711670,0.000000,903.272583,-6500.000000,70.000000
3.000000,2816.445313,2815.834961,0.610352,0.000000,452.778259,-4718.000000,70.000000
3.000000,2816.445313,2815.373535,1.071777,321.533203,-312.557831,6500.000000,70.000000
3.000000,2816.445313,2815.108643,1.336670,401.000977,-494.614136,6500.000000,70.000000
3.000000,2816.445313,2815.211182,1.234131,370.239258,-38.852104,6500.000000,70.000000
3.000000,2816.445313,2815.870361,0.574951,0.000000,584.958252,-6500.000000,70.000000
3.000000,2816.445313,2816.434326,0.010986,0.000000,840.929565,-6500.000000,70.000000
3.000000,2816.445313,2816.696777,-0.251465,0.000000,302.027893,-6500.000000,70.000000
3.000000,2816.445313,2816.439209,0.006104,0.000000,-108.967583,6500.000000,70.000000
3.000000,2816.445313,2815.920410,0.524902,0.000000,-528.271118,6500.000000,70.000000
3.000000,2816.445313,2815.939941,0.505371,0.000000,-82.891151,0.000000,70.000000
3.000000,2816.445313,2816.256104,0.189209,0.000000,302.977600,-6500.000000,70.000000
3.000000,2816.445313,2816.343994,0.101318,0.000000,216.352142,-931.000000,70.000000
3.000000,2816.445313,2816.052246,0.393066,0.000000,-264.506287,6500.000000,70.000000
3.000000,2816.445313,2815.972900,0.472412,0.000000,-210.285217,1782.000000,70.000000
3.000000,2816.445313,2816.333008,0.112305,0.000000,258.679657,-6500.000000,70.000000
3.000000,2816.445313,2816.407471,0.037842,0.000000,253.025940,-2948.000000,70.000000
3.000000,2816.445313,2816.208496,0.236816,0.000000,-172.599091,5094.000000,70.000000
3.000000,2816.445313,2816.054688,0.390625,0.000000,-243.897980,3700.000000,70.000000
3.000000,2816.445313,2816.308594,0.136719,0.000000,171.705154,-5442.000000,70.000000
3.000000,2816.445313,2816.412354,0.032959,0.000000,239.621124,-3709.000000,70.000000
3.000000,2816.445313,2816.228027,0.217285,0.000000,-154.794586,3715.000000,70.000000
3.000000,2816.445313,2816.093750,0.351563,0.000000,-221.231842,4542.000000,70.000000
3.000000,2816.445313,2816.241455,0.203857,0.000000,54.579376,-2817.000000,70.000000
1.000000,2816.445313,2816.372070,0.073242,0.000000,196.917755,-4634.000000,70.000000
1.000000,2816.445313,2816.320801,0.124512,0.000000,20.111156,0.000000,70.000000
1.000000,2816.445313,2816.214600,0.230713,0.000000,-124.383026,3489.000000,70.000000
1.000000,2816.445313,2816.151123,0.294189,0.000000,-108.809235,1949.000000,70.000000
1.000000,2816.445313,2816.214600,0.230713,0.000000,21.357559,-1630.000000,70.000000
1.000000,2816.445313,2816.301270,0.144043,0.000000,88.698364,-1963.000000,70.000000
1.000000,2816.445313,2816.312256,0.133057,0.000000,53.844662,0.000000,70.000000
1.000000,2816.445313,2816.293945,0.151367,0.000000,-11.748458,0.000000,70.000000
1.000000,2816.445313,2816.287842,0.157471,0.000000,-14.668385,0.000000,70.000000
1.000000,2816.445313,2816.284180,0.161133,0.000000,-5.910684,0.000000,70.000000
1.000000,2816.445313,2816.285400,0.159912,0.000000,-4.341069,0.000000,70.000000
1.000000,2816.445313,2816.285400,0.159912,0.000000,-0.212809,0.000000,70.000000
1.000000,2816.445313,2816.285400,0.159912,0.000000,-0.058443,0.000000,70.000000
1.000000,2816.445313,2816.285400,0.159912,0.000000,-0.004408,0.000000,70.000000
1.000000,2816.445313,2816.285400,0.159912,0.000000,-0.000511,0.000000,70.000000
1.000000,2816.445313,2816.285400,0.159912,0.000000,-0.000059,0.000000,70.000000
1.000000,2816.445313,2816.285400,0.159912,0.000000,-0.000011,0.000000,70.000000
1.000000,2816.445313,2816.285400,0.159912,0.000000,-0.000001,0.000000,70.000000
1.000000,2816.445313,2816.285400,0.159912,0.000000,-0.000000,0.000000,70.000000
1.000000,2816.445313,2816.285400,0.159912,0.000000,-0.000000,0.000000,70.000000
1.000000,2816.445313,2816.286621,0.158691,0.000000,-0.000000,0.000000,70.000000
1.000000,2816.445313,2816.287842,0.157471,0.000000,-0.000000,0.000000,70.000000
1.000000,2816.445313,2816.287842,0.157471,0.000000,-0.000000,0.000000,70.000000
1.000000,2816.445313,2816.287842,0.157471,0.000000,-0.000000,0.000000,70.000000
1.000000,2816.445313,2816.287842,0.157471,0.000000,-0.000000,0.000000,70.000000
1.000000,2816.445313,2816.287842,0.157471,0.000000,-0.000000,0.000000,70.000000
1.000000,2816.445313,2816.287842,0.157471,0.000000,-0.000000,0.000000,70.000000
1.000000,2816.445313,2816.287842,0.157471,0.000000,-0.000000,0.000000,70.000000
1.000000,2816.445313,2816.287842,0.157471,0.000000,-0.000000,0.000000,70.000000
1.000000,2816.445313,2816.287842,0.157471,0.000000,-0.000000,0.000000,70.000000
1.000000,2816.445313,2816.289063,0.156250,0.000000,-0.000000,0.000000,70.000000
1.000000,2816.445313,2816.289063,0.156250,0.000000,-0.000000,0.000000,70.000000
1.000000,2816.445313,2816.289063,0.156250,0.000000,-0.000000,0.000000,70.000000
1.000000,2816.445313,2816.289063,0.156250,0.000000,-0.000000,0.000000,70.000000
1.000000,2816.445313,2816.290283,0.155029,0.000000,-0.000000,0.000000,70.000000
1.000000,2816.445313,2816.290283,0.155029,0.000000,-0.000000,0.000000,70.000000
1.000000,2816.445313,2816.290283,0.155029,0.000000,-0.000000,0.000000,70.000000
1.000000,2816.445313,2816.290283,0.155029,0.000000,-0.000000,0.000000,70.000000
1.000000,2816.445313,2816.290283,0.155029,0.000000,-0.000000,0.000000,70.000000
1.000000,2816.445313,2816.290283,0.155029,0.000000,-0.000000,0.000000,70.000000
1.000000,2816.445313,2816.290283,0.155029,0.000000,-0.000000,0.000000,70.000000
1.000000,2816.445313,2816.290283,0.155029,0.000000,-0.000000,0.000000,70.000000
1.000000,2816.445313,2816.290283,0.155029,0.000000,-0.000000,0.000000,70.000000
1.000000,2816.445313,2816.290283,0.155029,0.000000,-0.000000,0.000000,70.000000
1.000000,2816.445313,2816.290283,0.155029,0.000000,-0.000000,0.000000,70.000000
1.000000,2816.445313,2816.290283,0.155029,0.000000,-0.000000,0.000000,70.000000
1.000000,2816.445313,2816.290283,0.155029,0.000000,-0.000000,0.000000,70.000000
1.000000,2816.445313,2816.290283,0.155029,0.000000,-0.000000,0.000000,70.000000
1.000000,2816.445313,2816.290283,0.155029,0.000000,-0.000000,0.000000,70.000000
1.000000,2816.445313,2816.290283,0.155029,0.000000,-0.000000,0.000000,70.000000
1.000000,2816.445313,2816.290283,0.155029,0.000000,-0.000000,0.000000,70.000000
1.000000,2816.445313,2816.290283,0.155029,0.000000,-0.000000,0.000000,70.000000
1.000000,2816.445313,2816.290283,0.155029,0.000000,-0.000000,0.000000,70.000000
1.000000,2816.445313,2816.290283,0.155029,0.000000,-0.000000,0.000000,70.000000
1.000000,2816.445313,2816.290283,0.155029,0.000000,-0.000000,0.000000,70.000000
1.000000,2816.445313,2816.290283,0.155029,0.000000,-0.000000,0.000000,70.000000
1.000000,2816.445313,2816.290283,0.155029,0.000000,-0.000000,0.000000,70.000000
1.000000,2816.445313,2816.290283,0.155029,0.000000,-0.000000,0.000000,70.000000
1.000000,2816.445313,2816.290283,0.155029,0.000000,-0.000000,0.000000,70.000000
1.000000,2816.445313,2816.290283,0.155029,0.000000,-0.000000,0.000000,70.000000
1.000000,2816.445313,2816.290283,0.155029,0.000000,-0.000000,0.000000,70.000000
1.000000,2816.445313,2816.290283,0.155029,0.000000,-0.000000,0.000000,70.000000
1.000000,2816.445313,2816.290283,0.155029,0.000000,-0.000000,0.000000,70.000000
1.000000,2816.445313,2816.290283,0.155029,0.000000,-0.000000,0.000000,70.000000
1.000000,2816.445313,2816.290283,0.155029,0.000000,-0.000000,0.000000,70.000000
1.000000,2816.445313,2816.290283,0.155029,0.000000,-0.000000,0.000000,70.000000
1.000000,2816.445313,2816.290283,0.155029,0.000000,-0.000000,0.000000,70.000000
1.000000,2816.445313,2816.290283,0.155029,0.000000,-0.000000,0.000000,70.000000
1.000000,2816.445313,2816.290283,0.155029,0.000000,-0.000000,0.000000,70.000000
1.000000,2816.445313,2816.290283,0.155029,0.000000,-0.000000,0.000000,70.000000
1.000000,2816.445313,2816.290283,0.155029,0.000000,-0.000000,0.000000,70.000000
1.000000,2816.445313,2816.290283,0.155029,0.000000,-0.000000,0.000000,70.000000
1.000000,2816.445313,2816.292725,0.152588,0.000000,-0.000000,0.000000,70.000000
1.000000,2816.445313,2816.295166,0.150146,0.000000,1.802933,0.000000,70.000000
1.000000,2816.445313,2816.295166,0.150146,0.000000,-1.814869,0.000000,70.000000
1.000000,2816.445313,2816.295166,0.150146,0.000000,-0.136875,0.000000,70.000000
1.000000,2816.445313,2816.295166,0.150146,0.000000,-0.015882,0.000000,70.000000
1.000000,2816.445313,2816.295166,0.150146,0.000000,-0.001843,0.000000,70.000000
1.000000,2816.445313,2816.295166,0.150146,0.000000,-0.000329,0.000000,70.000000
1.000000,2816.445313,2816.295166,0.150146,0.000000,-0.000025,0.000000,70.000000
1.000000,2816.445313,2816.295166,0.150146,0.000000,-0.000004,0.000000,70.000000
1.000000,2816.445313,2816.295166,0.150146,0.000000,-0.000000,0.000000,70.000000
1.000000,2816.445313,2816.295166,0.150146,0.000000,-0.000000,0.000000,70.000000
1.000000,2816.445313,2816.295166,0.150146,0.000000,-0.000000,0.000000,70.000000
1.000000,2816.445313,2816.295166,0.150146,0.000000,-0.000000,0.000000,70.000000
1.000000,2816.445313,2816.295166,0.150146,0.000000,-0.000000,0.000000,70.000000
1.000000,2816.445313,2816.295166,0.150146,0.000000,-0.000000,0.000000,70.000000
3.000000,2856.295166,2816.295166,40.000000,4200.000000,-0.000000,0.000000,70.000000
3.000000,2856.295166,2816.329346,39.965820,4200.000000,-0.000000,6500.000000,70.000000
3.000000,2856.295166,2816.829834,39.465332,4200.000000,357.546326,6500.000000,70.000000
3.000000,2856.295166,2817.800293,38.494873,4200.000000,1030.229858,6500.000000,70.000000
3.000000,2856.295166,2818.901367,37.393799,4200.000000,1344.866333,6500.000000,70.000000
3.000000,2856.295166,2821.136475,35.158691,4200.000000,2037.639282,6500.000000,70.000000
3.000000,2856.295166,2823.052979,33.242188,4200.000000,2692.838623,6500.000000,70.000000
3.000000,2856.295166,2826.651611,29.643555,4200.000000,3354.894531,6500.000000,70.000000
3.000000,2856.295166,2829.565430,26.729736,4200.000000,3948.612305,-1656.000000,70.000000
3.000000,2856.295166,2834.431152,21.864014,4200.000000,4744.437012,-6500.000000,70.000000
3.000000,2856.295166,2836.735840,19.559326,4200.000000,4656.061035,-6500.000000,70.000000
3.000000,2856.295166,2841.381836,14.913330,4200.000000,4130.471191,4621.000000,71.000000
3.000000,2856.295166,2843.898926,12.396240,3718.872070,3807.354004,-1653.000000,71.000000
3.000000,2856.295166,2847.753906,8.541260,2562.377930,3874.810059,-6500.000000,71.000000
3.000000,2856.295166,2849.398193,6.896973,2069.091797,3570.468262,-6500.000000,71.000000
3.000000,2856.295166,2852.421875,3.873291,1161.987305,2741.773193,-6500.000000,71.000000
3.000000,2856.295166,2853.569336,2.725830,817.749023,2127.139160,-6500.000000,71.000000
3.000000,2856.295166,2854.393311,1.901855,570.556641,1013.042725,-6500.000000,71.000000
3.000000,2856.295166,2854.414063,1.881104,564.331055,483.210632,6500.000000,71.000000
3.000000,2856.295166,2854.322510,1.972656,591.796875,-101.583160,6500.000000,71.000000
3.000000,2856.295166,2854.560547,1.734619,520.385742,176.069824,5870.000000,71.000000
3.000000,2856.295166,2855.443115,0.852051,255.615234,753.817688,-6500.000000,71.000000
3.000000,2856.295166,2855.889893,0.405273,0.000000,866.045227,-6500.000000,71.000000
3.000000,2856.295166,2855.903320,0.391846,0.000000,296.966125,-3675.000000,71.000000
3.000000,2856.295166,2855.532227,0.762939,0.000000,-316.002472,6500.000000,71.000000
3.000000,2856.295166,2855.195313,1.099854,329.956055,-369.117615,6500.000000,71.000000
3.000000,2856.295166,2855.372314,0.922852,276.855469,29.744629,-359.000000,71.000000
3.000000,2856.295166,2856.054688,0.240479,0.000000,623.303345,-6500.000000,71.000000
3.000000,2856.295166,2856.289063,0.006104,0.000000,493.323578,-6500.000000,71.000000
3.000000,2856.295166,2856.008301,0.286865,0.000000,-191.729660,6500.000000,71.000000
3.000000,2856.295166,2855.791016,0.504150,0.000000,-352.128540,6500.000000,71.000000
3.000000,2856.295166,2855.880127,0.415039,0.000000,91.152916,-2187.000000,71.000000
3.000000,2856.295166,2856.009521,0.285645,0.000000,182.118118,-3953.000000,71.000000
3.000000,2856.295166,2856.048584,0.246582,0.000000,64.429855,0.000000,71.000000
3.000000,2856.295166,2856.011963,0.283203,0.000000,-39.229897,1166.000000,71.000000
3.000000,2856.295166,2855.930176,0.364990,0.000000,-74.967491,1942.000000,71.000000
3.000000,2856.295166,2855.872803,0.422363,0.000000,-86.649590,2073.000000,71.000000
3.000000,2856.295166,2855.805664,0.489502,0.000000,-80.486237,1692.000000,71.000000
3.000000,2856.295166,2855.817871,0.477295,0.000000,-27.830223,0.000000,71.000000
3.000000,2856.295166,2855.836182,0.458984,0.000000,15.874775,0.000000,71.000000
3.000000,2856.295166,2855.828857,0.466309,0.000000,-2.932277,0.000000,71.000000
3.000000,2856.295166,2855.817871,0.477295,0.000000,-16.863792,0.000000,71.000000
3.000000,2856.295166,2855.816650,0.478516,0.000000,-5.746566,0.000000,71.000000
3.000000,2856.295166,2855.820313,0.474854,0.000000,2.414658,0.000000,71.000000
3.000000,2856.295166,2855.820313,0.474854,0.000000,0.303941,0.000000,71.000000
3.000000,2856.295166,2855.820313,0.474854,0.000000,0.054255,0.000000,71.000000
3.000000,2856.295166,2855.820313,0.474854,0.000000,0.004092,0.000000,71.000000
3.000000,2856.295166,2855.820313,0.474854,0.000000,0.000730,0.000000,71.000000
3.000000,2856.295166,2855.820313,0.474854,0.000000,0.000036,0.000000,71.000000
3.000000,2856.295166,2855.820313,0.474854,0.000000,0.000010,0.000000,71.000000
3.000000,2856.295166,2855.820313,0.474854,0.000000,0.000001,0.000000,71.000000
3.000000,2856.295166,2855.820313,0.474854,0.000000,0.000000,0.000000,71.000000
3.000000,2856.295166,2855.819092,0.476074,0.000000,-1.501500,0.000000,71.000000
3.000000,2856.295166,2855.819092,0.476074,0.000000,-0.268027,0.000000,71.000000
3.000000,2856.295166,2855.817871,0.477295,0.000000,-2.330214,0.000000,71.000000
3.000000,2856.295166,2855.817871,0.477295,0.000000,-1.391933,0.000000,71.000000
3.000000,2856.295166,2855.817871,0.477295,0.000000,-0.104978,0.000000,71.000000
3.000000,2856.295166,2855.816650,0.478516,0.000000,-0.018739,0.000000,71.000000
3.000000,2856.295166,2855.816650,0.478516,0.000000,-0.798238,0.000000,71.000000
3.000000,2856.295166,2855.812988,0.482178,0.000000,-5.945490,0.000000,71.000000
3.000000,2856.295166,2855.809326,0.485840,0.000000,-4.146727,0.000000,71.000000
3.000000,2856.295166,2855.809326,0.485840,0.000000,-4.026192,0.000000,71.000000
3.000000,2856.295166,2855.809326,0.485840,0.000000,-0.302960,0.000000,71.000000
3.000000,2856.295166,2855.809326,0.485840,0.000000,-0.083200,0.000000,71.000000
3.000000,2856.295166,2855.809326,0.485840,0.000000,-0.006275,0.000000,71.000000
3.000000,2856.295166,2855.809326,0.485840,0.000000,-0.000728,0.000000,71.000000
3.000000,2856.295166,2855.805664,0.489502,0.000000,-4.445968,0.000000,71.000000
3.000000,2856.295166,2855.803223,0.491943,0.000000,-4.079608,0.000000,71.000000
3.000000,2856.295166,2855.800781,0.494385,0.000000,-4.006004,0.000000,71.000000
3.000000,2856.295166,2855.800781,0.494385,0.000000,-1.099572,0.000000,71.000000
3.000000,2856.295166,2855.800781,0.494385,0.000000,-0.082928,0.000000,71.000000
3.000000,2856.295166,2855.797119,0.498047,0.000000,-5.226303,0.000000,71.000000
3.000000,2856.295166,2855.793457,0.501709,0.000000,-4.092486,0.000000,71.000000
3.000000,2856.295166,2855.791016,0.504150,0.000000,-4.016510,0.000000,71.000000
3.000000,2856.295166,2855.782471,0.512695,0.000000,-9.720426,0.000000,71.000000
3.000000,2856.295166,2855.772705,0.522461,0.000000,-13.673088,0.000000,71.000000
3.000000,2856.295166,2855.748291,0.546875,0.000000,-23.084375,0.000000,71.000000
3.000000,2856.295166,2855.725098,0.570068,0.000000,-29.245703,0.000000,71.000000
3.000000,2856.295166,2855.722656,0.572510,0.000000,-18.161354,0.000000,71.000000
3.000000,2856.295166,2855.731201,0.563965,0.000000,5.419316,0.000000,71.000000
3.000000,2856.295166,2855.732422,0.562744,0.000000,2.614405,0.000000,71.000000
3.000000,2856.295166,2855.731201,0.563965,0.000000,-2.112824,0.000000,71.000000
1.000000,2856.295166,2855.731201,0.563965,0.000000,-0.245149,0.000000,71.000000
1.000000,2856.295166,2855.731201,0.563965,0.000000,-0.028444,0.000000,71.000000
1.000000,2856.295166,2855.731201,0.563965,0.000000,-0.005078,0.000000,71.000000
1.000000,2856.295166,2855.731201,0.563965,0.000000,-0.000383,0.000000,71.000000
1.000000,2856.295166,2855.731201,0.563965,0.000000,-0.000068,0.000000,71.000000
1.000000,2856.295166,2855.731201,0.563965,0.000000,-0.000005,0.000000,71.000000
1.000000,2856.295166,2855.731201,0.563965,0.000000,-0.000001,0.000000,71.000000
1.000000,2856.295166,2855.731201,0.563965,0.000000,-0.000000,0.000000,71.000000
1.000000,2856.295166,2855.731201,0.563965,0.000000,-0.000000,0.000000,71.000000
1.000000,2856.295166,2855.731201,0.563965,0.000000,-0.000000,0.000000,71.000000
1.000000,2856.295166,2855.731201,0.563965,0.000000,-0.000000,0.000000,71.000000
1.000000,2856.295166,2855.731201,0.563965,0.000000,-0.000000,0.000000,71.000000
1.000000,2856.295166,2855.731201,0.563965,0.000000,-0.000000,0.000000,71.000000
1.000000,2856.295166,2855.731201,0.563965,0.000000,-0.000000,0.000000,71.000000
1.000000,2856.295166,2855.731201,0.563965,0.000000,-0.000000,0.000000,71.000000
1.000000,2856.295166,2855.731201,0.563965,0.000000,-0.000000,0.000000,71.000000
1.000000,2856.295166,2855.731201,0.563965,0.000000,-0.000000,0.000000,71.000000
1.000000,2856.295166,2855.731201,0.563965,0.000000,-0.000000,0.000000,71.000000
1.000000,2856.295166,2855.731201,0.563965,0.000000,-0.000000,0.000000,71.000000
1.000000,2856.295166,2855.731201,0.563965,0.000000,-0.000000,0.000000,71.000000
1.000000,2856.295166,2855.731201,0.563965,0.000000,-0.000000,0.000000,71.000000
1.000000,2856.295166,2855.731201,0.563965,0.000000,-0.000000,0.000000,71.000000
1.000000,2856.295166,2855.731201,0.563965,0.000000,-0.000000,0.000000,71.000000
1.000000,2856.295166,2855.731201,0.563965,0.000000,-0.000000,0.000000,71.000000
1.000000,2856.295166,2855.731201,0.563965,0.000000,-0.000000,0.000000,71.000000
1.000000,2856.295166,2855.731201,0.563965,0.000000,-0.000000,0.000000,71.000000
1.000000,2856.295166,2855.731201,0.563965,0.000000,-0.000000,0.000000,71.000000
1.000000,2856.295166,2855.731201,0.563965,0.000000,-0.000000,0.000000,71.000000
1.000000,2856.295166,2855.731201,0.563965,0.000000,-0.000000,0.000000,71.000000
1.000000,2856.295166,2855.731201,0.563965,0.000000,-0.000000,0.000000,71.000000
1.000000,2856.295166,2855.731201,0.563965,0.000000,-0.000000,0.000000,71.000000
1.000000,2856.295166,2855.731201,0.563965,0.000000,-0.000000,0.000000,71.000000
1.000000,2856.295166,2855.731201,0.563965,0.000000,-0.000000,0.000000,71.000000
1.000000,2856.295166,2855.731201,0.563965,0.000000,-0.000000,0.000000,71.000000
1.000000,2856.295166,2855.731201,0.563965,0.000000,-0.000000,0.000000,71.000000
1.000000,2856.295166,2855.731201,0.563965,0.000000,-0.000000,0.000000,71.000000
1.000000,2856.295166,2855.731201,0.563965,0.000000,-0.000000,0.000000,71.000000
1.000000,2856.295166,2855.731201,0.563965,0.000000,-0.000000,0.000000,71.000000
1.000000,2856.295166,2855.731201,0.563965,0.000000,-0.000000,0.000000,71.000000
1.000000,2856.295166,2855.731201,0.563965,0.000000,-0.000000,0.000000,71.000000
1.000000,2856.295166,2855.731201,0.563965,0.000000,-0.000000,0.000000,71.000000
1.000000,2856.295166,2855.731201,0.563965,0.000000,-0.000000,0.000000,71.000000
1.000000,2856.295166,2855.731201,0.563965,0.000000,-0.000000,0.000000,71.000000
1.000000,2856.295166,2855.731201,0.563965,0.000000,-0.000000,0.000000,71.000000
1.000000,2856.295166,2855.731201,0.563965,0.000000,-0.000000,0.000000,71.000000
1.000000,2856.295166,2855.731201,0.563965,0.000000,-0.000000,0.000000,71.000000
1.000000,2856.295166,2855.731201,0.563965,0.000000,-0.000000,0.000000,71.000000
1.000000,2856.295166,2855.731201,0.563965,0.000000,-0.000000,0.000000,71.000000
1.000000,2856.295166,2855.731201,0.563965,0.000000,-0.000000,0.000000,71.000000
1.000000,2856.295166,2855.731201,0.563965,0.000000,-0.000000,0.000000,71.000000
1.000000,2856.295166,2855.731201,0.563965,0.000000,-0.000000,0.000000,71.000000
1.000000,2856.295166,2855.731201,0.563965,0.000000,-0.000000,0.000000,71.000000
1.000000,2856.295166,2855.731201,0.563965,0.000000,-0.000000,0.000000,71.000000
1.000000,2856.295166,2855.731201,0.563965,0.000000,-0.000000,0.000000,71.000000
1.000000,2856.295166,2855.731201,0.563965,0.000000,-0.000000,0.000000,71.000000
1.000000,2856.295166,2855.731201,0.563965,0.000000,-0.000000,0.000000,71.000000
1.000000,2856.295166,2855.731201,0.563965,0.000000,-0.000000,0.000000,71.000000
1.000000,2856.295166,2855.731201,0.563965,0.000000,-0.000000,0.000000,71.000000
1.000000,2856.295166,2855.731201,0.563965,0.000000,-0.000000,0.000000,71.000000
1.000000,2856.295166,2855.731201,0.563965,0.000000,-0.000000,0.000000,71.000000
1.000000,2856.295166,2855.731201,0.563965,0.000000,-0.000000,0.000000,71.000000
1.000000,2856.295166,2855.731201,0.563965,0.000000,-0.000000,0.000000,71.000000
1.000000,2856.295166,2855.731201,0.563965,0.000000,-0.000000,0.000000,71.000000
1.000000,2856.295166,2855.731201,0.563965,0.000000,-0.000000,0.000000,71.000000
1.000000,2856.295166,2855.731201,0.563965,0.000000,-0.000000,0.000000,71.000000
1.000000,2856.295166,2855.731201,0.563965,0.000000,-0.000000,0.000000,71.000000
1.000000,2856.295166,2855.731201,0.563965,0.000000,-0.000000,0.000000,71.000000
1.000000,2856.295166,2855.731201,0.563965,0.000000,-0.000000,0.000000,71.000000
1.000000,2856.295166,2855.731201,0.563965,0.000000,-0.000000,0.000000,71.000000
1.000000,2856.295166,2855.731201,0.563965,0.000000,-0.000000,0.000000,71.000000
1.000000,2856.295166,2855.731201,0.563965,0.000000,-0.000000,0.000000,71.000000
1.000000,2856.295166,2855.731201,0.563965,0.000000,-0.000000,0.000000,71.000000
1.000000,2856.295166,2855.731201,0.563965,0.000000,-0.000000,0.000000,71.000000
3.000000,2895.731201,2855.731201,40.000000,4200.000000,-0.000000,0.000000,71.000000
3.000000,2895.731201,2855.739746,39.991455,4200.000000,-0.000000,6500.000000,71.000000
3.000000,2895.731201,2856.171875,39.559326,4200.000000,315.313507,6500.000000,71.000000
3.000000,2895.731201,2856.843262,38.887939,4200.000000,859.470276,6500.000000,71.000000
3.000000,2895.731201,2858.466797,37.264404,4200.000000,1462.437256,6500.000000,71.000000
3.000000,2895.731201,2859.952393,35.778809,4200.000000,1969.557129,6500.000000,71.000000
3.000000,2895.731201,2862.822266,32.908936,4200.000000,2701.147705,6500.000000,71.000000
3.000000,2895.731201,2865.139160,30.592041,4200.000000,3201.261475,6500.000000,71.000000
3.000000,2895.731201,2869.406738,26.324463,4200.000000,4066.555908,-623.000000,71.000000
3.000000,2895.731201,2872.591553,23.139648,4200.000000,4631.751953,-6500.000000,71.000000
3.000000,2895.731201,2877.232666,18.498535,4200.000000,4642.988770,-6500.000000,71.000000
3.000000,2895.731201,2879.897461,15.833740,4200.000000,4301.962402,3161.000000,71.000000
3.000000,2895.731201,2883.663330,12.067871,3620.361328,3759.919189,-2988.000000,72.000000
3.000000,2895.731201,2886.271973,9.459229,2837.768555,3843.588623,-6500.000000,72.000000
3.000000,2895.731201,2889.674072,6.057129,1817.138672,3444.090576,-6500.000000,72.000000
3.000000,2895.731201,2891.479492,4.251709,1275.512695,3015.559326,-6500.000000,72.000000
3.000000,2895.731201,2893.348389,2.382813,714.843750,2100.751465,-6500.000000,72.000000
3.000000,2895.731201,2894.047852,1.683350,505.004883,1232.739258,-6500.000000,72.000000
3.000000,2895.731201,2894.301758,1.429443,428.833008,449.255371,3350.000000,72.000000
3.000000,2895.731201,2894.150391,1.580811,474.243164,-71.305939,6500.000000,72.000000
3.000000,2895.731201,2894.208984,1.522217,456.665039,23.901676,6500.000000,72.000000
3.000000,2895.731201,2894.874268,0.856934,257.080078,507.247162,-6500.000000,72.000000
3.000000,2895.731201,2895.358887,0.372314,0.000000,772.647522,-6500.000000,72.000000
3.000000,2895.731201,2895.612793,0.118408,0.000000,393.919128,-6388.000000,72.000000
3.000000,2895.731201,2895.302734,0.428467,0.000000,-152.689270,6500.000000,72.000000
3.000000,2895.731201,2894.888916,0.842285,252.685547,-442.299622,6500.000000,72.000000
3.000000,2895.731201,2894.958496,0.772705,0.000000,-163.860748,-1530.000000,72.000000
3.000000,2895.731201,2895.458984,0.272217,0.000000,421.661011,-6500.000000,72.000000
3.000000,2895.731201,2895.632324,0.098877,0.000000,427.812653,-6036.000000,72.000000
3.000000,2895.731201,2895.257568,0.473633,0.000000,-239.575455,6500.000000,72.000000
3.000000,2895.731201,2895.000000,0.731201,0.000000,-436.034546,6500.000000,72.000000
3.000000,2895.731201,2895.072021,0.659180,0.000000,36.793167,-883.000000,72.000000
3.000000,2895.731201,2895.305176,0.426025,0.000000,256.476318,-6500.000000,72.000000
3.000000,2895.731201,2895.399170,0.332031,0.000000,193.776184,-2678.000000,72.000000
3.000000,2895.731201,2895.172119,0.559082,0.000000,-238.314636,6500.000000,72.000000
3.000000,2895.731201,2894.949951,0.781250,0.000000,-283.020050,5616.000000,72.000000
3.000000,2895.731201,2895.115967,0.615234,0.000000,14.597908,-4597.000000,72.000000
3.000000,2895.731201,2895.447998,0.283203,0.000000,325.627075,-6500.000000,72.000000
3.000000,2895.731201,2895.397949,0.333252,0.000000,161.660797,1037.000000,72.000000
3.000000,2895.731201,2895.006104,0.725098,0.000000,-337.089172,6500.000000,72.000000
3.000000,2895.731201,2894.913330,0.817871,245.361328,-297.290161,6500.000000,72.000000
3.000000,2895.731201,2895.280762,0.450439,0.000000,238.069275,-6500.000000,72.000000
3.000000,2895.731201,2895.576172,0.155029,0.000000,442.845367,-6500.000000,72.000000
3.000000,2895.731201,2895.405273,0.325928,0.000000,25.574959,2499.000000,72.000000
3.000000,2895.731201,2895.074463,0.656738,0.000000,-405.644562,6500.000000,72.000000
3.000000,2895.731201,2894.938965,0.792236,0.000000,-178.870850,4292.000000,72.000000
3.000000,2895.731201,2895.190430,0.540771,0.000000,131.478470,-6500.000000,72.000000
3.000000,2895.731201,2895.554199,0.177002,0.000000,399.170502,-6500.000000,72.000000
3.000000,2895.731201,2895.350342,0.380859,0.000000,8.602554,2822.000000,72.000000
3.000000,2895.731201,2894.975586,0.755615,0.000000,-418.826843,6500.000000,72.000000
3.000000,2895.731201,2894.886475,0.844727,253.417969,-330.002808,6500.000000,72.000000
3.000000,2895.731201,2895.292969,0.438232,0.000000,260.077545,-6500.000000,72.000000
3.000000,2895.731201,2895.607910,0.123291,0.000000,478.859375,-6500.000000,72.000000
3.000000,2895.731201,2895.372314,0.358887,0.000000,57.660347,2762.000000,72.000000
3.000000,2895.731201,2895.052490,0.678711,0.000000,-451.966339,6500.000000,72.000000
3.000000,2895.731201,2894.965820,0.765381,0.000000,-282.875000,2609.000000,72.000000
3.000000,2895.731201,2895.219727,0.511475,0.000000,227.551224,-6313.000000,72.000000
3.000000,2895.731201,2895.371094,0.360107,0.000000,260.926514,-3934.000000,72.000000
3.000000,2895.731201,2895.128174,0.603027,0.000000,-139.836151,4642.000000,72.000000
3.000000,2895.731201,2894.973145,0.758057,0.000000,-257.276794,5437.000000,72.000000
3.000000,2895.731201,2895.073242,0.657959,0.000000,31.003166,-2356.000000,72.000000
3.000000,2895.731201,2895.218506,0.512695,0.000000,196.075607,-4583.000000,72.000000
3.000000,2895.731201,2895.255127,0.476074,0.000000,34.557037,0.000000,72.000000
3.000000,2895.731201,2895.168457,0.562744,0.000000,-66.166649,2567.000000,72.000000
3.000000,2895.731201,2895.048828,0.682373,0.000000,-143.884766,3387.000000,72.000000
3.000000,2895.731201,2895.006104,0.725098,0.000000,-97.267471,1458.000000,72.000000
3.000000,2895.731201,2895.090332,0.640869,0.000000,54.457634,-1613.000000,72.000000
3.000000,2895.731201,2895.129395,0.601807,0.000000,71.839333,-1439.000000,72.000000
3.000000,2895.731201,2895.087891,0.643311,0.000000,-14.115767,0.000000,72.000000
3.000000,2895.731201,2895.054932,0.676270,0.000000,-52.873856,1189.000000,72.000000
3.000000,2895.731201,2895.046387,0.684814,0.000000,-27.641182,0.000000,72.000000
3.000000,2895.731201,2895.062256,0.668945,0.000000,7.819482,0.000000,72.000000
3.000000,2895.731201,2895.078125,0.653076,0.000000,15.838315,0.000000,72.000000
3.000000,2895.731201,2895.080566,0.650635,0.000000,11.042176,0.000000,72.000000
3.000000,2895.731201,2895.075684,0.655518,0.000000,-4.899920,0.000000,72.000000
3.000000,2895.731201,2895.075684,0.655518,0.000000,-1.259141,0.000000,72.000000
3.000000,2895.731201,2895.075684,0.655518,0.000000,-0.061726,0.000000,72.000000
3.000000,2895.731201,2895.075684,0.655518,0.000000,-0.016951,0.000000,72.000000
3.000000,2895.731201,2895.075684,0.655518,0.000000,-0.001278,0.000000,72.000000
3.000000,2895.731201,2895.075684,0.655518,0.000000,-0.000148,0.000000,72.000000
3.000000,2895.731201,2895.074463,0.656738,0.000000,-0.634401,0.000000,72.000000
3.000000,2895.731201,2895.074463,0.656738,0.000000,-0.113245,0.000000,72.000000
3.000000,2895.731201,2895.074463,0.656738,0.000000,-0.008541,0.000000,72.000000
3.000000,2895.731201,2895.073242,0.657959,0.000000,-3.287499,0.000000,72.000000
3.000000,2895.731201,2895.070801,0.660400,0.000000,-1.320380,0.000000,72.000000
1.000000,2895.731201,2895.068359,0.662842,0.000000,-5.023171,0.000000,72.000000
1.000000,2895.731201,2895.068359,0.662842,0.000000,-1.767166,0.000000,72.000000
1.000000,2895.731201,2895.068359,0.662842,0.000000,-0.315450,0.000000,72.000000
1.000000,2895.731201,2895.068359,0.662842,0.000000,-0.023791,0.000000,72.000000
1.000000,2895.731201,2895.068359,0.662842,0.000000,-0.004247,0.000000,72.000000
1.000000,2895.731201,2895.068359,0.662842,0.000000,-0.000320,0.000000,72.000000
1.000000,2895.731201,2895.065918,0.665283,0.000000,-1.400037,0.000000,72.000000
1.000000,2895.731201,2895.063477,0.667725,0.000000,-3.920365,0.000000,72.000000
1.000000,2895.731201,2895.062256,0.668945,0.000000,-1.686096,0.000000,72.000000
1.000000,2895.731201,2895.062256,0.668945,0.000000,-0.463044,0.000000,72.000000
1.000000,2895.731201,2895.062256,0.668945,0.000000,-0.034922,0.000000,72.000000
1.000000,2895.731201,2895.062256,0.668945,0.000000,-0.004052,0.000000,72.000000
1.000000,2895.731201,2895.062256,0.668945,0.000000,-0.000470,0.000000,72.000000
1.000000,2895.731201,2895.062256,0.668945,0.000000,-0.000084,0.000000,72.000000
1.000000,2895.731201,2895.062256,0.668945,0.000000,-0.000006,0.000000,72.000000
1.000000,2895.731201,2895.061035,0.670166,0.000000,-3.710001,0.000000,72.000000
1.000000,2895.731201,2895.058594,0.672607,0.000000,-3.978129,0.000000,72.000000
1.000000,2895.731201,2895.058594,0.672607,0.000000,-0.710121,0.000000,72.000000
1.000000,2895.731201,2895.058594,0.672607,0.000000,-0.053557,0.000000,72.000000
1.000000,2895.731201,2895.058594,0.672607,0.000000,-0.009560,0.000000,72.000000
1.000000,2895.731201,2895.058594,0.672607,0.000000,-0.000721,0.000000,72.000000
1.000000,2895.731201,2895.058594,0.672607,0.000000,-0.000129,0.000000,72.000000
1.000000,2895.731201,2895.058594,0.672607,0.000000,-0.000006,0.000000,72.000000
1.000000,2895.731201,2895.058594,0.672607,0.000000,-0.000002,0.000000,72.000000
1.000000,2895.731201,2895.058594,0.672607,0.000000,-0.000000,0.000000,72.000000
1.000000,2895.731201,2895.058594,0.672607,0.000000,-0.000000,0.000000,72.000000
1.000000,2895.731201,2895.058594,0.672607,0.000000,-0.000000,0.000000,72.000000
1.000000,2895.731201,2895.058594,0.672607,0.000000,-0.000000,0.000000,72.000000
1.000000,2895.731201,2895.058594,0.672607,0.000000,-0.000000,0.000000,72.000000
1.000000,2895.731201,2895.057373,0.673828,0.000000,-0.000000,0.000000,72.000000
1.000000,2895.731201,2895.054932,0.676270,0.000000,-3.948233,0.000000,72.000000
1.000000,2895.731201,2895.054932,0.676270,0.000000,-1.680759,0.000000,72.000000
1.000000,2895.731201,2895.054932,0.676270,0.000000,-0.126761,0.000000,72.000000
1.000000,2895.731201,2895.054932,0.676270,0.000000,-0.022628,0.000000,72.000000
1.000000,2895.731201,2895.054932,0.676270,0.000000,-0.001707,0.000000,72.000000
1.000000,2895.731201,2895.054932,0.676270,0.000000,-0.000305,0.000000,72.000000
1.000000,2895.731201,2895.054932,0.676270,0.000000,-0.000015,0.000000,72.000000
1.000000,2895.731201,2895.054932,0.676270,0.000000,-0.000004,0.000000,72.000000
1.000000,2895.731201,2895.054932,0.676270,0.000000,-0.000000,0.000000,72.000000
1.000000,2895.731201,2895.054932,0.676270,0.000000,-0.000000,0.000000,72.000000
1.000000,2895.731201,2895.054932,0.676270,0.000000,-0.000000,0.000000,72.000000
1.000000,2895.731201,2895.054932,0.676270,0.000000,-0.000000,0.000000,72.000000
1.000000,2895.731201,2895.054932,0.676270,0.000000,-0.000000,0.000000,72.000000
1.000000,2895.731201,2895.054932,0.676270,0.000000,-0.000000,0.000000,72.000000
1.000000,2895.731201,2895.054932,0.676270,0.000000,-0.000000,0.000000,72.000000
1.000000,2895.731201,2895.054932,0.676270,0.000000,-0.000000,0.000000,72.000000
1.000000,2895.731201,2895.054932,0.676270,0.000000,-0.000000,0.000000,72.000000
1.000000,2895.731201,2895.054932,0.676270,0.000000,-0.000000,0.000000,72.000000
1.000000,2895.731201,2895.054932,0.676270,0.000000,-0.000000,0.000000,72.000000
1.000000,2895.731201,2895.054932,0.676270,0.000000,-0.000000,0.000000,72.000000
1.000000,2895.731201,2895.054932,0.676270,0.000000,-0.000000,0.000000,72.000000
1.000000,2895.731201,2895.054932,0.676270,0.000000,-0.000000,0.000000,72.000000
1.000000,2895.731201,2895.054932,0.676270,0.000000,-0.000000,0.000000,72.000000
1.000000,2895.731201,2895.054932,0.676270,0.000000,-0.000000,0.000000,72.000000
1.000000,2895.731201,2895.054932,0.676270,0.000000,-0.000000,0.000000,72.000000
1.000000,2895.731201,2895.054932,0.676270,0.000000,-0.000000,0.000000,72.000000
1.000000,2895.731201,2895.054932,0.676270,0.000000,-0.000000,0.000000,72.000000
1.000000,2895.731201,2895.054932,0.676270,0.000000,-0.000000,0.000000,72.000000
1.000000,2895.731201,2895.054932,0.676270,0.000000,-0.000000,0.000000,72.000000
1.000000,2895.731201,2895.051270,0.679932,0.000000,-5.211500,0.000000,72.000000
1.000000,2895.731201,2895.050049,0.681152,0.000000,-4.216260,0.000000,72.000000
1.000000,2895.731201,2895.050049,0.681152,0.000000,-0.730335,0.000000,72.000000
1.000000,2895.731201,2895.050049,0.681152,0.000000,-0.130369,0.000000,72.000000
1.000000,2895.731201,2895.050049,0.681152,0.000000,-0.009832,0.000000,72.000000
1.000000,2895.731201,2895.050049,0.681152,0.000000,-0.001755,0.000000,72.000000
1.000000,2895.731201,2895.050049,0.681152,0.000000,-0.000132,0.000000,72.000000
1.000000,2895.731201,2895.050049,0.681152,0.000000,-0.000024,0.000000,72.000000
1.000000,2895.731201,2895.050049,0.681152,0.000000,-0.000001,0.000000,72.000000
1.000000,2895.731201,2895.050049,0.681152,0.000000,-0.000000,0.000000,72.000000
1.000000,2895.731201,2895.050049,0.681152,0.000000,-0.000000,0.000000,72.000000
1.000000,2895.731201,2895.050049,0.681152,0.000000,-0.000000,0.000000,72.000000
1.000000,2895.731201,2895.050049,0.681152,0.000000,-0.000000,0.000000,72.000000
1.000000,2895.731201,2895.050049,0.681152,0.000000,-0.000000,0.000000,72.000000
1.000000,2895.731201,2895.050049,0.681152,0.000000,-0.000000,0.000000,72.000000
1.000000,2895.731201,2895.050049,0.681152,0.000000,-0.000000,0.000000,72.000000
1.000000,2895.731201,2895.050049,0.681152,0.000000,-0.000000,0.000000,72.000000
1.000000,2895.731201,2895.050049,0.681152,0.000000,-0.000000,0.000000,72.000000
1.000000,2895.731201,2895.050049,0.681152,0.000000,-0.000000,0.000000,72.000000
1.000000,2895.731201,2895.050049,0.681152,0.000000,-0.000000,0.000000,72.000000
1.000000,2895.731201,2895.050049,0.681152,0.000000,-0.000000,0.000000,72.000000
1.000000,2895.731201,2895.050049,0.681152,0.000000,-0.000000,0.000000,72.000000
1.000000,2895.731201,2895.050049,0.681152,0.000000,-0.000000,0.000000,72.000000
1.000000,2895.731201,2895.050049,0.681152,0.000000,-0.000000,0.000000,72.000000
1.000000,2895.731201,2895.050049,0.681152,0.000000,-0.000000,0.000000,72.000000
1.000000,2895.731201,2895.050049,0.681152,0.000000,-0.000000,0.000000,72.000000
1.000000,2895.731201,2895.050049,0.681152,0.000000,-0.000000,0.000000,72.000000
1.000000,2895.731201,2895.050049,0.681152,0.000000,-0.000000,0.000000,72.000000
1.000000,2895.731201,2895.050049,0.681152,0.000000,-0.000000,0.000000,72.000000
1.000000,2895.731201,2895.050049,0.681152,0.000000,-0.000000,0.000000,72.000000
1.000000,2895.731201,2895.050049,0.681152,0.000000,-0.000000,0.000000,72.000000
1.000000,2895.731201,2895.050049,0.681152,0.000000,-0.000000,0.000000,72.000000
1.000000,2895.731201,2895.050049,0.681152,0.000000,-0.000000,0.000000,72.000000
1.000000,2895.731201,2895.050049,0.681152,0.000000,-0.000000,0.000000,72.000000
1.000000,2895.731201,2895.050049,0.681152,0.000000,-0.000000,0.000000,72.000000
1.000000,2895.731201,2895.050049,0.681152,0.000000,-0.000000,0.000000,72.000000
1.000000,2895.731201,2895.050049,0.681152,0.000000,-0.000000,0.000000,72.000000
1.000000,2895.731201,2895.050049,0.681152,0.000000,-0.000000,0.000000,72.000000
1.000000,2895.731201,2895.050049,0.681152,0.000000,-0.000000,0.000000,72.000000
1.000000,2895.731201,2895.050049,0.681152,0.000000,-0.000000,0.000000,72.000000
1.000000,2895.731201,2895.050049,0.681152,0.000000,-0.000000,0.000000,72.000000
1.000000,2895.731201,2895.050049,0.681152,0.000000,-0.000000,0.000000,72.000000
1.000000,2895.731201,2895.050049,0.681152,0.000000,-0.000000,0.000000,72.000000
1.000000,2895.731201,2895.050049,0.681152,0.000000,-0.000000,0.000000,72.000000
1.000000,2895.731201,2895.050049,0.681152,0.000000,-0.000000,0.000000,72.000000
1.000000,2895.731201,2895.050049,0.681152,0.000000,-0.000000,0.000000,72.000000
1.000000,2895.731201,2895.050049,0.681152,0.000000,-0.000000,0.000000,72.000000
1.000000,2895.731201,2895.050049,0.681152,0.000000,-0.000000,0.000000,72.000000
1.000000,2895.731201,2895.050049,0.681152,0.000000,-0.000000,0.000000,72.000000
1.000000,2895.731201,2895.050049,0.681152,0.000000,-0.000000,0.000000,72.000000
1.000000,2895.731201,2895.050049,0.681152,0.000000,-0.000000,0.000000,72.000000
1.000000,2895.731201,2895.050049,0.681152,0.000000,-0.000000,0.000000,72.000000
1.000000,2895.731201,2895.050049,0.681152,0.000000,-0.000000,0.000000,72.000000
1.000000,2895.731201,2895.050049,0.681152,0.000000,-0.000000,0.000000,72.000000
1.000000,2895.731201,2895.050049,0.681152,0.000000,-0.000000,0.000000,72.000000
1.000000,2895.731201,2895.050049,0.681152,0.000000,-0.000000,0.000000,72.000000
3.000000,2935.050049,2895.050049,40.000000,4200.000000,-0.000000,0.000000,72.000000
3.000000,2935.050049,2895.068359,39.981689,4200.000000,-0.000000,6500.000000,72.000000
3.000000,2935.050049,2895.537109,39.512939,4200.000000,294.783203,6500.000000,72.000000
3.000000,2935.050049,2896.242676,38.807373,4200.000000,859.125488,6500.000000,72.000000
3.000000,2935.050049,2897.814941,37.235107,4200.000000,1469.475952,6500.000000,72.000000
3.000000,2935.050049,2899.278564,35.771484,4200.000000,1908.160645,6500.000000,72.000000
3.000000,2935.050049,2902.000732,33.049316,4200.000000,2565.733643,6500.000000,72.000000
3.000000,2935.050049,2904.158936,30.891113,4200.000000,2975.217041,6500.000000,72.000000
3.000000,2935.050049,2908.120117,26.929932,4200.000000,3772.537598,6450.000000,72.000000
3.000000,2935.050049,2911.262207,23.787842,4200.000000,4405.541504,-6500.000000,72.000000
3.000000,2935.050049,2916.152344,18.897705,4200.000000,4847.891602,-6500.000000,72.000000
3.000000,2935.050049,2919.019775,16.030273,4200.000000,4586.669434,-3970.000000,72.000000
3.000000,2935.050049,2922.872314,12.177734,3653.320313,3904.257324,-4197.000000,73.000000
3.000000,2935.050049,2925.262451,9.787598,2936.279297,3692.916016,-6500.000000,73.000000
3.000000,2935.050049,2928.251953,6.798096,2039.428711,3041.890381,-6500.000000,73.000000
3.000000,2935.050049,2929.732666,5.317383,1595.214844,2604.424316,-6500.000000,73.000000
3.000000,2935.050049,2931.053467,3.996582,1198.974609,1580.472778,-4708.000000,73.000000
3.000000,2935.050049,2931.440430,3.609619,1082.885742,787.551086,6500.000000,73.000000
3.000000,2935.050049,2931.986084,3.063965,919.189453,500.849335,6500.000000,73.000000
3.000000,2935.050049,2932.657471,2.392578,717.773438,755.500549,-6046.000000,73.000000
3.000000,2935.050049,2933.764648,1.285400,385.620117,1144.691528,-6500.000000,73.000000
3.000000,2935.050049,2934.237061,0.812988,243.896484,888.533997,-6500.000000,73.000000
3.000000,2935.050049,2934.249268,0.800781,240.234375,213.465866,3762.000000,73.000000
3.000000,2935.050049,2933.850098,1.199951,359.985352,-337.211639,6500.000000,73.000000
3.000000,2935.050049,2933.638916,1.411133,423.339844,-326.041840,6500.000000,73.000000
3.000000,2935.050049,2933.864746,1.185303,355.590820,57.451920,1837.000000,73.000000
3.000000,2935.050049,2934.694824,0.355225,0.000000,742.919861,-6500.000000,73.000000
3.000000,2935.050049,2935.084229,-0.034180,0.000000,757.525085,-6500.000000,73.000000
3.000000,2935.050049,2935.026855,0.023193,0.000000,2.985329,0.000000,73.000000
3.000000,2935.050049,2934.643555,0.406494,0.000000,-340.127380,6500.000000,73.000000
3.000000,2935.050049,2934.360352,0.689697,0.000000,-390.134338,6500.000000,73.000000
3.000000,2935.050049,2934.633789,0.416260,0.000000,217.668976,-5224.000000,73.000000
3.000000,2935.050049,2934.967041,0.083008,0.000000,443.965363,-6500.000000,73.000000
3.000000,2935.050049,2934.979248,0.070801,0.000000,153.691772,-1381.000000,73.000000
3.000000,2935.050049,2934.642334,0.407715,0.000000,-361.188477,6500.000000,73.000000
3.000000,2935.050049,2934.366455,0.683594,0.000000,-368.111969,6500.000000,73.000000
3.000000,2935.050049,2934.527588,0.522461,0.000000,-31.385750,-4124.000000,73.000000
3.000000,2935.050049,2934.945068,0.104980,0.000000,409.783997,-6500.000000,73.000000
3.000000,2935.050049,2934.927979,0.122070,0.000000,220.696320,0.000000,73.000000
3.000000,2935.050049,2934.464111,0.585938,0.000000,-386.293884,6500.000000,73.000000
3.000000,2935.050049,2934.313965,0.736084,0.000000,-384.293457,6021.000000,73.000000
3.000000,2935.050049,2934.598389,0.451660,0.000000,135.473053,-5582.000000,73.000000
3.000000,2935.050049,2934.899902,0.150146,0.000000,402.811066,-6500.000000,73.000000
3.000000,2935.050049,2934.827881,0.222168,0.000000,104.493439,0.000000,73.000000
3.000000,2935.050049,2934.486084,0.563965,0.000000,-346.637634,6500.000000,73.000000
3.000000,2935.050049,2934.282227,0.767822,0.000000,-244.372131,5864.000000,73.000000
3.000000,2935.050049,2934.515381,0.534668,0.000000,52.962044,-6256.000000,73.000000
3.000000,2935.050049,2934.943848,0.106201,0.000000,453.798157,-6500.000000,73.000000
3.000000,2935.050049,2934.821777,0.228271,0.000000,79.595116,0.000000,73.000000
3.000000,2935.050049,2934.407959,0.642090,0.000000,-410.332855,6500.000000,73.000000
3.000000,2935.050049,2934.284668,0.765381,0.000000,-340.031677,5137.000000,73.000000
3.000000,2935.050049,2934.608154,0.441895,0.000000,220.008453,-6500.000000,73.000000
3.000000,2935.050049,2934.914551,0.135498,0.000000,408.995575,-6500.000000,73.000000
3.000000,2935.050049,2934.726563,0.323486,0.000000,-78.396515,4700.000000,73.000000
3.000000,2935.050049,2934.459229,0.590820,0.000000,-365.464172,6500.000000,73.000000
3.000000,2935.050049,2934.473877,0.576172,0.000000,-47.656807,0.000000,73.000000
3.000000,2935.050049,2934.761963,0.288086,0.000000,246.367157,-6500.000000,73.000000
3.000000,2935.050049,2934.765625,0.284424,0.000000,158.815399,-1486.000000,73.000000
3.000000,2935.050049,2934.514160,0.535889,0.000000,-231.697220,6500.000000,73.000000
3.000000,2935.050049,2934.422607,0.627441,0.000000,-145.364807,3488.000000,73.000000
3.000000,2935.050049,2934.631348,0.418701,0.000000,107.149193,-5716.000000,73.000000
3.000000,2935.050049,2934.855957,0.194092,0.000000,293.842957,-6028.000000,73.000000
3.000000,2935.050049,2934.642334,0.407715,0.000000,-88.484047,4211.000000,73.000000
3.000000,2935.050049,2934.287109,0.762939,0.000000,-345.049866,6500.000000,73.000000
3.000000,2935.050049,2934.349365,0.700684,0.000000,-123.847664,-2027.000000,73.000000
3.000000,2935.050049,2934.595947,0.454102,0.000000,255.831955,-6258.000000,73.000000
3.000000,2935.050049,2934.589844,0.460205,0.000000,99.465675,1502.000000,73.000000
3.000000,2935.050049,2934.351807,0.698242,0.000000,-213.547806,5179.000000,73.000000
3.000000,2935.050049,2934.320068,0.729980,0.000000,-139.013245,0.000000,73.000000
3.000000,2935.050049,2934.436035,0.614014,0.000000,91.742004,-2346.000000,73.000000
3.000000,2935.050049,2934.468994,0.581055,0.000000,75.499092,-999.000000,73.000000
3.000000,2935.050049,2934.432373,0.617676,0.000000,-20.398560,1172.000000,73.000000
3.000000,2935.050049,2934.372559,0.677490,0.000000,-61.040726,1355.000000,73.000000
3.000000,2935.050049,2934.370117,0.679932,0.000000,-31.781351,0.000000,73.000000
3.000000,2935.050049,2934.398193,0.651855,0.000000,19.979065,0.000000,73.000000
3.000000,2935.050049,2934.409180,0.640869,0.000000,18.069733,0.000000,73.000000
3.000000,2935.050049,2934.403076,0.646973,0.000000,-7.809170,0.000000,73.000000
3.000000,2935.050049,2934.399414,0.650635,0.000000,-9.073718,0.000000,73.000000
3.000000,2935.050049,2934.399414,0.650635,0.000000,-1.481154,0.000000,73.000000
3.000000,2935.050049,2934.399414,0.650635,0.000000,-0.171857,0.000000,73.000000
3.000000,2935.050049,2934.399414,0.650635,0.000000,-0.019940,0.000000,73.000000
3.000000,2935.050049,2934.399414,0.650635,0.000000,-0.003559,0.000000,73.000000
3.000000,2935.050049,2934.399414,0.650635,0.000000,-0.000268,0.000000,73.000000
3.000000,2935.050049,2934.399414,0.650635,0.000000,-0.000048,0.000000,73.000000
3.000000,2935.050049,2934.399414,0.650635,0.000000,-0.000004,0.000000,73.000000
3.000000,2935.050049,2934.399414,0.650635,0.000000,-0.000001,0.000000,73.000000
3.000000,2935.050049,2934.399414,0.650635,0.000000,-0.000000,0.000000,73.000000
3.000000,2935.050049,2934.399414,0.650635,0.000000,-0.000000,0.000000,73.000000
3.000000,2935.050049,2934.399414,0.650635,0.000000,-0.000000,0.000000,73.000000
3.000000,2935.050049,2934.399414,0.650635,0.000000,-0.000000,0.000000,73.000000
3.000000,2935.050049,2934.399414,0.650635,0.000000,-0.634384,0.000000,73.000000
3.000000,2935.050049,2934.399414,0.650635,0.000000,-0.174218,0.000000,73.000000
3.000000,2935.050049,2934.394531,0.655518,0.000000,-4.275089,0.000000,73.000000
3.000000,2935.050049,2934.393311,0.656738,0.000000,-4.031919,0.000000,73.000000
3.000000,2935.050049,2934.393311,0.656738,0.000000,-1.102204,0.000000,73.000000
3.000000,2935.050049,2934.393311,0.656738,0.000000,-0.196750,0.000000,73.000000
3.000000,2935.050049,2934.393311,0.656738,0.000000,-0.014839,0.000000,73.000000
3.000000,2935.050049,2934.393311,0.656738,0.000000,-0.002649,0.000000,73.000000
3.000000,2935.050049,2934.393311,0.656738,0.000000,-0.000200,0.000000,73.000000
3.000000,2935.050049,2934.393311,0.656738,0.000000,-0.000036,0.000000,73.000000
3.000000,2935.050049,2934.393311,0.656738,0.000000,-0.000003,0.000000,73.000000
3.000000,2935.050049,2934.393311,0.656738,0.000000,-0.000000,0.000000,73.000000
3.000000,2935.050049,2934.393311,0.656738,0.000000,-0.000000,0.000000,73.000000
3.000000,2935.050049,2934.393311,0.656738,0.000000,-0.000000,0.000000,73.000000
3.000000,2935.050049,2934.393311,0.656738,0.000000,-0.000000,0.000000,73.000000
3.000000,2935.050049,2934.393311,0.656738,0.000000,-0.000000,0.000000,73.000000
3.000000,2935.050049,2934.393311,0.656738,0.000000,-0.000000,0.000000,73.000000
1.000000,2935.050049,2934.393311,0.656738,0.000000,-0.000000,0.000000,73.000000
1.000000,2935.050049,2934.393311,0.656738,0.000000,-0.000000,0.000000,73.000000
1.000000,2935.050049,2934.393311,0.656738,0.000000,-0.000000,0.000000,73.000000
1.000000,2935.050049,2934.393311,0.656738,0.000000,-0.000000,0.000000,73.000000
1.000000,2935.050049,2934.393311,0.656738,0.000000,-0.000000,0.000000,73.000000
1.000000,2935.050049,2934.393311,0.656738,0.000000,-0.000000,0.000000,73.000000
1.000000,2935.050049,2934.393311,0.656738,0.000000,-0.000000,0.000000,73.000000
1.000000,2935.050049,2934.393311,0.656738,0.000000,-0.000000,0.000000,73.000000
1.000000,2935.050049,2934.393311,0.656738,0.000000,-0.000000,0.000000,73.000000
1.000000,2935.050049,2934.393311,0.656738,0.000000,-0.000000,0.000000,73.000000
1.000000,2935.050049,2934.393311,0.656738,0.000000,-0.000000,0.000000,73.000000
1.000000,2935.050049,2934.393311,0.656738,0.000000,-0.000000,0.000000,73.000000
1.000000,2935.050049,2934.393311,0.656738,0.000000,-0.000000,0.000000,73.000000
1.000000,2935.050049,2934.393311,0.656738,0.000000,-0.000000,0.000000,73.000000
1.000000,2935.050049,2934.393311,0.656738,0.000000,-0.000000,0.000000,73.000000
1.000000,2935.050049,2934.393311,0.656738,0.000000,-0.000000,0.000000,73.000000
1.000000,2935.050049,2934.393311,0.656738,0.000000,-0.000000,0.000000,73.000000
1.000000,2935.050049,2934.393311,0.656738,0.000000,-0.000000,0.000000,73.000000
1.000000,2935.050049,2934.393311,0.656738,0.000000,-0.000000,0.000000,73.000000
1.000000,2935.050049,2934.393311,0.656738,0.000000,-0.000000,0.000000,73.000000
1.000000,2935.050049,2934.393311,0.656738,0.000000,-0.000000,0.000000,73.000000
1.000000,2935.050049,2934.393311,0.656738,0.000000,-0.000000,0.000000,73.000000
1.000000,2935.050049,2934.393311,0.656738,0.000000,-0.000000,0.000000,73.000000
1.000000,2935.050049,2934.393311,0.656738,0.000000,-0.000000,0.000000,73.000000
1.000000,2935.050049,2934.393311,0.656738,0.000000,-0.000000,0.000000,73.000000
1.000000,2935.050049,2934.393311,0.656738,0.000000,-0.000000,0.000000,73.000000
1.000000,2935.050049,2934.393311,0.656738,0.000000,-0.000000,0.000000,73.000000
1.000000,2935.050049,2934.393311,0.656738,0.000000,-0.000000,0.000000,73.000000
1.000000,2935.050049,2934.393311,0.656738,0.000000,-1.400000,0.000000,73.000000
1.000000,2935.050049,2934.390869,0.659180,0.000000,-2.375975,0.000000,73.000000
1.000000,2935.050049,2934.388428,0.661621,0.000000,-4.127427,0.000000,73.000000
1.000000,2935.050049,2934.388428,0.661621,0.000000,-0.723635,0.000000,73.000000
1.000000,2935.050049,2934.388428,0.661621,0.000000,-0.198728,0.000000,73.000000
1.000000,2935.050049,2934.388428,0.661621,0.000000,-0.014988,0.000000,73.000000
1.000000,2935.050049,2934.388428,0.661621,0.000000,-0.001739,0.000000,73.000000
1.000000,2935.050049,2934.388428,0.661621,0.000000,-0.000202,0.000000,73.000000
1.000000,2935.050049,2934.388428,0.661621,0.000000,-0.000036,0.000000,73.000000
1.000000,2935.050049,2934.388428,0.661621,0.000000,-0.000003,0.000000,73.000000
1.000000,2935.050049,2934.388428,0.661621,0.000000,-0.000000,0.000000,73.000000
1.000000,2935.050049,2934.388428,0.661621,0.000000,-0.000000,0.000000,73.000000
1.000000,2935.050049,2934.388428,0.661621,0.000000,-0.000000,0.000000,73.000000
1.000000,2935.050049,2934.388428,0.661621,0.000000,-0.000000,0.000000,73.000000
1.000000,2935.050049,2934.388428,0.661621,0.000000,-0.000000,0.000000,73.000000
1.000000,2935.050049,2934.388428,0.661621,0.000000,-0.000000,0.000000,73.000000
1.000000,2935.050049,2934.388428,0.661621,0.000000,-0.000000,0.000000,73.000000
1.000000,2935.050049,2934.388428,0.661621,0.000000,-0.000000,0.000000,73.000000
1.000000,2935.050049,2934.388428,0.661621,0.000000,-0.000000,0.000000,73.000000
1.000000,2935.050049,2934.388428,0.661621,0.000000,-0.000000,0.000000,73.000000
1.000000,2935.050049,2934.388428,0.661621,0.000000,-0.000000,0.000000,73.000000
1.000000,2935.050049,2934.388428,0.661621,0.000000,-0.000000,0.000000,73.000000
1.000000,2935.050049,2934.388428,0.661621,0.000000,-0.000000,0.000000,73.000000
1.000000,2935.050049,2934.388428,0.661621,0.000000,-0.000000,0.000000,73.000000
1.000000,2935.050049,2934.388428,0.661621,0.000000,-0.000000,0.000000,73.000000
1.000000,2935.050049,2934.388428,0.661621,0.000000,-0.000000,0.000000,73.000000
1.000000,2935.050049,2934.388428,0.661621,0.000000,-0.000000,0.000000,73.000000
1.000000,2935.050049,2934.388428,0.661621,0.000000,-0.000000,0.000000,73.000000
1.000000,2935.050049,2934.388428,0.661621,0.000000,-0.000000,0.000000,73.000000
1.000000,2935.050049,2934.388428,0.661621,0.000000,-0.000000,0.000000,73.000000
1.000000,2935.050049,2934.388428,0.661621,0.000000,-0.000000,0.000000,73.000000
1.000000,2935.050049,2934.388428,0.661621,0.000000,-0.000000,0.000000,73.000000
1.000000,2935.050049,2934.388428,0.661621,0.000000,-0.000000,0.000000,73.000000
1.000000,2935.050049,2934.388428,0.661621,0.000000,-0.000000,0.000000,73.000000
1.000000,2935.050049,2934.388428,0.661621,0.000000,-0.000000,0.000000,73.000000
1.000000,2935.050049,2934.388428,0.661621,0.000000,-0.000000,0.000000,73.000000
1.000000,2935.050049,2934.388428,0.661621,0.000000,-0.000000,0.000000,73.000000
1.000000,2935.050049,2934.388428,0.661621,0.000000,-0.000000,0.000000,73.000000
1.000000,2935.050049,2934.388428,0.661621,0.000000,-0.000000,0.000000,73.000000
1.000000,2935.050049,2934.388428,0.661621,0.000000,-0.000000,0.000000,73.000000
1.000000,2935.050049,2934.388428,0.661621,0.000000,-0.000000,0.000000,73.000000
1.000000,2935.050049,2934.388428,0.661621,0.000000,-0.000000,0.000000,73.000000
1.000000,2935.050049,2934.388428,0.661621,0.000000,-0.000000,0.000000,73.000000
1.000000,2935.050049,2934.388428,0.661621,0.000000,-0.000000,0.000000,73.000000
1.000000,2935.050049,2934.388428,0.661621,0.000000,-0.000000,0.000000,73.000000
1.000000,2935.050049,2934.388428,0.661621,0.000000,-0.000000,0.000000,73.000000
1.000000,2935.050049,2934.388428,0.661621,0.000000,-0.000000,0.000000,73.000000
1.000000,2935.050049,2934.388428,0.661621,0.000000,-0.000000,0.000000,73.000000
1.000000,2935.050049,2934.388428,0.661621,0.000000,-0.000000,0.000000,73.000000
1.000000,2935.050049,2934.388428,0.661621,0.000000,-0.000000,0.000000,73.000000
1.000000,2935.050049,2934.388428,0.661621,0.000000,-0.000000,0.000000,73.000000
1.000000,2935.050049,2934.388428,0.661621,0.000000,-0.000000,0.000000,73.000000
1.000000,2935.050049,2934.388428,0.661621,0.000000,-0.000000,0.000000,73.000000
1.000000,2935.050049,2934.388428,0.661621,0.000000,-0.000000,0.000000,73.000000
1.000000,2935.050049,2934.388428,0.661621,0.000000,-0.000000,0.000000,73.000000
1.000000,2935.050049,2934.388428,0.661621,0.000000,-0.000000,0.000000,73.000000
1.000000,2935.050049,2934.388428,0.661621,0.000000,-0.000000,0.000000,73.000000
1.000000,2935.050049,2934.388428,0.661621,0.000000,-0.000000,0.000000,73.000000
1.000000,2935.050049,2934.388428,0.661621,0.000000,-0.000000,0.000000,73.000000
1.000000,2935.050049,2934.388428,0.661621,0.000000,-0.000000,0.000000,73.000000
1.000000,2935.050049,2934.388428,0.661621,0.000000,-0.000000,0.000000,73.000000
1.000000,2935.050049,2934.388428,0.661621,0.000000,-0.000000,0.000000,73.000000
1.000000,2935.050049,2934.388428,0.661621,0.000000,-0.000000,0.000000,73.000000
1.000000,2935.050049,2934.388428,0.661621,0.000000,-0.000000,0.000000,73.000000
1.000000,2935.050049,2934.388428,0.661621,0.000000,-0.000000,0.000000,73.000000
1.000000,2935.050049,2934.388428,0.661621,0.000000,-0.000000,0.000000,73.000000
1.000000,2935.050049,2934.388428,0.661621,0.000000,-0.000000,0.000000,73.000000
1.000000,2935.050049,2934.388428,0.661621,0.000000,-0.000000,0.000000,73.000000
1.000000,2935.050049,2934.388428,0.661621,0.000000,-0.000000,0.000000,73.000000
1.000000,2935.050049,2934.388428,0.661621,0.000000,-0.000000,0.000000,73.000000
1.000000,2935.050049,2934.388428,0.661621,0.000000,-0.000000,0.000000,73.000000
1.000000,2935.050049,2934.388428,0.661621,0.000000,-0.000000,0.000000,73.000000
1.000000,2935.050049,2934.388428,0.661621,0.000000,-0.000000,0.000000,73.000000
1.000000,2935.050049,2934.388428,0.661621,0.000000,-0.000000,0.000000,73.000000
1.000000,2935.050049,2934.388428,0.661621,0.000000,-0.000000,0.000000,73.000000
1.000000,2935.050049,2934.388428,0.661621,0.000000,-0.000000,0.000000,73.000000
1.000000,2935.050049,2934.388428,0.661621,0.000000,-0.000000,0.000000,73.000000
1.000000,2935.050049,2934.388428,0.661621,0.000000,-0.000000,0.000000,73.000000
1.000000,2935.050049,2934.388428,0.661621,0.000000,-0.000000,0.000000,73.000000
1.000000,2935.050049,2934.388428,0.661621,0.000000,-0.000000,0.000000,73.000000
1.000000,2935.050049,2934.388428,0.661621,0.000000,-0.000000,0.000000,73.000000
1.000000,2935.050049,2934.388428,0.661621,0.000000,-0.000000,0.000000,73.000000
1.000000,2935.050049,2934.388428,0.661621,0.000000,-0.000000,0.000000,73.000000
1.000000,2935.050049,2934.388428,0.661621,0.000000,-0.000000,0.000000,73.000000
1.000000,2935.050049,2934.388428,0.661621,0.000000,-0.000000,0.000000,73.000000
1.000000,2935.050049,2934.388428,0.661621,0.000000,-0.000000,0.000000,73.000000
1.000000,2935.050049,2934.388428,0.661621,0.000000,-0.000000,0.000000,73.000000
1.000000,2935.050049,2934.388428,0.661621,0.000000,-0.000000,0.000000,73.000000
3.000000,2974.388428,2934.388428,40.000000,4200.000000,-0.000000,6500.000000,73.000000
3.000000,2974.388428,2934.631348,39.757080,4200.000000,136.866547,6500.000000,73.000000
3.000000,2974.388428,2935.235596,39.152832,4200.000000,534.356445,6500.000000,73.000000
3.000000,2974.388428,2936.583252,37.805176,4200.000000,1198.864990,6500.000000,73.000000
3.000000,2974.388428,2938.050537,36.337891,4200.000000,1676.217896,6500.000000,73.000000
3.000000,2974.388428,2940.377197,34.011230,4200.000000,2401.792969,6500.000000,73.000000
3.000000,2974.388428,2942.393799,31.994629,4200.000000,2690.972168,6500.000000,73.000000
3.000000,2974.388428,2946.065674,28.322754,4200.000000,3426.686279,6500.000000,73.000000
3.000000,2974.388428,2948.969727,25.418701,4200.000000,4137.807617,-2347.000000,73.000000
3.000000,2974.388428,2953.906250,20.482178,4200.000000,4790.696777,-6500.000000,73.000000
3.000000,2974.388428,2957.020264,17.368164,4200.000000,4799.538086,-6500.000000,73.000000
3.000000,2974.388428,2961.070557,13.317871,3995.361328,4300.000488,-3825.000000,74.000000
3.000000,2974.388428,2963.436279,10.952148,3285.644531,3796.884033,-6500.000000,74.000000
3.000000,2974.388428,2966.513672,7.874756,2362.426758,3263.292480,-6500.000000,74.000000
3.000000,2974.388428,2967.934570,6.453857,1936.157227,2622.263184,-6500.000000,74.000000
3.000000,2974.388428,2969.241943,5.146484,1543.945313,1602.846191,2146.000000,74.000000
3.000000,2974.388428,2969.798584,4.589844,1376.953125,1020.765625,6500.000000,74.000000
3.000000,2974.388428,2970.697021,3.691406,1107.421875,963.906616,776.000000,74.000000
3.000000,2974.388428,2972.139893,2.248535,674.560547,1354.302979,-6500.000000,74.000000
3.000000,2974.388428,2972.893066,1.495361,448.608398,1311.225342,-6500.000000,74.000000
3.000000,2974.388428,2973.395996,0.992432,297.729492,727.275696,-6500.000000,74.000000
3.000000,2974.388428,2973.204346,1.184082,355.224609,177.090317,6500.000000,74.000000
3.000000,2974.388428,2972.841797,1.546631,463.989258,-360.780975,6500.000000,74.000000
3.000000,2974.388428,2972.895508,1.492920,447.875977,-170.549469,6500.000000,74.000000
3.000000,2974.388428,2973.580322,0.808105,242.431641,447.878967,-6500.000000,74.000000
3.000000,2974.388428,2974.196777,0.191650,0.000000,850.226135,-6500.000000,74.000000
3.000000,2974.388428,2974.643555,-0.255127,0.000000,618.763733,-6500.000000,74.000000
3.000000,2974.388428,2974.520264,-0.131836,0.000000,182.462189,1731.000000,74.000000
3.000000,2974.388428,2973.885498,0.502930,0.000000,-500.612061,6500.000000,74.000000
3.000000,2974.388428,2973.657227,0.731201,0.000000,-556.464233,6500.000000,74.000000
3.000000,2974.388428,2973.885498,0.502930,0.000000,53.629463,-3633.000000,74.000000
3.000000,2974.388428,2974.304199,0.084229,0.000000,460.645355,-6500.000000,74.000000
3.000000,2974.388428,2974.458008,-0.069580,0.000000,235.545807,-3120.000000,74.000000
3.000000,2974.388428,2974.208984,0.179443,0.000000,-192.423920,6500.000000,74.000000
3.000000,2974.388428,2973.880615,0.507813,0.000000,-405.275299,6500.000000,74.000000
3.000000,2974.388428,2974.080811,0.307617,0.000000,35.435860,-6500.000000,74.000000
3.000000,2974.388428,2974.432373,-0.043945,0.000000,268.988251,-6455.000000,74.000000
3.000000,2974.388428,2974.340820,0.047607,0.000000,-13.264229,3796.000000,74.000000
3.000000,2974.388428,2973.994141,0.394287,0.000000,-295.597412,6400.000000,74.000000
3.000000,2974.388428,2974.122314,0.266113,0.000000,95.204796,-4097.000000,74.000000
3.000000,2974.388428,2974.333496,0.054932,0.000000,227.750061,-4594.000000,74.000000
3.000000,2974.388428,2974.262695,0.125732,0.000000,7.668533,2085.000000,74.000000
3.000000,2974.388428,2974.119873,0.268555,0.000000,-137.962997,3168.000000,74.000000
3.000000,2974.388428,2974.075928,0.312500,0.000000,-100.870255,1466.000000,74.000000
3.000000,2974.388428,2974.090576,0.297852,0.000000,1.871833,0.000000,74.000000
3.000000,2974.388428,2974.097900,0.290527,0.000000,12.609378,0.000000,74.000000
3.000000,2974.388428,2974.097900,0.290527,0.000000,1.235257,0.000000,74.000000
3.000000,2974.388428,2974.097900,0.290527,0.000000,0.220501,0.000000,74.000000
3.000000,2974.388428,2974.097900,0.290527,0.000000,0.016630,0.000000,74.000000
3.000000,2974.388428,2974.097900,0.290527,0.000000,0.002969,0.000000,74.000000
3.000000,2974.388428,2974.097900,0.290527,0.000000,0.000146,0.000000,74.000000
3.000000,2974.388428,2974.097900,0.290527,0.000000,-1.501460,0.000000,74.000000
3.000000,2974.388428,2974.097900,0.290527,0.000000,-0.113238,0.000000,74.000000
3.000000,2974.388428,2974.095459,0.292969,0.000000,-4.310040,0.000000,74.000000
3.000000,2974.388428,2974.093018,0.295410,0.000000,-4.085145,0.000000,74.000000
3.000000,2974.388428,2974.091797,0.296631,0.000000,-4.006422,0.000000,74.000000
3.000000,2974.388428,2974.091797,0.296631,0.000000,-0.464861,0.000000,74.000000
3.000000,2974.388428,2974.091797,0.296631,0.000000,-0.053937,0.000000,74.000000
3.000000,2974.388428,2974.091797,0.296631,0.000000,-0.009628,0.000000,74.000000
3.000000,2974.388428,2974.091797,0.296631,0.000000,-0.000726,0.000000,74.000000
3.000000,2974.388428,2974.089355,0.299072,0.000000,-4.301630,0.000000,74.000000
3.000000,2974.388428,2974.085693,0.302734,0.000000,-4.022748,0.000000,74.000000
3.000000,2974.388428,2974.084473,0.303955,0.000000,-4.004061,0.000000,74.000000
3.000000,2974.388428,2974.084473,0.303955,0.000000,-0.301982,0.000000,74.000000
3.000000,2974.388428,2974.084473,0.303955,0.000000,-0.053906,0.000000,74.000000
3.000000,2974.388428,2974.084473,0.303955,0.000000,-0.004066,0.000000,74.000000
3.000000,2974.388428,2974.084473,0.303955,0.000000,-0.000726,0.000000,74.000000
3.000000,2974.388428,2974.080811,0.307617,0.000000,-3.535919,0.000000,74.000000
3.000000,2974.388428,2974.078369,0.310059,0.000000,-3.872552,0.000000,74.000000
3.000000,2974.388428,2974.074707,0.313721,0.000000,-3.990388,0.000000,74.000000
3.000000,2974.388428,2974.074707,0.313721,0.000000,-2.598885,0.000000,74.000000
3.000000,2974.388428,2974.074707,0.313721,0.000000,-0.301546,0.000000,74.000000
3.000000,2974.388428,2974.074707,0.313721,0.000000,-0.053828,0.000000,74.000000
3.000000,2974.388428,2974.074707,0.313721,0.000000,-0.004060,0.000000,74.000000
3.000000,2974.388428,2974.071045,0.317383,0.000000,-3.812225,0.000000,74.000000
3.000000,2974.388428,2974.067383,0.321045,0.000000,-3.985838,0.000000,74.000000
3.000000,2974.388428,2974.066162,0.322266,0.000000,-3.997472,0.000000,74.000000
3.000000,2974.388428,2974.064941,0.323486,0.000000,-2.599809,0.000000,74.000000
3.000000,2974.388428,2974.064941,0.323486,0.000000,-0.464082,0.000000,74.000000
3.000000,2974.388428,2974.064941,0.323486,0.000000,-0.035001,0.000000,74.000000
3.000000,2974.388428,2974.064941,0.323486,0.000000,-0.006248,0.000000,74.000000
3.000000,2974.388428,2974.064941,0.323486,0.000000,-0.000306,0.000000,74.000000
3.000000,2974.388428,2974.064941,0.323486,0.000000,-0.000084,0.000000,74.000000
3.000000,2974.388428,2974.063721,0.324707,0.000000,-0.000006,0.000000,74.000000
3.000000,2974.388428,2974.061279,0.327148,0.000000,-3.920359,0.000000,74.000000
3.000000,2974.388428,2974.058838,0.329590,0.000000,-3.990759,0.000000,74.000000
3.000000,2974.388428,2974.058838,0.329590,0.000000,-0.712376,0.000000,74.000000
3.000000,2974.388428,2974.058838,0.329590,0.000000,-0.053727,0.000000,74.000000
3.000000,2974.388428,2974.058838,0.329590,0.000000,-0.009591,0.000000,74.000000
3.000000,2974.388428,2974.058838,0.329590,0.000000,-0.000723,0.000000,74.000000
3.000000,2974.388428,2974.058838,0.329590,0.000000,-0.000084,0.000000,74.000000
3.000000,2974.388428,2974.058838,0.329590,0.000000,-0.000015,0.000000,74.000000
3.000000,2974.388428,2974.058838,0.329590,0.000000,-0.000001,0.000000,74.000000
3.000000,2974.388428,2974.058838,0.329590,0.000000,-0.000000,0.000000,74.000000
3.000000,2974.388428,2974.058838,0.329590,0.000000,-0.000000,0.000000,74.000000
3.000000,2974.388428,2974.058838,0.329590,0.000000,-0.000000,0.000000,74.000000
3.000000,2974.388428,2974.058838,0.329590,0.000000,-0.000000,0.000000,74.000000
3.000000,2974.388428,2974.058838,0.329590,0.000000,-0.000000,0.000000,74.000000
3.000000,2974.388428,2974.055176,0.333252,0.000000,-4.053820,0.000000,74.000000
3.000000,2974.388428,2974.053955,0.334473,0.000000,-4.014781,0.000000,74.000000
3.000000,2974.388428,2974.053955,0.334473,0.000000,-0.465231,0.000000,74.000000
3.000000,2974.388428,2974.053955,0.334473,0.000000,-0.053980,0.000000,74.000000
3.000000,2974.388428,2974.053955,0.334473,0.000000,-0.006263,0.000000,74.000000
3.000000,2974.388428,2974.053955,0.334473,0.000000,-0.001118,0.000000,74.000000
3.000000,2974.388428,2974.053955,0.334473,0.000000,-0.000084,0.000000,74.000000
3.000000,2974.388428,2974.053955,0.334473,0.000000,-0.000015,0.000000,74.000000
3.000000,2974.388428,2974.053955,0.334473,0.000000,-0.000001,0.000000,74.000000
3.000000,2974.388428,2974.053955,0.334473,0.000000,-0.000000,0.000000,74.000000
3.000000,2974.388428,2974.053955,0.334473,0.000000,-0.000000,0.000000,74.000000
3.000000,2974.388428,2974.053955,0.334473,0.000000,-0.000000,0.000000,74.000000
3.000000,2974.388428,2974.053955,0.334473,0.000000,-0.000000,0.000000,74.000000
3.000000,2974.388428,2974.053955,0.334473,0.000000,-0.000000,0.000000,74.000000
3.000000,2974.388428,2974.053955,0.334473,0.000000,-0.000000,0.000000,74.000000
3.000000,2974.388428,2974.053955,0.334473,0.000000,-0.000000,0.000000,74.000000
3.000000,2974.388428,2974.053955,0.334473,0.000000,-0.000000,0.000000,74.000000
3.000000,2974.388428,2974.053955,0.334473,0.000000,-0.000000,0.000000,74.000000
3.000000,2974.388428,2974.053955,0.334473,0.000000,-0.000000,0.000000,74.000000
3.000000,2974.388428,2974.053955,0.334473,0.000000,-0.000000,0.000000,74.000000
3.000000,2974.388428,2974.053955,0.334473,0.000000,-0.000000,0.000000,74.000000
3.000000,2974.388428,2974.053955,0.334473,0.000000,-0.000000,0.000000,74.000000
3.000000,2974.388428,2974.053955,0.334473,0.000000,-0.000000,0.000000,74.000000
3.000000,2974.388428,2974.053955,0.334473,0.000000,-0.000000,0.000000,74.000000
3.000000,2974.388428,2974.053955,0.334473,0.000000,-0.000000,0.000000,74.000000
3.000000,2974.388428,2974.053955,0.334473,0.000000,-0.000000,0.000000,74.000000
3.000000,2974.388428,2974.053955,0.334473,0.000000,-0.000000,0.000000,74.000000
3.000000,2974.388428,2974.053955,0.334473,0.000000,-0.000000,0.000000,74.000000
3.000000,2974.388428,2974.053955,0.334473,0.000000,-0.000000,0.000000,74.000000
3.000000,2974.388428,2974.053955,0.334473,0.000000,-0.000000,0.000000,74.000000
3.000000,2974.388428,2974.053955,0.334473,0.000000,-0.000000,0.000000,74.000000
3.000000,2974.388428,2974.053955,0.334473,0.000000,-0.000000,0.000000,74.000000
3.000000,2974.388428,2974.053955,0.334473,0.000000,-0.000000,0.000000,74.000000
3.000000,2974.388428,2974.053955,0.334473,0.000000,-0.000000,0.000000,74.000000
3.000000,2974.388428,2974.053955,0.334473,0.000000,-0.000000,0.000000,74.000000
3.000000,2974.388428,2974.053955,0.334473,0.000000,-0.000000,0.000000,74.000000
3.000000,2974.388428,2974.053955,0.334473,0.000000,-0.000000,0.000000,74.000000
3.000000,2974.388428,2974.053955,0.334473,0.000000,-0.000000,0.000000,74.000000
3.000000,2974.388428,2974.053955,0.334473,0.000000,-0.000000,0.000000,74.000000
3.000000,2974.388428,2974.053955,0.334473,0.000000,-0.000000,0.000000,74.000000
3.000000,2974.388428,2974.053955,0.334473,0.000000,-0.000000,0.000000,74.000000
3.000000,2974.388428,2974.053955,0.334473,0.000000,-0.000000,0.000000,74.000000
3.000000,2974.388428,2974.053955,0.334473,0.000000,-0.000000,0.000000,74.000000
3.000000,2974.388428,2974.053955,0.334473,0.000000,-0.000000,0.000000,74.000000
3.000000,2974.388428,2974.051514,0.336914,0.000000,-3.811500,0.000000,74.000000
3.000000,2974.388428,2974.050293,0.338135,0.000000,-1.089259,0.000000,74.000000
3.000000,2974.388428,2974.050293,0.338135,0.000000,-0.299138,0.000000,74.000000
3.000000,2974.388428,2974.050293,0.338135,0.000000,-0.022561,0.000000,74.000000
3.000000,2974.388428,2974.050293,0.338135,0.000000,-0.002618,0.000000,74.000000
3.000000,2974.388428,2974.050293,0.338135,0.000000,-0.000304,0.000000,74.000000
3.000000,2974.388428,2974.050293,0.338135,0.000000,-0.000054,0.000000,74.000000
1.000000,2974.388428,2974.050293,0.338135,0.000000,-0.000004,0.000000,74.000000
1.000000,2974.388428,2974.051514,0.336914,0.000000,-0.000001,0.000000,74.000000
1.000000,2974.388428,2974.051514,0.336914,0.000000,-0.000000,0.000000,74.000000
1.000000,2974.388428,2974.051514,0.336914,0.000000,-0.000000,0.000000,74.000000
1.000000,2974.388428,2974.051514,0.336914,0.000000,-0.000000,0.000000,74.000000
1.000000,2974.388428,2974.051514,0.336914,0.000000,-0.000000,0.000000,74.000000
1.000000,2974.388428,2974.051514,0.336914,0.000000,-0.000000,0.000000,74.000000
1.000000,2974.388428,2974.051514,0.336914,0.000000,-0.000000,0.000000,74.000000
1.000000,2974.388428,2974.051514,0.336914,0.000000,-0.000000,0.000000,74.000000
1.000000,2974.388428,2974.051514,0.336914,0.000000,-0.000000,0.000000,74.000000
1.000000,2974.388428,2974.051514,0.336914,0.000000,-0.000000,0.000000,74.000000
1.000000,2974.388428,2974.051514,0.336914,0.000000,-0.000000,0.000000,74.000000
1.000000,2974.388428,2974.051514,0.336914,0.000000,-0.000000,0.000000,74.000000
1.000000,2974.388428,2974.051514,0.336914,0.000000,-0.000000,0.000000,74.000000
1.000000,2974.388428,2974.051514,0.336914,0.000000,-0.000000,0.000000,74.000000
1.000000,2974.388428,2974.051514,0.336914,0.000000,-0.000000,0.000000,74.000000
1.000000,2974.388428,2974.051514,0.336914,0.000000,-0.000000,0.000000,74.000000
1.000000,2974.388428,2974.051514,0.336914,0.000000,-0.000000,0.000000,74.000000
1.000000,2974.388428,2974.051514,0.336914,0.000000,-0.000000,0.000000,74.000000
1.000000,2974.388428,2974.051514,0.336914,0.000000,-0.000000,0.000000,74.000000
1.000000,2974.388428,2974.051514,0.336914,0.000000,-0.000000,0.000000,74.000000
1.000000,2974.388428,2974.051514,0.336914,0.000000,-0.000000,0.000000,74.000000
1.000000,2974.388428,2974.051514,0.336914,0.000000,-0.000000,0.000000,74.000000
1.000000,2974.388428,2974.051514,0.336914,0.000000,-0.000000,0.000000,74.000000
1.000000,2974.388428,2974.051514,0.336914,0.000000,-0.000000,0.000000,74.000000
1.000000,2974.388428,2974.051514,0.336914,0.000000,-0.000000,0.000000,74.000000
1.000000,2974.388428,2974.051514,0.336914,0.000000,-0.000000,0.000000,74.000000
1.000000,2974.388428,2974.051514,0.336914,0.000000,-0.000000,0.000000,74.000000
1.000000,2974.388428,2974.051514,0.336914,0.000000,-0.000000,0.000000,74.000000
1.000000,2974.388428,2974.051514,0.336914,0.000000,-0.000000,0.000000,74.000000
1.000000,2974.388428,2974.051514,0.336914,0.000000,-0.000000,0.000000,74.000000
1.000000,2974.388428,2974.051514,0.336914,0.000000,-0.000000,0.000000,74.000000
1.000000,2974.388428,2974.051514,0.336914,0.000000,-0.000000,0.000000,74.000000
1.000000,2974.388428,2974.051514,0.336914,0.000000,-0.000000,0.000000,74.000000
1.000000,2974.388428,2974.051514,0.336914,0.000000,-0.000000,0.000000,74.000000
1.000000,2974.388428,2974.051514,0.336914,0.000000,-0.000000,0.000000,74.000000
1.000000,2974.388428,2974.051514,0.336914,0.000000,-0.000000,0.000000,74.000000
1.000000,2974.388428,2974.051514,0.336914,0.000000,-0.000000,0.000000,74.000000
1.000000,2974.388428,2974.051514,0.336914,0.000000,-0.000000,0.000000,74.000000
1.000000,2974.388428,2974.051514,0.336914,0.000000,-0.000000,0.000000,74.000000
1.000000,2974.388428,2974.051514,0.336914,0.000000,-0.000000,0.000000,74.000000
1.000000,2974.388428,2974.051514,0.336914,0.000000,-0.000000,0.000000,74.000000
1.000000,2974.388428,2974.051514,0.336914,0.000000,-0.000000,0.000000,74.000000
1.000000,2974.388428,2974.051514,0.336914,0.000000,-0.000000,0.000000,74.000000
1.000000,2974.388428,2974.051514,0.336914,0.000000,-0.000000,0.000000,74.000000
1.000000,2974.388428,2974.051514,0.336914,0.000000,-0.000000,0.000000,74.000000
1.000000,2974.388428,2974.051514,0.336914,0.000000,-0.000000,0.000000,74.000000
1.000000,2974.388428,2974.051514,0.336914,0.000000,-0.000000,0.000000,74.000000
3.000000,3014.051514,2974.051514,40.000000,4200.000000,-0.000000,6500.000000,74.000000
3.000000,3014.051514,2974.154053,39.897461,4200.000000,25.025000,6500.000000,74.000000
3.000000,3014.051514,2974.829102,39.222412,4200.000000,482.119934,6500.000000,74.000000
3.000000,3014.051514,2975.675049,38.376465,4200.000000,935.477600,6500.000000,74.000000
3.000000,3014.051514,2977.547607,36.503906,4200.000000,1668.611206,6500.000000,74.000000
3.000000,3014.051514,2979.150391,34.901123,4200.000000,2088.305664,6500.000000,74.000000
3.000000,3014.051514,2982.014160,32.037354,4200.000000,2646.325684,6500.000000,74.000000
3.000000,3014.051514,2984.305420,29.746094,4200.000000,3121.548584,6500.000000,74.000000
3.000000,3014.051514,2988.422852,25.628662,4200.000000,4041.053711,3814.000000,74.000000
3.000000,3014.051514,2991.688232,22.363281,4200.000000,4477.218750,-6500.000000,74.000000
3.000000,3014.051514,2996.551514,17.500000,4200.000000,4903.017578,-6500.000000,74.000000
3.000000,3014.051514,2999.483643,14.567871,4200.000000,4527.785156,-5424.000000,74.000000
3.000000,3014.051514,3003.164063,10.887451,3266.235352,3956.691895,-6500.000000,75.000000
3.000000,3014.051514,3005.213623,8.837891,2651.367188,3453.500732,-6500.000000,75.000000
3.000000,3014.051514,3007.363281,6.688232,2006.469727,2477.270020,-6500.000000,75.000000
3.000000,3014.051514,3008.218994,5.832520,1749.755859,1744.885986,6500.000000,75.000000
3.000000,3014.051514,3009.335938,4.715576,1414.672852,1134.148438,6297.000000,75.000000
3.000000,3014.051514,3010.300293,3.751221,1125.366211,1265.876831,-6411.000000,75.000000
3.000000,3014.051514,3011.756592,2.294922,688.476563,1505.342285,-6500.000000,75.000000
3.000000,3014.051514,3012.416992,1.634521,490.356445,1306.264038,-6500.000000,75.000000
3.000000,3014.051514,3012.674561,1.376953,413.085938,542.435120,444.000000,75.000000
3.000000,3014.051514,3012.413330,1.638184,491.455078,-80.874817,6500.000000,75.000000
3.000000,3014.051514,3012.261963,1.789551,536.865234,-190.049576,6500.000000,75.000000
3.000000,3014.051514,3012.474365,1.577148,473.144531,106.236015,5322.000000,75.000000
3.000000,3014.051514,3013.308105,0.743408,0.000000,682.189209,-6500.000000,75.000000
3.000000,3014.051514,3013.934326,0.117188,0.000000,814.495178,-6500.000000,75.000000
3.000000,3014.051514,3014.154053,-0.102539,0.000000,481.044098,-6500.000000,75.000000
3.000000,3014.051514,3013.867188,0.184326,0.000000,-147.884277,6500.000000,75.000000
3.000000,3014.051514,3013.424072,0.627441,0.000000,-449.105377,6500.000000,75.000000
3.000000,3014.051514,3013.465576,0.585938,0.000000,-200.150513,-1378.000000,75.000000
3.000000,3014.051514,3013.907471,0.144043,0.000000,385.778748,-6500.000000,75.000000
3.000000,3014.051514,3014.057617,-0.006104,0.000000,347.402222,-3960.000000,75.000000
3.000000,3014.051514,3013.677979,0.373535,0.000000,-343.480530,6500.000000,75.000000
3.000000,3014.051514,3013.485107,0.566406,0.000000,-305.304871,3612.000000,75.000000
3.000000,3014.051514,3013.707275,0.344238,0.000000,164.744995,-4720.000000,75.000000
3.000000,3014.051514,3013.793945,0.257568,0.000000,184.795410,-2525.000000,75.000000
3.000000,3014.051514,3013.688965,0.362549,0.000000,-71.263069,2380.000000,75.000000
3.000000,3014.051514,3013.591309,0.460205,0.000000,-124.172554,2709.000000,75.000000
3.000000,3014.051514,3013.583984,0.467529,0.000000,-60.748878,0.000000,75.000000
3.000000,3014.051514,3013.646240,0.405273,0.000000,52.218475,-1253.000000,75.000000
3.000000,3014.051514,3013.680420,0.371094,0.000000,54.553749,-1040.000000,75.000000
3.000000,3014.051514,3013.663330,0.388184,0.000000,-9.948751,0.000000,75.000000
3.000000,3014.051514,3013.653564,0.397949,0.000000,-19.607904,0.000000,75.000000
3.000000,3014.051514,3013.654785,0.396729,0.000000,-1.781786,0.000000,75.000000
3.000000,3014.051514,3013.658447,0.393066,0.000000,2.530896,0.000000,75.000000
3.000000,3014.051514,3013.658447,0.393066,0.000000,0.190877,0.000000,75.000000
3.000000,3014.051514,3013.658447,0.393066,0.000000,0.034073,0.000000,75.000000
3.000000,3014.051514,3013.658447,0.393066,0.000000,0.002570,0.000000,75.000000
3.000000,3014.051514,3013.658447,0.393066,0.000000,0.000459,0.000000,75.000000
3.000000,3014.051514,3013.658447,0.393066,0.000000,0.000035,0.000000,75.000000
3.000000,3014.051514,3013.658447,0.393066,0.000000,0.000006,0.000000,75.000000
3.000000,3014.051514,3013.658447,0.393066,0.000000,0.000000,0.000000,75.000000
3.000000,3014.051514,3013.658447,0.393066,0.000000,0.000000,0.000000,75.000000
3.000000,3014.051514,3013.658447,0.393066,0.000000,0.000000,0.000000,75.000000
3.000000,3014.051514,3013.658447,0.393066,0.000000,0.000000,0.000000,75.000000
3.000000,3014.051514,3013.658447,0.393066,0.000000,0.000000,0.000000,75.000000
3.000000,3014.051514,3013.658447,0.393066,0.000000,0.000000,0.000000,75.000000
3.000000,3014.051514,3013.658447,0.393066,0.000000,0.000000,0.000000,75.000000
3.000000,3014.051514,3013.658447,0.393066,0.000000,0.000000,0.000000,75.000000
3.000000,3014.051514,3013.658447,0.393066,0.000000,0.000000,0.000000,75.000000
3.000000,3014.051514,3013.658447,0.393066,0.000000,0.000000,0.000000,75.000000
3.000000,3014.051514,3013.658447,0.393066,0.000000,0.000000,0.000000,75.000000
3.000000,3014.051514,3013.658447,0.393066,0.000000,0.000000,0.000000,75.000000
3.000000,3014.051514,3013.658447,0.393066,0.000000,0.000000,0.000000,75.000000
3.000000,3014.051514,3013.658447,0.393066,0.000000,0.000000,0.000000,75.000000
3.000000,3014.051514,3013.658447,0.393066,0.000000,0.000000,0.000000,75.000000
3.000000,3014.051514,3013.658447,0.393066,0.000000,0.000000,0.000000,75.000000
3.000000,3014.051514,3013.658447,0.393066,0.000000,0.000000,0.000000,75.000000
3.000000,3014.051514,3013.658447,0.393066,0.000000,0.000000,0.000000,75.000000
3.000000,3014.051514,3013.658447,0.393066,0.000000,0.000000,0.000000,75.000000
3.000000,3014.051514,3013.658447,0.393066,0.000000,0.000000,0.000000,75.000000
3.000000,3014.051514,3013.658447,0.393066,0.000000,0.000000,0.000000,75.000000
3.000000,3014.051514,3013.658447,0.393066,0.000000,0.000000,0.000000,75.000000
3.000000,3014.051514,3013.658447,0.393066,0.000000,0.000000,0.000000,75.000000
3.000000,3014.051514,3013.658447,0.393066,0.000000,0.000000,0.000000,75.000000
3.000000,3014.051514,3013.658447,0.393066,0.000000,0.000000,0.000000,75.000000
3.000000,3014.051514,3013.658447,0.393066,0.000000,0.000000,0.000000,75.000000
3.000000,3014.051514,3013.658447,0.393066,0.000000,0.000000,0.000000,75.000000
3.000000,3014.051514,3013.658447,0.393066,0.000000,0.000000,0.000000,75.000000
3.000000,3014.051514,3013.658447,0.393066,0.000000,0.000000,0.000000,75.000000
3.000000,3014.051514,3013.658447,0.393066,0.000000,0.000000,0.000000,75.000000
3.000000,3014.051514,3013.658447,0.393066,0.000000,0.000000,0.000000,75.000000
3.000000,3014.051514,3013.658447,0.393066,0.000000,0.000000,0.000000,75.000000
3.000000,3014.051514,3013.658447,0.393066,0.000000,0.000000,0.000000,75.000000
3.000000,3014.051514,3013.658447,0.393066,0.000000,0.000000,0.000000,75.000000
3.000000,3014.051514,3013.658447,0.393066,0.000000,0.000000,0.000000,75.000000
3.000000,3014.051514,3013.658447,0.393066,0.000000,0.000000,0.000000,75.000000
3.000000,3014.051514,3013.658447,0.393066,0.000000,0.000000,0.000000,75.000000
3.000000,3014.051514,3013.658447,0.393066,0.000000,0.000000,0.000000,75.000000
3.000000,3014.051514,3013.658447,0.393066,0.000000,0.000000,0.000000,75.000000
3.000000,3014.051514,3013.658447,0.393066,0.000000,0.000000,0.000000,75.000000
3.000000,3014.051514,3013.658447,0.393066,0.000000,0.000000,0.000000,75.000000
3.000000,3014.051514,3013.658447,0.393066,0.000000,0.000000,0.000000,75.000000
3.000000,3014.051514,3013.658447,0.393066,0.000000,0.000000,0.000000,75.000000
3.000000,3014.051514,3013.658447,0.393066,0.000000,0.000000,0.000000,75.000000
3.000000,3014.051514,3013.658447,0.393066,0.000000,0.000000,0.000000,75.000000
3.000000,3014.051514,3013.658447,0.393066,0.000000,0.000000,0.000000,75.000000
3.000000,3014.051514,3013.658447,0.393066,0.000000,0.000000,0.000000,75.000000
3.000000,3014.051514,3013.658447,0.393066,0.000000,0.000000,0.000000,75.000000
3.000000,3014.051514,3013.658447,0.393066,0.000000,0.000000,0.000000,75.000000
3.000000,3014.051514,3013.658447,0.393066,0.000000,0.000000,0.000000,75.000000
3.000000,3014.051514,3013.658447,0.393066,0.000000,0.000000,0.000000,75.000000
3.000000,3014.051514,3013.658447,0.393066,0.000000,0.000000,0.000000,75.000000
3.000000,3014.051514,3013.658447,0.393066,0.000000,0.000000,0.000000,75.000000
3.000000,3014.051514,3013.658447,0.393066,0.000000,0.000000,0.000000,75.000000
3.000000,3014.051514,3013.658447,0.393066,0.000000,0.000000,0.000000,75.000000
3.000000,3014.051514,3013.658447,0.393066,0.000000,0.000000,0.000000,75.000000
3.000000,3014.051514,3013.658447,0.393066,0.000000,0.000000,0.000000,75.000000
3.000000,3014.051514,3013.658447,0.393066,0.000000,0.000000,0.000000,75.000000
3.000000,3014.051514,3013.658447,0.393066,0.000000,0.000000,0.000000,75.000000
3.000000,3014.051514,3013.658447,0.393066,0.000000,0.000000,0.000000,75.000000
3.000000,3014.051514,3013.658447,0.393066,0.000000,0.000000,0.000000,75.000000
3.000000,3014.051514,3013.658447,0.393066,0.000000,0.000000,0.000000,75.000000
3.000000,3014.051514,3013.658447,0.393066,0.000000,0.000000,0.000000,75.000000
3.000000,3014.051514,3013.658447,0.393066,0.000000,0.000000,0.000000,75.000000
3.000000,3014.051514,3013.658447,0.393066,0.000000,0.000000,0.000000,75.000000
3.000000,3014.051514,3013.658447,0.393066,0.000000,0.000000,0.000000,75.000000
3.000000,3014.051514,3013.658447,0.393066,0.000000,0.000000,0.000000,75.000000
3.000000,3014.051514,3013.658447,0.393066,0.000000,0.000000,0.000000,75.000000
3.000000,3014.051514,3013.658447,0.393066,0.000000,0.000000,0.000000,75.000000
3.000000,3014.051514,3013.658447,0.393066,0.000000,0.000000,0.000000,75.000000
1.000000,3014.051514,3013.658447,0.393066,0.000000,0.000000,0.000000,75.000000
1.000000,3014.051514,3013.658447,0.393066,0.000000,0.000000,0.000000,75.000000
1.000000,3014.051514,3013.658447,0.393066,0.000000,0.000000,0.000000,75.000000
1.000000,3014.051514,3013.658447,0.393066,0.000000,0.000000,0.000000,75.000000
1.000000,3014.051514,3013.658447,0.393066,0.000000,0.000000,0.000000,75.000000
1.000000,3014.051514,3013.658447,0.393066,0.000000,0.000000,0.000000,75.000000
1.000000,3014.051514,3013.658447,0.393066,0.000000,0.000000,0.000000,75.000000
1.000000,3014.051514,3013.658447,0.393066,0.000000,0.000000,0.000000,75.000000
1.000000,3014.051514,3013.658447,0.393066,0.000000,0.000000,0.000000,75.000000
1.000000,3014.051514,3013.658447,0.393066,0.000000,0.000000,0.000000,75.000000
1.000000,3014.051514,3013.658447,0.393066,0.000000,0.000000,0.000000,75.000000
1.000000,3014.051514,3013.658447,0.393066,0.000000,0.000000,0.000000,75.000000
1.000000,3014.051514,3013.658447,0.393066,0.000000,0.000000,0.000000,75.000000
1.000000,3014.051514,3013.658447,0.393066,0.000000,0.000000,0.000000,75.000000
1.000000,3014.051514,3013.658447,0.393066,0.000000,0.000000,0.000000,75.000000
1.000000,3014.051514,3013.658447,0.393066,0.000000,0.000000,0.000000,75.000000
1.000000,3014.051514,3013.658447,0.393066,0.000000,0.000000,0.000000,75.000000
1.000000,3014.051514,3013.658447,0.393066,0.000000,0.000000,0.000000,75.000000
1.000000,3014.051514,3013.658447,0.393066,0.000000,0.000000,0.000000,75.000000
1.000000,3014.051514,3013.658447,0.393066,0.000000,0.000000,0.000000,75.000000
1.000000,3014.051514,3013.658447,0.393066,0.000000,0.000000,0.000000,75.000000
1.000000,3014.051514,3013.658447,0.393066,0.000000,0.000000,0.000000,75.000000
1.000000,3014.051514,3013.658447,0.393066,0.000000,0.000000,0.000000,75.000000
1.000000,3014.051514,3013.658447,0.393066,0.000000,0.000000,0.000000,75.000000
1.000000,3014.051514,3013.658447,0.393066,0.000000,0.000000,0.000000,75.000000
1.000000,3014.051514,3013.658447,0.393066,0.000000,0.000000,0.000000,75.000000
1.000000,3014.051514,3013.658447,0.393066,0.000000,0.000000,0.000000,75.000000
1.000000,3014.051514,3013.658447,0.393066,0.000000,0.000000,0.000000,75.000000
1.000000,3014.051514,3013.658447,0.393066,0.000000,0.000000,0.000000,75.000000
1.000000,3014.051514,3013.658447,0.393066,0.000000,0.000000,0.000000,75.000000
1.000000,3014.051514,3013.658447,0.393066,0.000000,0.000000,0.000000,75.000000
1.000000,3014.051514,3013.658447,0.393066,0.000000,0.000000,0.000000,75.000000
1.000000,3014.051514,3013.658447,0.393066,0.000000,0.000000,0.000000,75.000000
1.000000,3014.051514,3013.658447,0.393066,0.000000,0.000000,0.000000,75.000000
1.000000,3014.051514,3013.658447,0.393066,0.000000,0.000000,0.000000,75.000000
1.000000,3014.051514,3013.658447,0.393066,0.000000,0.000000,0.000000,75.000000
1.000000,3014.051514,3013.658447,0.393066,0.000000,0.000000,0.000000,75.000000
1.000000,3014.051514,3013.658447,0.393066,0.000000,0.000000,0.000000,75.000000
1.000000,3014.051514,3013.658447,0.393066,0.000000,0.000000,0.000000,75.000000
1.000000,3014.051514,3013.658447,0.393066,0.000000,0.000000,0.000000,75.000000
1.000000,3014.051514,3013.658447,0.393066,0.000000,0.000000,0.000000,75.000000
1.000000,3014.051514,3013.658447,0.393066,0.000000,0.000000,0.000000,75.000000
1.000000,3014.051514,3013.658447,0.393066,0.000000,0.000000,0.000000,75.000000
1.000000,3014.051514,3013.658447,0.393066,0.000000,0.000000,0.000000,75.000000
1.000000,3014.051514,3013.658447,0.393066,0.000000,0.000000,0.000000,75.000000
1.000000,3014.051514,3013.658447,0.393066,0.000000,0.000000,0.000000,75.000000
1.000000,3014.051514,3013.658447,0.393066,0.000000,0.000000,0.000000,75.000000
1.000000,3014.051514,3013.658447,0.393066,0.000000,0.000000,0.000000,75.000000
1.000000,3014.051514,3013.658447,0.393066,0.000000,0.000000,0.000000,75.000000
1.000000,3014.051514,3013.658447,0.393066,0.000000,0.000000,0.000000,75.000000
1.000000,3014.051514,3013.658447,0.393066,0.000000,0.000000,0.000000,75.000000
1.000000,3014.051514,3013.658447,0.393066,0.000000,0.000000,0.000000,75.000000
1.000000,3014.051514,3013.658447,0.393066,0.000000,0.000000,0.000000,75.000000
1.000000,3014.051514,3013.658447,0.393066,0.000000,0.000000,0.000000,75.000000
1.000000,3014.051514,3013.658447,0.393066,0.000000,0.000000,0.000000,75.000000
1.000000,3014.051514,3013.658447,0.393066,0.000000,0.000000,0.000000,75.000000
1.000000,3014.051514,3013.658447,0.393066,0.000000,0.000000,0.000000,75.000000
1.000000,3014.051514,3013.658447,0.393066,0.000000,0.000000,0.000000,75.000000
1.000000,3014.051514,3013.658447,0.393066,0.000000,0.000000,0.000000,75.000000
1.000000,3014.051514,3013.658447,0.393066,0.000000,0.000000,0.000000,75.000000
1.000000,3014.051514,3013.658447,0.393066,0.000000,0.000000,0.000000,75.000000
1.000000,3014.051514,3013.658447,0.393066,0.000000,0.000000,0.000000,75.000000
1.000000,3014.051514,3013.658447,0.393066,0.000000,0.000000,0.000000,75.000000
1.000000,3014.051514,3013.658447,0.393066,0.000000,0.000000,0.000000,75.000000
1.000000,3014.051514,3013.658447,0.393066,0.000000,0.000000,0.000000,75.000000
1.000000,3014.051514,3013.658447,0.393066,0.000000,0.000000,0.000000,75.000000
1.000000,3014.051514,3013.658447,0.393066,0.000000,0.000000,0.000000,75.000000
1.000000,3014.051514,3013.658447,0.393066,0.000000,0.000000,0.000000,75.000000
1.000000,3014.051514,3013.658447,0.393066,0.000000,0.000000,0.000000,75.000000
1.000000,3014.051514,3013.658447,0.393066,0.000000,0.000000,0.000000,75.000000
1.000000,3014.051514,3013.658447,0.393066,0.000000,0.000000,0.000000,75.000000
1.000000,3014.051514,3013.658447,0.393066,0.000000,0.000000,0.000000,75.000000
1.000000,3014.051514,3013.658447,0.393066,0.000000,0.000000,0.000000,75.000000
1.000000,3014.051514,3013.658447,0.393066,0.000000,0.000000,0.000000,75.000000
1.000000,3014.051514,3013.658447,0.393066,0.000000,0.000000,0.000000,75.000000
1.000000,3014.051514,3013.658447,0.393066,0.000000,0.000000,0.000000,75.000000
1.000000,3014.051514,3013.658447,0.393066,0.000000,0.000000,0.000000,75.000000
1.000000,3014.051514,3013.658447,0.393066,0.000000,0.000000,0.000000,75.000000
1.000000,3014.051514,3013.658447,0.393066,0.000000,0.000000,0.000000,75.000000
1.000000,3014.051514,3013.658447,0.393066,0.000000,0.000000,0.000000,75.000000
1.000000,3014.051514,3013.658447,0.393066,0.000000,0.000000,0.000000,75.000000
1.000000,3014.051514,3013.658447,0.393066,0.000000,0.000000,0.000000,75.000000
1.000000,3014.051514,3013.658447,0.393066,0.000000,0.000000,0.000000,75.000000
1.000000,3014.051514,3013.658447,0.393066,0.000000,0.000000,0.000000,75.000000
1.000000,3014.051514,3013.658447,0.393066,0.000000,0.000000,0.000000,75.000000
1.000000,3014.051514,3013.658447,0.393066,0.000000,0.000000,0.000000,75.000000
1.000000,3014.051514,3013.658447,0.393066,0.000000,0.000000,0.000000,75.000000
1.000000,3014.051514,3013.658447,0.393066,0.000000,0.000000,0.000000,75.000000
1.000000,3014.051514,3013.658447,0.393066,0.000000,0.000000,0.000000,75.000000
1.000000,3014.051514,3013.658447,0.393066,0.000000,0.000000,0.000000,75.000000
1.000000,3014.051514,3013.658447,0.393066,0.000000,0.000000,0.000000,75.000000
1.000000,3014.051514,3013.658447,0.393066,0.000000,0.000000,0.000000,75.000000
1.000000,3014.051514,3013.658447,0.393066,0.000000,0.000000,0.000000,75.000000
1.000000,3014.051514,3013.658447,0.393066,0.000000,0.000000,0.000000,75.000000
1.000000,3014.051514,3013.658447,0.393066,0.000000,0.000000,0.000000,75.000000
1.000000,3014.051514,3013.658447,0.393066,0.000000,0.000000,0.000000,75.000000
1.000000,3014.051514,3013.658447,0.393066,0.000000,0.000000,0.000000,75.000000
1.000000,3014.051514,3013.658447,0.393066,0.000000,0.000000,0.000000,75.000000
1.000000,3014.051514,3013.658447,0.393066,0.000000,0.000000,0.000000,75.000000
1.000000,3014.051514,3013.658447,0.393066,0.000000,0.000000,0.000000,75.000000
1.000000,3014.051514,3013.658447,0.393066,0.000000,0.000000,0.000000,75.000000
1.000000,3014.051514,3013.658447,0.393066,0.000000,0.000000,0.000000,75.000000
1.000000,3014.051514,3013.658447,0.393066,0.000000,0.000000,0.000000,75.000000
1.000000,3014.051514,3013.658447,0.393066,0.000000,0.000000,0.000000,75.000000
1.000000,3014.051514,3013.658447,0.393066,0.000000,0.000000,0.000000,75.000000
1.000000,3014.051514,3013.658447,0.393066,0.000000,0.000000,0.000000,75.000000
1.000000,3014.051514,3013.658447,0.393066,0.000000,0.000000,0.000000,75.000000
1.000000,3014.051514,3013.658447,0.393066,0.000000,0.000000,0.000000,75.000000
1.000000,3014.051514,3013.658447,0.393066,0.000000,0.000000,0.000000,75.000000
1.000000,3014.051514,3013.658447,0.393066,0.000000,0.000000,0.000000,75.000000
1.000000,3014.051514,3013.658447,0.393066,0.000000,0.000000,0.000000,75.000000
1.000000,3014.051514,3013.658447,0.393066,0.000000,0.000000,0.000000,75.000000
1.000000,3014.051514,3013.658447,0.393066,0.000000,0.000000,0.000000,75.000000
1.000000,3014.051514,3013.658447,0.393066,0.000000,0.000000,0.000000,75.000000
1.000000,3014.051514,3013.658447,0.393066,0.000000,0.000000,0.000000,75.000000
1.000000,3014.051514,3013.658447,0.393066,0.000000,0.000000,0.000000,75.000000
1.000000,3014.051514,3013.658447,0.393066,0.000000,0.000000,0.000000,75.000000
1.000000,3014.051514,3013.658447,0.393066,0.000000,0.000000,0.000000,75.000000
1.000000,3014.051514,3013.658447,0.393066,0.000000,0.000000,0.000000,75.000000
1.000000,3014.051514,3013.658447,0.393066,0.000000,0.000000,0.000000,75.000000
1.000000,3014.051514,3013.658447,0.393066,0.000000,0.000000,0.000000,75.000000
1.000000,3014.051514,3013.658447,0.393066,0.000000,0.000000,0.000000,75.000000
1.000000,3014.051514,3013.658447,0.393066,0.000000,0.000000,0.000000,75.000000
1.000000,3014.051514,3013.658447,0.393066,0.000000,0.000000,0.000000,75.000000
1.000000,3014.051514,3013.658447,0.393066,0.000000,0.000000,0.000000,75.000000
1.000000,3014.051514,3013.658447,0.393066,0.000000,0.000000,0.000000,75.000000
1.000000,3014.051514,3013.658447,0.393066,0.000000,0.000000,0.000000,75.000000
1.000000,3014.051514,3013.658447,0.393066,0.000000,0.000000,0.000000,75.000000
1.000000,3014.051514,3013.658447,0.393066,0.000000,0.000000,0.000000,75.000000
1.000000,3014.051514,3013.658447,0.393066,0.000000,0.000000,0.000000,75.000000
1.000000,3014.051514,3013.658447,0.393066,0.000000,0.000000,0.000000,75.000000
1.000000,3014.051514,3013.658447,0.393066,0.000000,0.000000,0.000000,75.000000
1.000000,3014.051514,3013.658447,0.393066,0.000000,0.000000,0.000000,75.000000
1.000000,3014.051514,3013.658447,0.393066,0.000000,0.000000,0.000000,75.000000
1.000000,3014.051514,3013.658447,0.393066,0.000000,0.000000,0.000000,75.000000
1.000000,3014.051514,3013.658447,0.393066,0.000000,0.000000,0.000000,75.000000
1.000000,3014.051514,3013.658447,0.393066,0.000000,0.000000,0.000000,75.000000
1.000000,3014.051514,3013.658447,0.393066,0.000000,0.000000,0.000000,75.000000
1.000000,3014.051514,3013.658447,0.393066,0.000000,0.000000,0.000000,75.000000
1.000000,3014.051514,3013.658447,0.393066,0.000000,0.000000,0.000000,75.000000
1.000000,3014.051514,3013.658447,0.393066,0.000000,0.000000,0.000000,75.000000
1.000000,3014.051514,3013.658447,0.393066,0.000000,0.000000,0.000000,75.000000
1.000000,3014.051514,3013.658447,0.393066,0.000000,0.000000,0.000000,75.000000
1.000000,3014.051514,3013.658447,0.393066,0.000000,0.000000,0.000000,75.000000
1.000000,3014.051514,3013.658447,0.393066,0.000000,0.000000,0.000000,75.000000
1.000000,3014.051514,3013.658447,0.393066,0.000000,0.000000,0.000000,75.000000
1.000000,3014.051514,3013.658447,0.393066,0.000000,0.000000,0.000000,75.000000
1.000000,3014.051514,3013.658447,0.393066,0.000000,0.000000,0.000000,75.000000
1.000000,3014.051514,3013.658447,0.393066,0.000000,0.000000,0.000000,75.000000
1.000000,3014.051514,3013.658447,0.393066,0.000000,0.000000,0.000000,75.000000
1.000000,3014.051514,3013.658447,0.393066,0.000000,0.000000,0.000000,75.000000
1.000000,3014.051514,3013.658447,0.393066,0.000000,0.000000,0.000000,75.000000
1.000000,3014.051514,3013.658447,0.393066,0.000000,0.000000,0.000000,75.000000
1.000000,3014.051514,3013.658447,0.393066,0.000000,0.000000,0.000000,75.000000
1.000000,3014.051514,3013.658447,0.393066,0.000000,0.000000,0.000000,75.000000
1.000000,3014.051514,3013.658447,0.393066,0.000000,0.000000,0.000000,75.000000
1.000000,3014.051514,3013.658447,0.393066,0.000000,0.000000,0.000000,75.000000
1.000000,3014.051514,3013.658447,0.393066,0.000000,0.000000,0.000000,75.000000
1.000000,3014.051514,3013.658447,0.393066,0.000000,0.000000,0.000000,75.000000
1.000000,3014.051514,3013.658447,0.393066,0.000000,0.000000,0.000000,75.000000
1.000000,3014.051514,3013.658447,0.393066,0.000000,0.000000,0.000000,75.000000
1.000000,3014.051514,3013.658447,0.393066,0.000000,0.000000,0.000000,75.000000
1.000000,3014.051514,3013.658447,0.393066,0.000000,0.000000,0.000000,75.000000
1.000000,3014.051514,3013.658447,0.393066,0.000000,0.000000,0.000000,75.000000
1.000000,3014.051514,3013.658447,0.393066,0.000000,0.000000,0.000000,75.000000
1.000000,3014.051514,3013.658447,0.393066,0.000000,0.000000,0.000000,75.000000
1.000000,3014.051514,3013.658447,0.393066,0.000000,0.000000,0.000000,75.000000
1.000000,3014.051514,3013.658447,0.393066,0.000000,0.000000,0.000000,75.000000
1.000000,3014.051514,3013.658447,0.393066,0.000000,0.000000,0.000000,75.000000
1.000000,3014.051514,3013.658447,0.393066,0.000000,0.000000,0.000000,75.000000
1.000000,3014.051514,3013.658447,0.393066,0.000000,0.000000,0.000000,75.000000
1.000000,3014.051514,3013.658447,0.393066,0.000000,0.000000,0.000000,75.000000
1.000000,3014.051514,3013.658447,0.393066,0.000000,0.000000,0.000000,75.000000
1.000000,3014.051514,3013.658447,0.393066,0.000000,0.000000,0.000000,75.000000
1.000000,3014.051514,3013.658447,0.393066,0.000000,0.000000,0.000000,75.000000
1.000000,3014.051514,3013.658447,0.393066,0.000000,0.000000,0.000000,75.000000
1.000000,3014.051514,3013.658447,0.393066,0.000000,0.000000,0.000000,75.000000
1.000000,3014.051514,3013.658447,0.393066,0.000000,0.000000,0.000000,75.000000
1.000000,3014.051514,3013.658447,0.393066,0.000000,0.000000,0.000000,75.000000
1.000000,3014.051514,3013.658447,0.393066,0.000000,0.000000,0.000000,75.000000
1.000000,3014.051514,3013.658447,0.393066,0.000000,0.000000,0.000000,75.000000
1.000000,3014.051514,3013.658447,0.393066,0.000000,0.000000,0.000000,75.000000
1.000000,3014.051514,3013.658447,0.393066,0.000000,0.000000,0.000000,75.000000
1.000000,3014.051514,3013.658447,0.393066,0.000000,0.000000,0.000000,75.000000
1.000000,3014.051514,3013.658447,0.393066,0.000000,0.000000,0.000000,75.000000
1.000000,3014.051514,3013.658447,0.393066,0.000000,0.000000,0.000000,75.000000
1.000000,3014.051514,3013.658447,0.393066,0.000000,0.000000,0.000000,75.000000
1.000000,3014.051514,3013.658447,0.393066,0.000000,0.000000,0.000000,75.000000
1.000000,3014.051514,3013.658447,0.393066,0.000000,0.000000,0.000000,75.000000
1.000000,3014.051514,3013.658447,0.393066,0.000000,0.000000,0.000000,75.000000
1.000000,3014.051514,3013.658447,0.393066,0.000000,0.000000,0.000000,75.000000
1.000000,3014.051514,3013.658447,0.393066,0.000000,0.000000,0.000000,75.000000
1.000000,3014.051514,3013.658447,0.393066,0.000000,0.000000,0.000000,75.000000
1.000000,3014.051514,3013.658447,0.393066,0.000000,0.000000,0.000000,75.000000
1.000000,3014.051514,3013.658447,0.393066,0.000000,0.000000,0.000000,75.000000
1.000000,3014.051514,3013.658447,0.393066,0.000000,0.000000,0.000000,75.000000
1.000000,3014.051514,3013.658447,0.393066,0.000000,0.000000,0.000000,75.000000
1.000000,3014.051514,3013.658447,0.393066,0.000000,0.000000,0.000000,75.000000
1.000000,3014.051514,3013.658447,0.393066,0.000000,0.000000,0.000000,75.000000
1.000000,3014.051514,3013.658447,0.393066,0.000000,0.000000,0.000000,75.000000
1.000000,3014.051514,3013.658447,0.393066,0.000000,0.000000,0.000000,75.000000
1.000000,3014.051514,3013.658447,0.393066,0.000000,0.000000,0.000000,75.000000
1.000000,3014.051514,3013.658447,0.393066,0.000000,0.000000,0.000000,75.000000
1.000000,3014.051514,3013.658447,0.393066,0.000000,0.000000,0.000000,75.000000
1.000000,3014.051514,3013.658447,0.393066,0.000000,0.000000,0.000000,75.000000
1.000000,3014.051514,3013.658447,0.393066,0.000000,0.000000,0.000000,75.000000
1.000000,3014.051514,3013.658447,0.393066,0.000000,0.000000,0.000000,75.000000
1.000000,3014.051514,3013.658447,0.393066,0.000000,0.000000,0.000000,75.000000
1.000000,3014.051514,3013.658447,0.393066,0.000000,0.000000,0.000000,75.000000
1.000000,3014.051514,3013.658447,0.393066,0.000000,0.000000,0.000000,75.000000
1.000000,3014.051514,3013.658447,0.393066,0.000000,0.000000,0.000000,75.000000
1.000000,3014.051514,3013.658447,0.393066,0.000000,0.000000,0.000000,75.000000
1.000000,3014.051514,3013.658447,0.393066,0.000000,0.000000,0.000000,75.000000
1.000000,3014.051514,3013.658447,0.393066,0.000000,0.000000,0.000000,75.000000
1.000000,3014.051514,3013.658447,0.393066,0.000000,0.000000,0.000000,75.000000
1.000000,3014.051514,3013.658447,0.393066,0.000000,0.000000,0.000000,75.000000
1.000000,3014.051514,3013.658447,0.393066,0.000000,0.000000,0.000000,75.000000
1.000000,3014.051514,3013.658447,0.393066,0.000000,0.000000,0.000000,75.000000
1.000000,3014.051514,3013.658447,0.393066,0.000000,0.000000,0.000000,75.000000
1.000000,3014.051514,3013.658447,0.393066,0.000000,0.000000,0.000000,75.000000
1.000000,3014.051514,3013.658447,0.393066,0.000000,0.000000,0.000000,75.000000
1.000000,3014.051514,3013.658447,0.393066,0.000000,0.000000,0.000000,75.000000
1.000000,3014.051514,3013.658447,0.393066,0.000000,0.000000,0.000000,75.000000
1.000000,3014.051514,3013.658447,0.393066,0.000000,0.000000,0.000000,75.000000
1.000000,3014.051514,3013.658447,0.393066,0.000000,0.000000,0.000000,75.000000
1.000000,3014.051514,3013.658447,0.393066,0.000000,0.000000,0.000000,75.000000
1.000000,3014.051514,3013.658447,0.393066,0.000000,0.000000,0.000000,75.000000
1.000000,3014.051514,3013.658447,0.393066,0.000000,0.000000,0.000000,75.000000
1.000000,3014.051514,3013.658447,0.393066,0.000000,0.000000,0.000000,75.000000
1.000000,3014.051514,3013.658447,0.393066,0.000000,0.000000,0.000000,75.000000
1.000000,3014.051514,3013.658447,0.393066,0.000000,0.000000,0.000000,75.000000
1.000000,3014.051514,3013.658447,0.393066,0.000000,0.000000,0.000000,75.000000
1.000000,3014.051514,3013.658447,0.393066,0.000000,0.000000,0.000000,75.000000
1.000000,3014.051514,3013.658447,0.393066,0.000000,0.000000,0.000000,75.000000
1.000000,3014.051514,3013.658447,0.393066,0.000000,0.000000,0.000000,75.000000
1.000000,3014.051514,3013.658447,0.393066,0.000000,0.000000,0.000000,75.000000
1.000000,3014.051514,3013.658447,0.393066,0.000000,0.000000,0.000000,75.000000
1.000000,3014.051514,3013.658447,0.393066,0.000000,0.000000,0.000000,75.000000
1.000000,3014.051514,3013.658447,0.393066,0.000000,0.000000,0.000000,75.000000
1.000000,3014.051514,3013.658447,0.393066,0.000000,0.000000,0.000000,75.000000
1.000000,3014.051514,3013.658447,0.393066,0.000000,0.000000,0.000000,75.000000
1.000000,3014.051514,3013.658447,0.393066,0.000000,0.000000,0.000000,75.000000
1.000000,3014.051514,3013.658447,0.393066,0.000000,0.000000,0.000000,75.000000
1.000000,3014.051514,3013.658447,0.393066,0.000000,0.000000,0.000000,75.000000
1.000000,3014.051514,3013.658447,0.393066,0.000000,0.000000,0.000000,75.000000
1.000000,3014.051514,3013.658447,0.393066,0.000000,0.000000,0.000000,75.000000
1.000000,3014.051514,3013.658447,0.393066,0.000000,0.000000,0.000000,75.000000
1.000000,3014.051514,3013.658447,0.393066,0.000000,0.000000,0.000000,75.000000
1.000000,3014.051514,3013.658447,0.393066,0.000000,0.000000,0.000000,75.000000
1.000000,3014.051514,3013.658447,0.393066,0.000000,0.000000,0.000000,75.000000
1.000000,3014.051514,3013.658447,0.393066,0.000000,0.000000,0.000000,75.000000
1.000000,3014.051514,3013.658447,0.393066,0.000000,0.000000,0.000000,75.000000
1.000000,3014.051514,3013.658447,0.393066,0.000000,0.000000,0.000000,75.000000
1.000000,3014.051514,3013.658447,0.393066,0.000000,0.000000,0.000000,75.000000
1.000000,3014.051514,3013.658447,0.393066,0.000000,0.000000,0.000000,75.000000
1.000000,3014.051514,3013.658447,0.393066,0.000000,0.000000,0.000000,75.000000
1.000000,3014.051514,3013.658447,0.393066,0.000000,0.000000,0.000000,75.000000
1.000000,3014.051514,3013.658447,0.393066,0.000000,0.000000,0.000000,75.000000
1.000000,3014.051514,3013.658447,0.393066,0.000000,0.000000,0.000000,75.000000
1.000000,3014.051514,3013.658447,0.393066,0.000000,0.000000,0.000000,75.000000
1.000000,3014.051514,3013.658447,0.393066,0.000000,0.000000,0.000000,75.000000
1.000000,3014.051514,3013.658447,0.393066,0.000000,0.000000,0.000000,75.000000
1.000000,3014.051514,3013.658447,0.393066,0.000000,0.000000,0.000000,75.000000
1.000000,3014.051514,3013.658447,0.393066,0.000000,0.000000,0.000000,75.000000
1.000000,3014.051514,3013.658447,0.393066,0.000000,0.000000,0.000000,75.000000
1.000000,3014.051514,3013.658447,0.393066,0.000000,0.000000,0.000000,75.000000
1.000000,3014.051514,3013.658447,0.393066,0.000000,0.000000,0.000000,75.000000
1.000000,3014.051514,3013.658447,0.393066,0.000000,0.000000,0.000000,75.000000
1.000000,3014.051514,3013.658447,0.393066,0.000000,0.000000,0.000000,75.000000
1.000000,3014.051514,3013.658447,0.393066,0.000000,0.000000,0.000000,75.000000
1.000000,3014.051514,3013.658447,0.393066,0.000000,0.000000,0.000000,75.000000
1.000000,3014.051514,3013.658447,0.393066,0.000000,0.000000,0.000000,75.000000
1.000000,3014.051514,3013.658447,0.393066,0.000000,0.000000,0.000000,75.000000
1.000000,3014.051514,3013.658447,0.393066,0.000000,0.000000,0.000000,75.000000
1.000000,3014.051514,3013.658447,0.393066,0.000000,0.000000,0.000000,75.000000
1.000000,3014.051514,3013.658447,0.393066,0.000000,0.000000,0.000000,75.000000
1.000000,3014.051514,3013.658447,0.393066,0.000000,0.000000,0.000000,75.000000
1.000000,3014.051514,3013.658447,0.393066,0.000000,0.000000,0.000000,75.000000
1.000000,3014.051514,3013.658447,0.393066,0.000000,0.000000,0.000000,75.000000
1.000000,3014.051514,3013.658447,0.393066,0.000000,0.000000,0.000000,75.000000
1.000000,3014.051514,3013.658447,0.393066,0.000000,0.000000,0.000000,75.000000
1.000000,3014.051514,3013.658447,0.393066,0.000000,0.000000,0.000000,75.000000
1.000000,3014.051514,3013.658447,0.393066,0.000000,0.000000,0.000000,75.000000
1.000000,3014.051514,3013.658447,0.393066,0.000000,0.000000,0.000000,75.000000
1.000000,3014.051514,3013.658447,0.393066,0.000000,0.000000,0.000000,75.000000
1.000000,3014.051514,3013.658447,0.393066,0.000000,0.000000,0.000000,75.000000
1.000000,3014.051514,3013.658447,0.393066,0.000000,0.000000,0.000000,75.000000
1.000000,3014.051514,3013.658447,0.393066,0.000000,0.000000,0.000000,75.000000
1.000000,3014.051514,3013.658447,0.393066,0.000000,0.000000,0.000000,75.000000
1.000000,3014.051514,3013.658447,0.393066,0.000000,0.000000,0.000000,75.000000
1.000000,3014.051514,3013.658447,0.393066,0.000000,0.000000,0.000000,75.000000
1.000000,3014.051514,3013.658447,0.393066,0.000000,0.000000,0.000000,75.000000
1.000000,3014.051514,3013.658447,0.393066,0.000000,0.000000,0.000000,75.000000
1.000000,3014.051514,3013.658447,0.393066,0.000000,0.000000,0.000000,75.000000
1.000000,3014.051514,3013.658447,0.393066,0.000000,0.000000,0.000000,75.000000
1.000000,3014.051514,3013.658447,0.393066,0.000000,0.000000,0.000000,75.000000
1.000000,3014.051514,3013.658447,0.393066,0.000000,0.000000,0.000000,75.000000
1.000000,3014.051514,3013.658447,0.393066,0.000000,0.000000,0.000000,75.000000
1.000000,3014.051514,3013.658447,0.393066,0.000000,0.000000,0.000000,75.000000
1.000000,3014.051514,3013.658447,0.393066,0.000000,0.000000,0.000000,75.000000
1.000000,3014.051514,3013.658447,0.393066,0.000000,0.000000,0.000000,75.000000
1.000000,3014.051514,3013.658447,0.393066,0.000000,0.000000,0.000000,75.000000
1.000000,3014.051514,3013.658447,0.393066,0.000000,0.000000,0.000000,75.000000
1.000000,3014.051514,3013.658447,0.393066,0.000000,0.000000,0.000000,75.000000
1.000000,3014.051514,3013.658447,0.393066,0.000000,0.000000,0.000000,75.000000
1.000000,3014.051514,3013.658447,0.393066,0.000000,0.000000,0.000000,75.000000
1.000000,3014.051514,3013.658447,0.393066,0.000000,0.000000,0.000000,75.000000
1.000000,3014.051514,3013.658447,0.393066,0.000000,0.000000,0.000000,75.000000
1.000000,3014.051514,3013.658447,0.393066,0.000000,0.000000,0.000000,75.000000
1.000000,3014.051514,3013.658447,0.393066,0.000000,0.000000,0.000000,75.000000
1.000000,3014.051514,3013.658447,0.393066,0.000000,0.000000,0.000000,75.000000
1.000000,3014.051514,3013.658447,0.393066,0.000000,0.000000,0.000000,75.000000
1.000000,3014.051514,3013.658447,0.393066,0.000000,0.000000,0.000000,75.000000
1.000000,3014.051514,3013.658447,0.393066,0.000000,0.000000,0.000000,75.000000
1.000000,3014.051514,3013.658447,0.393066,0.000000,0.000000,0.000000,75.000000
1.000000,3014.051514,3013.658447,0.393066,0.000000,0.000000,0.000000,75.000000
1.000000,3014.051514,3013.658447,0.393066,0.000000,0.000000,0.000000,75.000000
1.000000,3014.051514,3013.658447,0.393066,0.000000,0.000000,0.000000,75.000000
1.000000,3014.051514,3013.658447,0.393066,0.000000,0.000000,0.000000,75.000000
1.000000,3014.051514,3013.658447,0.393066,0.000000,0.000000,0.000000,75.000000
1.000000,3014.051514,3013.658447,0.393066,0.000000,0.000000,0.000000,75.000000
1.000000,3014.051514,3013.658447,0.393066,0.000000,0.000000,0.000000,75.000000
1.000000,3014.051514,3013.658447,0.393066,0.000000,0.000000,0.000000,75.000000
1.000000,3014.051514,3013.658447,0.393066,0.000000,0.000000,0.000000,75.000000
1.000000,3014.051514,3013.658447,0.393066,0.000000,0.000000,0.000000,75.000000
1.000000,3014.051514,3013.658447,0.393066,0.000000,0.000000,0.000000,75.000000
1.000000,3014.051514,3013.658447,0.393066,0.000000,0.000000,0.000000,75.000000
1.000000,3014.051514,3013.658447,0.393066,0.000000,0.000000,0.000000,75.000000
1.000000,3014.051514,3013.658447,0.393066,0.000000,0.000000,0.000000,75.000000
1.000000,3014.051514,3013.658447,0.393066,0.000000,0.000000,0.000000,75.000000
1.000000,3014.051514,3013.658447,0.393066,0.000000,0.000000,0.000000,75.000000
1.000000,3014.051514,3013.658447,0.393066,0.000000,0.000000,0.000000,75.000000
1.000000,3014.051514,3013.658447,0.393066,0.000000,0.000000,0.000000,75.000000
1.000000,3014.051514,3013.658447,0.393066,0.000000,0.000000,0.000000,75.000000
1.000000,3014.051514,3013.658447,0.393066,0.000000,0.000000,0.000000,75.000000
1.000000,3014.051514,3013.658447,0.393066,0.000000,0.000000,0.000000,75.000000
1.000000,3014.051514,3013.658447,0.393066,0.000000,0.000000,0.000000,75.000000
1.000000,3014.051514,3013.658447,0.393066,0.000000,0.000000,0.000000,75.000000
1.000000,3014.051514,3013.658447,0.393066,0.000000,0.000000,0.000000,75.000000
1.000000,3014.051514,3013.658447,0.393066,0.000000,0.000000,0.000000,75.000000
1.000000,3014.051514,3013.658447,0.393066,0.000000,0.000000,0.000000,75.000000
1.000000,3014.051514,3013.658447,0.393066,0.000000,0.000000,0.000000,75.000000
1.000000,3014.051514,3013.658447,0.393066,0.000000,0.000000,0.000000,75.000000
1.000000,3014.051514,3013.658447,0.393066,0.000000,0.000000,0.000000,75.000000
1.000000,3014.051514,3013.658447,0.393066,0.000000,0.000000,0.000000,75.000000
1.000000,3014.051514,3013.658447,0.393066,0.000000,0.000000,0.000000,75.000000
1.000000,3014.051514,3013.658447,0.393066,0.000000,0.000000,0.000000,75.000000
1.000000,3014.051514,3013.658447,0.393066,0.000000,0.000000,0.000000,75.000000
1.000000,3014.051514,3013.658447,0.393066,0.000000,0.000000,0.000000,75.000000
1.000000,3014.051514,3013.658447,0.393066,0.000000,0.000000,0.000000,75.000000
1.000000,3014.051514,3013.658447,0.393066,0.000000,0.000000,0.000000,75.000000
1.000000,3014.051514,3013.658447,0.393066,0.000000,0.000000,0.000000,75.000000
1.000000,3014.051514,3013.658447,0.393066,0.000000,0.000000,0.000000,75.000000
1.000000,3014.051514,3013.658447,0.393066,0.000000,0.000000,0.000000,75.000000
1.000000,3014.051514,3013.658447,0.393066,0.000000,0.000000,0.000000,75.000000
1.000000,3014.051514,3013.658447,0.393066,0.000000,0.000000,0.000000,75.000000
1.000000,3014.051514,3013.658447,0.393066,0.000000,0.000000,0.000000,75.000000
1.000000,3014.051514,3013.658447,0.393066,0.000000,0.000000,0.000000,75.000000
1.000000,3014.051514,3013.658447,0.393066,0.000000,0.000000,0.000000,75.000000
1.000000,3014.051514,3013.658447,0.393066,0.000000,0.000000,0.000000,75.000000
1.000000,3014.051514,3013.658447,0.393066,0.000000,0.000000,0.000000,75.000000
1.000000,3014.051514,3013.658447,0.393066,0.000000,0.000000,0.000000,75.000000
1.000000,3014.051514,3013.658447,0.393066,0.000000,0.000000,0.000000,75.000000
1.000000,3014.051514,3013.658447,0.393066,0.000000,0.000000,0.000000,75.000000
1.000000,3014.051514,3013.658447,0.393066,0.000000,0.000000,0.000000,75.000000
1.000000,3014.051514,3013.658447,0.393066,0.000000,0.000000,0.000000,75.000000
1.000000,3014.051514,3013.658447,0.393066,0.000000,0.000000,0.000000,75.000000
1.000000,3014.051514,3013.658447,0.393066,0.000000,0.000000,0.000000,75.000000
1.000000,3014.051514,3013.658447,0.393066,0.000000,0.000000,0.000000,75.000000
1.000000,3014.051514,3013.658447,0.393066,0.000000,0.000000,0.000000,75.000000
1.000000,3014.051514,3013.658447,0.393066,0.000000,0.000000,0.000000,75.000000
1.000000,3014.051514,3013.658447,0.393066,0.000000,0.000000,0.000000,75.000000
1.000000,3014.051514,3013.658447,0.393066,0.000000,0.000000,0.000000,75.000000
1.000000,3014.051514,3013.658447,0.393066,0.000000,0.000000,0.000000,75.000000
1.000000,3014.051514,3013.658447,0.393066,0.000000,0.000000,0.000000,75.000000
1.000000,3014.051514,3013.658447,0.393066,0.000000,0.000000,0.000000,75.000000
1.000000,3014.051514,3013.658447,0.393066,0.000000,0.000000,0.000000,75.000000
1.000000,3014.051514,3013.658447,0.393066,0.000000,0.000000,0.000000,75.000000
1.000000,3014.051514,3013.658447,0.393066,0.000000,0.000000,0.000000,75.000000
1.000000,3014.051514,3013.658447,0.393066,0.000000,0.000000,0.000000,75.000000
1.000000,3014.051514,3013.658447,0.393066,0.000000,0.000000,0.000000,75.000000
1.000000,3014.051514,3013.658447,0.393066,0.000000,0.000000,0.000000,75.000000
1.000000,3014.051514,3013.658447,0.393066,0.000000,0.000000,0.000000,75.000000
1.000000,3014.051514,3013.658447,0.393066,0.000000,0.000000,0.000000,75.000000
1.000000,3014.051514,3013.658447,0.393066,0.000000,0.000000,0.000000,75.000000
1.000000,3014.051514,3013.658447,0.393066,0.000000,0.000000,0.000000,75.000000
1.000000,3014.051514,3013.658447,0.393066,0.000000,0.000000,0.000000,75.000000
1.000000,3014.051514,3013.658447,0.393066,0.000000,0.000000,0.000000,75.000000
1.000000,3014.051514,3013.658447,0.393066,0.000000,0.000000,0.000000,75.000000
1.000000,3014.051514,3013.658447,0.393066,0.000000,0.000000,0.000000,75.000000
1.000000,3014.051514,3013.658447,0.393066,0.000000,0.000000,0.000000,75.000000
1.000000,3014.051514,3013.658447,0.393066,0.000000,0.000000,0.000000,75.000000
1.000000,3014.051514,3013.658447,0.393066,0.000000,0.000000,0.000000,75.000000
1.000000,3014.051514,3013.658447,0.393066,0.000000,0.000000,0.000000,75.000000
1.000000,3014.051514,3013.658447,0.393066,0.000000,0.000000,0.000000,75.000000
1.000000,3014.051514,3013.658447,0.393066,0.000000,0.000000,0.000000,75.000000
1.000000,3014.051514,3013.658447,0.393066,0.000000,0.000000,0.000000,75.000000
1.000000,3014.051514,3013.658447,0.393066,0.000000,0.000000,0.000000,75.000000
1.000000,3014.051514,3013.658447,0.393066,0.000000,0.000000,0.000000,75.000000
1.000000,3014.051514,3013.658447,0.393066,0.000000,0.000000,0.000000,75.000000
1.000000,3014.051514,3013.658447,0.393066,0.000000,0.000000,0.000000,75.000000
1.000000,3014.051514,3013.658447,0.393066,0.000000,0.000000,0.000000,75.000000
1.000000,3014.051514,3013.658447,0.393066,0.000000,0.000000,0.000000,75.000000
1.000000,3014.051514,3013.658447,0.393066,0.000000,0.000000,0.000000,75.000000
1.000000,3014.051514,3013.658447,0.393066,0.000000,0.000000,0.000000,75.000000
1.000000,3014.051514,3013.658447,0.393066,0.000000,0.000000,0.000000,75.000000
1.000000,3014.051514,3013.658447,0.393066,0.000000,0.000000,0.000000,75.000000
1.000000,3014.051514,3013.658447,0.393066,0.000000,0.000000,0.000000,75.000000
1.000000,3014.051514,3013.658447,0.393066,0.000000,0.000000,0.000000,75.000000
1.000000,3014.051514,3013.658447,0.393066,0.000000,0.000000,0.000000,75.000000
1.000000,3014.051514,3013.658447,0.393066,0.000000,0.000000,0.000000,75.000000
1.000000,3014.051514,3013.658447,0.393066,0.000000,0.000000,0.000000,75.000000
1.000000,3014.051514,3013.658447,0.393066,0.000000,0.000000,0.000000,75.000000
1.000000,3014.051514,3013.658447,0.393066,0.000000,0.000000,0.000000,75.000000
1.000000,3014.051514,3013.658447,0.393066,0.000000,0.000000,0.000000,75.000000
1.000000,3014.051514,3013.658447,0.393066,0.000000,0.000000,0.000000,75.000000
1.000000,3014.051514,3013.658447,0.393066,0.000000,0.000000,0.000000,75.000000
1.000000,3014.051514,3013.658447,0.393066,0.000000,0.000000,0.000000,75.000000
1.000000,3014.051514,3013.658447,0.393066,0.000000,0.000000,0.000000,75.000000
1.000000,3014.051514,3013.658447,0.393066,0.000000,0.000000,0.000000,75.000000
1.000000,3014.051514,3013.658447,0.393066,0.000000,0.000000,0.000000,75.000000
1.000000,3014.051514,3013.658447,0.393066,0.000000,0.000000,0.000000,75.000000
1.000000,3014.051514,3013.658447,0.393066,0.000000,0.000000,0.000000,75.000000
1.000000,3014.051514,3013.658447,0.393066,0.000000,0.000000,0.000000,75.000000
1.000000,3014.051514,3013.658447,0.393066,0.000000,0.000000,0.000000,75.000000
1.000000,3014.051514,3013.658447,0.393066,0.000000,0.000000,0.000000,75.000000
1.000000,3014.051514,3013.658447,0.393066,0.000000,0.000000,0.000000,75.000000
1.000000,3014.051514,3013.658447,0.393066,0.000000,0.000000,0.000000,75.000000
1.000000,3014.051514,3013.658447,0.393066,0.000000,0.000000,0.000000,75.000000
1.000000,3014.051514,3013.658447,0.393066,0.000000,0.000000,0.000000,75.000000
1.000000,3014.051514,3013.658447,0.393066,0.000000,0.000000,0.000000,75.000000
1.000000,3014.051514,3013.658447,0.393066,0.000000,0.000000,0.000000,75.000000
1.000000,3014.051514,3013.658447,0.393066,0.000000,0.000000,0.000000,75.000000
1.000000,3014.051514,3013.658447,0.393066,0.000000,0.000000,0.000000,75.000000
1.000000,3014.051514,3013.658447,0.393066,0.000000,0.000000,0.000000,75.000000
1.000000,3014.051514,3013.658447,0.393066,0.000000,0.000000,0.000000,75.000000
1.000000,3014.051514,3013.658447,0.393066,0.000000,0.000000,0.000000,75.000000
1.000000,3014.051514,3013.658447,0.393066,0.000000,0.000000,0.000000,75.000000
1.000000,3014.051514,3013.658447,0.393066,0.000000,0.000000,0.000000,75.000000
1.000000,3014.051514,3013.658447,0.393066,0.000000,0.000000,0.000000,75.000000
1.000000,3014.051514,3013.658447,0.393066,0.000000,0.000000,0.000000,75.000000
1.000000,3014.051514,3013.658447,0.393066,0.000000,0.000000,0.000000,75.000000
1.000000,3014.051514,3013.658447,0.393066,0.000000,0.000000,0.000000,75.000000
1.000000,3014.051514,3013.658447,0.393066,0.000000,0.000000,0.000000,75.000000
1.000000,3014.051514,3013.658447,0.393066,0.000000,0.000000,0.000000,75.000000
1.000000,3014.051514,3013.658447,0.393066,0.000000,0.000000,0.000000,75.000000
1.000000,3014.051514,3013.658447,0.393066,0.000000,0.000000,0.000000,75.000000
1.000000,3014.051514,3013.658447,0.393066,0.000000,0.000000,0.000000,75.000000
1.000000,3014.051514,3013.658447,0.393066,0.000000,0.000000,0.000000,75.000000
1.000000,3014.051514,3013.658447,0.393066,0.000000,0.000000,0.000000,75.000000
1.000000,3014.051514,3013.658447,0.393066,0.000000,0.000000,0.000000,75.000000
1.000000,3014.051514,3013.658447,0.393066,0.000000,0.000000,0.000000,75.000000
1.000000,3014.051514,3013.658447,0.393066,0.000000,0.000000,0.000000,75.000000
1.000000,3014.051514,3013.658447,0.393066,0.000000,0.000000,0.000000,75.000000
1.000000,3014.051514,3013.658447,0.393066,0.000000,0.000000,0.000000,75.000000
1.000000,3014.051514,3013.658447,0.393066,0.000000,0.000000,0.000000,75.000000
1.000000,3014.051514,3013.658447,0.393066,0.000000,0.000000,0.000000,75.000000
1.000000,3014.051514,3013.658447,0.393066,0.000000,0.000000,0.000000,75.000000
1.000000,3014.051514,3013.658447,0.393066,0.000000,0.000000,0.000000,75.000000
1.000000,3014.051514,3013.658447,0.393066,0.000000,0.000000,0.000000,75.000000
1.000000,3014.051514,3013.658447,0.393066,0.000000,0.000000,0.000000,75.000000
1.000000,3014.051514,3013.658447,0.393066,0.000000,0.000000,0.000000,75.000000
1.000000,3014.051514,3013.658447,0.393066,0.000000,0.000000,0.000000,75.000000
1.000000,3014.051514,3013.658447,0.393066,0.000000,0.000000,0.000000,75.000000
1.000000,3014.051514,3013.658447,0.393066,0.000000,0.000000,0.000000,75.000000
1.000000,3014.051514,3013.658447,0.393066,0.000000,0.000000,0.000000,75.000000
1.000000,3014.051514,3013.658447,0.393066,0.000000,0.000000,0.000000,75.000000
1.000000,3014.051514,3013.658447,0.393066,0.000000,0.000000,0.000000,75.000000
1.000000,3014.051514,3013.658447,0.393066,0.000000,0.000000,0.000000,75.000000
1.000000,3014.051514,3013.658447,0.393066,0.000000,0.000000,0.000000,75.000000
1.000000,3014.051514,3013.658447,0.393066,0.000000,0.000000,0.000000,75.000000
1.000000,3014.051514,3013.658447,0.393066,0.000000,0.000000,0.000000,75.000000
1.000000,3014.051514,3013.658447,0.393066,0.000000,0.000000,0.000000,75.000000
1.000000,3014.051514,3013.658447,0.393066,0.000000,0.000000,0.000000,75.000000
1.000000,3014.051514,3013.658447,0.393066,0.000000,0.000000,0.000000,75.000000
1.000000,3014.051514,3013.658447,0.393066,0.000000,0.000000,0.000000,75.000000
1.000000,3014.051514,3013.658447,0.393066,0.000000,0.000000,0.000000,75.000000
1.000000,3014.051514,3013.658447,0.393066,0.000000,0.000000,0.000000,75.000000
1.000000,3014.051514,3013.658447,0.393066,0.000000,0.000000,0.000000,75.000000
1.000000,3014.051514,3013.658447,0.393066,0.000000,0.000000,0.000000,75.000000
1.000000,3014.051514,3013.658447,0.393066,0.000000,0.000000,0.000000,75.000000
1.000000,3014.051514,3013.658447,0.393066,0.000000,0.000000,0.000000,75.000000
1.000000,3014.051514,3013.658447,0.393066,0.000000,0.000000,0.000000,75.000000
1.000000,3014.051514,3013.658447,0.393066,0.000000,0.000000,0.000000,75.000000
1.000000,3014.051514,3013.658447,0.393066,0.000000,0.000000,0.000000,75.000000
1.000000,3014.051514,3013.658447,0.393066,0.000000,0.000000,0.000000,75.000000
1.000000,3014.051514,3013.658447,0.393066,0.000000,0.000000,0.000000,75.000000
1.000000,3014.051514,3013.658447,0.393066,0.000000,0.000000,0.000000,75.000000
1.000000,3014.051514,3013.658447,0.393066,0.000000,0.000000,0.000000,75.000000
1.000000,3014.051514,3013.658447,0.393066,0.000000,0.000000,0.000000,75.000000
1.000000,3014.051514,3013.658447,0.393066,0.000000,0.000000,0.000000,75.000000
1.000000,3014.051514,3013.658447,0.393066,0.000000,0.000000,0.000000,75.000000
1.000000,3014.051514,3013.658447,0.393066,0.000000,0.000000,0.000000,75.000000
1.000000,3014.051514,3013.658447,0.393066,0.000000,0.000000,0.000000,75.000000
1.000000,3014.051514,3013.658447,0.393066,0.000000,0.000000,0.000000,75.000000
1.000000,3014.051514,3013.658447,0.393066,0.000000,0.000000,0.000000,75.000000
1.000000,3014.051514,3013.658447,0.393066,0.000000,0.000000,0.000000,75.000000
1.000000,3014.051514,3013.658447,0.393066,0.000000,0.000000,0.000000,75.000000
1.000000,3014.051514,3013.658447,0.393066,0.000000,0.000000,0.000000,75.000000
1.000000,3014.051514,3013.658447,0.393066,0.000000,0.000000,0.000000,75.000000
1.000000,3014.051514,3013.658447,0.393066,0.000000,0.000000,0.000000,75.000000
1.000000,3014.051514,3013.658447,0.393066,0.000000,0.000000,0.000000,75.000000
1.000000,3014.051514,3013.658447,0.393066,0.000000,0.000000,0.000000,75.000000
1.000000,3014.051514,3013.658447,0.393066,0.000000,0.000000,0.000000,75.000000
1.000000,3014.051514,3013.658447,0.393066,0.000000,0.000000,0.000000,75.000000
1.000000,3014.051514,3013.658447,0.393066,0.000000,0.000000,0.000000,75.000000
1.000000,3014.051514,3013.658447,0.393066,0.000000,0.000000,0.000000,75.000000
1.000000,3014.051514,3013.658447,0.393066,0.000000,0.000000,0.000000,75.000000
1.000000,3014.051514,3013.658447,0.393066,0.000000,0.000000,0.000000,75.000000
1.000000,3014.051514,3013.658447,0.393066,0.000000,0.000000,0.000000,75.000000
1.000000,3014.051514,3013.658447,0.393066,0.000000,0.000000,0.000000,75.000000
1.000000,3014.051514,3013.658447,0.393066,0.000000,0.000000,0.000000,75.000000
1.000000,3014.051514,3013.658447,0.393066,0.000000,0.000000,0.000000,75.000000
1.000000,3014.051514,3013.658447,0.393066,0.000000,0.000000,0.000000,75.000000
1.000000,3014.051514,3013.658447,0.393066,0.000000,0.000000,0.000000,75.000000
1.000000,3014.051514,3013.658447,0.393066,0.000000,0.000000,0.000000,75.000000
1.000000,3014.051514,3013.658447,0.393066,0.000000,0.000000,0.000000,75.000000
1.000000,3014.051514,3013.658447,0.393066,0.000000,0.000000,0.000000,75.000000
1.000000,3014.051514,3013.658447,0.393066,0.000000,0.000000,0.000000,75.000000
1.000000,3014.051514,3013.658447,0.393066,0.000000,0.000000,0.000000,75.000000
1.000000,3014.051514,3013.658447,0.393066,0.000000,0.000000,0.000000,75.000000
1.000000,3014.051514,3013.658447,0.393066,0.000000,0.000000,0.000000,75.000000
1.000000,3014.051514,3013.658447,0.393066,0.000000,0.000000,0.000000,75.000000
1.000000,3014.051514,3013.658447,0.393066,0.000000,0.000000,0.000000,75.000000
1.000000,3014.051514,3013.658447,0.393066,0.000000,0.000000,0.000000,75.000000
1.000000,3014.051514,3013.658447,0.393066,0.000000,0.000000,0.000000,75.000000
1.000000,3014.051514,3013.658447,0.393066,0.000000,0.000000,0.000000,75.000000
1.000000,3014.051514,3013.658447,0.393066,0.000000,0.000000,0.000000,75.000000
1.000000,3014.051514,3013.658447,0.393066,0.000000,0.000000,0.000000,75.000000
1.000000,3014.051514,3013.658447,0.393066,0.000000,0.000000,0.000000,75.000000
1.000000,3014.051514,3013.658447,0.393066,0.000000,0.000000,0.000000,75.000000
1.000000,3014.051514,3013.658447,0.393066,0.000000,0.000000,0.000000,75.000000
1.000000,3014.051514,3013.658447,0.393066,0.000000,0.000000,0.000000,75.000000
1.000000,3014.051514,3013.658447,0.393066,0.000000,0.000000,0.000000,75.000000
1.000000,3014.051514,3013.658447,0.393066,0.000000,0.000000,0.000000,75.000000
1.000000,3014.051514,3013.658447,0.393066,0.000000,0.000000,0.000000,75.000000
1.000000,3014.051514,3013.658447,0.393066,0.000000,0.000000,0.000000,75.000000
1.000000,3014.051514,3013.658447,0.393066,0.000000,0.000000,0.000000,75.000000
1.000000,3014.051514,3013.658447,0.393066,0.000000,0.000000,0.000000,75.000000
1.000000,3014.051514,3013.658447,0.393066,0.000000,0.000000,0.000000,75.000000
1.000000,3014.051514,3013.658447,0.393066,0.000000,0.000000,0.000000,75.000000
1.000000,3014.051514,3013.658447,0.393066,0.000000,0.000000,0.000000,75.000000
1.000000,3014.051514,3013.658447,0.393066,0.000000,0.000000,0.000000,75.000000
1.000000,3014.051514,3013.658447,0.393066,0.000000,0.000000,0.000000,75.000000
1.000000,3014.051514,3013.658447,0.393066,0.000000,0.000000,0.000000,75.000000
1.000000,3014.051514,3013.658447,0.393066,0.000000,0.000000,0.000000,75.000000
1.000000,3014.051514,3013.658447,0.393066,0.000000,0.000000,0.000000,75.000000
1.000000,3014.051514,3013.658447,0.393066,0.000000,0.000000,0.000000,75.000000
1.000000,3014.051514,3013.658447,0.393066,0.000000,0.000000,0.000000,75.000000
1.000000,3014.051514,3013.658447,0.393066,0.000000,0.000000,0.000000,75.000000
1.000000,3014.051514,3013.658447,0.393066,0.000000,0.000000,0.000000,75.000000
1.000000,3014.051514,3013.658447,0.393066,0.000000,0.000000,0.000000,75.000000
1.000000,3014.051514,3013.658447,0.393066,0.000000,0.000000,0.000000,75.000000
1.000000,3014.051514,3013.658447,0.393066,0.000000,0.000000,0.000000,75.000000
1.000000,3014.051514,3013.658447,0.393066,0.000000,0.000000,0.000000,75.000000
1.000000,3014.051514,3013.658447,0.393066,0.000000,0.000000,0.000000,75.000000
1.000000,3014.051514,3013.658447,0.393066,0.000000,0.000000,0.000000,75.000000
1.000000,3014.051514,3013.658447,0.393066,0.000000,0.000000,0.000000,75.000000
1.000000,3014.051514,3013.658447,0.393066,0.000000,0.000000,0.000000,75.000000
1.000000,3014.051514,3013.658447,0.393066,0.000000,0.000000,0.000000,75.000000
1.000000,3014.051514,3013.658447,0.393066,0.000000,0.000000,0.000000,75.000000
1.000000,3014.051514,3013.658447,0.393066,0.000000,0.000000,0.000000,75.000000
1.000000,3014.051514,3013.658447,0.393066,0.000000,0.000000,0.000000,75.000000
1.000000,3014.051514,3013.658447,0.393066,0.000000,0.000000,0.000000,75.000000
1.000000,3014.051514,3013.658447,0.393066,0.000000,0.000000,0.000000,75.000000
1.000000,3014.051514,3013.658447,0.393066,0.000000,0.000000,0.000000,75.000000
1.000000,3014.051514,3013.658447,0.393066,0.000000,0.000000,0.000000,75.000000
1.000000,3014.051514,3013.658447,0.393066,0.000000,0.000000,0.000000,75.000000
1.000000,3014.051514,3013.658447,0.393066,0.000000,0.000000,0.000000,75.000000
1.000000,3014.051514,3013.658447,0.393066,0.000000,0.000000,0.000000,75.000000
1.000000,3014.051514,3013.658447,0.393066,0.000000,0.000000,0.000000,75.000000
1.000000,3014.051514,3013.658447,0.393066,0.000000,0.000000,0.000000,75.000000
1.000000,3014.051514,3013.658447,0.393066,0.000000,0.000000,0.000000,75.000000
1.000000,3014.051514,3013.658447,0.393066,0.000000,0.000000,0.000000,75.000000
1.000000,3014.051514,3013.658447,0.393066,0.000000,0.000000,0.000000,75.000000
1.000000,3014.051514,3013.658447,0.393066,0.000000,0.000000,0.000000,75.000000
1.000000,3014.051514,3013.658447,0.393066,0.000000,0.000000,0.000000,75.000000
1.000000,3014.051514,3013.658447,0.393066,0.000000,0.000000,0.000000,75.000000
1.000000,3014.051514,3013.658447,0.393066,0.000000,0.000000,0.000000,75.000000
1.000000,3014.051514,3013.658447,0.393066,0.000000,0.000000,0.000000,75.000000
1.000000,3014.051514,3013.658447,0.393066,0.000000,0.000000,0.000000,75.000000
1.000000,3014.051514,3013.658447,0.393066,0.000000,0.000000,0.000000,75.000000
1.000000,3014.051514,3013.658447,0.393066,0.000000,0.000000,0.000000,75.000000
1.000000,3014.051514,3013.658447,0.393066,0.000000,0.000000,0.000000,75.000000
