I0,I1,I2,I3,I4,I5,I6,I7
0.000000,0.000000,0.000000,0.000000,0.000000,0.000000,0.000000,0.000000
0.000000,0.000000,0.000000,0.000000,0.000000,0.000000,0.000000,0.000000
0.000000,0.000000,0.000000,0.000000,0.000000,0.000000,0.000000,0.000000
0.000000,0.000000,0.000000,0.000000,0.000000,0.000000,0.000000,0.000000
0.000000,0.000000,0.000000,0.000000,0.000000,0.000000,0.000000,0.000000
0.000000,0.000000,0.000000,0.000000,0.000000,0.000000,0.000000,0.000000
0.000000,0.000000,0.000000,0.000000,0.000000,0.000000,0.000000,0.000000
0.000000,0.000000,0.000000,0.000000,0.000000,0.000000,0.000000,0.000000
0.000000,0.000000,0.000000,0.000000,0.000000,0.000000,0.000000,0.000000
0.000000,0.000000,0.000000,0.000000,0.000000,0.000000,0.000000,0.000000
0.000000,0.000000,0.000000,0.000000,0.000000,0.000000,0.000000,0.000000
0.000000,0.000000,0.000000,0.000000,0.000000,0.000000,0.000000,0.000000
0.000000,0.000000,0.000000,0.000000,0.000000,0.000000,0.000000,0.000000
0.000000,0.000000,0.000000,0.000000,0.000000,0.000000,0.000000,0.000000
0.000000,0.000000,0.000000,0.000000,0.000000,0.000000,0.000000,0.000000
0.000000,0.000000,0.000000,0.000000,0.000000,0.000000,0.000000,0.000000
0.000000,0.000000,0.000000,0.000000,0.000000,0.000000,0.000000,0.000000
0.000000,0.000000,0.000000,0.000000,0.000000,0.000000,0.000000,0.000000
0.000000,0.000000,0.000000,0.000000,0.000000,0.000000,0.000000,0.000000
0.000000,0.000000,0.000000,0.000000,0.000000,0.000000,0.000000,0.000000
0.000000,0.000000,0.000000,0.000000,0.000000,0.000000,0.000000,0.000000
0.000000,0.000000,0.000000,0.000000,0.000000,0.000000,0.000000,0.000000
0.000000,0.000000,0.000000,0.000000,0.000000,0.000000,0.000000,0.000000
0.000000,0.000000,0.000000,0.000000,0.000000,0.000000,0.000000,0.000000
0.000000,0.000000,0.000000,0.000000,0.000000,0.000000,0.000000,0.000000
0.000000,0.000000,0.000000,0.000000,0.000000,0.000000,0.000000,0.000000
0.000000,0.000000,0.000000,0.000000,0.000000,0.000000,0.000000,0.000000
0.000000,0.000000,0.000000,0.000000,0.000000,0.000000,0.000000,0.000000
0.000000,0.000000,0.000000,0.000000,0.000000,0.000000,0.000000,0.000000
0.000000,0.000000,0.000000,0.000000,0.000000,0.000000,0.000000,0.000000
0.000000,0.000000,0.000000,0.000000,0.000000,0.000000,0.000000,0.000000
0.000000,0.000000,0.000000,0.000000,0.000000,0.000000,0.000000,0.000000
0.000000,0.000000,0.000000,0.000000,0.000000,0.000000,0.000000,0.000000
0.000000,0.000000,0.000000,0.000000,0.000000,0.000000,0.000000,0.000000
0.000000,0.000000,0.000000,0.000000,0.000000,0.000000,0.000000,0.000000
0.000000,0.000000,0.000000,0.000000,0.000000,0.000000,0.000000,0.000000
0.000000,0.000000,0.000000,0.000000,0.000000,-60.000000,0.000000,0.000000
5.000000,0.000000,0.000000,0.000000,0.000000,-1.000000,0.000000,0.000000
10.000000,0.000000,0.000000,0.000000,0.000000,58.000000,0.000000,0.000000
15.000000,0.000000,0.000000,0.000000,0.000000,-50.000000,0.000000,0.000000
20.000000,0.000000,0.000000,0.000000,0.000000,-1.000000,0.000000,0.000000
25.000000,0.000000,0.000000,0.000000,0.000000,-1.000000,0.000000,0.000000
30.000000,0.000000,0.000000,0.000000,0.000000,-60.000000,0.000000,0.000000
35.000000,0.000000,0.000000,0.000000,0.000000,-9.000000,0.000000,0.000000
40.000000,0.000000,0.000000,0.000000,0.000000,-60.000000,0.000000,0.000000
45.000000,0.000000,0.000000,0.000000,0.000000,9.000000,0.000000,0.000000
50.000000,0.000000,0.000000,0.000000,0.000000,9.000000,0.000000,0.000000
55.000000,0.000000,0.000000,0.000000,0.000000,68.000000,0.000000,0.000000
60.000000,0.000000,0.000000,0.000000,0.000000,17.000000,0.000000,0.000000
65.000000,0.000000,0.000000,0.000000,0.000000,-1.000000,0.000000,0.000000
70.000000,0.000000,0.000000,0.000000,0.000000,-60.000000,0.000000,0.000000
75.000000,0.000000,0.000000,0.000000,0.000000,9.000000,0.000000,0.000000
80.000000,0.000000,0.000000,0.000000,0.000000,9.000000,0.000000,0.000000
85.000000,0.000000,0.000000,0.000000,0.000000,-1.000000,0.000000,0.000000
90.000000,0.000000,0.000000,0.000000,0.000000,68.000000,0.000000,0.000000
95.000000,0.000000,0.000000,0.000000,0.000000,-1.000000,0.000000,0.000000
100.000000,0.000000,0.000000,0.000000,0.000000,9.000000,0.000000,0.000000
105.000000,0.000000,0.000000,0.000000,0.000000,9.000000,0.000000,0.000000
110.000000,0.000000,0.000000,0.000000,0.000000,-1.000000,0.000000,0.000000
115.000000,0.000000,0.000000,0.000000,0.000000,9.000000,0.000000,0.000000
120.000000,0.000000,0.000000,0.000000,0.000000,9.000000,0.000000,0.000000
125.000000,0.000000,0.000000,0.000000,0.000000,9.000000,0.000000,0.000000
130.000000,0.000000,0.000000,0.000000,0.000000,58.000000,0.000000,0.000000
135.000000,0.000000,0.000000,0.000000,0.000000,9.000000,0.000000,0.000000
140.000000,0.000000,0.000000,0.000000,0.000000,9.000000,0.000000,0.000000
145.000000,0.000000,0.000000,0.000000,0.000000,-60.000000,0.000000,0.000000
150.000000,0.000000,0.000000,0.000000,0.000000,76.000000,0.000000,0.000000
155.000000,0.000000,0.000000,0.000000,0.000000,76.000000,0.000000,0.000000
160.000000,0.000000,0.000000,0.000000,0.000000,-1.000000,0.000000,0.000000
165.000000,0.000000,0.000000,0.000000,0.000000,9.000000,0.000000,0.000000
170.000000,0.000000,0.000000,0.000000,0.000000,-1.000000,0.000000,0.000000
175.000000,0.000000,0.000000,0.000000,0.000000,-1.000000,0.000000,0.000000
180.000000,0.000000,0.000000,0.000000,0.000000,-1.000000,0.000000,0.000000
185.000000,0.000000,0.000000,0.000000,0.000000,-1.000000,0.000000,0.000000
190.000000,0.000000,0.000000,0.000000,0.000000,-1.000000,0.000000,0.000000
195.000000,0.000000,0.000000,0.000000,0.000000,9.000000,0.000000,0.000000
200.000000,0.000000,0.000000,0.000000,0.000000,-119.000000,0.000000,0.000000
205.000000,0.000000,0.000000,0.000000,0.000000,17.000000,0.000000,0.000000
210.000000,0.000000,0.000000,0.000000,0.000000,68.000000,0.000000,0.000000
215.000000,0.000000,0.000000,0.000000,0.000000,-68.000000,0.000000,0.000000
220.000000,0.000000,0.000000,0.000000,0.000000,58.000000,0.000000,0.000000
225.000000,0.000000,0.000000,0.000000,0.000000,9.000000,0.000000,0.000000
230.000000,0.000000,0.000000,0.000000,0.000000,-60.000000,0.000000,0.000000
235.000000,0.000000,0.000000,0.000000,0.000000,-1.000000,-3.000000,26.000000
240.000000,0.000000,0.000000,0.000000,0.000000,-50.000000,0.000000,8.000000
245.000000,0.000000,0.000000,0.000000,0.000000,68.000000,0.000000,2.000000
250.000000,0.000000,0.000000,0.000000,0.000000,-1.000000,0.000000,0.000000
255.000000,0.000000,0.000000,0.000000,0.000000,-42.000000,0.000000,0.000000
260.000000,0.000000,0.000000,0.000000,0.000000,17.000000,0.000000,0.000000
265.000000,0.000000,0.000000,0.000000,0.000000,-60.000000,0.000000,0.000000
270.000000,0.000000,0.000000,0.000000,0.000000,-1.000000,0.000000,0.000000
275.000000,0.000000,0.000000,0.000000,0.000000,9.000000,-3.000000,16.000000
280.000000,0.000000,0.000000,0.000000,0.000000,-1.000000,0.000000,13.000000
285.000000,0.000000,0.000000,0.000000,0.000000,9.000000,0.000000,4.000000
290.000000,0.000000,0.000000,0.000000,0.000000,76.000000,0.000000,1.000000
295.000000,0.000000,0.000000,0.000000,0.000000,9.000000,0.000000,0.000000
300.000000,0.000000,0.000000,0.000000,0.000000,68.000000,0.000000,0.000000
305.000000,0.000000,0.000000,0.000000,0.000000,-50.000000,0.000000,0.000000
310.000000,0.000000,0.000000,0.000000,0.000000,-1.000000,0.000000,0.000000
315.000000,0.000000,0.000000,0.000000,0.000000,9.000000,0.000000,0.000000
320.000000,0.000000,0.000000,0.000000,0.000000,9.000000,0.000000,0.000000
325.000000,0.000000,0.000000,0.000000,0.000000,-50.000000,0.000000,0.000000
330.000000,0.000000,0.000000,0.000000,0.000000,-50.000000,0.000000,0.000000
335.000000,0.000000,0.000000,0.000000,0.000000,58.000000,0.000000,0.000000
340.000000,0.000000,0.000000,0.000000,0.000000,68.000000,0.000000,0.000000
345.000000,0.000000,0.000000,0.000000,0.000000,9.000000,0.000000,0.000000
350.000000,0.000000,0.000000,0.000000,0.000000,17.000000,0.000000,0.000000
355.000000,0.000000,0.000000,0.000000,0.000000,9.000000,-3.000000,21.000000
360.000000,0.000000,0.000000,0.000000,0.000000,-1.000000,0.000000,10.000000
365.000000,0.000000,0.000000,0.000000,0.000000,-1.000000,0.000000,3.000000
370.000000,0.000000,0.000000,0.000000,0.000000,-1.000000,0.000000,1.000000
375.000000,0.000000,0.000000,0.000000,0.000000,255.000000,0.000000,0.000000
380.000000,0.000000,0.000000,0.000000,0.000000,9.000000,0.000000,0.000000
385.000000,0.000000,0.000000,0.000000,0.000000,9.000000,0.000000,0.000000
390.000000,0.000000,0.000000,0.000000,0.000000,-50.000000,0.000000,0.000000
395.000000,0.000000,0.000000,0.000000,0.000000,17.000000,0.000000,0.000000
400.000000,0.000000,0.000000,0.000000,0.000000,9.000000,0.000000,0.000000
405.000000,0.000000,0.000000,0.000000,0.000000,-1.000000,0.000000,0.000000
410.000000,0.000000,0.000000,0.000000,0.000000,-60.000000,0.000000,0.000000
415.000000,0.000000,0.000000,0.000000,0.000000,9.000000,0.000000,0.000000
420.000000,0.000000,0.000000,0.000000,0.000000,9.000000,0.000000,0.000000
425.000000,0.000000,0.000000,0.000000,0.000000,9.000000,0.000000,0.000000
430.000000,0.000000,0.000000,0.000000,0.000000,9.000000,0.000000,0.000000
435.000000,0.000000,0.000000,0.000000,0.000000,-50.000000,0.000000,0.000000
440.000000,0.000000,0.000000,0.000000,0.000000,9.000000,0.000000,0.000000
445.000000,0.000000,0.000000,0.000000,0.000000,-60.000000,-3.000000,26.000000
450.000000,0.000000,0.000000,0.000000,0.000000,9.000000,0.000000,12.000000
455.000000,0.000000,0.000000,0.000000,0.000000,9.000000,0.000000,4.000000
460.000000,0.000000,0.000000,0.000000,0.000000,-1.000000,0.000000,1.000000
465.000000,0.000000,0.000000,0.000000,0.000000,17.000000,0.000000,0.000000
470.000000,0.000000,0.000000,0.000000,0.000000,17.000000,0.000000,0.000000
475.000000,0.000000,0.000000,0.000000,0.000000,9.000000,0.000000,0.000000
480.000000,0.000000,0.000000,0.000000,0.000000,9.000000,0.000000,0.000000
485.000000,0.000000,0.000000,0.000000,0.000000,9.000000,0.000000,0.000000
490.000000,0.000000,0.000000,0.000000,0.000000,-1.000000,0.000000,0.000000
495.000000,0.000000,0.000000,0.000000,0.000000,-1.000000,0.000000,0.000000
500.000000,0.000000,0.000000,0.000000,0.000000,-50.000000,0.000000,0.000000
505.000000,0.000000,0.000000,0.000000,0.000000,17.000000,0.000000,0.000000
510.000000,0.000000,0.000000,0.000000,0.000000,9.000000,0.000000,0.000000
515.000000,0.000000,0.000000,0.000000,0.000000,58.000000,0.000000,0.000000
520.000000,0.000000,0.000000,0.000000,0.000000,-1.000000,0.000000,0.000000
525.000000,0.000000,0.000000,0.000000,0.000000,-169.000000,0.000000,0.000000
530.000000,0.000000,0.000000,0.000000,0.000000,58.000000,0.000000,0.000000
535.000000,0.000000,0.000000,0.000000,0.000000,-42.000000,0.000000,0.000000
540.000000,0.000000,0.000000,0.000000,0.000000,-1.000000,0.000000,0.000000
545.000000,0.000000,0.000000,0.000000,0.000000,-50.000000,0.000000,0.000000
550.000000,0.000000,0.000000,0.000000,0.000000,58.000000,0.000000,0.000000
555.000000,0.000000,0.000000,0.000000,0.000000,9.000000,0.000000,0.000000
560.000000,0.000000,0.000000,0.000000,0.000000,68.000000,0.000000,0.000000
565.000000,0.000000,0.000000,0.000000,0.000000,68.000000,0.000000,0.000000
570.000000,0.000000,0.000000,0.000000,0.000000,-1.000000,0.000000,0.000000
575.000000,0.000000,0.000000,0.000000,0.000000,-50.000000,0.000000,0.000000
580.000000,0.000000,0.000000,0.000000,0.000000,9.000000,0.000000,0.000000
585.000000,0.000000,0.000000,0.000000,0.000000,-1.000000,0.000000,0.000000
590.000000,0.000000,0.000000,0.000000,0.000000,9.000000,0.000000,0.000000
595.000000,0.000000,0.000000,0.000000,0.000000,-1.000000,0.000000,0.000000
600.000000,0.000000,0.000000,0.000000,0.000000,-50.000000,0.000000,0.000000
605.000000,0.000000,0.000000,0.000000,0.000000,9.000000,0.000000,0.000000
610.000000,0.000000,0.000000,0.000000,0.000000,9.000000,0.000000,0.000000
615.000000,0.000000,0.000000,0.000000,0.000000,-60.000000,0.000000,0.000000
620.000000,0.000000,0.000000,0.000000,0.000000,-50.000000,0.000000,0.000000
625.000000,0.000000,0.000000,0.000000,0.000000,-60.000000,0.000000,0.000000
630.000000,0.000000,0.000000,0.000000,0.000000,-50.000000,0.000000,0.000000
635.000000,0.000000,0.000000,0.000000,0.000000,-60.000000,0.000000,0.000000
640.000000,0.000000,0.000000,0.000000,0.000000,-1.000000,0.000000,0.000000
645.000000,0.000000,0.000000,0.000000,0.000000,9.000000,0.000000,0.000000
650.000000,0.000000,0.000000,0.000000,0.000000,58.000000,0.000000,0.000000
655.000000,0.000000,0.000000,0.000000,0.000000,-1.000000,0.000000,0.000000
660.000000,0.000000,0.000000,0.000000,0.000000,58.000000,0.000000,0.000000
665.000000,0.000000,0.000000,0.000000,0.000000,9.000000,0.000000,0.000000
670.000000,0.000000,0.000000,0.000000,0.000000,9.000000,0.000000,0.000000
675.000000,0.000000,0.000000,0.000000,0.000000,9.000000,0.000000,0.000000
680.000000,0.000000,0.000000,0.000000,0.000000,17.000000,0.000000,0.000000
685.000000,0.000000,0.000000,0.000000,0.000000,-50.000000,0.000000,0.000000
690.000000,0.000000,0.000000,0.000000,0.000000,58.000000,0.000000,0.000000
695.000000,0.000000,0.000000,0.000000,0.000000,-50.000000,0.000000,0.000000
700.000000,0.000000,0.000000,0.000000,0.000000,68.000000,0.000000,0.000000
705.000000,0.000000,0.000000,0.000000,0.000000,9.000000,0.000000,0.000000
710.000000,0.000000,0.000000,0.000000,0.000000,-50.000000,0.000000,0.000000
715.000000,0.000000,0.000000,0.000000,0.000000,-50.000000,0.000000,0.000000
720.000000,0.000000,0.000000,0.000000,0.000000,68.000000,0.000000,0.000000
725.000000,0.000000,0.000000,0.000000,0.000000,58.000000,0.000000,0.000000
730.000000,0.000000,0.000000,0.000000,0.000000,-50.000000,0.000000,0.000000
735.000000,0.000000,0.000000,0.000000,0.000000,-50.000000,0.000000,0.000000
740.000000,0.000000,0.000000,0.000000,0.000000,9.000000,0.000000,0.000000
745.000000,0.000000,0.000000,0.000000,0.000000,-1.000000,0.000000,0.000000
750.000000,0.000000,0.000000,0.000000,0.000000,-1.000000,0.000000,0.000000
755.000000,0.000000,0.000000,0.000000,0.000000,-1.000000,0.000000,0.000000
760.000000,0.000000,0.000000,0.000000,0.000000,-1.000000,0.000000,0.000000
765.000000,0.000000,0.000000,0.000000,0.000000,58.000000,0.000000,0.000000
770.000000,0.000000,0.000000,0.000000,0.000000,-1.000000,0.000000,0.000000
775.000000,0.000000,0.000000,0.000000,0.000000,9.000000,0.000000,0.000000
780.000000,0.000000,0.000000,0.000000,0.000000,-1.000000,0.000000,0.000000
785.000000,0.000000,0.000000,0.000000,0.000000,9.000000,0.000000,0.000000
790.000000,0.000000,0.000000,0.000000,0.000000,9.000000,0.000000,0.000000
795.000000,0.000000,0.000000,0.000000,0.000000,68.000000,0.000000,0.000000
800.000000,0.000000,0.000000,0.000000,0.000000,9.000000,0.000000,0.000000
805.000000,0.000000,0.000000,0.000000,0.000000,-60.000000,0.000000,0.000000
810.000000,0.000000,0.000000,0.000000,0.000000,-50.000000,0.000000,0.000000
815.000000,0.000000,0.000000,0.000000,0.000000,68.000000,0.000000,0.000000
820.000000,0.000000,0.000000,0.000000,0.000000,-60.000000,0.000000,0.000000
825.000000,0.000000,0.000000,0.000000,0.000000,-1.000000,0.000000,0.000000
830.000000,0.000000,0.000000,0.000000,0.000000,-42.000000,0.000000,0.000000
835.000000,0.000000,0.000000,0.000000,0.000000,-60.000000,0.000000,0.000000
840.000000,0.000000,0.000000,0.000000,0.000000,9.000000,0.000000,0.000000
845.000000,0.000000,0.000000,0.000000,0.000000,-1.000000,0.000000,0.000000
850.000000,0.000000,0.000000,0.000000,0.000000,76.000000,0.000000,0.000000
855.000000,0.000000,0.000000,0.000000,0.000000,9.000000,0.000000,0.000000
860.000000,0.000000,0.000000,0.000000,0.000000,-50.000000,0.000000,0.000000
865.000000,0.000000,0.000000,0.000000,0.000000,9.000000,0.000000,0.000000
870.000000,0.000000,0.000000,0.000000,0.000000,9.000000,0.000000,0.000000
875.000000,0.000000,0.000000,0.000000,0.000000,-50.000000,0.000000,0.000000
880.000000,0.000000,0.000000,0.000000,0.000000,-1.000000,0.000000,0.000000
885.000000,0.000000,0.000000,0.000000,0.000000,-1.000000,0.000000,0.000000
890.000000,0.000000,0.000000,0.000000,0.000000,-1.000000,0.000000,0.000000
895.000000,0.000000,0.000000,0.000000,0.000000,-9.000000,0.000000,0.000000
900.000000,0.000000,0.000000,0.000000,0.000000,-1.000000,0.000000,0.000000
905.000000,0.000000,0.000000,0.000000,0.000000,-119.000000,-3.000000,9.000000
910.000000,0.000000,0.000000,0.000000,0.000000,58.000000,0.000000,17.000000
915.000000,0.000000,0.000000,0.000000,0.000000,9.000000,0.000000,5.000000
920.000000,0.000000,0.000000,0.000000,0.000000,-1.000000,0.000000,1.000000
925.000000,0.000000,0.000000,0.000000,0.000000,68.000000,0.000000,0.000000
930.000000,0.000000,0.000000,0.000000,0.000000,9.000000,0.000000,0.000000
935.000000,0.000000,0.000000,0.000000,0.000000,-50.000000,0.000000,0.000000
940.000000,0.000000,0.000000,0.000000,0.000000,9.000000,0.000000,0.000000
945.000000,0.000000,0.000000,0.000000,0.000000,9.000000,0.000000,0.000000
950.000000,0.000000,0.000000,0.000000,0.000000,-50.000000,-3.000000,9.000000
955.000000,0.000000,0.000000,0.000000,0.000000,9.000000,0.000000,24.000000
960.000000,0.000000,0.000000,0.000000,0.000000,9.000000,0.000000,7.000000
965.000000,0.000000,0.000000,0.000000,0.000000,9.000000,0.000000,2.000000
970.000000,0.000000,0.000000,0.000000,0.000000,-50.000000,0.000000,0.000000
975.000000,0.000000,0.000000,0.000000,0.000000,-50.000000,0.000000,0.000000
980.000000,0.000000,0.000000,0.000000,0.000000,58.000000,0.000000,0.000000
985.000000,0.000000,0.000000,0.000000,0.000000,9.000000,0.000000,0.000000
990.000000,0.000000,0.000000,0.000000,0.000000,9.000000,0.000000,0.000000
995.000000,0.000000,0.000000,0.000000,0.000000,9.000000,-5.000000,32.000000
1000.000000,0.000000,0.000000,0.000000,0.000000,9.000000,-3.000000,43.000000
1005.000000,0.000000,0.000000,0.000000,0.000000,-42.000000,0.000000,14.000000
1010.000000,0.000000,0.000000,0.000000,0.000000,-50.000000,0.000000,-3.000000
1015.000000,0.000000,0.000000,0.000000,0.000000,-60.000000,2.000000,-12.000000
1020.000000,0.000000,0.000000,0.000000,0.000000,-42.000000,-3.000000,-9.000000
1025.000000,0.000000,0.000000,0.000000,0.000000,-50.000000,-3.000000,34.000000
1030.000000,0.000000,0.000000,0.000000,0.000000,9.000000,0.000000,25.000000
1035.000000,0.000000,0.000000,0.000000,0.000000,9.000000,-5.000000,53.000000
1040.000000,0.000000,0.000000,0.000000,0.000000,9.000000,0.000000,31.000000
1045.000000,0.000000,0.000000,0.000000,0.000000,58.000000,2.000000,-4.000000
1050.000000,0.000000,0.000000,0.000000,0.000000,17.000000,2.000000,-15.000000
1055.000000,0.000000,0.000000,0.000000,0.000000,9.000000,0.000000,-5.000000
1060.000000,0.000000,0.000000,0.000000,0.000000,58.000000,0.000000,-1.000000
1065.000000,0.000000,0.000000,0.000000,0.000000,68.000000,-3.000000,8.000000
1070.000000,0.000000,0.000000,0.000000,0.000000,-1.000000,-3.000000,33.000000
1075.000000,0.000000,0.000000,0.000000,0.000000,-60.000000,0.000000,24.000000
1080.000000,0.000000,0.000000,0.000000,0.000000,-50.000000,0.000000,8.000000
1085.000000,0.000000,0.000000,0.000000,0.000000,-50.000000,0.000000,2.000000
1090.000000,0.000000,0.000000,0.000000,0.000000,-50.000000,0.000000,0.000000
1095.000000,0.000000,0.000000,0.000000,0.000000,-405.000000,2.000000,-14.000000
1100.000000,0.000000,0.000000,0.000000,0.000000,-1.000000,0.000000,-16.000000
1105.000000,0.000000,0.000000,0.000000,0.000000,-60.000000,-3.000000,24.000000
1110.000000,0.000000,0.000000,0.000000,0.000000,58.000000,-3.000000,52.000000
1115.000000,0.000000,0.000000,0.000000,0.000000,58.000000,-3.000000,61.000000
1120.000000,0.000000,0.000000,0.000000,0.000000,9.000000,2.000000,28.000000
1125.000000,0.000000,0.000000,0.000000,0.000000,-60.000000,0.000000,0.000000
1130.000000,0.000000,0.000000,0.000000,0.000000,-9.000000,2.000000,-24.000000
1135.000000,0.000000,0.000000,0.000000,0.000000,-1.000000,2.000000,-28.000000
1140.000000,0.000000,0.000000,0.000000,0.000000,58.000000,-3.000000,12.000000
1145.000000,0.000000,0.000000,0.000000,0.000000,-50.000000,-5.000000,49.000000
1150.000000,0.000000,0.000000,0.000000,0.000000,-1.000000,-5.000000,66.000000
1155.000000,0.000000,0.000000,0.000000,0.000000,127.000000,-3.000000,57.000000
1160.000000,0.000000,0.000000,0.000000,0.000000,9.000000,0.000000,27.000000
1165.000000,0.000000,0.000000,0.000000,0.000000,9.000000,4.000000,-17.000000
1170.000000,0.000000,0.000000,0.000000,0.000000,68.000000,2.000000,-28.000000
1175.000000,0.000000,0.000000,0.000000,0.000000,68.000000,0.000000,-23.000000
1180.000000,0.000000,0.000000,0.000000,0.000000,-50.000000,-3.000000,20.000000
1185.000000,0.000000,0.000000,0.000000,0.000000,68.000000,-7.000000,57.000000
1190.000000,0.000000,0.000000,0.000000,0.000000,-50.000000,-3.000000,51.000000
1195.000000,0.000000,0.000000,0.000000,0.000000,-1.000000,-3.000000,47.000000
1200.000000,0.000000,0.000000,0.000000,0.000000,9.000000,0.000000,23.000000
1205.000000,0.000000,0.000000,0.000000,0.000000,9.000000,4.000000,-15.000000
1210.000000,0.000000,0.000000,0.000000,0.000000,9.000000,2.000000,-27.000000
1215.000000,0.000000,0.000000,0.000000,0.000000,-50.000000,2.000000,-29.000000
1220.000000,0.000000,0.000000,0.000000,0.000000,-1.000000,-3.000000,17.000000
1225.000000,0.000000,0.000000,0.000000,0.000000,-1.000000,-5.000000,64.000000
1230.000000,0.000000,0.000000,0.000000,0.000000,58.000000,-5.000000,64.000000
1235.000000,0.000000,0.000000,0.000000,0.000000,9.000000,-3.000000,57.000000
1240.000000,0.000000,0.000000,0.000000,0.000000,-1.000000,4.000000,1.000000
1245.000000,0.000000,0.000000,0.000000,0.000000,68.000000,4.000000,-22.000000
1250.000000,0.000000,0.000000,0.000000,0.000000,-50.000000,4.000000,-45.000000
1255.000000,0.000000,0.000000,0.000000,0.000000,-1.000000,-3.000000,-16.000000
1260.000000,0.000000,0.000000,0.000000,0.000000,58.000000,-5.000000,45.000000
1265.000000,0.000000,0.000000,0.000000,0.000000,9.000000,-5.000000,77.000000
1270.000000,0.000000,0.000000,0.000000,0.000000,9.000000,-3.000000,58.000000
1275.000000,0.000000,0.000000,0.000000,0.000000,-60.000000,-3.000000,49.000000
1280.000000,0.000000,0.000000,0.000000,0.000000,9.000000,4.000000,-8.000000
1285.000000,0.000000,0.000000,0.000000,0.000000,-583.000000,4.000000,-36.000000
1290.000000,0.000000,0.000000,0.000000,0.000000,9.000000,2.000000,-32.000000
1295.000000,0.000000,0.000000,0.000000,0.000000,9.000000,0.000000,-19.000000
1300.000000,0.000000,0.000000,0.000000,0.000000,9.000000,-7.000000,54.000000
1305.000000,0.000000,0.000000,0.000000,0.000000,68.000000,-7.000000,91.000000
1310.000000,0.000000,0.000000,0.000000,0.000000,9.000000,-5.000000,82.000000
1315.000000,0.000000,0.000000,0.000000,0.000000,9.000000,0.000000,46.000000
1320.000000,0.000000,0.000000,0.000000,0.000000,-50.000000,4.000000,-22.000000
1325.000000,0.000000,0.000000,0.000000,0.000000,9.000000,6.000000,-51.000000
1330.000000,0.000000,0.000000,0.000000,0.000000,9.000000,4.000000,-56.000000
1335.000000,0.000000,0.000000,0.000000,0.000000,9.000000,-5.000000,-4.000000
1340.000000,0.000000,0.000000,0.000000,0.000000,58.000000,-7.000000,66.000000
1345.000000,0.000000,0.000000,0.000000,0.000000,-1.000000,-5.000000,89.000000
1350.000000,0.000000,0.000000,0.000000,0.000000,9.000000,-5.000000,80.000000
1355.000000,0.000000,0.000000,0.000000,0.000000,58.000000,2.000000,23.000000
1360.000000,0.000000,0.000000,0.000000,0.000000,9.000000,6.000000,-40.000000
1365.000000,0.000000,0.000000,0.000000,0.000000,-60.000000,4.000000,-55.000000
1370.000000,0.000000,0.000000,0.000000,0.000000,-1.000000,2.000000,-47.000000
1375.000000,0.000000,0.000000,0.000000,0.000000,9.000000,-7.000000,17.000000
1380.000000,0.000000,0.000000,0.000000,0.000000,-60.000000,-9.000000,80.000000
1385.000000,0.000000,0.000000,0.000000,0.000000,9.000000,-5.000000,86.000000
1390.000000,0.000000,0.000000,0.000000,0.000000,17.000000,-3.000000,72.000000
1395.000000,0.000000,0.000000,0.000000,0.000000,-50.000000,2.000000,16.000000
1400.000000,0.000000,0.000000,0.000000,0.000000,-42.000000,6.000000,-35.000000
1405.000000,0.000000,0.000000,0.000000,0.000000,-50.000000,4.000000,-41.000000
1410.000000,0.000000,0.000000,0.000000,0.000000,9.000000,4.000000,-53.000000
1415.000000,0.000000,0.000000,0.000000,0.000000,58.000000,-5.000000,26.000000
1420.000000,0.000000,0.000000,0.000000,0.000000,68.000000,-7.000000,78.000000
1425.000000,0.000000,0.000000,0.000000,0.000000,9.000000,-7.000000,96.000000
1430.000000,0.000000,0.000000,0.000000,0.000000,9.000000,-3.000000,73.000000
1435.000000,0.000000,0.000000,0.000000,0.000000,-50.000000,4.000000,0.000000
1440.000000,0.000000,0.000000,0.000000,0.000000,9.000000,4.000000,-40.000000
1445.000000,0.000000,0.000000,0.000000,0.000000,-68.000000,4.000000,-55.000000
1450.000000,0.000000,0.000000,0.000000,0.000000,-50.000000,0.000000,-37.000000
1455.000000,0.000000,0.000000,0.000000,0.000000,9.000000,-7.000000,38.000000
1460.000000,0.000000,0.000000,0.000000,0.000000,-50.000000,-7.000000,91.000000
1465.000000,0.000000,0.000000,0.000000,0.000000,-1.000000,-5.000000,86.000000
1470.000000,0.000000,0.000000,0.000000,0.000000,9.000000,-3.000000,68.000000
1475.000000,0.000000,0.000000,0.000000,0.000000,-474.000000,4.000000,-2.000000
1480.000000,0.000000,0.000000,0.000000,0.000000,9.000000,4.000000,-52.000000
1485.000000,0.000000,0.000000,0.000000,0.000000,-60.000000,4.000000,-57.000000
1490.000000,0.000000,0.000000,0.000000,0.000000,-169.000000,0.000000,-38.000000
1495.000000,0.000000,0.000000,0.000000,0.000000,9.000000,-9.000000,52.000000
1500.000000,0.000000,0.000000,0.000000,0.000000,68.000000,-7.000000,84.000000
1505.000000,0.000000,0.000000,0.000000,0.000000,-524.000000,-5.000000,90.000000
1510.000000,0.000000,0.000000,0.000000,0.000000,-1.000000,0.000000,56.000000
1515.000000,0.000000,0.000000,0.000000,0.000000,17.000000,2.000000,-5.000000
1520.000000,0.000000,0.000000,0.000000,0.000000,-1.000000,6.000000,-44.000000
1525.000000,0.000000,0.000000,0.000000,0.000000,9.000000,4.000000,-54.000000
1530.000000,0.000000,0.000000,0.000000,0.000000,-1.000000,-3.000000,-16.000000
1535.000000,0.000000,0.000000,0.000000,0.000000,-60.000000,-7.000000,61.000000
1540.000000,0.000000,0.000000,0.000000,0.000000,-60.000000,-7.000000,95.000000
1545.000000,0.000000,0.000000,0.000000,0.000000,-1.000000,-5.000000,87.000000
1550.000000,0.000000,0.000000,0.000000,0.000000,9.000000,2.000000,42.000000
1555.000000,0.000000,0.000000,0.000000,0.000000,-1.000000,4.000000,-17.000000
1560.000000,0.000000,0.000000,0.000000,0.000000,9.000000,4.000000,-52.000000
1565.000000,0.000000,0.000000,0.000000,0.000000,58.000000,4.000000,-57.000000
1570.000000,0.000000,0.000000,0.000000,0.000000,9.000000,-5.000000,1.000000
1575.000000,0.000000,0.000000,0.000000,0.000000,9.000000,-7.000000,71.000000
1580.000000,0.000000,0.000000,0.000000,0.000000,9.000000,-7.000000,94.000000
1585.000000,0.000000,0.000000,0.000000,0.000000,-50.000000,-5.000000,81.000000
1590.000000,0.000000,0.000000,0.000000,0.000000,-50.000000,4.000000,25.000000
1595.000000,0.000000,0.000000,0.000000,0.000000,-60.000000,4.000000,-22.000000
1600.000000,0.000000,0.000000,0.000000,0.000000,-50.000000,4.000000,-50.000000
1605.000000,0.000000,0.000000,0.000000,0.000000,9.000000,0.000000,-39.000000
1610.000000,0.000000,0.000000,0.000000,0.000000,58.000000,-5.000000,24.000000
1615.000000,0.000000,0.000000,0.000000,0.000000,-1.000000,-7.000000,76.000000
1620.000000,0.000000,0.000000,0.000000,0.000000,-50.000000,-5.000000,89.000000
1625.000000,0.000000,0.000000,0.000000,0.000000,9.000000,-3.000000,74.000000
1630.000000,0.000000,0.000000,0.000000,0.000000,-1.000000,2.000000,15.000000
1635.000000,0.000000,0.000000,0.000000,0.000000,-247.000000,4.000000,-36.000000
1640.000000,0.000000,0.000000,0.000000,0.000000,9.000000,4.000000,-52.000000
1645.000000,0.000000,0.000000,0.000000,0.000000,9.000000,2.000000,-46.000000
1650.000000,0.000000,0.000000,0.000000,0.000000,9.000000,-7.000000,35.000000
1655.000000,0.000000,0.000000,0.000000,0.000000,-42.000000,-7.000000,75.000000
1660.000000,0.000000,0.000000,0.000000,0.000000,-60.000000,-7.000000,102.000000
1665.000000,0.000000,0.000000,0.000000,0.000000,-60.000000,-3.000000,89.000000
1670.000000,0.000000,0.000000,0.000000,0.000000,50.000000,4.000000,8.000000
1675.000000,0.000000,0.000000,0.000000,0.000000,-1.000000,4.000000,-37.000000
1680.000000,0.000000,0.000000,0.000000,0.000000,68.000000,4.000000,-52.000000
1685.000000,0.000000,0.000000,0.000000,0.000000,-1.000000,0.000000,-40.000000
1690.000000,0.000000,0.000000,0.000000,0.000000,58.000000,-7.000000,41.000000
1695.000000,0.000000,0.000000,0.000000,0.000000,9.000000,-9.000000,87.000000
1700.000000,0.000000,0.000000,0.000000,0.000000,68.000000,-5.000000,88.000000
1705.000000,0.000000,0.000000,0.000000,0.000000,9.000000,-3.000000,73.000000
1710.000000,0.000000,0.000000,0.000000,0.000000,9.000000,4.000000,7.000000
1715.000000,0.000000,0.000000,0.000000,0.000000,-50.000000,6.000000,-45.000000
1720.000000,0.000000,0.000000,0.000000,0.000000,58.000000,4.000000,-60.000000
1725.000000,0.000000,0.000000,0.000000,0.000000,-1.000000,0.000000,-43.000000
1730.000000,0.000000,0.000000,0.000000,0.000000,-1.000000,-7.000000,32.000000
1735.000000,0.000000,0.000000,0.000000,0.000000,68.000000,-9.000000,87.000000
1740.000000,0.000000,0.000000,0.000000,0.000000,-9.000000,-5.000000,88.000000
1745.000000,0.000000,0.000000,0.000000,0.000000,17.000000,0.000000,56.000000
1750.000000,0.000000,0.000000,0.000000,0.000000,9.000000,4.000000,-11.000000
1755.000000,0.000000,0.000000,0.000000,0.000000,9.000000,4.000000,-47.000000
1760.000000,0.000000,0.000000,0.000000,0.000000,-42.000000,4.000000,-55.000000
1765.000000,0.000000,0.000000,0.000000,0.000000,58.000000,-3.000000,-16.000000
1770.000000,0.000000,0.000000,0.000000,0.000000,-50.000000,-7.000000,63.000000
1775.000000,0.000000,0.000000,0.000000,0.000000,9.000000,-7.000000,91.000000
1780.000000,0.000000,0.000000,0.000000,0.000000,68.000000,-5.000000,83.000000
1785.000000,0.000000,0.000000,0.000000,0.000000,9.000000,2.000000,41.000000
1790.000000,0.000000,0.000000,0.000000,0.000000,-1.000000,4.000000,-12.000000
1795.000000,0.000000,0.000000,0.000000,0.000000,-247.000000,4.000000,-44.000000
1800.000000,0.000000,0.000000,0.000000,0.000000,-1.000000,2.000000,-48.000000
1805.000000,0.000000,0.000000,0.000000,0.000000,-1.000000,-5.000000,17.000000
1810.000000,0.000000,0.000000,0.000000,0.000000,-60.000000,-7.000000,74.000000
1815.000000,0.000000,0.000000,0.000000,0.000000,9.000000,-7.000000,88.000000
1820.000000,0.000000,0.000000,0.000000,0.000000,-1.000000,-5.000000,85.000000
1825.000000,0.000000,0.000000,0.000000,0.000000,-50.000000,2.000000,21.000000
1830.000000,0.000000,0.000000,0.000000,0.000000,9.000000,4.000000,-30.000000
1835.000000,0.000000,0.000000,0.000000,0.000000,-1.000000,4.000000,-49.000000
1840.000000,0.000000,0.000000,0.000000,0.000000,-60.000000,0.000000,-39.000000
1845.000000,0.000000,0.000000,0.000000,0.000000,9.000000,-5.000000,30.000000
1850.000000,0.000000,0.000000,0.000000,0.000000,68.000000,-9.000000,84.000000
1855.000000,0.000000,0.000000,0.000000,0.000000,-50.000000,-5.000000,87.000000
1860.000000,0.000000,0.000000,0.000000,0.000000,9.000000,-3.000000,68.000000
1865.000000,0.000000,0.000000,0.000000,0.000000,-1.000000,2.000000,4.000000
1870.000000,0.000000,0.000000,0.000000,0.000000,58.000000,4.000000,-36.000000
1875.000000,0.000000,0.000000,0.000000,0.000000,58.000000,4.000000,-51.000000
1880.000000,0.000000,0.000000,0.000000,0.000000,68.000000,0.000000,-28.000000
1885.000000,0.000000,0.000000,0.000000,0.000000,76.000000,-7.000000,52.000000
1890.000000,0.000000,0.000000,0.000000,0.000000,9.000000,-7.000000,95.000000
1895.000000,0.000000,0.000000,0.000000,0.000000,-1.000000,-5.000000,82.000000
1900.000000,0.000000,0.000000,0.000000,0.000000,68.000000,0.000000,50.000000
1905.000000,0.000000,0.000000,0.000000,0.000000,9.000000,4.000000,-14.000000
1910.000000,0.000000,0.000000,0.000000,0.000000,-42.000000,4.000000,-49.000000
1915.000000,0.000000,0.000000,0.000000,0.000000,9.000000,4.000000,-56.000000
1920.000000,0.000000,0.000000,0.000000,0.000000,9.000000,-7.000000,6.000000
1925.000000,0.000000,0.000000,0.000000,0.000000,-1.000000,-5.000000,50.000000
1930.000000,0.000000,0.000000,0.000000,0.000000,-1.000000,-7.000000,87.000000
1935.000000,0.000000,0.000000,0.000000,0.000000,-1.000000,-5.000000,82.000000
1940.000000,0.000000,0.000000,0.000000,0.000000,9.000000,2.000000,24.000000
1945.000000,0.000000,0.000000,0.000000,0.000000,68.000000,4.000000,-22.000000
1950.000000,0.000000,0.000000,0.000000,0.000000,9.000000,4.000000,-47.000000
1955.000000,0.000000,0.000000,0.000000,0.000000,9.000000,4.000000,-55.000000
1960.000000,0.000000,0.000000,0.000000,0.000000,9.000000,-5.000000,-8.000000
1965.000000,0.000000,0.000000,0.000000,0.000000,9.000000,-7.000000,57.000000
1970.000000,0.000000,0.000000,0.000000,0.000000,9.000000,-7.000000,90.000000
1975.000000,0.000000,0.000000,0.000000,0.000000,-60.000000,-5.000000,82.000000
1980.000000,0.000000,0.000000,0.000000,0.000000,9.000000,0.000000,44.000000
1985.000000,0.000000,0.000000,0.000000,0.000000,-1.000000,2.000000,-2.000000
1990.000000,0.000000,0.000000,0.000000,0.000000,9.000000,2.000000,-30.000000
1995.000000,0.000000,0.000000,0.000000,0.000000,-68.000000,2.000000,-29.000000
2000.000000,0.000000,0.000000,0.000000,0.000000,-1.000000,0.000000,-23.000000
2005.000000,0.000000,0.000000,0.000000,0.000000,-1.000000,-5.000000,45.000000
2010.000000,0.000000,0.000000,0.000000,0.000000,9.000000,-5.000000,83.000000
2015.000000,0.000000,0.000000,0.000000,0.000000,9.000000,-5.000000,72.000000
2020.000000,0.000000,0.000000,0.000000,0.000000,-1.000000,0.000000,40.000000
2025.000000,0.000000,0.000000,0.000000,0.000000,-50.000000,4.000000,-14.000000
2030.000000,0.000000,0.000000,0.000000,0.000000,-1.000000,4.000000,-39.000000
2035.000000,0.000000,0.000000,0.000000,0.000000,-119.000000,2.000000,-41.000000
2040.000000,0.000000,0.000000,0.000000,0.000000,9.000000,-5.000000,24.000000
2045.000000,0.000000,0.000000,0.000000,0.000000,9.000000,-9.000000,79.000000
2050.000000,0.000000,0.000000,0.000000,0.000000,58.000000,-5.000000,88.000000
2055.000000,0.000000,0.000000,0.000000,0.000000,-9.000000,0.000000,60.000000
2060.000000,0.000000,0.000000,0.000000,0.000000,-60.000000,4.000000,5.000000
2065.000000,0.000000,0.000000,0.000000,0.000000,-1.000000,2.000000,-31.000000
2070.000000,0.000000,0.000000,0.000000,0.000000,85.000000,2.000000,-29.000000
2075.000000,0.000000,0.000000,0.000000,0.000000,68.000000,-3.000000,-23.000000
2080.000000,0.000000,0.000000,0.000000,0.000000,9.000000,-5.000000,40.000000
2085.000000,0.000000,0.000000,0.000000,0.000000,-1.000000,-9.000000,87.000000
2090.000000,0.000000,0.000000,0.000000,0.000000,9.000000,-5.000000,93.000000
2095.000000,0.000000,0.000000,0.000000,0.000000,9.000000,2.000000,44.000000
2100.000000,0.000000,0.000000,0.000000,0.000000,9.000000,2.000000,-13.000000
2105.000000,0.000000,0.000000,0.000000,0.000000,9.000000,4.000000,-41.000000
2110.000000,0.000000,0.000000,0.000000,0.000000,-60.000000,4.000000,-50.000000
2115.000000,0.000000,0.000000,0.000000,0.000000,-1.000000,-5.000000,-1.000000
2120.000000,0.000000,0.000000,0.000000,0.000000,-60.000000,-5.000000,60.000000
2125.000000,0.000000,0.000000,0.000000,0.000000,9.000000,-7.000000,88.000000
2130.000000,0.000000,0.000000,0.000000,0.000000,-50.000000,-5.000000,79.000000
2135.000000,0.000000,0.000000,0.000000,0.000000,-1.000000,2.000000,24.000000
2140.000000,0.000000,0.000000,0.000000,0.000000,-1.000000,4.000000,-29.000000
2145.000000,0.000000,0.000000,0.000000,0.000000,58.000000,4.000000,-49.000000
2150.000000,0.000000,0.000000,0.000000,0.000000,-1.000000,2.000000,-50.000000
2155.000000,0.000000,0.000000,0.000000,0.000000,-60.000000,-5.000000,16.000000
2160.000000,0.000000,0.000000,0.000000,0.000000,9.000000,-9.000000,82.000000
2165.000000,0.000000,0.000000,0.000000,0.000000,17.000000,-5.000000,92.000000
2170.000000,0.000000,0.000000,0.000000,0.000000,-1.000000,-5.000000,81.000000
2175.000000,0.000000,0.000000,0.000000,0.000000,-1.000000,4.000000,-2.000000
2180.000000,0.000000,0.000000,0.000000,0.000000,-1.000000,4.000000,-29.000000
2185.000000,0.000000,0.000000,0.000000,0.000000,9.000000,4.000000,-49.000000
2190.000000,0.000000,0.000000,0.000000,0.000000,58.000000,0.000000,-39.000000
2195.000000,0.000000,0.000000,0.000000,0.000000,-60.000000,-7.000000,26.000000
2200.000000,0.000000,0.000000,0.000000,0.000000,68.000000,-7.000000,79.000000
2205.000000,0.000000,0.000000,0.000000,0.000000,9.000000,-5.000000,86.000000
2210.000000,0.000000,0.000000,0.000000,0.000000,68.000000,-3.000000,68.000000
2215.000000,0.000000,0.000000,0.000000,0.000000,-50.000000,2.000000,-5.000000
2220.000000,0.000000,0.000000,0.000000,0.000000,-60.000000,4.000000,-39.000000
2225.000000,0.000000,0.000000,0.000000,0.000000,-50.000000,4.000000,-52.000000
2230.000000,0.000000,0.000000,0.000000,0.000000,-1.000000,0.000000,-36.000000
2235.000000,0.000000,0.000000,0.000000,0.000000,9.000000,-7.000000,51.000000
2240.000000,0.000000,0.000000,0.000000,0.000000,58.000000,-7.000000,87.000000
2245.000000,0.000000,0.000000,0.000000,0.000000,26.000000,-5.000000,85.000000
2250.000000,0.000000,0.000000,0.000000,0.000000,9.000000,2.000000,53.000000
2255.000000,0.000000,0.000000,0.000000,0.000000,-50.000000,4.000000,-14.000000
2260.000000,0.000000,0.000000,0.000000,0.000000,9.000000,4.000000,-50.000000
2265.000000,0.000000,0.000000,0.000000,0.000000,68.000000,4.000000,-56.000000
2270.000000,0.000000,0.000000,0.000000,0.000000,9.000000,-5.000000,1.000000
2275.000000,0.000000,0.000000,0.000000,0.000000,76.000000,-7.000000,65.000000
2280.000000,0.000000,0.000000,0.000000,0.000000,-1.000000,-5.000000,89.000000
2285.000000,0.000000,0.000000,0.000000,0.000000,9.000000,-5.000000,80.000000
2290.000000,0.000000,0.000000,0.000000,0.000000,9.000000,2.000000,31.000000
2295.000000,0.000000,0.000000,0.000000,0.000000,58.000000,2.000000,-11.000000
2300.000000,0.000000,0.000000,0.000000,0.000000,-42.000000,4.000000,-46.000000
2305.000000,0.000000,0.000000,0.000000,0.000000,-50.000000,2.000000,-49.000000
2310.000000,0.000000,0.000000,0.000000,0.000000,-42.000000,-5.000000,9.000000
2315.000000,0.000000,0.000000,0.000000,0.000000,9.000000,-9.000000,85.000000
2320.000000,0.000000,0.000000,0.000000,0.000000,-42.000000,-5.000000,93.000000
2325.000000,0.000000,0.000000,0.000000,0.000000,9.000000,-5.000000,81.000000
2330.000000,0.000000,0.000000,0.000000,0.000000,-1.000000,4.000000,8.000000
2335.000000,0.000000,0.000000,0.000000,0.000000,9.000000,4.000000,-33.000000
2340.000000,0.000000,0.000000,0.000000,0.000000,9.000000,4.000000,-50.000000
2345.000000,0.000000,0.000000,0.000000,0.000000,-1.000000,0.000000,-39.000000
2350.000000,0.000000,0.000000,0.000000,0.000000,-50.000000,-7.000000,30.000000
2355.000000,0.000000,0.000000,0.000000,0.000000,9.000000,-9.000000,87.000000
2360.000000,0.000000,0.000000,0.000000,0.000000,9.000000,-5.000000,92.000000
2365.000000,0.000000,0.000000,0.000000,0.000000,-1.000000,-3.000000,75.000000
2370.000000,0.000000,0.000000,0.000000,0.000000,-50.000000,2.000000,-1.000000
2375.000000,0.000000,0.000000,0.000000,0.000000,-1.000000,4.000000,-37.000000
2380.000000,0.000000,0.000000,0.000000,0.000000,9.000000,4.000000,-52.000000
2385.000000,0.000000,0.000000,0.000000,0.000000,-1.000000,-3.000000,-31.000000
2390.000000,0.000000,0.000000,0.000000,0.000000,-42.000000,-7.000000,46.000000
2395.000000,0.000000,0.000000,0.000000,0.000000,-9.000000,-9.000000,89.000000
2400.000000,0.000000,0.000000,0.000000,0.000000,-1.000000,-5.000000,89.000000
2405.000000,0.000000,0.000000,0.000000,0.000000,-60.000000,0.000000,60.000000
2410.000000,0.000000,0.000000,0.000000,0.000000,-60.000000,4.000000,-17.000000
2415.000000,0.000000,0.000000,0.000000,0.000000,-50.000000,4.000000,-45.000000
2420.000000,0.000000,0.000000,0.000000,0.000000,-60.000000,4.000000,-54.000000
2425.000000,0.000000,0.000000,0.000000,0.000000,-110.000000,-5.000000,0.000000
2430.000000,0.000000,0.000000,0.000000,0.000000,-1.000000,-7.000000,56.000000
2435.000000,0.000000,0.000000,0.000000,0.000000,-9.000000,-7.000000,97.000000
2440.000000,0.000000,0.000000,0.000000,0.000000,58.000000,-5.000000,92.000000
2445.000000,0.000000,0.000000,0.000000,0.000000,-1.000000,2.000000,19.000000
2450.000000,0.000000,0.000000,0.000000,0.000000,9.000000,8.000000,-45.000000
2455.000000,0.000000,0.000000,0.000000,0.000000,-60.000000,4.000000,-60.000000
2460.000000,0.000000,0.000000,0.000000,0.000000,9.000000,2.000000,-48.000000
2465.000000,0.000000,0.000000,0.000000,0.000000,9.000000,-7.000000,23.000000
2470.000000,0.000000,0.000000,0.000000,0.000000,58.000000,-9.000000,100.000000
2475.000000,0.000000,0.000000,0.000000,0.000000,68.000000,-7.000000,104.000000
2480.000000,0.000000,0.000000,0.000000,0.000000,17.000000,-5.000000,87.000000
2485.000000,0.000000,0.000000,0.000000,0.000000,9.000000,4.000000,16.000000
2490.000000,0.000000,0.000000,0.000000,0.000000,9.000000,6.000000,-44.000000
2495.000000,0.000000,0.000000,0.000000,0.000000,9.000000,4.000000,-54.000000
2500.000000,0.000000,0.000000,0.000000,0.000000,58.000000,2.000000,-51.000000
2505.000000,0.000000,0.000000,0.000000,0.000000,9.000000,-9.000000,41.000000
2510.000000,0.000000,0.000000,0.000000,0.000000,9.000000,-9.000000,94.000000
2515.000000,0.000000,0.000000,0.000000,0.000000,9.000000,-7.000000,102.000000
2520.000000,0.000000,0.000000,0.000000,0.000000,17.000000,-3.000000,81.000000
2525.000000,0.000000,0.000000,0.000000,0.000000,-50.000000,4.000000,5.000000
2530.000000,0.000000,0.000000,0.000000,0.000000,-50.000000,4.000000,-45.000000
2535.000000,0.000000,0.000000,0.000000,0.000000,9.000000,4.000000,-57.000000
2540.000000,0.000000,0.000000,0.000000,0.000000,-50.000000,2.000000,-52.000000
2545.000000,0.000000,0.000000,0.000000,0.000000,-50.000000,-5.000000,33.000000
2550.000000,0.000000,0.000000,0.000000,0.000000,17.000000,-9.000000,96.000000
2555.000000,0.000000,0.000000,0.000000,0.000000,-1.000000,-5.000000,94.000000
2560.000000,0.000000,0.000000,0.000000,0.000000,9.000000,-3.000000,82.000000
2565.000000,0.000000,0.000000,0.000000,0.000000,9.000000,6.000000,10.000000
2570.000000,0.000000,0.000000,0.000000,0.000000,58.000000,6.000000,-47.000000
2575.000000,0.000000,0.000000,0.000000,0.000000,-1.000000,4.000000,-57.000000
2580.000000,0.000000,0.000000,0.000000,0.000000,-1.000000,0.000000,-46.000000
2585.000000,0.000000,0.000000,0.000000,0.000000,9.000000,-7.000000,44.000000
2590.000000,0.000000,0.000000,0.000000,0.000000,9.000000,-7.000000,93.000000
2595.000000,0.000000,0.000000,0.000000,0.000000,58.000000,-5.000000,87.000000
2600.000000,0.000000,0.000000,0.000000,0.000000,9.000000,-3.000000,73.000000
2605.000000,0.000000,0.000000,0.000000,0.000000,9.000000,4.000000,1.000000
2610.000000,0.000000,0.000000,0.000000,0.000000,9.000000,4.000000,-34.000000
2615.000000,0.000000,0.000000,0.000000,0.000000,9.000000,4.000000,-50.000000
2620.000000,0.000000,0.000000,0.000000,0.000000,58.000000,2.000000,-45.000000
2625.000000,0.000000,0.000000,0.000000,0.000000,-1.000000,-7.000000,44.000000
2630.000000,0.000000,0.000000,0.000000,0.000000,-1.000000,-7.000000,75.000000
2635.000000,0.000000,0.000000,0.000000,0.000000,9.000000,-5.000000,90.000000
2640.000000,0.000000,0.000000,0.000000,0.000000,9.000000,-3.000000,69.000000
2645.000000,0.000000,0.000000,0.000000,0.000000,50.000000,4.000000,0.000000
2650.000000,0.000000,0.000000,0.000000,0.000000,68.000000,6.000000,-57.000000
2655.000000,0.000000,0.000000,0.000000,0.000000,-1.000000,4.000000,-58.000000
2660.000000,0.000000,0.000000,0.000000,0.000000,-50.000000,0.000000,-33.000000
2665.000000,0.000000,0.000000,0.000000,0.000000,9.000000,-7.000000,48.000000
2670.000000,0.000000,0.000000,0.000000,0.000000,68.000000,-7.000000,95.000000
2675.000000,0.000000,0.000000,0.000000,0.000000,9.000000,-7.000000,102.000000
2680.000000,0.000000,0.000000,0.000000,0.000000,9.000000,2.000000,50.000000
2685.000000,0.000000,0.000000,0.000000,0.000000,9.000000,4.000000,-20.000000
2690.000000,0.000000,0.000000,0.000000,0.000000,-50.000000,4.000000,-55.000000
2695.000000,0.000000,0.000000,0.000000,0.000000,-50.000000,4.000000,-57.000000
2700.000000,0.000000,0.000000,0.000000,0.000000,9.000000,0.000000,-41.000000
2705.000000,0.000000,0.000000,0.000000,0.000000,58.000000,-7.000000,55.000000
2710.000000,0.000000,0.000000,0.000000,0.000000,-50.000000,-9.000000,104.000000
2715.000000,0.000000,0.000000,0.000000,0.000000,-1.000000,-5.000000,101.000000
2720.000000,0.000000,0.000000,0.000000,0.000000,-50.000000,-3.000000,73.000000
2725.000000,0.000000,0.000000,0.000000,0.000000,9.000000,2.000000,0.000000
2730.000000,0.000000,0.000000,0.000000,0.000000,-1.000000,4.000000,-44.000000
2735.000000,0.000000,0.000000,0.000000,0.000000,9.000000,6.000000,-59.000000
2740.000000,0.000000,0.000000,0.000000,0.000000,9.000000,-5.000000,-44.000000
2745.000000,0.000000,0.000000,0.000000,0.000000,9.000000,-9.000000,57.000000
2750.000000,0.000000,0.000000,0.000000,0.000000,-9.000000,-9.000000,107.000000
2755.000000,0.000000,0.000000,0.000000,0.000000,-110.000000,-5.000000,106.000000
2760.000000,0.000000,0.000000,0.000000,0.000000,9.000000,2.000000,52.000000
2765.000000,0.000000,0.000000,0.000000,0.000000,-60.000000,6.000000,-32.000000
2770.000000,0.000000,0.000000,0.000000,0.000000,-1.000000,4.000000,-53.000000
2775.000000,0.000000,0.000000,0.000000,0.000000,68.000000,4.000000,-57.000000
2780.000000,0.000000,0.000000,0.000000,0.000000,-1.000000,-5.000000,1.000000
2785.000000,0.000000,0.000000,0.000000,0.000000,-60.000000,-7.000000,64.000000
2790.000000,0.000000,0.000000,0.000000,0.000000,76.000000,-5.000000,99.000000
2795.000000,0.000000,0.000000,0.000000,0.000000,-50.000000,-5.000000,83.000000
2800.000000,0.000000,0.000000,0.000000,0.000000,9.000000,2.000000,30.000000
2805.000000,0.000000,0.000000,0.000000,0.000000,9.000000,4.000000,-15.000000
2810.000000,0.000000,0.000000,0.000000,0.000000,58.000000,4.000000,-44.000000
2815.000000,0.000000,0.000000,0.000000,0.000000,17.000000,4.000000,-54.000000
2820.000000,0.000000,0.000000,0.000000,0.000000,9.000000,-5.000000,21.000000
2825.000000,0.000000,0.000000,0.000000,0.000000,9.000000,-7.000000,75.000000
2830.000000,0.000000,0.000000,0.000000,0.000000,9.000000,-5.000000,75.000000
2835.000000,0.000000,0.000000,0.000000,0.000000,9.000000,-5.000000,79.000000
2840.000000,0.000000,0.000000,0.000000,0.000000,-9.000000,2.000000,31.000000
2845.000000,0.000000,0.000000,0.000000,0.000000,68.000000,6.000000,-36.000000
2850.000000,0.000000,0.000000,0.000000,0.000000,9.000000,4.000000,-39.000000
2855.000000,0.000000,0.000000,0.000000,0.000000,-1.000000,0.000000,-35.000000
2860.000000,0.000000,0.000000,0.000000,0.000000,-1.000000,-5.000000,30.000000
2865.000000,0.000000,0.000000,0.000000,0.000000,-60.000000,-7.000000,78.000000
2870.000000,0.000000,0.000000,0.000000,0.000000,17.000000,-5.000000,86.000000
2875.000000,0.000000,0.000000,0.000000,0.000000,-60.000000,-3.000000,73.000000
2880.000000,0.000000,0.000000,0.000000,0.000000,9.000000,2.000000,18.000000
2885.000000,0.000000,0.000000,0.000000,0.000000,-50.000000,6.000000,-40.000000
2890.000000,0.000000,0.000000,0.000000,0.000000,-1.000000,4.000000,-52.000000
2895.000000,0.000000,0.000000,0.000000,0.000000,-1.000000,0.000000,-40.000000
2900.000000,0.000000,0.000000,0.000000,0.000000,-42.000000,-7.000000,42.000000
2905.000000,0.000000,0.000000,0.000000,0.000000,9.000000,-7.000000,79.000000
2910.000000,0.000000,0.000000,0.000000,0.000000,9.000000,-5.000000,94.000000
2915.000000,0.000000,0.000000,0.000000,0.000000,-1.000000,-3.000000,71.000000
2920.000000,0.000000,0.000000,0.000000,0.000000,-1.000000,4.000000,2.000000
2925.000000,0.000000,0.000000,0.000000,0.000000,-1.000000,4.000000,-39.000000
2930.000000,0.000000,0.000000,0.000000,0.000000,-50.000000,4.000000,-54.000000
2935.000000,0.000000,0.000000,0.000000,0.000000,68.000000,-3.000000,-16.000000
2940.000000,0.000000,0.000000,0.000000,0.000000,9.000000,-7.000000,55.000000
2945.000000,0.000000,0.000000,0.000000,0.000000,9.000000,-7.000000,86.000000
2950.000000,0.000000,0.000000,0.000000,0.000000,9.000000,-5.000000,85.000000
2955.000000,0.000000,0.000000,0.000000,0.000000,9.000000,2.000000,39.000000
2960.000000,0.000000,0.000000,0.000000,0.000000,-50.000000,2.000000,-1.000000
2965.000000,0.000000,0.000000,0.000000,0.000000,-1.000000,2.000000,-29.000000
2970.000000,0.000000,0.000000,0.000000,0.000000,9.000000,4.000000,-42.000000
2975.000000,0.000000,0.000000,0.000000,0.000000,9.000000,-5.000000,6.000000
2980.000000,0.000000,0.000000,0.000000,0.000000,-60.000000,-7.000000,60.000000
2985.000000,0.000000,0.000000,0.000000,0.000000,-50.000000,-5.000000,80.000000
2990.000000,0.000000,0.000000,0.000000,0.000000,-60.000000,-3.000000,57.000000
2995.000000,0.000000,0.000000,0.000000,0.000000,-60.000000,0.000000,40.000000
3000.000000,0.000000,0.000000,0.000000,0.000000,68.000000,2.000000,-5.000000
3005.000000,0.000000,0.000000,0.000000,0.000000,58.000000,2.000000,-35.000000
3010.000000,0.000000,0.000000,0.000000,0.000000,58.000000,2.000000,-30.000000
3015.000000,0.000000,0.000000,0.000000,0.000000,9.000000,-5.000000,10.000000
3020.000000,0.000000,0.000000,0.000000,0.000000,9.000000,-7.000000,64.000000
3025.000000,0.000000,0.000000,0.000000,0.000000,68.000000,-5.000000,73.000000
3030.000000,0.000000,0.000000,0.000000,0.000000,9.000000,-3.000000,64.000000
3035.000000,0.000000,0.000000,0.000000,0.000000,-1.000000,2.000000,30.000000
3040.000000,0.000000,0.000000,0.000000,0.000000,68.000000,4.000000,-15.000000
3045.000000,0.000000,0.000000,0.000000,0.000000,-1.000000,4.000000,-44.000000
3050.000000,0.000000,0.000000,0.000000,0.000000,-50.000000,2.000000,-48.000000
3055.000000,0.000000,0.000000,0.000000,0.000000,9.000000,-5.000000,17.000000
3060.000000,0.000000,0.000000,0.000000,0.000000,68.000000,-9.000000,83.000000
3065.000000,0.000000,0.000000,0.000000,0.000000,-9.000000,-5.000000,88.000000
3070.000000,0.000000,0.000000,0.000000,0.000000,17.000000,-3.000000,74.000000
3075.000000,0.000000,0.000000,0.000000,0.000000,-42.000000,2.000000,10.000000
3080.000000,0.000000,0.000000,0.000000,0.000000,-1.000000,6.000000,-50.000000
3085.000000,0.000000,-3.000000,-1.080000,16.000000,9.000000,4.000000,-56.000000
3090.000000,0.000000,0.000000,-0.906854,13.000000,9.000000,0.000000,-41.000000
3095.000000,0.000000,0.000000,-0.297158,4.000000,-1.000000,-7.000000,53.000000
3100.000000,0.000000,0.000000,-0.097373,1.000000,-1.000000,-9.000000,103.000000
3105.000000,0.000000,0.000000,-0.031907,0.000000,-50.000000,-5.000000,94.000000
3110.000000,0.000000,0.000000,-0.010455,0.000000,-42.000000,2.000000,45.000000
3115.000000,0.000000,0.000000,-0.003426,0.000000,9.000000,4.000000,-20.000000
3120.000000,0.000000,0.000000,-0.001123,0.000000,-50.000000,4.000000,-49.000000
3125.000000,0.000000,0.000000,-0.000368,0.000000,-60.000000,4.000000,-55.000000
3130.000000,0.000000,0.000000,-0.000121,0.000000,68.000000,-3.000000,-10.000000
3135.000000,0.000000,0.000000,-0.000039,0.000000,9.000000,-7.000000,65.000000
3140.000000,0.000000,0.000000,-0.000013,0.000000,-1.000000,-7.000000,98.000000
3145.000000,0.000000,0.000000,-0.000004,0.000000,9.000000,-5.000000,83.000000
3150.000000,0.000000,0.000000,-0.000001,0.000000,-60.000000,4.000000,28.000000
3155.000000,0.000000,0.000000,-0.000000,0.000000,68.000000,4.000000,-21.000000
3160.000000,0.000000,0.000000,-0.000000,0.000000,9.000000,4.000000,-46.000000
3165.000000,0.000000,0.000000,-0.000000,0.000000,-110.000000,2.000000,-48.000000
3170.000000,0.000000,0.000000,-0.000000,0.000000,9.000000,-5.000000,21.000000
3175.000000,0.000000,0.000000,-0.000000,0.000000,-1.000000,-7.000000,66.000000
3180.000000,0.000000,0.000000,-0.000000,0.000000,-50.000000,-5.000000,94.000000
3185.000000,0.000000,0.000000,-0.000000,0.000000,-50.000000,-3.000000,76.000000
3190.000000,0.000000,0.000000,-0.000000,0.000000,127.000000,2.000000,8.000000
3195.000000,0.000000,0.000000,-0.000000,0.000000,-1.000000,4.000000,-31.000000
3200.000000,0.000000,0.000000,-0.000000,0.000000,58.000000,4.000000,-44.000000
3205.000000,0.000000,0.000000,-0.000000,0.000000,9.000000,0.000000,-33.000000
3210.000000,0.000000,0.000000,-0.000000,0.000000,58.000000,-7.000000,44.000000
3215.000000,0.000000,0.000000,-0.000000,0.000000,9.000000,-7.000000,90.000000
3220.000000,0.000000,0.000000,-0.000000,0.000000,-1.000000,-5.000000,86.000000
3225.000000,0.000000,0.000000,-0.000000,0.000000,9.000000,0.000000,48.000000
3230.000000,0.000000,0.000000,-0.000000,0.000000,9.000000,4.000000,-6.000000
3235.000000,0.000000,0.000000,-0.000000,0.000000,9.000000,2.000000,-34.000000
3240.000000,0.000000,0.000000,-0.000000,0.000000,58.000000,4.000000,-50.000000
3245.000000,0.000000,0.000000,-0.000000,0.000000,-50.000000,-5.000000,-6.000000
3250.000000,0.000000,0.000000,-0.000000,0.000000,-68.000000,-5.000000,53.000000
3255.000000,0.000000,0.000000,-0.000000,0.000000,68.000000,-5.000000,79.000000
3260.000000,0.000000,0.000000,-0.000000,0.000000,9.000000,-5.000000,85.000000
3265.000000,0.000000,0.000000,-0.000000,0.000000,9.000000,2.000000,39.000000
3270.000000,0.000000,0.000000,-0.000000,0.000000,-1.000000,4.000000,-16.000000
3275.000000,0.000000,0.000000,-0.000000,0.000000,-1.000000,2.000000,-30.000000
3280.000000,0.000000,0.000000,-0.000000,0.000000,9.000000,4.000000,-46.000000
3285.000000,0.000000,0.000000,-0.000000,0.000000,-1.000000,-5.000000,2.000000
3290.000000,0.000000,0.000000,-0.000000,0.000000,-50.000000,-7.000000,69.000000
3295.000000,0.000000,0.000000,-0.000000,0.000000,-1.000000,-7.000000,97.000000
3300.000000,0.000000,0.000000,-0.000000,0.000000,9.000000,-3.000000,77.000000
3305.000000,0.000000,0.000000,-0.000000,0.000000,58.000000,2.000000,20.000000
3310.000000,0.000000,0.000000,-0.000000,0.000000,68.000000,6.000000,-36.000000
3315.000000,0.000000,0.000000,-0.000000,0.000000,-50.000000,4.000000,-51.000000
3320.000000,0.000000,0.000000,-0.000000,0.000000,9.000000,0.000000,-39.000000
3325.000000,0.000000,0.000000,-0.000000,0.000000,-1.000000,-7.000000,35.000000
3330.000000,0.000000,0.000000,-0.000000,0.000000,-1.000000,-7.000000,79.000000
3335.000000,0.000000,0.000000,-0.000000,0.000000,9.000000,-5.000000,86.000000
3340.000000,0.000000,0.000000,-0.000000,0.000000,9.000000,0.000000,64.000000
3345.000000,0.000000,0.000000,-0.000000,0.000000,68.000000,4.000000,-4.000000
3350.000000,0.000000,0.000000,-0.000000,0.000000,-60.000000,4.000000,-33.000000
3355.000000,0.000000,0.000000,-0.000000,0.000000,9.000000,4.000000,-55.000000
3360.000000,0.000000,0.000000,-0.000000,0.000000,9.000000,-3.000000,-19.000000
3365.000000,0.000000,0.000000,-0.000000,0.000000,68.000000,-7.000000,50.000000
3370.000000,0.000000,0.000000,-0.000000,0.000000,9.000000,-7.000000,88.000000
3375.000000,0.000000,0.000000,-0.000000,0.000000,-1.000000,-5.000000,85.000000
3380.000000,0.000000,0.000000,-0.000000,0.000000,-1.000000,2.000000,42.000000
3385.000000,0.000000,0.000000,-0.000000,0.000000,58.000000,4.000000,-14.000000
3390.000000,0.000000,0.000000,-0.000000,0.000000,68.000000,2.000000,-30.000000
3395.000000,0.000000,0.000000,-0.000000,0.000000,-50.000000,4.000000,-46.000000
3400.000000,0.000000,0.000000,-0.000000,0.000000,-9.000000,-5.000000,2.000000
3405.000000,0.000000,0.000000,-0.000000,0.000000,-1.000000,-7.000000,58.000000
3410.000000,0.000000,0.000000,-0.000000,0.000000,-60.000000,-5.000000,76.000000
3415.000000,0.000000,0.000000,-0.000000,0.000000,9.000000,-5.000000,83.000000
3420.000000,0.000000,0.000000,-0.000000,0.000000,-50.000000,2.000000,33.000000
3425.000000,0.000000,0.000000,-0.000000,0.000000,58.000000,4.000000,-19.000000
3430.000000,0.000000,0.000000,-0.000000,0.000000,-1.000000,4.000000,-47.000000
3435.000000,0.000000,0.000000,-0.000000,0.000000,58.000000,2.000000,-49.000000
3440.000000,0.000000,0.000000,-0.000000,0.000000,17.000000,-5.000000,17.000000
3445.000000,0.000000,0.000000,-0.000000,0.000000,68.000000,-7.000000,75.000000
3450.000000,0.000000,0.000000,-0.000000,0.000000,58.000000,-7.000000,103.000000
3455.000000,0.000000,0.000000,-0.000000,0.000000,-50.000000,-5.000000,85.000000
3460.000000,0.000000,0.000000,-0.000000,0.000000,17.000000,2.000000,21.000000
3465.000000,0.000000,0.000000,-0.000000,0.000000,-50.000000,6.000000,-34.000000
3470.000000,0.000000,0.000000,-0.000000,0.000000,9.000000,4.000000,-50.000000
3475.000000,0.000000,0.000000,-0.000000,0.000000,-1.000000,0.000000,-55.000000
3480.000000,0.000000,0.000000,-0.000000,0.000000,-60.000000,-7.000000,25.000000
3485.000000,0.000000,0.000000,-0.000000,0.000000,-1.000000,-7.000000,79.000000
3490.000000,0.000000,0.000000,-0.000000,0.000000,-1.000000,-5.000000,86.000000
3495.000000,0.000000,0.000000,-0.000000,0.000000,9.000000,-3.000000,73.000000
3500.000000,0.000000,0.000000,-0.000000,0.000000,118.000000,4.000000,8.000000
3505.000000,0.000000,0.000000,-0.000000,0.000000,-1.000000,4.000000,-43.000000
3510.000000,0.000000,0.000000,-0.000000,0.000000,-50.000000,4.000000,-53.000000
3515.000000,0.000000,0.000000,-0.000000,0.000000,68.000000,0.000000,-40.000000
3520.000000,0.000000,0.000000,-0.000000,0.000000,9.000000,-5.000000,37.000000
3525.000000,0.000000,0.000000,-0.000000,0.000000,9.000000,-9.000000,92.000000
3530.000000,0.000000,0.000000,-0.000000,0.000000,9.000000,-5.000000,93.000000
3535.000000,0.000000,0.000000,-0.000000,0.000000,17.000000,-3.000000,76.000000
3540.000000,0.000000,0.000000,-0.000000,0.000000,-50.000000,2.000000,2.000000
3545.000000,0.000000,0.000000,-0.000000,0.000000,9.000000,6.000000,-50.000000
3550.000000,0.000000,0.000000,-0.000000,0.000000,17.000000,4.000000,-58.000000
3555.000000,0.000000,0.000000,-0.000000,0.000000,9.000000,-3.000000,-32.000000
3560.000000,0.000000,0.000000,-0.000000,0.000000,9.000000,-9.000000,54.000000
3565.000000,0.000000,0.000000,-0.000000,0.000000,-1.000000,-7.000000,95.000000
3570.000000,0.000000,0.000000,-0.000000,0.000000,58.000000,-5.000000,87.000000
3575.000000,0.000000,0.000000,-0.000000,0.000000,-1.000000,0.000000,56.000000
3580.000000,0.000000,0.000000,-0.000000,0.000000,17.000000,6.000000,-18.000000
3585.000000,0.000000,0.000000,-0.000000,0.000000,-50.000000,2.000000,-39.000000
3590.000000,0.000000,0.000000,-0.000000,0.000000,9.000000,4.000000,-52.000000
3595.000000,0.000000,0.000000,-0.000000,0.000000,9.000000,-3.000000,-21.000000
3600.000000,0.000000,0.000000,-0.000000,0.000000,9.000000,-7.000000,55.000000
3605.000000,0.000000,0.000000,-0.000000,0.000000,76.000000,-9.000000,95.000000
3610.000000,0.000000,0.000000,-0.000000,0.000000,-1.000000,-5.000000,85.000000
3615.000000,0.000000,0.000000,-0.000000,0.000000,-1.000000,0.000000,64.000000
3620.000000,0.000000,0.000000,-0.000000,0.000000,-1.000000,4.000000,-10.000000
3625.000000,0.000000,0.000000,-0.000000,0.000000,9.000000,4.000000,-45.000000
3630.000000,0.000000,0.000000,-0.000000,0.000000,9.000000,4.000000,-54.000000
3635.000000,0.000000,0.000000,-0.000000,0.000000,58.000000,0.000000,-31.000000
3640.000000,0.000000,0.000000,-0.000000,0.000000,58.000000,-5.000000,54.000000
3645.000000,0.000000,0.000000,-0.000000,0.000000,58.000000,-7.000000,96.000000
3650.000000,0.000000,0.000000,-0.000000,0.000000,9.000000,-7.000000,103.000000
3655.000000,0.000000,0.000000,-0.000000,0.000000,9.000000,-3.000000,74.000000
3660.000000,0.000000,0.000000,-0.000000,0.000000,-1.000000,6.000000,-6.000000
3665.000000,0.000000,0.000000,-0.000000,0.000000,9.000000,4.000000,-43.000000
3670.000000,0.000000,0.000000,-0.000000,0.000000,9.000000,4.000000,-53.000000
3675.000000,0.000000,0.000000,-0.000000,0.000000,-50.000000,-3.000000,-27.000000
3680.000000,0.000000,0.000000,-0.000000,0.000000,-1.000000,-9.000000,58.000000
3685.000000,0.000000,0.000000,-0.000000,0.000000,-50.000000,-7.000000,94.000000
3690.000000,0.000000,0.000000,-0.000000,0.000000,50.000000,-5.000000,85.000000
3695.000000,0.000000,0.000000,-0.000000,0.000000,9.000000,-3.000000,68.000000
3700.000000,0.000000,0.000000,-0.000000,0.000000,9.000000,4.000000,-10.000000
3705.000000,0.000000,0.000000,-0.000000,0.000000,9.000000,4.000000,-45.000000
3710.000000,0.000000,0.000000,-0.000000,0.000000,-50.000000,4.000000,-53.000000
3715.000000,0.000000,0.000000,-0.000000,0.000000,-50.000000,-3.000000,-19.000000
3720.000000,0.000000,0.000000,-0.000000,0.000000,9.000000,-7.000000,57.000000
3725.000000,0.000000,0.000000,-0.000000,0.000000,9.000000,-7.000000,88.000000
3730.000000,0.000000,0.000000,-0.000000,0.000000,17.000000,-5.000000,89.000000
3735.000000,0.000000,0.000000,-0.000000,0.000000,9.000000,2.000000,44.000000
3740.000000,0.000000,0.000000,-0.000000,0.000000,9.000000,4.000000,-15.000000
3745.000000,0.000000,0.000000,-0.000000,0.000000,-60.000000,4.000000,-43.000000
3750.000000,0.000000,0.000000,-0.000000,0.000000,17.000000,4.000000,-53.000000
3755.000000,0.000000,0.000000,-0.000000,0.000000,-1.000000,-3.000000,0.000000
3760.000000,0.000000,0.000000,-0.000000,0.000000,-9.000000,-9.000000,80.000000
3765.000000,0.000000,0.000000,-0.000000,0.000000,58.000000,-7.000000,100.000000
3770.000000,0.000000,0.000000,-0.000000,0.000000,68.000000,-5.000000,84.000000
3775.000000,0.000000,0.000000,-0.000000,0.000000,9.000000,4.000000,22.000000
3780.000000,0.000000,0.000000,-0.000000,0.000000,68.000000,4.000000,-26.000000
3785.000000,6000.000000,23.000000,6.520000,16384.000000,12077.000000,-42.000000,-16384.000000
3790.000000,6000.000000,219.000000,103.389267,16384.000000,13700.000000,-233.000000,-16384.000000
3795.000000,6000.000000,627.000000,360.989929,16384.000000,14053.000000,-653.000000,-16384.000000
3800.000000,6000.000000,966.000000,694.522766,16384.000000,14195.000000,-976.000000,-16384.000000
3805.000000,6000.000000,1320.000000,1043.259888,16384.000000,14421.000000,-1317.000000,-16384.000000
3810.000000,6000.000000,1680.000000,1393.598145,16384.000000,14706.000000,-1618.000000,-16384.000000
3815.000000,6000.000000,2036.000000,1748.710571,16384.000000,13801.000000,-1978.000000,-16384.000000
3820.000000,6000.000000,2354.000000,2092.159180,16384.000000,13487.000000,-2296.000000,-16384.000000
3825.000000,6000.000000,2709.000000,2451.978271,16384.000000,13714.000000,-2658.000000,-16384.000000
3830.000000,6000.000000,3107.000000,2806.538574,16384.000000,13976.000000,-2978.000000,-16384.000000
3835.000000,6000.000000,3454.000000,3150.989258,16384.000000,13865.000000,-3309.000000,-16384.000000
3840.000000,6000.000000,3749.000000,3480.341064,16384.000000,12494.000000,-3635.000000,-16384.000000
3845.000000,6000.000000,4105.000000,3833.225830,16384.000000,12864.000000,-4035.000000,-16384.000000
3850.000000,6000.000000,4392.000000,4151.221680,16384.000000,11909.000000,-4322.000000,-16384.000000
3855.000000,6000.000000,4695.000000,4452.914551,16384.000000,10787.000000,-4625.000000,-16384.000000
3860.000000,6000.000000,4972.000000,4761.290527,16384.000000,10219.000000,-4891.000000,-16384.000000
3865.000000,6000.000000,5250.000000,5033.926270,14491.000000,9670.000000,-5163.000000,-15805.000000
3870.000000,6000.000000,5509.000000,5292.674805,10612.000000,9230.000000,-5412.000000,-11939.000000
3875.000000,6000.000000,5698.000000,5525.427246,7122.000000,8079.000000,-5625.000000,-8361.000000
3880.000000,6000.000000,5909.000000,5746.729492,3803.000000,9353.000000,-5862.000000,-4884.000000
3885.000000,6000.000000,6104.000000,5951.438965,733.000000,6702.000000,-6052.000000,-1756.000000
3890.000000,6000.000000,6259.000000,6134.252930,-2008.000000,3884.000000,-6280.000000,1507.000000
3895.000000,6000.000000,6325.000000,6250.071289,-3746.000000,1545.000000,-6429.000000,4404.000000
3900.000000,6000.000000,6305.000000,6298.314453,-4471.000000,-1411.000000,-6454.000000,6095.000000
3905.000000,6000.000000,6227.000000,6269.794434,-4043.000000,-2809.000000,-6333.000000,5812.000000
3910.000000,6000.000000,6110.000000,6193.079102,-2893.000000,-4273.000000,-6151.000000,4034.000000
3915.000000,6000.000000,6039.000000,6106.516602,-1595.000000,-3506.000000,-5990.000000,1692.000000
3920.000000,6000.000000,5951.000000,6023.327148,-347.000000,-2602.000000,-5908.000000,-117.000000
3925.000000,6000.000000,5936.000000,5971.060059,436.000000,-1599.000000,-5872.000000,-1268.000000
3930.000000,6000.000000,5905.000000,5933.745605,995.000000,-352.000000,-5877.000000,-1648.000000
3935.000000,6000.000000,5928.000000,5926.070801,1111.000000,907.000000,-5912.000000,-1639.000000
3940.000000,6000.000000,5943.000000,5929.940430,1053.000000,1079.000000,-5941.000000,-1231.000000
3945.000000,6000.000000,5963.000000,5944.627930,833.000000,1107.000000,-5987.000000,-777.000000
3950.000000,6000.000000,5995.000000,5967.159180,495.000000,861.000000,-6002.000000,-280.000000
3955.000000,6000.000000,6005.000000,5984.983398,228.000000,868.000000,-6031.000000,52.000000
3960.000000,6000.000000,6028.000000,6004.631836,-66.000000,572.000000,-6027.000000,313.000000
3965.000000,6000.000000,6028.000000,6014.557129,-215.000000,435.000000,-6036.000000,374.000000
3970.000000,6000.000000,6030.000000,6020.413086,-303.000000,155.000000,-6019.000000,388.000000
3975.000000,6000.000000,6022.000000,6018.935547,-281.000000,283.000000,-6019.000000,252.000000
3980.000000,6000.000000,6012.000000,6013.078613,-193.000000,10.000000,-6000.000000,146.000000
3985.000000,6000.000000,6005.000000,6007.094727,-103.000000,-7.000000,-6000.000000,-18.000000
3990.000000,6000.000000,5997.000000,6000.246582,-1.000000,28.000000,-5987.000000,-77.000000
3995.000000,6000.000000,5982.000000,5992.608398,113.000000,-619.000000,-5996.000000,-168.000000
4000.000000,6000.000000,5986.000000,5987.633301,188.000000,-595.000000,-5987.000000,-146.000000
4005.000000,6000.000000,5993.000000,5988.603516,173.000000,483.000000,-5998.000000,-181.000000
4010.000000,6000.000000,5997.000000,5990.101563,151.000000,335.000000,-5992.000000,-118.000000
4015.000000,6000.000000,5999.000000,5994.148926,90.000000,559.000000,-6004.000000,-116.000000
4020.000000,6000.000000,6003.000000,5994.866699,79.000000,201.000000,-5981.000000,-34.000000
4025.000000,6000.000000,6001.000000,5994.859375,79.000000,494.000000,-5996.000000,-35.000000
4030.000000,6000.000000,6007.000000,5998.946289,18.000000,324.000000,-5983.000000,4.000000
4035.000000,6000.000000,6003.000000,6000.104980,1.000000,430.000000,-5996.000000,-16.000000
4040.000000,6000.000000,5999.000000,5999.229004,14.000000,-615.000000,-5983.000000,-62.000000
4045.000000,6000.000000,6001.000000,5996.340820,57.000000,424.000000,-5994.000000,-54.000000
4050.000000,6000.000000,6005.000000,5997.431641,41.000000,310.000000,-5981.000000,-76.000000
4055.000000,6000.000000,5989.000000,5995.083008,76.000000,-14.000000,-5992.000000,-85.000000
4060.000000,6000.000000,5993.000000,5996.114258,61.000000,1.000000,-5981.000000,-103.000000
4065.000000,6000.000000,5986.000000,5992.190430,119.000000,-572.000000,-5992.000000,-99.000000
4070.000000,6000.000000,5997.000000,5996.099609,61.000000,-458.000000,-5983.000000,-105.000000
4075.000000,6000.000000,5986.000000,5992.185547,120.000000,-651.000000,-5992.000000,-96.000000
4080.000000,6000.000000,5997.000000,5996.417969,56.000000,-396.000000,-5985.000000,-89.000000
4085.000000,6000.000000,5986.000000,5992.494629,115.000000,-467.000000,-5994.000000,-81.000000
4090.000000,6000.000000,5997.000000,5996.724121,52.000000,-475.000000,-5987.000000,-82.000000
4095.000000,6000.000000,5986.000000,5992.594727,113.000000,-440.000000,-5994.000000,-66.000000
4100.000000,6000.000000,5997.000000,5997.893066,34.000000,-69.000000,-5987.000000,-60.000000
4105.000000,6000.000000,5989.000000,5992.814453,110.000000,-466.000000,-5996.000000,-46.000000
4110.000000,6000.000000,5997.000000,5998.717285,22.000000,-80.000000,-5990.000000,-49.000000
4115.000000,6000.000000,5986.000000,5990.596191,143.000000,-450.000000,-5994.000000,-47.000000
4120.000000,6000.000000,5997.000000,5997.075195,46.000000,-205.000000,-5987.000000,-62.000000
4125.000000,6000.000000,5989.000000,5992.321777,118.000000,-473.000000,-5994.000000,-74.000000
4130.000000,6000.000000,5995.000000,5997.672852,37.000000,-132.000000,-5985.000000,-84.000000
4135.000000,6000.000000,5986.000000,5991.437988,131.000000,-417.000000,-5992.000000,-94.000000
4140.000000,6000.000000,5995.000000,5998.000977,32.000000,-96.000000,-5987.000000,-90.000000
4145.000000,6000.000000,5986.000000,5991.545410,129.000000,-541.000000,-5992.000000,-92.000000
4150.000000,6000.000000,5993.000000,5997.543457,39.000000,-247.000000,-5990.000000,-80.000000
4155.000000,6000.000000,5984.000000,5991.219727,134.000000,-545.000000,-5992.000000,-88.000000
4160.000000,6000.000000,5993.000000,5996.953125,48.000000,-132.000000,-5992.000000,-64.000000
4165.000000,6000.000000,5984.000000,5990.084961,151.000000,-490.000000,-5994.000000,-66.000000
4170.000000,6000.000000,5991.000000,5995.960938,63.000000,-132.000000,-5992.000000,-50.000000
4175.000000,6000.000000,5982.000000,5989.360352,162.000000,-266.000000,-5994.000000,-51.000000
4180.000000,6000.000000,5991.000000,5996.795898,51.000000,115.000000,-5994.000000,-30.000000
4185.000000,6000.000000,5982.000000,5989.262695,164.000000,-384.000000,-5994.000000,-41.000000
4190.000000,6000.000000,5991.000000,5996.764648,51.000000,-59.000000,-5994.000000,-38.000000
4195.000000,6000.000000,5984.000000,5990.187012,150.000000,-373.000000,-5992.000000,-64.000000
4200.000000,6000.000000,5991.000000,5997.538086,40.000000,551.000000,-5994.000000,-50.000000
4205.000000,6000.000000,5984.000000,5990.225586,149.000000,-475.000000,-5992.000000,-74.000000
4210.000000,6000.000000,5991.000000,5997.550781,39.000000,518.000000,-5992.000000,-67.000000
4215.000000,6000.000000,5982.000000,5989.993164,153.000000,68.000000,-5990.000000,-95.000000
4220.000000,6000.000000,5989.000000,5997.238281,44.000000,-88.000000,-5992.000000,-75.000000
4225.000000,6000.000000,5982.000000,5989.471680,161.000000,-438.000000,-5990.000000,-98.000000
4230.000000,6000.000000,5989.000000,5996.683594,52.000000,-205.000000,-5994.000000,-79.000000
4235.000000,6000.000000,5982.000000,5988.700684,172.000000,2.000000,-5990.000000,-82.000000
4240.000000,6000.000000,5989.000000,5996.699219,52.000000,334.000000,-5996.000000,-50.000000
4245.000000,6000.000000,5982.000000,5989.294434,163.000000,250.000000,-5990.000000,-90.000000
4250.000000,6000.000000,5989.000000,5997.150391,46.000000,653.000000,-5994.000000,-54.000000
4255.000000,6000.000000,5984.000000,5989.637695,158.000000,254.000000,-5990.000000,-84.000000
4260.000000,6000.000000,5989.000000,5997.508789,40.000000,293.000000,-5996.000000,-47.000000
4265.000000,6000.000000,5982.000000,5988.971191,168.000000,-228.000000,-5992.000000,-88.000000
4270.000000,6000.000000,5989.000000,5997.290039,43.000000,252.000000,-5994.000000,-58.000000
4275.000000,6000.000000,5982.000000,5988.323242,178.000000,-310.000000,-5990.000000,-100.000000
4280.000000,6000.000000,5989.000000,5997.282227,44.000000,255.000000,-5994.000000,-64.000000
4285.000000,6000.000000,5982.000000,5988.641113,173.000000,-352.000000,-5990.000000,-106.000000
4290.000000,6000.000000,5989.000000,5997.934570,34.000000,166.000000,-5994.000000,-69.000000
4295.000000,6000.000000,5984.000000,5989.683594,158.000000,-417.000000,-5990.000000,-108.000000
4300.000000,6000.000000,5986.000000,5997.420410,42.000000,-8.000000,-5994.000000,-66.000000
4305.000000,6000.000000,6012.000000,5989.514648,160.000000,445.000000,-5990.000000,-102.000000
4310.000000,6000.000000,5991.000000,5997.364746,42.000000,367.000000,-5996.000000,-45.000000
4315.000000,6000.000000,6012.000000,5989.019531,168.000000,454.000000,-5992.000000,-88.000000
4320.000000,6000.000000,5991.000000,5993.716309,97.000000,365.000000,-5996.000000,-41.000000
4325.000000,6000.000000,6012.000000,5993.423828,102.000000,444.000000,-5992.000000,-89.000000
4330.000000,6000.000000,5991.000000,5996.063477,62.000000,479.000000,-5996.000000,-41.000000
4335.000000,6000.000000,6014.000000,5994.339355,88.000000,432.000000,-5992.000000,-86.000000
4340.000000,6000.000000,5991.000000,5995.738281,67.000000,474.000000,-5994.000000,-46.000000
4345.000000,6000.000000,6014.000000,5994.281738,89.000000,423.000000,-5992.000000,-90.000000
4350.000000,6000.000000,5991.000000,5996.660645,53.000000,525.000000,-5996.000000,-51.000000
4355.000000,6000.000000,6014.000000,5994.215332,90.000000,471.000000,-5990.000000,-102.000000
4360.000000,6000.000000,5991.000000,5996.158691,61.000000,498.000000,-5994.000000,-54.000000
4365.000000,6000.000000,6016.000000,5995.190430,75.000000,189.000000,-5992.000000,-97.000000
4370.000000,6000.000000,5991.000000,5996.272949,59.000000,247.000000,-5994.000000,-57.000000
4375.000000,6000.000000,6014.000000,5994.303223,89.000000,201.000000,-5992.000000,-100.000000
4380.000000,6000.000000,5989.000000,5996.002441,63.000000,142.000000,-5996.000000,-45.000000
4385.000000,6000.000000,6012.000000,5994.134277,91.000000,209.000000,-5994.000000,-87.000000
4390.000000,6000.000000,5986.000000,5995.142090,76.000000,289.000000,-5994.000000,-46.000000
4395.000000,6000.000000,6012.000000,5993.852539,95.000000,-424.000000,-5994.000000,-80.000000
4400.000000,6000.000000,5986.000000,5994.885742,80.000000,-506.000000,-5996.000000,-37.000000
4405.000000,6000.000000,6014.000000,5994.055664,92.000000,-172.000000,-5994.000000,-77.000000
4410.000000,6000.000000,5986.000000,5995.500977,71.000000,-282.000000,-5994.000000,-41.000000
4415.000000,6000.000000,6012.000000,5994.501465,86.000000,-435.000000,-5994.000000,-75.000000
4420.000000,6000.000000,5984.000000,5995.246582,75.000000,-963.000000,-5994.000000,-43.000000
4425.000000,6000.000000,6012.000000,5993.938477,94.000000,389.000000,-5994.000000,-78.000000
4430.000000,6000.000000,5984.000000,5994.856934,80.000000,427.000000,-5994.000000,-58.000000
4435.000000,6000.000000,6014.000000,5995.266602,74.000000,-53.000000,-5998.000000,-78.000000
4440.000000,6000.000000,5984.000000,5994.908691,80.000000,4.000000,-5994.000000,-54.000000
4445.000000,6000.000000,6012.000000,5995.088379,77.000000,68.000000,-5996.000000,-76.000000
4450.000000,6000.000000,5984.000000,5995.713867,68.000000,51.000000,-5996.000000,-57.000000
4455.000000,6000.000000,6012.000000,5994.571289,85.000000,9.000000,-5996.000000,-72.000000
4460.000000,6000.000000,5982.000000,5994.664551,83.000000,-508.000000,-5996.000000,-47.000000
4465.000000,6000.000000,6012.000000,5994.803711,81.000000,109.000000,-5996.000000,-60.000000
4470.000000,6000.000000,5982.000000,5994.372070,88.000000,125.000000,-5998.000000,-37.000000
4475.000000,6000.000000,6012.000000,5994.387695,88.000000,200.000000,-5996.000000,-60.000000
4480.000000,6000.000000,5980.000000,5994.040527,93.000000,211.000000,-5994.000000,-60.000000
4485.000000,6000.000000,6010.000000,5994.198730,90.000000,282.000000,-5994.000000,-81.000000
4490.000000,6000.000000,5980.000000,5994.398438,87.000000,351.000000,-5996.000000,-61.000000
4495.000000,6000.000000,6007.000000,5993.716309,98.000000,-279.000000,-5994.000000,-89.000000
4500.000000,6000.000000,5980.000000,5994.812500,81.000000,-477.000000,-5996.000000,-63.000000
4505.000000,6000.000000,6010.000000,5995.076660,77.000000,-269.000000,-5992.000000,-96.000000
4510.000000,6000.000000,5980.000000,5995.422363,72.000000,-437.000000,-5996.000000,-59.000000
4515.000000,6000.000000,6010.000000,5995.596680,70.000000,-186.000000,-5992.000000,-83.000000
4520.000000,6000.000000,5978.000000,5995.192383,76.000000,-270.000000,-5998.000000,-53.000000
4525.000000,6000.000000,6016.000000,5994.459961,87.000000,-303.000000,-5992.000000,-85.000000
4530.000000,6000.000000,5986.000000,5995.479492,71.000000,-190.000000,-6000.000000,-43.000000
4535.000000,6000.000000,6014.000000,5999.563477,10.000000,-328.000000,-5994.000000,-72.000000
4540.000000,6000.000000,5986.000000,5991.719727,128.000000,-107.000000,-6000.000000,-39.000000
4545.000000,6000.000000,6014.000000,5996.936523,50.000000,-325.000000,-5994.000000,-67.000000
4550.000000,6000.000000,5986.000000,5990.374512,148.000000,21.000000,-5998.000000,-54.000000
4555.000000,6000.000000,6014.000000,5996.915527,50.000000,-183.000000,-5992.000000,-81.000000
4560.000000,6000.000000,5989.000000,5991.288086,134.000000,-48.000000,-6000.000000,-57.000000
4565.000000,6000.000000,6016.000000,5997.499512,41.000000,-171.000000,-5992.000000,-87.000000
4570.000000,6000.000000,5989.000000,5991.323242,134.000000,-80.000000,-6000.000000,-55.000000
4575.000000,6000.000000,6016.000000,5998.456055,27.000000,-282.000000,-5990.000000,-95.000000
4580.000000,6000.000000,5991.000000,5992.945313,109.000000,-123.000000,-6000.000000,-66.000000
4585.000000,6000.000000,6018.000000,5999.387695,13.000000,-282.000000,-5992.000000,-91.000000
4590.000000,6000.000000,5993.000000,5994.275391,90.000000,-203.000000,-6002.000000,-56.000000
4595.000000,6000.000000,6016.000000,5999.218262,15.000000,-315.000000,-5992.000000,-95.000000
4600.000000,6000.000000,5991.000000,5992.718750,113.000000,-202.000000,-6002.000000,-58.000000
4605.000000,6000.000000,6018.000000,5998.788086,22.000000,-309.000000,-5994.000000,-78.000000
4610.000000,6000.000000,5991.000000,5992.465332,117.000000,-196.000000,-5996.000000,-50.000000
4615.000000,6000.000000,6018.000000,5998.869629,21.000000,-327.000000,-5994.000000,-85.000000
4620.000000,6000.000000,5993.000000,5991.768066,127.000000,91.000000,-5998.000000,-40.000000
4625.000000,6000.000000,6016.000000,5997.920898,35.000000,-127.000000,-5992.000000,-83.000000
4630.000000,6000.000000,5993.000000,5991.534180,131.000000,82.000000,-5998.000000,-62.000000
4635.000000,6000.000000,6016.000000,5998.264160,30.000000,-181.000000,-5992.000000,-97.000000
4640.000000,6000.000000,5995.000000,5992.046387,123.000000,47.000000,-5998.000000,-50.000000
4645.000000,6000.000000,6016.000000,5998.432129,27.000000,-129.000000,-5992.000000,-83.000000
4650.000000,6000.000000,5995.000000,5992.521484,116.000000,260.000000,-5998.000000,-40.000000
4655.000000,6000.000000,6018.000000,5999.243164,15.000000,-245.000000,-5992.000000,-79.000000
4660.000000,6000.000000,5995.000000,5993.106934,107.000000,-18.000000,-5996.000000,-47.000000
4665.000000,6000.000000,6018.000000,5999.342773,14.000000,-287.000000,-5990.000000,-87.000000
4670.000000,6000.000000,5995.000000,5992.614746,115.000000,-164.000000,-5996.000000,-57.000000
4675.000000,6000.000000,6016.000000,5998.782227,22.000000,-363.000000,-5990.000000,-86.000000
4680.000000,6000.000000,5995.000000,5992.226563,121.000000,-123.000000,-5996.000000,-49.000000
4685.000000,6000.000000,6018.000000,5998.325195,29.000000,-318.000000,-5992.000000,-77.000000
4690.000000,6000.000000,5995.000000,5992.077148,123.000000,155.000000,-5996.000000,-43.000000
4695.000000,6000.000000,6016.000000,5998.131836,32.000000,-17.000000,-5992.000000,-69.000000
4700.000000,6000.000000,5997.000000,5992.669434,114.000000,183.000000,-5996.000000,-40.000000
4705.000000,6000.000000,6018.000000,5999.250977,15.000000,-20.000000,-5990.000000,-74.000000
4710.000000,6000.000000,5997.000000,5992.575684,115.000000,81.000000,-5996.000000,-46.000000
4715.000000,6000.000000,6018.000000,5999.721680,8.000000,-147.000000,-5990.000000,-78.000000
4720.000000,6000.000000,5999.000000,5993.385742,103.000000,145.000000,-5994.000000,-57.000000
4725.000000,6000.000000,5995.000000,5999.667480,9.000000,502.000000,-5987.000000,-83.000000
4730.000000,6000.000000,5986.000000,5993.572754,100.000000,320.000000,-5985.000000,-90.000000
4735.000000,6000.000000,5995.000000,5998.918945,20.000000,594.000000,-6008.000000,-64.000000
4740.000000,6000.000000,5989.000000,5992.071289,123.000000,247.000000,-5985.000000,-113.000000
4745.000000,6000.000000,5993.000000,5997.707031,38.000000,226.000000,-5990.000000,-81.000000
4750.000000,6000.000000,5991.000000,5992.229980,121.000000,309.000000,-5994.000000,-67.000000
4755.000000,6000.000000,5993.000000,5997.543945,41.000000,367.000000,-5990.000000,-81.000000
4760.000000,6000.000000,5991.000000,5992.473633,117.000000,388.000000,-5992.000000,-57.000000
4765.000000,6000.000000,5993.000000,5997.623535,40.000000,305.000000,-5990.000000,-68.000000
4770.000000,6000.000000,5991.000000,5992.499023,117.000000,388.000000,-5994.000000,-75.000000
4775.000000,6000.000000,5993.000000,5997.888184,36.000000,369.000000,-5990.000000,-74.000000
4780.000000,6000.000000,5991.000000,5992.586914,115.000000,335.000000,-5987.000000,-102.000000
4785.000000,6000.000000,5995.000000,5997.833008,37.000000,553.000000,-6011.000000,-27.000000
4790.000000,6000.000000,5991.000000,5992.772949,113.000000,-142.000000,-5990.000000,-76.000000
4795.000000,6000.000000,5993.000000,5997.813965,37.000000,483.000000,-5998.000000,-16.000000
4800.000000,6000.000000,5991.000000,5992.603027,115.000000,397.000000,-5996.000000,-118.000000
4805.000000,6000.000000,5993.000000,5997.963379,35.000000,594.000000,-5998.000000,-72.000000
4810.000000,6000.000000,5993.000000,5993.308105,105.000000,55.000000,-5998.000000,-81.000000
4815.000000,6000.000000,5995.000000,5998.594238,25.000000,-29.000000,-5996.000000,-38.000000
4820.000000,6000.000000,5991.000000,5993.114746,108.000000,18.000000,-5998.000000,-84.000000
4825.000000,6000.000000,5991.000000,5997.779297,38.000000,74.000000,-6000.000000,-17.000000
4830.000000,6000.000000,5993.000000,5992.664063,114.000000,-400.000000,-5998.000000,-75.000000
4835.000000,6000.000000,5991.000000,5997.467773,42.000000,246.000000,-6000.000000,-10.000000
4840.000000,6000.000000,5993.000000,5992.817871,112.000000,132.000000,-6000.000000,-66.000000
4845.000000,6000.000000,5993.000000,5997.723633,38.000000,-415.000000,-5998.000000,-21.000000
4850.000000,6000.000000,5995.000000,5993.465820,102.000000,-151.000000,-5998.000000,-79.000000
4855.000000,6000.000000,5991.000000,5997.215820,46.000000,-606.000000,-6000.000000,-8.000000
4860.000000,6000.000000,5995.000000,5992.815430,112.000000,-105.000000,-6002.000000,-67.000000
4865.000000,6000.000000,5991.000000,5997.258789,45.000000,491.000000,-6000.000000,-11.000000
4870.000000,6000.000000,5993.000000,5992.913086,111.000000,470.000000,-6000.000000,-76.000000
4875.000000,6000.000000,5991.000000,5997.175781,47.000000,-276.000000,-5996.000000,-40.000000
4880.000000,6000.000000,5995.000000,5993.634277,100.000000,-132.000000,-6000.000000,-95.000000
4885.000000,6000.000000,5993.000000,5998.377930,29.000000,-255.000000,-5996.000000,-41.000000
4890.000000,6000.000000,5997.000000,5994.633301,85.000000,-364.000000,-6000.000000,-91.000000
4895.000000,6000.000000,5993.000000,5998.910156,21.000000,-187.000000,-5998.000000,-26.000000
4900.000000,6000.000000,5997.000000,5995.012207,79.000000,-96.000000,-6002.000000,-80.000000
4905.000000,6000.000000,5993.000000,5998.468262,27.000000,-141.000000,-5998.000000,-18.000000
4910.000000,6000.000000,5997.000000,5994.178711,92.000000,-163.000000,-6002.000000,-68.000000
4915.000000,6000.000000,5991.000000,5996.854492,52.000000,93.000000,-5998.000000,-5.000000
4920.000000,6000.000000,5986.000000,5991.129883,138.000000,179.000000,-6002.000000,-59.000000
4925.000000,6000.000000,5980.000000,5993.036133,109.000000,-398.000000,-5998.000000,-11.000000
4930.000000,6000.000000,5986.000000,5991.842285,127.000000,169.000000,-6002.000000,-65.000000
4935.000000,6000.000000,5982.000000,5993.766602,98.000000,-124.000000,-5996.000000,-26.000000
4940.000000,6000.000000,5986.000000,5992.245605,121.000000,483.000000,-6002.000000,-73.000000
4945.000000,6000.000000,5980.000000,5993.662598,100.000000,-291.000000,-5994.000000,-31.000000
4950.000000,6000.000000,5989.000000,5992.760254,113.000000,345.000000,-6002.000000,-86.000000
4955.000000,6000.000000,5978.000000,5993.226563,106.000000,-268.000000,-5996.000000,-28.000000
4960.000000,6000.000000,5986.000000,5992.500977,117.000000,371.000000,-6000.000000,-91.000000
4965.000000,6000.000000,5978.000000,5992.629395,115.000000,-306.000000,-5996.000000,-38.000000
4970.000000,6000.000000,5986.000000,5992.510254,117.000000,261.000000,-5992.000000,-75.000000
4975.000000,6000.000000,5980.000000,5993.813477,97.000000,-400.000000,-5975.000000,-31.000000
4980.000000,6000.000000,5989.000000,5993.242188,106.000000,240.000000,-5992.000000,-69.000000
4985.000000,6000.000000,5978.000000,5993.241211,106.000000,-388.000000,-5975.000000,-43.000000
4990.000000,6000.000000,5989.000000,5993.054688,109.000000,149.000000,-5990.000000,-71.000000
4995.000000,6000.000000,5978.000000,5993.179199,107.000000,88.000000,-5975.000000,-93.000000
5000.000000,6000.000000,5986.000000,5990.098633,153.000000,631.000000,-5992.000000,-78.000000
5005.000000,6000.000000,5978.000000,5991.586426,131.000000,145.000000,-5977.000000,-101.000000
5010.000000,6000.000000,5989.000000,5992.461426,118.000000,482.000000,-5992.000000,-91.000000
5015.000000,6000.000000,5976.000000,5991.909180,126.000000,-72.000000,-5977.000000,-109.000000
5020.000000,6000.000000,5989.000000,5992.886719,111.000000,509.000000,-5992.000000,-93.000000
5025.000000,6000.000000,5978.000000,5992.932617,111.000000,-138.000000,-5979.000000,-104.000000
5030.000000,6000.000000,5991.000000,5993.827148,97.000000,504.000000,-5992.000000,-89.000000
5035.000000,6000.000000,5978.000000,5993.701660,99.000000,-113.000000,-5979.000000,-95.000000
5040.000000,6000.000000,5991.000000,5994.120117,93.000000,488.000000,-5994.000000,-78.000000
5045.000000,6000.000000,5978.000000,5993.705566,99.000000,-202.000000,-5981.000000,-85.000000
5050.000000,6000.000000,6018.000000,5999.877441,7.000000,667.000000,-5992.000000,-78.000000
5055.000000,6000.000000,6007.000000,5995.907227,66.000000,240.000000,-5981.000000,-89.000000
5060.000000,6000.000000,6020.000000,5998.746094,24.000000,830.000000,-5994.000000,-73.000000
5065.000000,6000.000000,6007.000000,5994.591309,86.000000,171.000000,-5981.000000,-90.000000
5070.000000,6000.000000,6018.000000,5998.078613,34.000000,722.000000,-5994.000000,-71.000000
5075.000000,6000.000000,6007.000000,5994.536621,87.000000,23.000000,-5981.000000,-90.000000
5080.000000,6000.000000,6016.000000,5997.609375,41.000000,840.000000,-5994.000000,-71.000000
5085.000000,6000.000000,6007.000000,5994.549316,87.000000,24.000000,-5983.000000,-83.000000
5090.000000,6000.000000,6016.000000,5997.613281,41.000000,792.000000,-5994.000000,-73.000000
5095.000000,6000.000000,6007.000000,5994.550781,87.000000,222.000000,-5985.000000,-84.000000
5100.000000,6000.000000,6018.000000,5999.074219,19.000000,850.000000,-5994.000000,-80.000000
5105.000000,6000.000000,6007.000000,5995.490234,73.000000,229.000000,-5985.000000,-87.000000
5110.000000,6000.000000,6018.000000,5999.944824,6.000000,775.000000,-5992.000000,-92.000000
5115.000000,6000.000000,6010.000000,5996.654297,55.000000,232.000000,-5985.000000,-89.000000
5120.000000,6000.000000,6016.000000,5999.544922,12.000000,687.000000,-5994.000000,-70.000000
5125.000000,6000.000000,6007.000000,5995.695801,70.000000,171.000000,-5987.000000,-79.000000
5130.000000,6000.000000,5995.000000,6002.665039,-34.000000,50.000000,-5994.000000,-70.000000
5135.000000,6000.000000,5986.000000,5992.180664,122.000000,14.000000,-5990.000000,-65.000000
5140.000000,6000.000000,5995.000000,5997.146973,48.000000,151.000000,-5994.000000,-57.000000
5145.000000,6000.000000,5986.000000,5991.799316,128.000000,284.000000,-5990.000000,-57.000000
5150.000000,6000.000000,5995.000000,5997.062988,49.000000,330.000000,-5994.000000,-62.000000
5155.000000,6000.000000,5989.000000,5992.586914,116.000000,285.000000,-5990.000000,-67.000000
5160.000000,6000.000000,5995.000000,5997.577148,41.000000,410.000000,-5996.000000,-70.000000
5165.000000,6000.000000,5989.000000,5992.755371,114.000000,347.000000,-5996.000000,-54.000000
5170.000000,6000.000000,5995.000000,5998.051758,34.000000,424.000000,-5996.000000,-27.000000
5175.000000,6000.000000,5989.000000,5993.361328,105.000000,212.000000,-5996.000000,-37.000000
5180.000000,6000.000000,5997.000000,5998.793945,23.000000,495.000000,-5992.000000,-89.000000
5185.000000,6000.000000,5989.000000,5993.604492,101.000000,203.000000,-5994.000000,-92.000000
5190.000000,6000.000000,5995.000000,5998.473633,28.000000,-224.000000,-5992.000000,-108.000000
5195.000000,6000.000000,5991.000000,5993.128906,108.000000,-76.000000,-5992.000000,-91.000000
5200.000000,6000.000000,5995.000000,5997.421875,44.000000,-192.000000,-5992.000000,-101.000000
5205.000000,6000.000000,5991.000000,5992.300781,121.000000,-7.000000,-5996.000000,-61.000000
5210.000000,6000.000000,5995.000000,5997.726563,39.000000,-209.000000,-5994.000000,-74.000000
5215.000000,6000.000000,5993.000000,5992.544434,117.000000,44.000000,-5998.000000,-40.000000
5220.000000,6000.000000,5995.000000,5997.690918,40.000000,51.000000,-5992.000000,-65.000000
5225.000000,6000.000000,5993.000000,5992.993164,110.000000,256.000000,-5994.000000,-53.000000
5230.000000,6000.000000,5997.000000,5997.850586,38.000000,201.000000,-5990.000000,-89.000000
5235.000000,6000.000000,5995.000000,5993.702148,100.000000,141.000000,-5994.000000,-67.000000
5240.000000,6000.000000,5997.000000,5998.410156,29.000000,240.000000,-5990.000000,-103.000000
5245.000000,6000.000000,5995.000000,5993.629395,101.000000,216.000000,-5994.000000,-73.000000
5250.000000,6000.000000,5999.000000,5998.991211,20.000000,-681.000000,-5990.000000,-97.000000
5255.000000,6000.000000,5995.000000,5993.919434,97.000000,-363.000000,-5994.000000,-63.000000
5260.000000,6000.000000,5997.000000,5998.737305,24.000000,-609.000000,-5990.000000,-93.000000
5265.000000,6000.000000,5995.000000,5993.096680,109.000000,-303.000000,-5994.000000,-57.000000
5270.000000,6000.000000,5997.000000,5998.672852,25.000000,-731.000000,-5992.000000,-85.000000
5275.000000,6000.000000,5997.000000,5993.475586,103.000000,-625.000000,-5996.000000,-52.000000
5280.000000,6000.000000,5997.000000,5998.016113,35.000000,-66.000000,-5990.000000,-85.000000
5285.000000,6000.000000,5999.000000,5993.752441,99.000000,-111.000000,-5996.000000,-40.000000
5290.000000,6000.000000,5997.000000,5997.622559,41.000000,-321.000000,-5992.000000,-75.000000
5295.000000,6000.000000,5997.000000,5993.066895,109.000000,-97.000000,-5996.000000,-39.000000
5300.000000,6000.000000,5999.000000,5997.961914,36.000000,-293.000000,-5992.000000,-79.000000
5305.000000,6000.000000,5997.000000,5993.341797,105.000000,-69.000000,-5994.000000,-56.000000
5310.000000,6000.000000,5999.000000,5998.308105,31.000000,-2.000000,-5990.000000,-100.000000
5315.000000,6000.000000,5999.000000,5993.691406,100.000000,8.000000,-5994.000000,-59.000000
5320.000000,6000.000000,6001.000000,5998.822754,23.000000,48.000000,-5990.000000,-103.000000
5325.000000,6000.000000,6001.000000,5994.424316,89.000000,-564.000000,-5994.000000,-58.000000
5330.000000,6000.000000,5999.000000,5998.086914,34.000000,-657.000000,-5990.000000,-110.000000
5335.000000,6000.000000,5986.000000,5994.387695,90.000000,-234.000000,-5994.000000,-60.000000
5340.000000,6000.000000,5986.000000,5997.754883,39.000000,-4.000000,-5990.000000,-105.000000
5345.000000,6000.000000,6001.000000,5994.074219,94.000000,-492.000000,-5996.000000,-45.000000
5350.000000,6000.000000,6001.000000,5996.721191,55.000000,-614.000000,-5992.000000,-84.000000
5355.000000,6000.000000,5986.000000,5992.955078,111.000000,-379.000000,-5998.000000,-35.000000
5360.000000,6000.000000,5984.000000,5995.353027,75.000000,-107.000000,-6008.000000,-72.000000
5365.000000,6000.000000,5986.000000,5992.186523,123.000000,-404.000000,-5996.000000,-42.000000
5370.000000,6000.000000,5986.000000,5995.132324,79.000000,-111.000000,-6008.000000,-85.000000
5375.000000,6000.000000,5989.000000,5992.819336,113.000000,185.000000,-5994.000000,-65.000000
5380.000000,6000.000000,5984.000000,5995.144531,78.000000,351.000000,-6008.000000,-50.000000
5385.000000,6000.000000,5989.000000,5993.194336,108.000000,198.000000,-5996.000000,-50.000000
5390.000000,6000.000000,5986.000000,5995.987305,66.000000,213.000000,-6006.000000,-51.000000
5395.000000,6000.000000,5991.000000,5994.608398,87.000000,159.000000,-5996.000000,-50.000000
5400.000000,6000.000000,5986.000000,5996.130371,64.000000,276.000000,-6006.000000,-49.000000
5405.000000,6000.000000,5989.000000,5993.886230,97.000000,123.000000,-5996.000000,-40.000000
5410.000000,6000.000000,5986.000000,5995.638184,71.000000,140.000000,-6004.000000,-51.000000
5415.000000,6000.000000,5989.000000,5992.985352,111.000000,118.000000,-5996.000000,-29.000000
5420.000000,6000.000000,5986.000000,5994.933594,82.000000,125.000000,-6004.000000,-47.000000
5425.000000,6000.000000,5989.000000,5992.321289,121.000000,19.000000,-5996.000000,-36.000000
5430.000000,6000.000000,5986.000000,5994.510742,88.000000,135.000000,-6002.000000,-55.000000
5435.000000,6000.000000,5989.000000,5992.935547,112.000000,-147.000000,-5996.000000,-45.000000
5440.000000,6000.000000,5986.000000,5994.776367,84.000000,78.000000,-6002.000000,-58.000000
5445.000000,6000.000000,5991.000000,5993.947754,97.000000,292.000000,-5996.000000,-50.000000
5450.000000,6000.000000,5989.000000,5995.708008,70.000000,398.000000,-6000.000000,-69.000000
5455.000000,6000.000000,5991.000000,5994.252930,92.000000,295.000000,-5994.000000,-66.000000
5460.000000,6000.000000,5989.000000,5996.012695,66.000000,441.000000,-6000.000000,-75.000000
5465.000000,6000.000000,5991.000000,5995.037598,80.000000,205.000000,-5994.000000,-56.000000
5470.000000,6000.000000,5989.000000,5996.846191,53.000000,611.000000,-5998.000000,-81.000000
5475.000000,6000.000000,5991.000000,5995.105469,79.000000,283.000000,-5996.000000,-48.000000
5480.000000,6000.000000,5986.000000,5995.487305,74.000000,421.000000,-5998.000000,-65.000000
5485.000000,6000.000000,5991.000000,5994.496582,88.000000,-81.000000,-5996.000000,-46.000000
5490.000000,6000.000000,5986.000000,5995.124023,79.000000,300.000000,-5998.000000,-62.000000
5495.000000,6000.000000,5991.000000,5993.993164,96.000000,144.000000,-5996.000000,-39.000000
5500.000000,6000.000000,5986.000000,5994.539551,88.000000,298.000000,-5998.000000,-56.000000
5505.000000,6000.000000,5991.000000,5994.227051,93.000000,124.000000,-5996.000000,-48.000000
5510.000000,6000.000000,5989.000000,5995.512695,73.000000,515.000000,-5994.000000,-86.000000
5515.000000,6000.000000,5993.000000,5995.407227,75.000000,342.000000,-5994.000000,-70.000000
5520.000000,6000.000000,5991.000000,5996.875977,53.000000,571.000000,-5994.000000,-102.000000
5525.000000,6000.000000,5993.000000,5996.324219,61.000000,346.000000,-5994.000000,-82.000000
5530.000000,6000.000000,5991.000000,5996.600098,57.000000,437.000000,-5992.000000,-98.000000
5535.000000,6000.000000,5991.000000,5995.578125,72.000000,348.000000,-5996.000000,-56.000000
5540.000000,6000.000000,5989.000000,5995.955566,67.000000,426.000000,-5994.000000,-80.000000
5545.000000,6000.000000,5991.000000,5994.895508,83.000000,291.000000,-5992.000000,-40.000000
5550.000000,6000.000000,5989.000000,5995.106934,79.000000,418.000000,-5994.000000,-62.000000
5555.000000,6000.000000,5997.000000,5995.180664,78.000000,426.000000,-5998.000000,-34.000000
5560.000000,6000.000000,5989.000000,5996.736816,55.000000,344.000000,-5992.000000,-72.000000
5565.000000,6000.000000,5995.000000,5996.687988,56.000000,434.000000,-5992.000000,-40.000000
5570.000000,6000.000000,5991.000000,5992.999023,111.000000,-414.000000,-5992.000000,-82.000000
5575.000000,6000.000000,5995.000000,5994.682129,86.000000,-274.000000,-5992.000000,-51.000000
5580.000000,6000.000000,5991.000000,5993.750488,100.000000,-364.000000,-5992.000000,-92.000000
5585.000000,6000.000000,5997.000000,5995.533203,73.000000,-119.000000,-5992.000000,-91.000000
5590.000000,6000.000000,5991.000000,5994.725586,85.000000,-345.000000,-5994.000000,-110.000000
5595.000000,6000.000000,5995.000000,5996.077148,65.000000,-58.000000,-5994.000000,-79.000000
5600.000000,6000.000000,5991.000000,5994.698730,86.000000,-302.000000,-5994.000000,-99.000000
5605.000000,6000.000000,5993.000000,5995.208008,78.000000,49.000000,-5996.000000,-45.000000
5610.000000,6000.000000,5991.000000,5993.309570,107.000000,-216.000000,-5996.000000,-70.000000
5615.000000,6000.000000,5993.000000,5994.752441,85.000000,11.000000,-5996.000000,-38.000000
5620.000000,6000.000000,5993.000000,5994.204102,93.000000,-90.000000,-5994.000000,-69.000000
5625.000000,6000.000000,5991.000000,5994.425781,90.000000,247.000000,-5996.000000,-46.000000
5630.000000,6000.000000,5991.000000,5993.965820,97.000000,-449.000000,-5992.000000,-86.000000
5635.000000,6000.000000,5991.000000,5994.716309,86.000000,-532.000000,-5996.000000,-55.000000
5640.000000,6000.000000,5991.000000,5993.997070,96.000000,-690.000000,-5992.000000,-96.000000
5645.000000,6000.000000,5991.000000,5994.726563,85.000000,-446.000000,-5996.000000,-58.000000
5650.000000,6000.000000,5991.000000,5994.064453,95.000000,-594.000000,-5994.000000,-89.000000
5655.000000,6000.000000,5991.000000,5994.748535,85.000000,-365.000000,-5996.000000,-53.000000
5660.000000,6000.000000,5993.000000,5994.727539,85.000000,-551.000000,-5994.000000,-83.000000
5665.000000,6000.000000,5991.000000,5995.129395,79.000000,-409.000000,-5998.000000,-43.000000
5670.000000,6000.000000,5993.000000,5994.596680,87.000000,-562.000000,-5996.000000,-67.000000
5675.000000,6000.000000,5989.000000,5994.686523,86.000000,-371.000000,-6000.000000,-23.000000
5680.000000,6000.000000,5993.000000,5993.990723,97.000000,292.000000,-5994.000000,-64.000000
5685.000000,6000.000000,5986.000000,5993.888184,98.000000,18.000000,-5998.000000,-27.000000
5690.000000,6000.000000,5993.000000,5993.309082,107.000000,218.000000,-5992.000000,-69.000000
5695.000000,6000.000000,5986.000000,5993.777344,100.000000,-43.000000,-5998.000000,-36.000000
5700.000000,6000.000000,5995.000000,5994.412598,90.000000,-557.000000,-5990.000000,-81.000000
5705.000000,6000.000000,5989.000000,5994.902832,83.000000,-492.000000,-5996.000000,-48.000000
5710.000000,6000.000000,5995.000000,5994.729980,85.000000,-444.000000,-5992.000000,-78.000000
5715.000000,6000.000000,5989.000000,5994.750977,85.000000,-527.000000,-5996.000000,-55.000000
5720.000000,6000.000000,5995.000000,5994.680664,86.000000,-625.000000,-5992.000000,-88.000000
5725.000000,6000.000000,5986.000000,5994.298340,92.000000,-559.000000,-5998.000000,-53.000000
5730.000000,6000.000000,5997.000000,5994.727539,86.000000,-654.000000,-6011.000000,-77.000000
5735.000000,6000.000000,5986.000000,5994.098633,95.000000,-587.000000,-5985.000000,-45.000000
5740.000000,6000.000000,5997.000000,5994.498047,89.000000,-497.000000,-6011.000000,-67.000000
5745.000000,6000.000000,5986.000000,5994.443359,90.000000,-507.000000,-5983.000000,-48.000000
5750.000000,6000.000000,5997.000000,5994.674805,86.000000,-634.000000,-6008.000000,-29.000000
5755.000000,6000.000000,5984.000000,5993.384277,106.000000,-484.000000,-5983.000000,-90.000000
5760.000000,6000.000000,6005.000000,5994.327637,92.000000,370.000000,-6006.000000,-56.000000
5765.000000,6000.000000,5984.000000,5993.270508,108.000000,-274.000000,-5983.000000,-113.000000
5770.000000,6000.000000,5997.000000,5993.215820,108.000000,-172.000000,-6008.000000,-72.000000
5775.000000,6000.000000,5997.000000,5994.092285,95.000000,94.000000,-5992.000000,-97.000000
5780.000000,6000.000000,6010.000000,5997.697754,41.000000,128.000000,-6011.000000,-30.000000
5785.000000,6000.000000,6001.000000,5996.166504,64.000000,80.000000,-5985.000000,-85.000000
5790.000000,6000.000000,6010.000000,5998.377441,31.000000,203.000000,-6011.000000,-13.000000
5795.000000,6000.000000,5999.000000,5995.948242,67.000000,90.000000,-5998.000000,-62.000000
5800.000000,6000.000000,6007.000000,5997.820801,39.000000,246.000000,-6000.000000,-20.000000
5805.000000,6000.000000,5997.000000,5995.109375,80.000000,34.000000,-5996.000000,-79.000000
5810.000000,6000.000000,6007.000000,5997.750977,40.000000,251.000000,-6000.000000,-26.000000
5815.000000,6000.000000,5997.000000,5994.397949,91.000000,-38.000000,-5998.000000,-77.000000
5820.000000,6000.000000,6007.000000,5997.066895,51.000000,167.000000,-6000.000000,-23.000000
5825.000000,6000.000000,5997.000000,5994.174316,94.000000,-7.000000,-5998.000000,-73.000000
5830.000000,6000.000000,6010.000000,5997.542480,44.000000,538.000000,-6000.000000,-17.000000
5835.000000,6000.000000,5997.000000,5994.125000,95.000000,235.000000,-5998.000000,-78.000000
5840.000000,6000.000000,6010.000000,5998.153320,34.000000,530.000000,-6000.000000,-31.000000
5845.000000,6000.000000,5997.000000,5994.645508,87.000000,296.000000,-5998.000000,-86.000000
5850.000000,6000.000000,6012.000000,5998.736816,26.000000,459.000000,-6000.000000,-23.000000
5855.000000,6000.000000,5997.000000,5994.680664,87.000000,163.000000,-5998.000000,-85.000000
5860.000000,6000.000000,6010.000000,5998.594727,28.000000,381.000000,-5998.000000,-36.000000
5865.000000,6000.000000,5995.000000,5994.233398,93.000000,167.000000,-5998.000000,-95.000000
5870.000000,6000.000000,6010.000000,5998.252930,33.000000,363.000000,-5998.000000,-35.000000
5875.000000,6000.000000,5995.000000,5993.752930,101.000000,165.000000,-6000.000000,-89.000000
5880.000000,6000.000000,6010.000000,5998.620605,28.000000,291.000000,-6000.000000,-27.000000
5885.000000,6000.000000,5995.000000,5993.617676,103.000000,330.000000,-6000.000000,-70.000000
5890.000000,6000.000000,6010.000000,5998.307617,32.000000,549.000000,-6002.000000,-4.000000
5895.000000,6000.000000,5993.000000,5993.585938,103.000000,-8.000000,-6000.000000,-62.000000
5900.000000,6000.000000,6010.000000,5998.248535,33.000000,215.000000,-6000.000000,-4.000000
5905.000000,6000.000000,5993.000000,5993.246582,108.000000,-74.000000,-6000.000000,-69.000000
5910.000000,6000.000000,6010.000000,5998.761719,26.000000,551.000000,-5998.000000,-22.000000
5915.000000,6000.000000,5993.000000,5994.103516,95.000000,291.000000,-6000.000000,-81.000000
5920.000000,6000.000000,6012.000000,6000.178711,4.000000,555.000000,-5996.000000,-32.000000
5925.000000,6000.000000,5993.000000,5994.731445,86.000000,161.000000,-5994.000000,-95.000000
5930.000000,6000.000000,6012.000000,6000.704102,-3.000000,553.000000,-5975.000000,-30.000000
5935.000000,6000.000000,5991.000000,5994.083496,96.000000,230.000000,-5994.000000,-82.000000
5940.000000,6000.000000,6010.000000,5999.771973,10.000000,475.000000,-5975.000000,-68.000000
5945.000000,6000.000000,5989.000000,5992.968750,112.000000,234.000000,-5994.000000,-105.000000
5950.000000,6000.000000,6010.000000,5999.470703,15.000000,471.000000,-5975.000000,-97.000000
5955.000000,6000.000000,5989.000000,5992.706055,116.000000,102.000000,-5996.000000,-67.000000
5960.000000,6000.000000,6007.000000,5998.876953,24.000000,465.000000,-5977.000000,-75.000000
5965.000000,6000.000000,5989.000000,5992.191406,124.000000,187.000000,-5994.000000,-60.000000
5970.000000,6000.000000,6001.000000,5998.872070,24.000000,-762.000000,-5975.000000,-76.000000
5975.000000,6000.000000,5986.000000,5993.474121,105.000000,-791.000000,-5994.000000,-64.000000
5980.000000,6000.000000,6001.000000,5999.292480,18.000000,-454.000000,-5973.000000,-91.000000
5985.000000,6000.000000,5986.000000,5990.876465,144.000000,-534.000000,-5992.000000,-74.000000
5990.000000,6000.000000,6001.000000,5996.916992,53.000000,-324.000000,-5973.000000,-99.000000
5995.000000,6000.000000,5989.000000,5990.563477,149.000000,-400.000000,-5990.000000,-87.000000
6000.000000,6000.000000,6003.000000,6001.483398,-14.000000,-316.000000,-5973.000000,-104.000000
6005.000000,6000.000000,5989.000000,5992.543945,119.000000,-517.000000,-5992.000000,-93.000000
6010.000000,6000.000000,6003.000000,6001.611816,-16.000000,-331.000000,-5973.000000,-103.000000
6015.000000,6000.000000,5989.000000,5992.841797,115.000000,-658.000000,-5992.000000,-85.000000
6020.000000,6000.000000,6003.000000,6001.184570,-10.000000,-488.000000,-5973.000000,-104.000000
6025.000000,6000.000000,5989.000000,5992.538086,119.000000,-591.000000,-5992.000000,-85.000000
6030.000000,6000.000000,6003.000000,6000.665039,-2.000000,-562.000000,-5975.000000,-95.000000
6035.000000,6000.000000,5986.000000,5991.266602,138.000000,-552.000000,-5992.000000,-78.000000
6040.000000,6000.000000,6003.000000,6000.248535,3.000000,-567.000000,-5975.000000,-94.000000
6045.000000,6000.000000,5989.000000,5991.130371,140.000000,-695.000000,-5992.000000,-74.000000
6050.000000,6000.000000,6005.000000,6003.266113,-41.000000,-638.000000,-5977.000000,-85.000000
6055.000000,6000.000000,5982.000000,5989.936523,158.000000,315.000000,-5992.000000,-67.000000
6060.000000,6000.000000,5984.000000,5997.986328,37.000000,328.000000,-5977.000000,-84.000000
6065.000000,6000.000000,5986.000000,5988.278809,183.000000,-565.000000,-5992.000000,-77.000000
6070.000000,6000.000000,6003.000000,5998.424316,31.000000,-574.000000,-5977.000000,-99.000000
6075.000000,6000.000000,5989.000000,5989.803711,160.000000,-617.000000,-5992.000000,-93.000000
6080.000000,6000.000000,5986.000000,5997.623535,43.000000,-289.000000,-5977.000000,-108.000000
6085.000000,6000.000000,5984.000000,5989.645508,163.000000,-343.000000,-5992.000000,-106.000000
6090.000000,6000.000000,5989.000000,5998.440430,31.000000,-247.000000,-5979.000000,-106.000000
6095.000000,6000.000000,5986.000000,5990.518066,150.000000,217.000000,-5994.000000,-84.000000
6100.000000,6000.000000,5989.000000,5998.662109,27.000000,147.000000,-5981.000000,-96.000000
6105.000000,6000.000000,5984.000000,5989.461426,165.000000,161.000000,-5994.000000,-70.000000
6110.000000,6000.000000,5986.000000,5997.255371,49.000000,196.000000,-5981.000000,-84.000000
6115.000000,6000.000000,5986.000000,5989.300781,168.000000,226.000000,-6008.000000,-68.000000
6120.000000,6000.000000,5986.000000,5997.727539,41.000000,135.000000,-6004.000000,-51.000000
6125.000000,6000.000000,5986.000000,5989.659668,163.000000,152.000000,-6008.000000,-5.000000
6130.000000,6000.000000,5986.000000,5997.588867,44.000000,181.000000,-6004.000000,-47.000000
6135.000000,6000.000000,5984.000000,5988.958496,173.000000,44.000000,-6004.000000,-52.000000
6140.000000,6000.000000,5986.000000,5997.195801,50.000000,25.000000,-6000.000000,-73.000000
6145.000000,6000.000000,5986.000000,5989.239746,169.000000,17.000000,-6006.000000,-58.000000
6150.000000,6000.000000,5989.000000,5998.418945,31.000000,28.000000,-6000.000000,-80.000000
6155.000000,6000.000000,5989.000000,5990.560547,149.000000,80.000000,-6004.000000,-58.000000
6160.000000,6000.000000,5986.000000,5998.684570,27.000000,-124.000000,-6002.000000,-64.000000
6165.000000,6000.000000,5989.000000,5991.162109,140.000000,-92.000000,-6004.000000,-46.000000
6170.000000,6000.000000,5986.000000,5998.397461,32.000000,-117.000000,-6002.000000,-60.000000
6175.000000,6000.000000,6014.000000,5990.454102,151.000000,702.000000,-6004.000000,-39.000000
6180.000000,6000.000000,5984.000000,5992.348633,122.000000,128.000000,-6000.000000,-53.000000
6185.000000,6000.000000,6014.000000,5994.608398,88.000000,747.000000,-6004.000000,-46.000000
6190.000000,6000.000000,5986.000000,5996.581543,59.000000,66.000000,-6000.000000,-55.000000
6195.000000,6000.000000,6014.000000,5996.200195,65.000000,677.000000,-6000.000000,-53.000000
6200.000000,6000.000000,5986.000000,5996.683105,57.000000,122.000000,-6000.000000,-57.000000
6205.000000,6000.000000,6014.000000,5996.233398,64.000000,743.000000,-6000.000000,-53.000000
6210.000000,6000.000000,5984.000000,5996.293945,63.000000,212.000000,-6000.000000,-48.000000
6215.000000,6000.000000,6014.000000,5995.941895,69.000000,736.000000,-6000.000000,-47.000000
6220.000000,6000.000000,5984.000000,5996.198242,65.000000,174.000000,-5998.000000,-59.000000
6225.000000,6000.000000,6014.000000,5995.910645,69.000000,797.000000,-5998.000000,-60.000000
6230.000000,6000.000000,5982.000000,5995.103516,81.000000,158.000000,-5998.000000,-65.000000
6235.000000,6000.000000,6012.000000,5995.151855,80.000000,710.000000,-5996.000000,-76.000000
6240.000000,6000.000000,5982.000000,5994.854492,85.000000,255.000000,-5998.000000,-65.000000
6245.000000,6000.000000,6012.000000,5994.914551,84.000000,713.000000,-5996.000000,-65.000000
6250.000000,6000.000000,5980.000000,5994.213379,95.000000,205.000000,-5998.000000,-53.000000
6255.000000,6000.000000,6010.000000,5994.255371,94.000000,691.000000,-5996.000000,-61.000000
6260.000000,6000.000000,5982.000000,5994.928711,84.000000,222.000000,-5998.000000,-48.000000
6265.000000,6000.000000,6010.000000,5994.858398,85.000000,550.000000,-5994.000000,-63.000000
6270.000000,6000.000000,5980.000000,5995.555664,74.000000,89.000000,-5996.000000,-54.000000
6275.000000,6000.000000,6010.000000,5994.951660,84.000000,361.000000,-5996.000000,-62.000000
6280.000000,6000.000000,5980.000000,5995.381348,77.000000,92.000000,-5996.000000,-59.000000
6285.000000,6000.000000,6010.000000,5995.058105,82.000000,614.000000,-5992.000000,-76.000000
6290.000000,6000.000000,5978.000000,5994.331543,93.000000,106.000000,-5996.000000,-59.000000
6295.000000,6000.000000,6010.000000,5995.034180,82.000000,678.000000,-5992.000000,-87.000000
6300.000000,6000.000000,5976.000000,5993.667480,103.000000,120.000000,-5990.000000,-66.000000
6305.000000,6000.000000,6005.000000,5993.816406,101.000000,343.000000,-6011.000000,-91.000000
6310.000000,6000.000000,5976.000000,5993.748535,102.000000,386.000000,-5992.000000,-86.000000
6315.000000,6000.000000,6007.000000,5994.768066,86.000000,452.000000,-6013.000000,16.000000
6320.000000,6000.000000,5974.000000,5993.865234,100.000000,209.000000,-5992.000000,-51.000000
6325.000000,6000.000000,6005.000000,5994.856445,85.000000,727.000000,-6013.000000,-24.000000
6330.000000,6000.000000,5976.000000,5993.925781,99.000000,233.000000,-5994.000000,-63.000000
6335.000000,6000.000000,6005.000000,5994.876465,85.000000,373.000000,-6013.000000,-31.000000
6340.000000,6000.000000,5974.000000,5994.156738,96.000000,15.000000,-5994.000000,-65.000000
6345.000000,6000.000000,6005.000000,5994.952148,84.000000,470.000000,-6013.000000,-33.000000
6350.000000,6000.000000,5974.000000,5993.464355,106.000000,43.000000,-5994.000000,-57.000000
6355.000000,6000.000000,6003.000000,5994.261230,94.000000,536.000000,-6013.000000,-41.000000
6360.000000,6000.000000,5972.000000,5993.094727,112.000000,78.000000,-5992.000000,-71.000000
6365.000000,6000.000000,6003.000000,5994.459961,91.000000,507.000000,-6013.000000,-44.000000
6370.000000,6000.000000,5974.000000,5993.764648,102.000000,109.000000,-5992.000000,-78.000000
6375.000000,6000.000000,6003.000000,5994.843262,85.000000,551.000000,-6013.000000,-43.000000
6380.000000,6000.000000,5991.000000,5994.309570,93.000000,-719.000000,-5994.000000,-71.000000
6385.000000,6000.000000,6018.000000,5996.301758,64.000000,-302.000000,-6013.000000,-37.000000
6390.000000,6000.000000,5993.000000,5992.483398,121.000000,-627.000000,-5994.000000,-61.000000
6395.000000,6000.000000,6016.000000,5998.731445,27.000000,-225.000000,-6013.000000,-32.000000
6400.000000,6000.000000,5991.000000,5992.815430,116.000000,-210.000000,-5998.000000,-44.000000
6405.000000,6000.000000,6016.000000,5998.788574,26.000000,-219.000000,-6015.000000,-20.000000
6410.000000,6000.000000,5993.000000,5993.070313,112.000000,-365.000000,-5996.000000,-40.000000
6415.000000,6000.000000,6018.000000,5999.528320,15.000000,-158.000000,-6013.000000,-25.000000
6420.000000,6000.000000,5993.000000,5992.532227,120.000000,-275.000000,-5994.000000,-49.000000
6425.000000,6000.000000,6018.000000,5999.352051,18.000000,-267.000000,-6011.000000,-37.000000
6430.000000,6000.000000,5993.000000,5992.474121,121.000000,-374.000000,-5996.000000,-47.000000
6435.000000,6000.000000,6018.000000,5999.291992,19.000000,-247.000000,-6011.000000,-40.000000
6440.000000,6000.000000,5995.000000,5993.594727,104.000000,-538.000000,-5994.000000,-63.000000
6445.000000,6000.000000,6018.000000,5999.915039,9.000000,-402.000000,-6011.000000,-47.000000
6450.000000,6000.000000,5995.000000,5993.327148,108.000000,-594.000000,-5996.000000,-53.000000
6455.000000,6000.000000,6018.000000,5999.735352,12.000000,-337.000000,-6008.000000,-52.000000
6460.000000,6000.000000,5995.000000,5992.948242,114.000000,62.000000,-5996.000000,-49.000000
6465.000000,6000.000000,6016.000000,5999.147461,21.000000,-28.000000,-6008.000000,-48.000000
6470.000000,6000.000000,5995.000000,5992.550781,120.000000,45.000000,-5996.000000,-48.000000
6475.000000,6000.000000,6016.000000,5998.556152,30.000000,-71.000000,-6011.000000,-43.000000
6480.000000,6000.000000,5995.000000,5992.356934,123.000000,45.000000,-5996.000000,-53.000000
6485.000000,6000.000000,6018.000000,5999.353516,18.000000,2.000000,-6006.000000,-54.000000
6490.000000,6000.000000,5997.000000,5993.018555,113.000000,114.000000,-5994.000000,-51.000000
6495.000000,6000.000000,6018.000000,5999.570313,15.000000,-27.000000,-6006.000000,-53.000000
6500.000000,6000.000000,5997.000000,5993.409180,107.000000,-79.000000,-5996.000000,-39.000000
6505.000000,6000.000000,6018.000000,5998.917480,25.000000,-213.000000,-6006.000000,-38.000000
6510.000000,6000.000000,5999.000000,5993.531738,105.000000,-124.000000,-5996.000000,-38.000000
6515.000000,6000.000000,6020.000000,6000.115723,7.000000,-131.000000,-5992.000000,-45.000000
6520.000000,6000.000000,5999.000000,5994.408203,92.000000,-280.000000,-5981.000000,-93.000000
6525.000000,6000.000000,6020.000000,6000.886719,-4.000000,103.000000,-5992.000000,-75.000000
6530.000000,6000.000000,5999.000000,5994.916992,85.000000,257.000000,-5981.000000,-101.000000
6535.000000,6000.000000,6018.000000,6000.653320,0.000000,120.000000,-5992.000000,-75.000000
6540.000000,6000.000000,5999.000000,5994.151367,96.000000,349.000000,-5981.000000,-101.000000
6545.000000,6000.000000,6018.000000,5999.457520,17.000000,121.000000,-5992.000000,-79.000000
6550.000000,6000.000000,5999.000000,5993.299316,109.000000,321.000000,-5983.000000,-90.000000
6555.000000,6000.000000,6018.000000,5999.434570,17.000000,116.000000,-5994.000000,-73.000000
6560.000000,6000.000000,5999.000000,5993.086914,112.000000,228.000000,-5983.000000,-86.000000
6565.000000,6000.000000,6018.000000,5999.364746,18.000000,8.000000,-5994.000000,-69.000000
6570.000000,6000.000000,5997.000000,5992.663574,118.000000,226.000000,-5985.000000,-76.000000
6575.000000,6000.000000,6018.000000,5999.277344,19.000000,55.000000,-5994.000000,-72.000000
6580.000000,6000.000000,5999.000000,5993.406738,107.000000,128.000000,-5985.000000,-76.000000
6585.000000,6000.000000,6016.000000,5999.284180,19.000000,20.000000,-5992.000000,-75.000000
6590.000000,6000.000000,5999.000000,5993.204102,110.000000,13.000000,-5987.000000,-78.000000
6595.000000,6000.000000,5995.000000,5999.381836,18.000000,216.000000,-5992.000000,-84.000000
6600.000000,6000.000000,5999.000000,5993.555664,105.000000,462.000000,-5985.000000,-90.000000
6605.000000,6000.000000,5993.000000,5999.497070,16.000000,304.000000,-5992.000000,-93.000000
6610.000000,6000.000000,5991.000000,5993.109863,112.000000,-222.000000,-5987.000000,-84.000000
6615.000000,6000.000000,5995.000000,5994.219727,95.000000,390.000000,-5994.000000,-80.000000
6620.000000,6000.000000,5993.000000,5991.620605,134.000000,-41.000000,-5990.000000,-68.000000
6625.000000,6000.000000,5995.000000,5998.205078,36.000000,438.000000,-5996.000000,-70.000000
6630.000000,6000.000000,5993.000000,5994.075684,97.000000,-100.000000,-5992.000000,-56.000000
6635.000000,6000.000000,5995.000000,5999.265625,20.000000,346.000000,-5996.000000,-66.000000
6640.000000,6000.000000,5993.000000,5994.218262,95.000000,-159.000000,-5992.000000,-53.000000
6645.000000,6000.000000,5993.000000,5998.656250,29.000000,177.000000,-5994.000000,-74.000000
6650.000000,6000.000000,5991.000000,5993.298828,109.000000,-373.000000,-5992.000000,-55.000000
6655.000000,6000.000000,5993.000000,5998.190918,36.000000,241.000000,-5994.000000,-78.000000
6660.000000,6000.000000,5993.000000,5993.218750,110.000000,-216.000000,-5992.000000,-67.000000
6665.000000,6000.000000,5993.000000,5998.165039,36.000000,201.000000,-5994.000000,-84.000000
6670.000000,6000.000000,5993.000000,5993.209961,111.000000,-406.000000,-5992.000000,-69.000000
6675.000000,6000.000000,5993.000000,5998.366699,33.000000,296.000000,-5992.000000,-91.000000
6680.000000,6000.000000,5995.000000,5994.037109,98.000000,-274.000000,-5992.000000,-71.000000
6685.000000,6000.000000,5993.000000,5998.944824,25.000000,234.000000,-5996.000000,-85.000000
6690.000000,6000.000000,5995.000000,5994.687500,88.000000,-359.000000,-5994.000000,-63.000000
6695.000000,6000.000000,5993.000000,5998.838379,26.000000,307.000000,-5996.000000,-73.000000
6700.000000,6000.000000,5995.000000,5993.756836,102.000000,-148.000000,-5994.000000,-54.000000
6705.000000,6000.000000,5991.000000,5997.813477,42.000000,323.000000,-5996.000000,-73.000000
6710.000000,6000.000000,5993.000000,5992.867188,116.000000,-214.000000,-5992.000000,-32.000000
6715.000000,6000.000000,5991.000000,5997.275879,50.000000,548.000000,-5996.000000,-65.000000
6720.000000,6000.000000,5995.000000,5992.670898,119.000000,344.000000,-5990.000000,-42.000000
6725.000000,6000.000000,5991.000000,5997.211914,51.000000,323.000000,-6011.000000,-13.000000
6730.000000,6000.000000,5995.000000,5993.389648,108.000000,-312.000000,-5990.000000,-57.000000
6735.000000,6000.000000,5993.000000,5998.297852,34.000000,164.000000,-6011.000000,-29.000000
6740.000000,6000.000000,5997.000000,5994.606934,90.000000,-377.000000,-5987.000000,-86.000000
6745.000000,6000.000000,5993.000000,5998.952148,25.000000,626.000000,-6011.000000,-46.000000
6750.000000,6000.000000,5995.000000,5994.584961,90.000000,346.000000,-5987.000000,-88.000000
6755.000000,6000.000000,5991.000000,5997.969727,39.000000,484.000000,-6011.000000,-42.000000
6760.000000,6000.000000,5995.000000,5993.359375,108.000000,337.000000,-5985.000000,-100.000000
6765.000000,6000.000000,5991.000000,5997.270508,50.000000,481.000000,-6008.000000,-52.000000
6770.000000,6000.000000,5997.000000,5993.991211,99.000000,-380.000000,-5985.000000,-92.000000
6775.000000,6000.000000,5991.000000,5997.509766,46.000000,577.000000,-6011.000000,-32.000000
6780.000000,6000.000000,5997.000000,5994.809570,87.000000,-266.000000,-5987.000000,-76.000000
6785.000000,6000.000000,5993.000000,5999.108398,22.000000,525.000000,-6011.000000,-28.000000
6790.000000,6000.000000,5999.000000,5995.938477,70.000000,208.000000,-5987.000000,-67.000000
6795.000000,6000.000000,5993.000000,5998.793457,27.000000,485.000000,-6011.000000,-19.000000
6800.000000,6000.000000,5997.000000,5994.489746,92.000000,86.000000,-5985.000000,-86.000000
6805.000000,6000.000000,5991.000000,5997.301758,49.000000,373.000000,-6000.000000,-58.000000
6810.000000,6000.000000,5997.000000,5993.773438,102.000000,-36.000000,-5992.000000,-89.000000
6815.000000,6000.000000,5991.000000,5996.747070,58.000000,459.000000,-5998.000000,-32.000000
6820.000000,6000.000000,5997.000000,5993.591309,105.000000,-168.000000,-5994.000000,-74.000000
6825.000000,6000.000000,5991.000000,5997.007324,54.000000,368.000000,-5996.000000,-30.000000
6830.000000,6000.000000,5989.000000,5994.538086,91.000000,33.000000,-5994.000000,-85.000000
6835.000000,6000.000000,5980.000000,5993.328613,109.000000,-78.000000,-5996.000000,-34.000000
6840.000000,6000.000000,5989.000000,5995.790039,72.000000,183.000000,-5992.000000,-92.000000
6845.000000,6000.000000,5978.000000,5994.488281,92.000000,250.000000,-5996.000000,-42.000000
6850.000000,6000.000000,5986.000000,5993.365234,109.000000,345.000000,-5992.000000,-98.000000
6855.000000,6000.000000,5980.000000,5993.773438,102.000000,181.000000,-5998.000000,-36.000000
6860.000000,6000.000000,5989.000000,5991.017090,144.000000,396.000000,-5994.000000,-87.000000
6865.000000,6000.000000,5978.000000,5990.136230,157.000000,251.000000,-5998.000000,-36.000000
6870.000000,6000.000000,5991.000000,5992.961914,115.000000,448.000000,-5992.000000,-90.000000
6875.000000,6000.000000,5980.000000,5994.493652,92.000000,383.000000,-5998.000000,-43.000000
6880.000000,6000.000000,5991.000000,5995.096680,83.000000,380.000000,-5994.000000,-89.000000
6885.000000,6000.000000,5978.000000,5994.537109,91.000000,296.000000,-5998.000000,-30.000000
6890.000000,6000.000000,5989.000000,5994.250000,95.000000,244.000000,-5996.000000,-74.000000
6895.000000,6000.000000,5978.000000,5993.635254,105.000000,170.000000,-5998.000000,-25.000000
6900.000000,6000.000000,5989.000000,5993.442383,108.000000,292.000000,-5994.000000,-87.000000
6905.000000,6000.000000,5978.000000,5992.794434,117.000000,195.000000,-5998.000000,-39.000000
6910.000000,6000.000000,5989.000000,5992.920898,115.000000,290.000000,-5996.000000,-96.000000
6915.000000,6000.000000,5978.000000,5993.199219,111.000000,146.000000,-5998.000000,-28.000000
6920.000000,6000.000000,5991.000000,5993.955566,100.000000,357.000000,-5996.000000,-85.000000
6925.000000,6000.000000,5978.000000,5993.538574,106.000000,110.000000,-5983.000000,-20.000000
6930.000000,6000.000000,5991.000000,5994.386719,93.000000,297.000000,-6002.000000,-55.000000
6935.000000,6000.000000,5978.000000,5994.112305,98.000000,182.000000,-5983.000000,-70.000000
6940.000000,6000.000000,5991.000000,5994.073242,98.000000,372.000000,-6002.000000,-63.000000
6945.000000,6000.000000,5976.000000,5992.829102,117.000000,205.000000,-5983.000000,-78.000000
6950.000000,6000.000000,5991.000000,5993.168457,112.000000,314.000000,-6002.000000,-63.000000
6955.000000,6000.000000,5976.000000,5991.588379,135.000000,233.000000,-5981.000000,-82.000000
6960.000000,6000.000000,5993.000000,5993.850586,102.000000,300.000000,-6002.000000,-62.000000
6965.000000,6000.000000,5976.000000,5991.811523,132.000000,-181.000000,-5981.000000,-86.000000
6970.000000,6000.000000,5993.000000,5994.169434,97.000000,230.000000,-6002.000000,-66.000000
6975.000000,6000.000000,5976.000000,5992.235840,126.000000,-59.000000,-5979.000000,-93.000000
6980.000000,6000.000000,5993.000000,5994.833496,87.000000,250.000000,-5998.000000,-78.000000
6985.000000,6000.000000,5976.000000,5992.822266,117.000000,-331.000000,-5979.000000,-89.000000
6990.000000,6000.000000,5993.000000,5995.025879,84.000000,199.000000,-5998.000000,-73.000000
6995.000000,6000.000000,6007.000000,5999.405273,18.000000,83.000000,-5977.000000,-86.000000
7000.000000,6000.000000,5993.000000,5997.244629,51.000000,268.000000,-6000.000000,-61.000000
7005.000000,6000.000000,5974.000000,5992.587402,121.000000,-53.000000,-5979.000000,-79.000000
7010.000000,6000.000000,5991.000000,5992.810547,117.000000,294.000000,-5998.000000,-65.000000
7015.000000,6000.000000,5972.000000,5989.242188,171.000000,138.000000,-5979.000000,-74.000000
7020.000000,6000.000000,5991.000000,5991.458008,138.000000,372.000000,-5998.000000,-68.000000
7025.000000,6000.000000,5974.000000,5989.355469,169.000000,241.000000,-5977.000000,-81.000000
7030.000000,6000.000000,5995.000000,5993.395996,109.000000,444.000000,-5996.000000,-72.000000
7035.000000,6000.000000,5978.000000,5991.862793,132.000000,-332.000000,-5975.000000,-99.000000
7040.000000,6000.000000,5995.000000,5994.780762,88.000000,249.000000,-5994.000000,-87.000000
7045.000000,6000.000000,5978.000000,5993.005371,114.000000,-217.000000,-5975.000000,-101.000000
7050.000000,6000.000000,5997.000000,5996.199219,67.000000,228.000000,-5996.000000,-78.000000
7055.000000,6000.000000,6005.000000,5993.469727,108.000000,-41.000000,-5975.000000,-96.000000
7060.000000,6000.000000,6016.000000,5996.556152,61.000000,-60.000000,-5996.000000,-72.000000
7065.000000,6000.000000,6003.000000,5990.188477,157.000000,63.000000,-5975.000000,-88.000000
7070.000000,6000.000000,6014.000000,6000.293945,5.000000,-201.000000,-5996.000000,-62.000000
7075.000000,6000.000000,6003.000000,5989.949219,160.000000,22.000000,-5975.000000,-88.000000
7080.000000,6000.000000,6014.000000,6000.727539,0.000000,-160.000000,-5996.000000,-63.000000
7085.000000,6000.000000,6003.000000,5996.161133,67.000000,165.000000,-5975.000000,-89.000000
7090.000000,6000.000000,6014.000000,5999.966309,10.000000,-155.000000,-5994.000000,-80.000000
7095.000000,6000.000000,6001.000000,5993.661133,105.000000,164.000000,-5973.000000,-98.000000
7100.000000,6000.000000,5995.000000,5998.172363,37.000000,193.000000,-5994.000000,-74.000000
7105.000000,6000.000000,5991.000000,5992.866211,117.000000,210.000000,-5973.000000,-104.000000
7110.000000,6000.000000,5997.000000,5998.311523,35.000000,92.000000,-5992.000000,-84.000000
7115.000000,6000.000000,5993.000000,5993.936523,101.000000,275.000000,-5973.000000,-108.000000
7120.000000,6000.000000,5997.000000,5998.547363,31.000000,414.000000,-6008.000000,-91.000000
7125.000000,6000.000000,5993.000000,5994.014160,100.000000,382.000000,-6004.000000,-63.000000
7130.000000,6000.000000,5997.000000,5998.992676,25.000000,342.000000,-6011.000000,-35.000000
7135.000000,6000.000000,5993.000000,5993.839844,102.000000,314.000000,-6002.000000,-80.000000
7140.000000,6000.000000,5997.000000,5998.935547,26.000000,396.000000,-6011.000000,-33.000000
7145.000000,6000.000000,5995.000000,5993.965332,100.000000,301.000000,-6004.000000,-64.000000
7150.000000,6000.000000,5997.000000,5998.176758,37.000000,305.000000,-6011.000000,-24.000000
7155.000000,6000.000000,5995.000000,5993.972656,100.000000,382.000000,-6002.000000,-68.000000
7160.000000,6000.000000,5997.000000,5998.540039,32.000000,452.000000,-6013.000000,-23.000000
7165.000000,6000.000000,5995.000000,5993.351563,110.000000,224.000000,-6004.000000,-62.000000
7170.000000,6000.000000,5997.000000,5998.131836,38.000000,357.000000,-6011.000000,-34.000000
7175.000000,6000.000000,5995.000000,5992.897949,116.000000,318.000000,-6004.000000,-66.000000
7180.000000,6000.000000,5997.000000,5998.402832,34.000000,350.000000,-6011.000000,-34.000000
7185.000000,6000.000000,5997.000000,5993.643066,105.000000,279.000000,-6006.000000,-62.000000
7190.000000,6000.000000,5997.000000,5998.572754,31.000000,429.000000,-6011.000000,-40.000000
7195.000000,6000.000000,5999.000000,5994.623047,91.000000,275.000000,-6002.000000,-83.000000
7200.000000,0.000000,5999.000000,5999.252930,-16384.000000,496.000000,-6011.000000,16384.000000
7205.000000,0.000000,5865.000000,5948.772949,-16384.000000,-11416.000000,-5866.000000,16384.000000
7210.000000,0.000000,5537.000000,5737.086914,-16384.000000,-12033.000000,-5529.000000,16384.000000
7215.000000,0.000000,5166.000000,5433.317871,-16384.000000,-13343.000000,-5125.000000,16384.000000
7220.000000,0.000000,4819.000000,5096.770508,-16384.000000,-16329.000000,-4730.000000,16384.000000
7225.000000,0.000000,4492.000000,4763.819336,-16384.000000,-11163.000000,-4366.000000,16384.000000
7230.000000,0.000000,4128.000000,4418.329102,-16384.000000,-17377.000000,-3985.000000,16384.000000
7235.000000,0.000000,3800.000000,4070.337402,-16384.000000,-13859.000000,-3642.000000,16384.000000
7240.000000,0.000000,3454.000000,3731.516113,-16384.000000,-15665.000000,-3269.000000,16384.000000
7245.000000,0.000000,3120.000000,3383.143799,-16384.000000,-15027.000000,-2918.000000,16384.000000
7250.000000,0.000000,2743.000000,3027.927734,-16384.000000,-15412.000000,-2533.000000,16384.000000
7255.000000,0.000000,2362.000000,2675.126953,-16384.000000,-14958.000000,-2141.000000,16384.000000
7260.000000,0.000000,2036.000000,2324.869629,-16384.000000,-15396.000000,-1762.000000,16384.000000
7265.000000,0.000000,1682.000000,1987.630249,-16384.000000,-14922.000000,-1357.000000,16384.000000
7270.000000,0.000000,1345.000000,1629.614868,-16384.000000,-14992.000000,-1001.000000,16384.000000
7275.000000,0.000000,880.000000,1251.039307,-16384.000000,-15063.000000,-597.000000,13914.000000
7280.000000,0.000000,556.000000,897.599731,-13454.000000,-13209.000000,-316.000000,8668.000000
7285.000000,0.000000,251.000000,522.747253,-7833.000000,-8702.000000,4.000000,3688.000000
7290.000000,0.000000,31.000000,262.689331,-3933.000000,-4825.000000,182.000000,-100.000000
7295.000000,0.000000,-126.000000,50.279957,-747.000000,-1827.000000,249.000000,-2517.000000
7300.000000,0.000000,-157.000000,-85.534187,1289.000000,-219.000000,200.000000,-2906.000000
7305.000000,0.000000,-111.000000,-108.117119,1628.000000,655.000000,177.000000,-2925.000000
7310.000000,0.000000,-139.000000,-120.861099,1820.000000,1150.000000,81.000000,-2031.000000
7315.000000,0.000000,-120.000000,-128.873520,1940.000000,1645.000000,41.000000,-1193.000000
7320.000000,0.000000,-49.000000,-89.078873,1343.000000,1298.000000,12.000000,-600.000000
7325.000000,0.000000,-3.000000,-40.074165,609.000000,820.000000,-15.000000,-155.000000
7330.000000,0.000000,27.000000,-1.387822,28.000000,415.000000,-21.000000,139.000000
7335.000000,0.000000,41.000000,23.695318,-347.000000,145.000000,-17.000000,237.000000
7340.000000,0.000000,48.000000,38.794243,-574.000000,65.000000,-7.000000,194.000000
7345.000000,0.000000,50.000000,46.328098,-687.000000,-324.000000,10.000000,-6.000000
7350.000000,0.000000,39.000000,45.220791,-670.000000,-384.000000,16.000000,-153.000000
7355.000000,0.000000,8.000000,26.225307,-385.000000,-363.000000,20.000000,-253.000000
7360.000000,0.000000,-24.000000,-1.668252,32.000000,-316.000000,18.000000,-268.000000
7365.000000,0.000000,-34.000000,-22.084574,338.000000,-73.000000,4.000000,-178.000000
7370.000000,0.000000,-32.000000,-30.640194,467.000000,123.000000,-7.000000,-28.000000
7375.000000,0.000000,-19.000000,-26.793779,409.000000,268.000000,-13.000000,103.000000
7380.000000,0.000000,2.000000,-11.998346,187.000000,192.000000,-15.000000,182.000000
7385.000000,0.000000,18.000000,5.584542,-76.000000,125.000000,-11.000000,183.000000
7390.000000,0.000000,27.000000,19.450102,-284.000000,-8.000000,-5.000000,136.000000
7395.000000,0.000000,25.000000,24.289890,-356.000000,-191.000000,6.000000,17.000000
7400.000000,0.000000,10.000000,18.599310,-271.000000,-135.000000,8.000000,-70.000000
7405.000000,0.000000,-13.000000,1.906142,-21.000000,-149.000000,8.000000,-104.000000
7410.000000,0.000000,-24.000000,-12.773156,199.000000,-8.000000,4.000000,-106.000000
7415.000000,0.000000,-24.000000,-20.689829,317.000000,121.000000,-3.000000,-24.000000
7420.000000,0.000000,-15.000000,-19.378363,298.000000,122.000000,-9.000000,59.000000
7425.000000,0.000000,4.000000,-7.920462,126.000000,185.000000,-9.000000,110.000000
7430.000000,0.000000,16.000000,5.691343,-77.000000,59.000000,-7.000000,111.000000
7435.000000,0.000000,18.000000,14.286699,-206.000000,-9.000000,-3.000000,86.000000
7440.000000,0.000000,16.000000,15.807225,-229.000000,-121.000000,4.000000,4.000000
7445.000000,0.000000,-3.000000,7.149952,-99.000000,-66.000000,4.000000,-47.000000
7450.000000,0.000000,-15.000000,-5.476304,89.000000,1.000000,4.000000,-64.000000
7455.000000,0.000000,-19.000000,-15.144556,234.000000,54.000000,4.000000,-65.000000
7460.000000,0.000000,-15.000000,-16.524488,255.000000,186.000000,-7.000000,8.000000
7465.000000,0.000000,-3.000000,-11.102745,174.000000,122.000000,-7.000000,64.000000
7470.000000,0.000000,10.000000,0.819453,-4.000000,59.000000,-7.000000,88.000000
7475.000000,0.000000,14.000000,10.041959,-142.000000,-68.000000,-5.000000,75.000000
7480.000000,0.000000,14.000000,13.279029,-191.000000,-66.000000,0.000000,37.000000
7485.000000,0.000000,0.000000,8.506152,-119.000000,-148.000000,4.000000,-18.000000
7490.000000,0.000000,-11.000000,-2.711264,48.000000,-18.000000,2.000000,-39.000000
7495.000000,0.000000,-17.000000,-11.045547,173.000000,63.000000,4.000000,-56.000000
7500.000000,0.000000,-11.000000,-12.748045,198.000000,123.000000,-3.000000,-18.000000
7505.000000,0.000000,-3.000000,-10.772799,169.000000,124.000000,-7.000000,46.000000
7510.000000,0.000000,6.000000,-1.298990,27.000000,120.000000,-7.000000,72.000000
7515.000000,0.000000,12.000000,6.945867,-96.000000,-60.000000,-5.000000,80.000000
7520.000000,0.000000,10.000000,9.163061,-129.000000,-20.000000,0.000000,46.000000
7525.000000,0.000000,2.000000,6.653752,-92.000000,-9.000000,2.000000,-2.000000
7530.000000,0.000000,-11.000000,-3.113459,54.000000,60.000000,4.000000,-44.000000
7535.000000,0.000000,-13.000000,-9.760378,154.000000,-203.000000,4.000000,-44.000000
7540.000000,0.000000,-9.000000,-10.562441,166.000000,121.000000,-3.000000,-20.000000
7545.000000,0.000000,-3.000000,-7.415980,119.000000,59.000000,-5.000000,44.000000
7550.000000,0.000000,8.000000,0.846732,-4.000000,3.000000,-3.000000,65.000000
7555.000000,0.000000,8.000000,6.232017,-85.000000,-67.000000,-3.000000,62.000000
7560.000000,0.000000,8.000000,7.584507,-106.000000,-115.000000,-3.000000,47.000000
7565.000000,0.000000,-3.000000,3.667051,-47.000000,-19.000000,4.000000,-1.000000
7570.000000,0.000000,-9.000000,-3.896941,66.000000,0.000000,2.000000,-24.000000
7575.000000,0.000000,-11.000000,-8.992470,142.000000,120.000000,2.000000,-34.000000
7580.000000,0.000000,-7.000000,-8.761373,139.000000,250.000000,0.000000,-24.000000
7585.000000,0.000000,0.000000,-5.281167,87.000000,120.000000,-5.000000,29.000000
7590.000000,0.000000,6.000000,1.729947,-18.000000,120.000000,-3.000000,57.000000
7595.000000,0.000000,8.000000,5.945429,-81.000000,-58.000000,-3.000000,59.000000
7600.000000,0.000000,6.000000,5.982119,-81.000000,-57.000000,-3.000000,46.000000
7605.000000,0.000000,-7.000000,0.292701,3.000000,-68.000000,0.000000,3.000000
7610.000000,0.000000,-11.000000,-6.191128,100.000000,53.000000,0.000000,-23.000000
7615.000000,0.000000,-9.000000,-8.499429,135.000000,120.000000,2.000000,-31.000000
7620.000000,0.000000,-7.000000,-7.491333,120.000000,58.000000,0.000000,-28.000000
7625.000000,0.000000,4.000000,-1.168360,25.000000,120.000000,-5.000000,28.000000
7630.000000,0.000000,8.000000,3.887232,-50.000000,-15.000000,-7.000000,56.000000
7635.000000,0.000000,6.000000,5.307688,-71.000000,-9.000000,-3.000000,60.000000
7640.000000,0.000000,2.000000,4.653143,-62.000000,50.000000,-3.000000,46.000000
7645.000000,0.000000,-7.000000,-2.713018,48.000000,52.000000,0.000000,3.000000
7650.000000,0.000000,-11.000000,-7.864682,125.000000,120.000000,2.000000,-31.000000
7655.000000,0.000000,-7.000000,-8.596619,136.000000,-3.000000,2.000000,-36.000000
7660.000000,0.000000,0.000000,-5.227180,86.000000,55.000000,0.000000,-20.000000
7665.000000,0.000000,6.000000,1.212598,-10.000000,59.000000,-5.000000,40.000000
7670.000000,0.000000,8.000000,4.872224,-65.000000,0.000000,-7.000000,67.000000
7675.000000,0.000000,6.000000,5.630450,-76.000000,-58.000000,-7.000000,79.000000
7680.000000,0.000000,-5.000000,2.002106,-22.000000,-9.000000,0.000000,48.000000
7685.000000,0.000000,-9.000000,-4.657550,77.000000,52.000000,2.000000,-5.000000
7690.000000,0.000000,-9.000000,-7.740906,123.000000,2.000000,4.000000,-40.000000
7695.000000,0.000000,-7.000000,-7.867420,125.000000,117.000000,4.000000,-47.000000
7700.000000,0.000000,4.000000,-1.918796,36.000000,53.000000,-3.000000,-21.000000
7705.000000,0.000000,6.000000,2.780529,-33.000000,52.000000,-5.000000,37.000000
7710.000000,0.000000,6.000000,5.149844,-69.000000,-9.000000,-5.000000,65.000000
7715.000000,0.000000,0.000000,4.201421,-55.000000,-18.000000,-3.000000,50.000000
7720.000000,0.000000,-7.000000,-2.681839,48.000000,171.000000,-3.000000,43.000000
7725.000000,0.000000,-9.000000,-7.710465,123.000000,-8.000000,4.000000,-5.000000
7730.000000,0.000000,-7.000000,-7.601445,121.000000,54.000000,2.000000,-34.000000
7735.000000,0.000000,-3.000000,-4.396441,73.000000,244.000000,2.000000,-39.000000
7740.000000,0.000000,4.000000,1.200014,-10.000000,-2.000000,-3.000000,-16.000000
7745.000000,0.000000,6.000000,4.171141,-54.000000,1.000000,-3.000000,32.000000
7750.000000,0.000000,4.000000,5.000720,-67.000000,1.000000,-5.000000,71.000000
7755.000000,0.000000,-7.000000,-0.781524,19.000000,-9.000000,-7.000000,80.000000
7760.000000,0.000000,-9.000000,-5.454490,89.000000,-1.000000,-3.000000,65.000000
7765.000000,0.000000,-9.000000,-7.674367,123.000000,-2.000000,2.000000,16.000000
7770.000000,0.000000,-5.000000,-6.705777,108.000000,-2.000000,2.000000,-32.000000
7775.000000,0.000000,4.000000,-0.747109,19.000000,-8.000000,2.000000,-34.000000
7780.000000,0.000000,4.000000,3.389107,-42.000000,-1.000000,0.000000,-29.000000
7785.000000,0.000000,4.000000,3.963663,-51.000000,-17.000000,-7.000000,37.000000
7790.000000,0.000000,0.000000,2.868093,-35.000000,-58.000000,-5.000000,65.000000
7795.000000,0.000000,-9.000000,-3.377943,58.000000,52.000000,-5.000000,68.000000
7800.000000,0.000000,-9.000000,-6.673924,108.000000,59.000000,-3.000000,49.000000
7805.000000,0.000000,-7.000000,-7.681632,123.000000,-2.000000,2.000000,1.000000
7810.000000,0.000000,4.000000,-2.433917,44.000000,64.000000,4.000000,-26.000000
7815.000000,0.000000,4.000000,1.827734,-19.000000,53.000000,2.000000,-32.000000
7820.000000,0.000000,4.000000,4.232832,-55.000000,1.000000,0.000000,-28.000000
7825.000000,0.000000,2.000000,3.676295,-47.000000,60.000000,-5.000000,24.000000
7830.000000,0.000000,-5.000000,-0.431512,14.000000,0.000000,-5.000000,62.000000
7835.000000,0.000000,-9.000000,-5.516438,90.000000,53.000000,-5.000000,67.000000
7840.000000,0.000000,-7.000000,-6.882506,111.000000,49.000000,-3.000000,48.000000
7845.000000,0.000000,-5.000000,-5.780700,94.000000,59.000000,0.000000,-1.000000
7850.000000,0.000000,4.000000,-0.443980,14.000000,59.000000,2.000000,-35.000000
7855.000000,0.000000,6.000000,4.044597,-52.000000,59.000000,2.000000,-35.000000
7860.000000,0.000000,4.000000,4.014614,-52.000000,-76.000000,-3.000000,-11.000000
7865.000000,0.000000,0.000000,2.628788,-31.000000,50.000000,-3.000000,33.000000
7870.000000,0.000000,-7.000000,-3.376359,58.000000,-8.000000,-7.000000,61.000000
7875.000000,0.000000,-9.000000,-7.362045,118.000000,-8.000000,-3.000000,56.000000
7880.000000,0.000000,-7.000000,-7.858475,125.000000,-3.000000,0.000000,36.000000
7885.000000,0.000000,2.000000,-2.776665,49.000000,59.000000,0.000000,4.000000
7890.000000,0.000000,6.000000,2.435422,-28.000000,-1.000000,2.000000,-14.000000
7895.000000,0.000000,6.000000,4.883159,-65.000000,60.000000,2.000000,-32.000000
7900.000000,0.000000,2.000000,4.677874,-62.000000,-67.000000,0.000000,-28.000000
7905.000000,0.000000,-7.000000,-1.770514,34.000000,1.000000,-3.000000,29.000000
7910.000000,0.000000,-9.000000,-7.187202,115.000000,53.000000,-3.000000,39.000000
7915.000000,0.000000,-7.000000,-8.405983,134.000000,58.000000,-5.000000,57.000000
7920.000000,0.000000,0.000000,-5.740712,94.000000,125.000000,-3.000000,45.000000
7925.000000,0.000000,4.000000,1.015524,-7.000000,53.000000,2.000000,-1.000000
7930.000000,0.000000,6.000000,4.366687,-57.000000,-1.000000,2.000000,-12.000000
7935.000000,0.000000,6.000000,5.464796,-73.000000,-77.000000,2.000000,-27.000000
7940.000000,0.000000,-5.000000,1.487024,-14.000000,-9.000000,0.000000,-21.000000
7945.000000,6000.000000,-9.000000,-4.455132,16384.000000,-8.000000,-5.000000,-16384.000000
7950.000000,6000.000000,87.000000,23.391022,16384.000000,13078.000000,-97.000000,-16384.000000
7955.000000,6000.000000,351.000000,179.425095,16384.000000,13821.000000,-440.000000,-16384.000000
7960.000000,6000.000000,736.000000,488.411926,16384.000000,14135.000000,-787.000000,-16384.000000
7965.000000,6000.000000,1098.000000,816.244446,16384.000000,14345.000000,-1114.000000,-16384.000000
7970.000000,6000.000000,1496.000000,1176.183838,16384.000000,14260.000000,-1398.000000,-16384.000000
7975.000000,6000.000000,1826.000000,1517.641724,16384.000000,13622.000000,-1775.000000,-16384.000000
7980.000000,6000.000000,2140.000000,1874.062378,16384.000000,13866.000000,-2131.000000,-16384.000000
7985.000000,6000.000000,2473.000000,2215.223145,16384.000000,13926.000000,-2493.000000,-16384.000000
7990.000000,6000.000000,2825.000000,2569.798828,16384.000000,14337.000000,-2811.000000,-16384.000000
7995.000000,6000.000000,3203.000000,2919.148926,16384.000000,12925.000000,-3119.000000,-16384.000000
8000.000000,6000.000000,3521.000000,3264.242432,16384.000000,14136.000000,-3460.000000,-16384.000000
8005.000000,6000.000000,3927.000000,3624.179199,16384.000000,13430.000000,-3801.000000,-16384.000000
8010.000000,6000.000000,4210.000000,3938.573242,16384.000000,12481.000000,-4110.000000,-16384.000000
8015.000000,6000.000000,4612.000000,4286.920898,16384.000000,10464.000000,-4412.000000,-16384.000000
8020.000000,6000.000000,4792.000000,4571.385254,16384.000000,11248.000000,-4713.000000,-16384.000000
8025.000000,6000.000000,5103.000000,4868.342285,16384.000000,10515.000000,-4981.000000,-16384.000000
8030.000000,6000.000000,5352.000000,5135.739258,12973.000000,979.000000,-5222.000000,-14906.000000
8035.000000,6000.000000,5570.000000,5382.262695,9277.000000,8357.000000,-5425.000000,-11208.000000
8040.000000,6000.000000,5802.000000,5615.846191,5774.000000,8064.000000,-5663.000000,-7696.000000
8045.000000,6000.000000,5995.000000,5826.776855,2611.000000,8031.000000,-5885.000000,-4350.000000
8050.000000,6000.000000,6196.000000,6029.903320,-435.000000,5249.000000,-6082.000000,-1265.000000
8055.000000,6000.000000,6292.000000,6186.500488,-2784.000000,2672.000000,-6308.000000,2023.000000
8060.000000,6000.000000,6282.000000,6258.212402,-3860.000000,-245.000000,-6467.000000,4944.000000
8065.000000,6000.000000,6250.000000,6266.608398,-3987.000000,-2232.000000,-6452.000000,6454.000000
8070.000000,6000.000000,6171.000000,6227.456543,-3400.000000,-2230.000000,-6322.000000,5937.000000
8075.000000,6000.000000,6093.000000,6153.866211,-2297.000000,-3069.000000,-6130.000000,3871.000000
8080.000000,6000.000000,6033.000000,6083.872070,-1247.000000,-1778.000000,-5948.000000,1265.000000
8085.000000,6000.000000,5970.000000,6018.676270,-270.000000,-1457.000000,-5858.000000,-724.000000
8090.000000,6000.000000,5938.000000,5972.797852,418.000000,-486.000000,-5837.000000,-1876.000000
8095.000000,6000.000000,5909.000000,5936.549805,961.000000,-3893.000000,-5847.000000,-2172.000000
8100.000000,6000.000000,5926.000000,5928.115723,1088.000000,-297.000000,-5902.000000,-1936.000000
8105.000000,6000.000000,5926.000000,5920.338379,1205.000000,494.000000,-5931.000000,-1394.000000
8110.000000,6000.000000,5947.000000,5943.845703,853.000000,395.000000,-5994.000000,-722.000000
8115.000000,6000.000000,5974.000000,5957.706055,645.000000,560.000000,-6004.000000,-165.000000
8120.000000,6000.000000,5995.000000,5988.208008,187.000000,461.000000,-6040.000000,252.000000
8125.000000,6000.000000,6012.000000,5999.360352,20.000000,70.000000,-6048.000000,520.000000
8130.000000,6000.000000,6018.000000,6019.768066,-285.000000,-37.000000,-6034.000000,515.000000
8135.000000,6000.000000,6018.000000,6017.342773,-249.000000,-57.000000,-6029.000000,431.000000
8140.000000,6000.000000,6012.000000,6024.136719,-351.000000,-112.000000,-6006.000000,248.000000
8145.000000,6000.000000,6026.000000,6010.135742,-141.000000,420.000000,-6008.000000,111.000000
8150.000000,6000.000000,5993.000000,6010.489258,-146.000000,-46.000000,-5990.000000,-50.000000
8155.000000,6000.000000,6012.000000,6000.664551,0.000000,589.000000,-5996.000000,-145.000000
8160.000000,6000.000000,5982.000000,5993.965820,101.000000,125.000000,-5985.000000,-199.000000
8165.000000,6000.000000,6005.000000,5989.581543,167.000000,816.000000,-5996.000000,-165.000000
8170.000000,6000.000000,5982.000000,5989.514648,168.000000,234.000000,-5992.000000,-156.000000
8175.000000,6000.000000,6007.000000,5988.138672,188.000000,787.000000,-6004.000000,-105.000000
8180.000000,6000.000000,5982.000000,5991.320801,141.000000,311.000000,-6000.000000,-72.000000
8185.000000,6000.000000,6012.000000,5992.763184,119.000000,765.000000,-6006.000000,-31.000000
8190.000000,6000.000000,5986.000000,5995.352539,80.000000,245.000000,-6002.000000,-16.000000
8195.000000,6000.000000,6014.000000,5996.567871,62.000000,695.000000,-6008.000000,-7.000000
8200.000000,6000.000000,5986.000000,5997.428711,49.000000,117.000000,-6002.000000,-5.000000
8205.000000,6000.000000,6014.000000,5996.723633,60.000000,631.000000,-6008.000000,-4.000000
8210.000000,6000.000000,5986.000000,5997.735352,44.000000,190.000000,-5998.000000,-19.000000
8215.000000,6000.000000,6014.000000,5997.399902,49.000000,624.000000,-6006.000000,-28.000000
8220.000000,6000.000000,5984.000000,5996.676758,60.000000,120.000000,-6000.000000,-40.000000
8225.000000,6000.000000,6014.000000,5995.811523,73.000000,734.000000,-6002.000000,-52.000000
8230.000000,6000.000000,5984.000000,5995.675781,75.000000,124.000000,-5998.000000,-56.000000
8235.000000,6000.000000,6014.000000,5995.163086,83.000000,794.000000,-6002.000000,-66.000000
8240.000000,6000.000000,5984.000000,5995.094727,84.000000,159.000000,-5998.000000,-68.000000
8245.000000,6000.000000,6012.000000,5995.149414,83.000000,648.000000,-6002.000000,-61.000000
8250.000000,6000.000000,5984.000000,5995.090332,84.000000,170.000000,-5998.000000,-61.000000
8255.000000,6000.000000,6012.000000,5995.147461,83.000000,777.000000,-6004.000000,-49.000000
8260.000000,6000.000000,5982.000000,5995.794434,74.000000,195.000000,-6000.000000,-47.000000
8265.000000,6000.000000,6014.000000,5996.198242,68.000000,785.000000,-6004.000000,-41.000000
8270.000000,6000.000000,5982.000000,5995.658691,76.000000,137.000000,-6000.000000,-45.000000
8275.000000,6000.000000,6012.000000,5995.653809,76.000000,701.000000,-6004.000000,-49.000000
8280.000000,6000.000000,5982.000000,5995.755371,74.000000,34.000000,-6002.000000,-39.000000
8285.000000,6000.000000,6010.000000,5995.385742,80.000000,527.000000,-6004.000000,-59.000000
8290.000000,6000.000000,5980.000000,5995.472656,78.000000,17.000000,-6002.000000,-47.000000
8295.000000,6000.000000,6007.000000,5994.067871,100.000000,252.000000,-6002.000000,-60.000000
8300.000000,6000.000000,5978.000000,5994.435547,94.000000,88.000000,-6002.000000,-52.000000
8305.000000,6000.000000,6010.000000,5994.584473,92.000000,208.000000,-6002.000000,-63.000000
8310.000000,6000.000000,5978.000000,5994.860840,88.000000,32.000000,-6002.000000,-50.000000
8315.000000,6000.000000,6007.000000,5994.812500,88.000000,610.000000,-6002.000000,-56.000000
8320.000000,6000.000000,5978.000000,5994.474609,94.000000,113.000000,-6002.000000,-47.000000
8325.000000,6000.000000,6010.000000,5995.285645,81.000000,710.000000,-5992.000000,-62.000000
8330.000000,6000.000000,5978.000000,5994.629883,91.000000,123.000000,-5992.000000,-57.000000
8335.000000,6000.000000,6005.000000,5994.582520,92.000000,599.000000,-5992.000000,-85.000000
8340.000000,6000.000000,5976.000000,5994.368164,95.000000,138.000000,-5992.000000,-31.000000
8345.000000,6000.000000,6010.000000,5995.816406,73.000000,679.000000,-5990.000000,-86.000000
8350.000000,6000.000000,5976.000000,5994.403809,95.000000,136.000000,-5992.000000,-76.000000
8355.000000,6000.000000,6007.000000,5995.433105,79.000000,741.000000,-5990.000000,-52.000000
8360.000000,6000.000000,5976.000000,5994.483398,93.000000,-37.000000,-5994.000000,-61.000000
8365.000000,6000.000000,6005.000000,5995.315430,81.000000,229.000000,-5990.000000,-98.000000
8370.000000,6000.000000,5976.000000,5994.559570,92.000000,12.000000,-5996.000000,-59.000000
8375.000000,6000.000000,6005.000000,5995.084473,84.000000,443.000000,-5992.000000,-92.000000
8380.000000,6000.000000,5989.000000,5991.440430,139.000000,-749.000000,-5998.000000,-40.000000
8385.000000,6000.000000,6016.000000,5998.609375,32.000000,-396.000000,-5992.000000,-79.000000
8390.000000,6000.000000,5991.000000,5992.995605,116.000000,-627.000000,-5998.000000,-38.000000
8395.000000,6000.000000,6016.000000,5999.324219,21.000000,-372.000000,-5992.000000,-84.000000
8400.000000,6000.000000,5991.000000,5993.434570,109.000000,-732.000000,-5998.000000,-38.000000
8405.000000,6000.000000,6016.000000,5999.887695,13.000000,-448.000000,-5992.000000,-80.000000
8410.000000,6000.000000,5991.000000,5993.834473,103.000000,-729.000000,-5998.000000,-39.000000
8415.000000,6000.000000,6018.000000,6000.098633,9.000000,-228.000000,-5992.000000,-80.000000
8420.000000,6000.000000,5991.000000,5993.903320,102.000000,-550.000000,-5998.000000,-43.000000
8425.000000,6000.000000,6018.000000,5999.865234,13.000000,-302.000000,-5992.000000,-95.000000
8430.000000,6000.000000,5993.000000,5993.650879,106.000000,-66.000000,-6000.000000,-42.000000
8435.000000,6000.000000,6018.000000,5999.833496,13.000000,-149.000000,-5992.000000,-89.000000
8440.000000,6000.000000,5993.000000,5993.640625,106.000000,-127.000000,-6002.000000,-30.000000
8445.000000,6000.000000,6018.000000,5999.779297,14.000000,-139.000000,-5992.000000,-83.000000
8450.000000,6000.000000,5993.000000,5993.302734,111.000000,-288.000000,-6002.000000,-18.000000
8455.000000,6000.000000,6018.000000,5999.143555,24.000000,-199.000000,-5992.000000,-75.000000
8460.000000,6000.000000,5995.000000,5993.494629,109.000000,-271.000000,-6000.000000,-18.000000
8465.000000,6000.000000,6018.000000,5999.831055,13.000000,-209.000000,-5992.000000,-72.000000
8470.000000,6000.000000,5993.000000,5992.630859,121.000000,-465.000000,-6000.000000,-22.000000
8475.000000,6000.000000,6018.000000,5998.859375,28.000000,-178.000000,-5992.000000,-81.000000
8480.000000,6000.000000,5993.000000,5992.568359,122.000000,-537.000000,-6002.000000,-21.000000
8485.000000,6000.000000,6016.000000,5999.178711,23.000000,93.000000,-5992.000000,-81.000000
8490.000000,6000.000000,5993.000000,5992.366211,126.000000,142.000000,-6002.000000,-20.000000
8495.000000,6000.000000,6016.000000,5998.536621,33.000000,50.000000,-5990.000000,-86.000000
8500.000000,6000.000000,5995.000000,5992.555664,123.000000,54.000000,-6002.000000,-26.000000
8505.000000,6000.000000,6018.000000,5999.213867,23.000000,14.000000,-5990.000000,-85.000000
8510.000000,6000.000000,5997.000000,5993.548828,108.000000,49.000000,-6002.000000,-26.000000
8515.000000,6000.000000,6018.000000,5999.488281,19.000000,-43.000000,-5990.000000,-87.000000
8520.000000,6000.000000,5997.000000,5993.331543,111.000000,52.000000,-5998.000000,-20.000000
8525.000000,6000.000000,6020.000000,5999.909180,12.000000,-43.000000,-5990.000000,-85.000000
8530.000000,6000.000000,5997.000000,5993.520508,108.000000,-123.000000,-5998.000000,-23.000000
8535.000000,6000.000000,6016.000000,5999.580566,17.000000,-24.000000,-5987.000000,-119.000000
8540.000000,6000.000000,5995.000000,5992.692871,121.000000,-173.000000,-5998.000000,-24.000000
8545.000000,6000.000000,6016.000000,5998.538574,33.000000,-152.000000,-5987.000000,-101.000000
8550.000000,6000.000000,5995.000000,5992.146973,129.000000,-116.000000,-5996.000000,-19.000000
8555.000000,6000.000000,6018.000000,5998.800781,29.000000,-221.000000,-5987.000000,-96.000000
8560.000000,6000.000000,5997.000000,5992.888184,118.000000,291.000000,-5996.000000,-26.000000
8565.000000,6000.000000,6018.000000,5999.568359,18.000000,213.000000,-5987.000000,-103.000000
8570.000000,6000.000000,5989.000000,5993.540039,108.000000,-113.000000,-5996.000000,-28.000000
8575.000000,6000.000000,5995.000000,6000.038086,11.000000,323.000000,-5985.000000,-110.000000
8580.000000,6000.000000,5999.000000,5994.014160,101.000000,263.000000,-5994.000000,-43.000000
8585.000000,6000.000000,5995.000000,6000.356934,6.000000,270.000000,-5985.000000,-119.000000
8590.000000,6000.000000,5999.000000,5993.273926,112.000000,436.000000,-5994.000000,-36.000000
8595.000000,6000.000000,5993.000000,5997.274414,52.000000,394.000000,-5983.000000,-123.000000
8600.000000,6000.000000,5989.000000,5992.016113,131.000000,91.000000,-5994.000000,-37.000000
8605.000000,6000.000000,5995.000000,5998.613281,32.000000,405.000000,-5983.000000,-129.000000
8610.000000,6000.000000,5991.000000,5993.356445,111.000000,38.000000,-5994.000000,-36.000000
8615.000000,6000.000000,5995.000000,5999.052734,26.000000,270.000000,-5985.000000,-110.000000
8620.000000,6000.000000,5993.000000,5993.532227,108.000000,-327.000000,-5994.000000,-33.000000
8625.000000,6000.000000,5993.000000,5998.390625,35.000000,315.000000,-5985.000000,-106.000000
8630.000000,6000.000000,5993.000000,5993.314941,112.000000,-298.000000,-5994.000000,-24.000000
8635.000000,6000.000000,5995.000000,5998.555664,33.000000,210.000000,-5985.000000,-107.000000
8640.000000,6000.000000,5993.000000,5993.205566,113.000000,-270.000000,-5994.000000,-32.000000
8645.000000,6000.000000,5993.000000,5998.283691,37.000000,277.000000,-5983.000000,-123.000000
8650.000000,6000.000000,5993.000000,5992.860352,118.000000,-234.000000,-5992.000000,-43.000000
8655.000000,6000.000000,5995.000000,5998.611328,32.000000,249.000000,-5983.000000,-119.000000
8660.000000,6000.000000,5993.000000,5993.059570,116.000000,-123.000000,-5994.000000,-39.000000
8665.000000,6000.000000,5995.000000,5998.676758,31.000000,350.000000,-5985.000000,-100.000000
8670.000000,6000.000000,5993.000000,5993.705566,106.000000,-191.000000,-5994.000000,-37.000000
8675.000000,6000.000000,5995.000000,5998.888184,28.000000,312.000000,-5983.000000,-119.000000
8680.000000,6000.000000,5993.000000,5994.299316,97.000000,-431.000000,-5992.000000,-46.000000
8685.000000,6000.000000,5995.000000,5999.287598,22.000000,139.000000,-5983.000000,-120.000000
8690.000000,6000.000000,5993.000000,5994.430664,95.000000,-393.000000,-5994.000000,-36.000000
8695.000000,6000.000000,5995.000000,5998.961914,27.000000,175.000000,-5985.000000,-108.000000
8700.000000,6000.000000,5993.000000,5993.635254,107.000000,-268.000000,-5996.000000,-20.000000
8705.000000,6000.000000,5993.000000,5998.505859,34.000000,165.000000,-5985.000000,-92.000000
8710.000000,6000.000000,5993.000000,5993.321777,112.000000,-433.000000,-5994.000000,-21.000000
8715.000000,6000.000000,5993.000000,5997.878418,43.000000,228.000000,-6011.000000,-93.000000
8720.000000,6000.000000,5993.000000,5993.116211,115.000000,-398.000000,-5996.000000,-22.000000
8725.000000,6000.000000,5993.000000,5998.016113,41.000000,321.000000,-6013.000000,-100.000000
8730.000000,6000.000000,5993.000000,5993.202148,114.000000,-265.000000,-5992.000000,-37.000000
8735.000000,6000.000000,5993.000000,5998.671387,31.000000,210.000000,-6011.000000,-113.000000
8740.000000,6000.000000,5995.000000,5993.817383,104.000000,431.000000,-5998.000000,-82.000000
8745.000000,6000.000000,5993.000000,5998.873047,28.000000,586.000000,-6011.000000,-86.000000
8750.000000,6000.000000,5995.000000,5994.024414,101.000000,-175.000000,-5998.000000,-53.000000
8755.000000,6000.000000,5993.000000,5998.300781,37.000000,311.000000,-6011.000000,-62.000000
8760.000000,6000.000000,5995.000000,5994.115723,100.000000,-138.000000,-5998.000000,-36.000000
8765.000000,6000.000000,5995.000000,5999.716309,16.000000,343.000000,-6011.000000,-49.000000
8770.000000,6000.000000,5997.000000,5995.555664,78.000000,-209.000000,-5998.000000,-36.000000
8775.000000,6000.000000,5993.000000,5999.211914,23.000000,296.000000,-6011.000000,-47.000000
8780.000000,6000.000000,5995.000000,5994.669922,92.000000,-314.000000,-5998.000000,-26.000000
8785.000000,6000.000000,5991.000000,5998.317383,37.000000,242.000000,-6011.000000,-39.000000
8790.000000,6000.000000,5995.000000,5993.752441,105.000000,-307.000000,-6000.000000,-20.000000
8795.000000,6000.000000,5991.000000,5997.696289,46.000000,343.000000,-6011.000000,-40.000000
8800.000000,6000.000000,5995.000000,5993.321289,112.000000,-400.000000,-5998.000000,-29.000000
8805.000000,6000.000000,5982.000000,5997.709473,46.000000,-417.000000,-6008.000000,-60.000000
8810.000000,6000.000000,5986.000000,5993.930176,103.000000,350.000000,-5996.000000,-52.000000
8815.000000,6000.000000,5984.000000,5997.909180,43.000000,154.000000,-6006.000000,-103.000000
8820.000000,6000.000000,5986.000000,5993.884277,103.000000,201.000000,-5996.000000,-106.000000
8825.000000,6000.000000,5982.000000,5991.438477,140.000000,160.000000,-6006.000000,-96.000000
8830.000000,6000.000000,5986.000000,5991.943359,133.000000,341.000000,-6000.000000,-44.000000
8835.000000,6000.000000,5984.000000,5995.684570,77.000000,-1.000000,-5996.000000,-93.000000
8840.000000,6000.000000,5989.000000,5993.842773,104.000000,191.000000,-5998.000000,-37.000000
8845.000000,6000.000000,5984.000000,5996.150879,70.000000,120.000000,-5996.000000,-48.000000
8850.000000,6000.000000,5989.000000,5994.356445,96.000000,261.000000,-5998.000000,-20.000000
8855.000000,6000.000000,5982.000000,5995.535156,79.000000,-3.000000,-5996.000000,-47.000000
8860.000000,6000.000000,5986.000000,5992.773926,120.000000,110.000000,-5996.000000,-30.000000
8865.000000,6000.000000,5980.000000,5993.671875,107.000000,-10.000000,-5994.000000,-64.000000
8870.000000,6000.000000,5986.000000,5991.679199,137.000000,360.000000,-5996.000000,-41.000000
8875.000000,6000.000000,5978.000000,5992.657227,122.000000,238.000000,-5994.000000,-71.000000
8880.000000,6000.000000,5989.000000,5992.174805,129.000000,417.000000,-5998.000000,-44.000000
8885.000000,6000.000000,5980.000000,5993.383789,111.000000,312.000000,-5992.000000,-84.000000
8890.000000,6000.000000,5989.000000,5993.101563,115.000000,470.000000,-5996.000000,-55.000000
8895.000000,6000.000000,5978.000000,5993.819336,105.000000,313.000000,-5994.000000,-92.000000
8900.000000,6000.000000,5986.000000,5993.145996,115.000000,469.000000,-5998.000000,-48.000000
8905.000000,6000.000000,5980.000000,5994.185547,99.000000,249.000000,-5994.000000,-85.000000
8910.000000,6000.000000,5989.000000,5993.825195,105.000000,399.000000,-5998.000000,-49.000000
8915.000000,6000.000000,5980.000000,5993.832031,104.000000,183.000000,-5994.000000,-87.000000
8920.000000,6000.000000,5989.000000,5994.018555,102.000000,454.000000,-6000.000000,-48.000000
8925.000000,6000.000000,5978.000000,5993.815430,105.000000,247.000000,-5994.000000,-87.000000
8930.000000,6000.000000,5991.000000,5994.669434,92.000000,336.000000,-6002.000000,-37.000000
8935.000000,6000.000000,5980.000000,5994.428711,96.000000,-38.000000,-5998.000000,-79.000000
8940.000000,6000.000000,5989.000000,5993.894531,104.000000,129.000000,-6002.000000,-32.000000
8945.000000,6000.000000,5978.000000,5993.198730,114.000000,-355.000000,-5996.000000,-70.000000
8950.000000,6000.000000,5989.000000,5993.309570,112.000000,158.000000,-6002.000000,-20.000000
8955.000000,6000.000000,5978.000000,5992.750977,121.000000,-436.000000,-5994.000000,-66.000000
8960.000000,6000.000000,5989.000000,5993.163086,115.000000,444.000000,-6002.000000,-19.000000
8965.000000,6000.000000,5976.000000,5990.213867,159.000000,218.000000,-5994.000000,-70.000000
8970.000000,6000.000000,5989.000000,5993.038086,117.000000,299.000000,-6002.000000,-41.000000
8975.000000,6000.000000,5978.000000,5993.558105,109.000000,105.000000,-5996.000000,-51.000000
8980.000000,6000.000000,5993.000000,5995.253906,83.000000,324.000000,-5994.000000,-15.000000
8985.000000,6000.000000,5978.000000,5994.396973,96.000000,80.000000,-5992.000000,-92.000000
8990.000000,6000.000000,5991.000000,5994.626953,93.000000,375.000000,-5994.000000,-66.000000
8995.000000,6000.000000,5978.000000,5993.871582,104.000000,-459.000000,-5992.000000,-109.000000
9000.000000,6000.000000,5991.000000,5994.086426,101.000000,102.000000,-5994.000000,-65.000000
9005.000000,6000.000000,5978.000000,5993.069336,116.000000,-362.000000,-5994.000000,-94.000000
9010.000000,6000.000000,5991.000000,5993.616211,108.000000,198.000000,-5994.000000,-52.000000
9015.000000,6000.000000,5976.000000,5992.054688,131.000000,-285.000000,-5994.000000,-76.000000
9020.000000,6000.000000,5991.000000,5993.219727,114.000000,210.000000,-5994.000000,-46.000000
9025.000000,6000.000000,5976.000000,5992.129395,130.000000,-121.000000,-5996.000000,-71.000000
9030.000000,6000.000000,5991.000000,5993.627930,108.000000,205.000000,-5994.000000,-36.000000
9035.000000,6000.000000,5976.000000,5992.058594,131.000000,-290.000000,-5998.000000,-66.000000
9040.000000,6000.000000,5991.000000,5993.220703,114.000000,321.000000,-5994.000000,-38.000000
9045.000000,6000.000000,5976.000000,5991.833008,135.000000,-108.000000,-5996.000000,-62.000000
9050.000000,6000.000000,5995.000000,5994.691895,92.000000,278.000000,-5994.000000,-35.000000
9055.000000,6000.000000,6007.000000,5992.471191,125.000000,239.000000,-5996.000000,-70.000000
9060.000000,6000.000000,5995.000000,5993.080566,116.000000,135.000000,-5992.000000,-51.000000
9065.000000,6000.000000,6010.000000,5990.213379,159.000000,182.000000,-5996.000000,-70.000000
9070.000000,6000.000000,6018.000000,5993.278320,113.000000,285.000000,-5994.000000,-53.000000
9075.000000,6000.000000,6010.000000,5995.506836,80.000000,254.000000,-5994.000000,-83.000000
9080.000000,6000.000000,6022.000000,6002.068848,-18.000000,93.000000,-5992.000000,-61.000000
9085.000000,6000.000000,6012.000000,5999.639648,18.000000,190.000000,-5994.000000,-90.000000
9090.000000,6000.000000,6022.000000,6003.586914,-40.000000,191.000000,-5992.000000,-56.000000
9095.000000,6000.000000,6010.000000,5998.472656,35.000000,186.000000,-5996.000000,-74.000000
9100.000000,6000.000000,6018.000000,6001.167969,-4.000000,212.000000,-5992.000000,-48.000000
9105.000000,6000.000000,6007.000000,5995.715820,77.000000,200.000000,-5998.000000,-59.000000
9110.000000,6000.000000,6016.000000,5998.991211,27.000000,160.000000,-5992.000000,-34.000000
9115.000000,6000.000000,6005.000000,5994.973633,88.000000,307.000000,-5996.000000,-59.000000
9120.000000,6000.000000,5995.000000,5998.023438,42.000000,477.000000,-5992.000000,-29.000000
9125.000000,6000.000000,5989.000000,5993.016602,117.000000,364.000000,-5996.000000,-59.000000
9130.000000,6000.000000,5997.000000,5998.601563,33.000000,379.000000,-5990.000000,-52.000000
9135.000000,6000.000000,5989.000000,5993.656738,108.000000,216.000000,-5996.000000,-75.000000
9140.000000,6000.000000,5997.000000,5998.811523,30.000000,240.000000,-5990.000000,-67.000000
9145.000000,6000.000000,5989.000000,5994.350098,97.000000,216.000000,-5996.000000,-84.000000
9150.000000,6000.000000,5997.000000,5999.345703,22.000000,264.000000,-5987.000000,-84.000000
9155.000000,6000.000000,5989.000000,5994.361328,97.000000,280.000000,-5996.000000,-90.000000
9160.000000,6000.000000,5997.000000,5999.185547,25.000000,346.000000,-5990.000000,-66.000000
9165.000000,6000.000000,5989.000000,5993.988770,103.000000,-299.000000,-5998.000000,-71.000000
9170.000000,6000.000000,5995.000000,5998.763184,31.000000,-432.000000,-5992.000000,-47.000000
9175.000000,6000.000000,5991.000000,5994.570801,94.000000,-339.000000,-6000.000000,-57.000000
9180.000000,6000.000000,5995.000000,5998.954102,28.000000,-362.000000,-5992.000000,-40.000000
9185.000000,6000.000000,5991.000000,5994.131348,101.000000,277.000000,-5992.000000,-76.000000
9190.000000,6000.000000,5995.000000,5998.390137,37.000000,495.000000,-6000.000000,-50.000000
9195.000000,6000.000000,5991.000000,5993.626465,108.000000,266.000000,-5992.000000,-71.000000
9200.000000,6000.000000,5995.000000,5999.105469,26.000000,306.000000,-6002.000000,-39.000000
9205.000000,6000.000000,5991.000000,5993.911621,104.000000,256.000000,-5992.000000,-72.000000
9210.000000,6000.000000,5997.000000,5999.138184,26.000000,-216.000000,-6002.000000,-40.000000
9215.000000,6000.000000,5991.000000,5993.551758,109.000000,-649.000000,-5994.000000,-66.000000
9220.000000,6000.000000,5997.000000,5999.161133,25.000000,-70.000000,-6002.000000,-47.000000
9225.000000,6000.000000,5993.000000,5994.214844,99.000000,356.000000,-5994.000000,-76.000000
9230.000000,6000.000000,5997.000000,5999.534180,20.000000,612.000000,-6002.000000,-54.000000
9235.000000,6000.000000,5995.000000,5994.801270,91.000000,349.000000,-5992.000000,-93.000000
9240.000000,6000.000000,5997.000000,5999.570801,19.000000,476.000000,-6002.000000,-60.000000
9245.000000,6000.000000,5995.000000,5994.749023,91.000000,323.000000,-5994.000000,-75.000000
9250.000000,6000.000000,5997.000000,5999.438477,21.000000,-683.000000,-6002.000000,-54.000000
9255.000000,6000.000000,5993.000000,5993.985840,103.000000,197.000000,-5994.000000,-77.000000
9260.000000,6000.000000,5997.000000,5998.983398,28.000000,123.000000,-6004.000000,-51.000000
9265.000000,6000.000000,5995.000000,5994.236816,99.000000,199.000000,-5992.000000,-88.000000
9270.000000,6000.000000,5997.000000,5998.585449,34.000000,287.000000,-6004.000000,-55.000000
9275.000000,6000.000000,5995.000000,5993.622559,108.000000,284.000000,-5994.000000,-75.000000
9280.000000,6000.000000,5984.000000,5998.384277,37.000000,-111.000000,-6004.000000,-45.000000
9285.000000,6000.000000,5984.000000,5993.300781,113.000000,-390.000000,-5996.000000,-59.000000
9290.000000,6000.000000,5984.000000,5995.514648,80.000000,41.000000,-6006.000000,-35.000000
9295.000000,6000.000000,5986.000000,5991.302734,143.000000,-239.000000,-5996.000000,-54.000000
9300.000000,6000.000000,5984.000000,5995.730469,77.000000,48.000000,-6006.000000,-34.000000
9305.000000,6000.000000,5989.000000,5993.202148,115.000000,-252.000000,-5996.000000,-65.000000
9310.000000,6000.000000,5986.000000,5997.341797,53.000000,-272.000000,-6004.000000,-47.000000
9315.000000,6000.000000,5986.000000,5993.706055,107.000000,-498.000000,-5996.000000,-72.000000
9320.000000,6000.000000,5986.000000,5997.122559,56.000000,-238.000000,-6004.000000,-54.000000
9325.000000,6000.000000,5986.000000,5993.058594,117.000000,-488.000000,-5996.000000,-66.000000
9330.000000,6000.000000,5986.000000,5996.170898,70.000000,-275.000000,-6004.000000,-52.000000
9335.000000,6000.000000,5989.000000,5993.182617,115.000000,-485.000000,-5996.000000,-65.000000
9340.000000,6000.000000,5984.000000,5995.606934,79.000000,-199.000000,-6004.000000,-48.000000
9345.000000,6000.000000,5986.000000,5992.461914,126.000000,-498.000000,-5996.000000,-64.000000
9350.000000,6000.000000,5984.000000,5995.639648,78.000000,-236.000000,-6004.000000,-50.000000
9355.000000,6000.000000,5986.000000,5992.216309,130.000000,-545.000000,-5998.000000,-56.000000
9360.000000,6000.000000,5986.000000,5995.958496,74.000000,-162.000000,-6006.000000,-46.000000
9365.000000,6000.000000,5989.000000,5993.241211,114.000000,-605.000000,-5998.000000,-53.000000
9370.000000,6000.000000,5986.000000,5996.294434,69.000000,-141.000000,-6006.000000,-37.000000
9375.000000,6000.000000,5989.000000,5993.351074,113.000000,-562.000000,-5998.000000,-50.000000
9380.000000,6000.000000,5986.000000,5996.033691,72.000000,30.000000,-6006.000000,-40.000000
9385.000000,6000.000000,5989.000000,5993.685547,108.000000,291.000000,-5998.000000,-47.000000
9390.000000,6000.000000,5986.000000,5996.463379,66.000000,403.000000,-5994.000000,-74.000000
9395.000000,6000.000000,5989.000000,5993.570801,109.000000,284.000000,-5990.000000,-82.000000
9400.000000,6000.000000,5986.000000,5996.146973,71.000000,2.000000,-5994.000000,-60.000000
9405.000000,6000.000000,5991.000000,5994.483398,96.000000,230.000000,-5992.000000,-69.000000
9410.000000,6000.000000,5986.000000,5996.724609,62.000000,-8.000000,-5994.000000,-52.000000
9415.000000,6000.000000,5989.000000,5993.975586,103.000000,-509.000000,-5992.000000,-59.000000
9420.000000,6000.000000,5986.000000,5996.343262,68.000000,-148.000000,-5994.000000,-47.000000
9425.000000,6000.000000,5989.000000,5993.431152,112.000000,-459.000000,-5990.000000,-66.000000
9430.000000,6000.000000,5986.000000,5995.909180,74.000000,390.000000,-5994.000000,-60.000000
9435.000000,6000.000000,5989.000000,5993.493652,111.000000,287.000000,-5992.000000,-68.000000
9440.000000,6000.000000,5986.000000,5995.560547,80.000000,474.000000,-5992.000000,-67.000000
9445.000000,6000.000000,5991.000000,5993.984375,103.000000,375.000000,-5990.000000,-77.000000
9450.000000,6000.000000,5984.000000,5995.782227,76.000000,297.000000,-5992.000000,-74.000000
9455.000000,6000.000000,5991.000000,5994.172363,101.000000,144.000000,-5990.000000,-71.000000
9460.000000,6000.000000,5986.000000,5996.151855,71.000000,316.000000,-5992.000000,-70.000000
9465.000000,6000.000000,5991.000000,5995.074219,87.000000,91.000000,-5990.000000,-78.000000
9470.000000,6000.000000,5989.000000,5998.248047,39.000000,219.000000,-5990.000000,-80.000000
9475.000000,6000.000000,5993.000000,5997.224121,55.000000,180.000000,-5992.000000,-71.000000
9480.000000,6000.000000,5989.000000,5998.696289,33.000000,276.000000,-5992.000000,-79.000000
9485.000000,6000.000000,5991.000000,5995.815430,76.000000,162.000000,-5992.000000,-59.000000
9490.000000,6000.000000,5986.000000,5996.782227,61.000000,155.000000,-5992.000000,-67.000000
9495.000000,6000.000000,5989.000000,5993.895020,105.000000,124.000000,-5992.000000,-55.000000
9500.000000,6000.000000,5986.000000,5995.436523,82.000000,214.000000,-5992.000000,-68.000000
9505.000000,6000.000000,6007.000000,5992.918945,119.000000,128.000000,-5992.000000,-55.000000
9510.000000,6000.000000,5995.000000,5995.446777,81.000000,-51.000000,-5992.000000,-74.000000
9515.000000,6000.000000,6005.000000,5993.242676,115.000000,191.000000,-5994.000000,-58.000000
9520.000000,6000.000000,5995.000000,5995.133301,86.000000,47.000000,-5990.000000,-89.000000
9525.000000,6000.000000,6007.000000,5999.363281,23.000000,218.000000,-5992.000000,-66.000000
9530.000000,6000.000000,5995.000000,5996.997070,58.000000,145.000000,-5990.000000,-99.000000
9535.000000,6000.000000,6005.000000,5996.387207,67.000000,351.000000,-5992.000000,-73.000000
9540.000000,6000.000000,5993.000000,5994.185547,100.000000,228.000000,-5992.000000,-91.000000
9545.000000,6000.000000,6003.000000,5995.385742,82.000000,562.000000,-5996.000000,-47.000000
9550.000000,6000.000000,5993.000000,5995.118164,87.000000,238.000000,-5992.000000,-74.000000
9555.000000,6000.000000,6005.000000,5996.255371,69.000000,441.000000,-5998.000000,-32.000000
9560.000000,6000.000000,5993.000000,5995.618164,79.000000,58.000000,-5994.000000,-56.000000
9565.000000,6000.000000,6005.000000,5996.966797,59.000000,-169.000000,-5998.000000,-19.000000
9570.000000,6000.000000,5993.000000,5995.851074,76.000000,-329.000000,-5994.000000,-59.000000
9575.000000,6000.000000,6003.000000,5996.643555,64.000000,125.000000,-5998.000000,-24.000000
9580.000000,6000.000000,5993.000000,5995.745117,77.000000,-284.000000,-5992.000000,-63.000000
9585.000000,6000.000000,6003.000000,5996.608398,64.000000,-102.000000,-5996.000000,-34.000000
9590.000000,6000.000000,5993.000000,5995.253906,85.000000,-219.000000,-5990.000000,-84.000000
9595.000000,6000.000000,6001.000000,5996.047852,73.000000,38.000000,-6006.000000,-79.000000
9600.000000,6000.000000,5993.000000,5994.650391,94.000000,-139.000000,-5992.000000,-119.000000
9605.000000,6000.000000,6001.000000,5995.850098,76.000000,81.000000,-6008.000000,-12.000000
9610.000000,6000.000000,5991.000000,5994.349121,98.000000,-574.000000,-5992.000000,-90.000000
9615.000000,6000.000000,5999.000000,5995.770996,77.000000,-163.000000,-6008.000000,-8.000000
9620.000000,6000.000000,5993.000000,5995.459473,82.000000,-85.000000,-5992.000000,-86.000000
9625.000000,6000.000000,6001.000000,5996.114746,72.000000,58.000000,-6006.000000,0.000000
9630.000000,6000.000000,5993.000000,5995.571777,80.000000,-546.000000,-5990.000000,-94.000000
9635.000000,6000.000000,6001.000000,5996.561523,65.000000,-376.000000,-6006.000000,-14.000000
9640.000000,6000.000000,5993.000000,5996.407227,67.000000,-613.000000,-5990.000000,-103.000000
9645.000000,6000.000000,5999.000000,5996.959961,59.000000,-370.000000,-6002.000000,-29.000000
9650.000000,6000.000000,5991.000000,5995.244629,85.000000,-664.000000,-5990.000000,-112.000000
9655.000000,6000.000000,5997.000000,5995.654297,79.000000,-445.000000,-6004.000000,-18.000000
9660.000000,6000.000000,5991.000000,5994.396484,98.000000,-424.000000,-5990.000000,-97.000000
9665.000000,6000.000000,5995.000000,5995.181152,86.000000,-371.000000,-6002.000000,-11.000000
9670.000000,6000.000000,5991.000000,5993.985352,104.000000,-348.000000,-5990.000000,-88.000000
9675.000000,6000.000000,5995.000000,5995.302246,84.000000,-264.000000,-6002.000000,0.000000
9680.000000,6000.000000,5993.000000,5995.165039,86.000000,298.000000,-5990.000000,-91.000000
9685.000000,6000.000000,5997.000000,5996.457520,67.000000,-229.000000,-6000.000000,-20.000000
9690.000000,6000.000000,5993.000000,5996.004395,74.000000,-375.000000,-5990.000000,-105.000000
9695.000000,6000.000000,5997.000000,5996.527832,66.000000,-423.000000,-5998.000000,-36.000000
9700.000000,6000.000000,5993.000000,5995.822754,76.000000,-527.000000,-5987.000000,-119.000000
9705.000000,6000.000000,5997.000000,5996.212402,70.000000,-464.000000,-5998.000000,-33.000000
9710.000000,6000.000000,5991.000000,5994.743164,92.000000,-521.000000,-5987.000000,-113.000000
9715.000000,6000.000000,5995.000000,5995.942383,74.000000,-457.000000,-5998.000000,-26.000000
9720.000000,6000.000000,5991.000000,5994.654785,94.000000,-629.000000,-5985.000000,-123.000000
9725.000000,6000.000000,5993.000000,5995.513184,81.000000,-599.000000,-5998.000000,-27.000000
9730.000000,6000.000000,5991.000000,5994.578125,95.000000,-621.000000,-5987.000000,-110.000000
9735.000000,6000.000000,5991.000000,5995.136719,87.000000,-406.000000,-5996.000000,-26.000000
9740.000000,6000.000000,5991.000000,5994.454590,97.000000,-614.000000,-5987.000000,-96.000000
9745.000000,0.000000,6001.000000,5994.876465,91.000000,-116.000000,-5996.000000,-21.000000
9750.000000,0.000000,5955.000000,5991.334473,-16384.000000,-9120.000000,-5962.000000,16384.000000
9755.000000,0.000000,5666.000000,5842.643555,-16384.000000,-11789.000000,-5749.000000,16384.000000
9760.000000,0.000000,5311.000000,5581.373535,-16384.000000,-12066.000000,-5353.000000,16384.000000
9765.000000,0.000000,4959.000000,5281.344727,-16384.000000,-15939.000000,-4975.000000,16384.000000
9770.000000,0.000000,4599.000000,4952.862793,-16384.000000,-20595.000000,-4594.000000,16384.000000
9775.000000,0.000000,4275.000000,4585.801758,-16384.000000,-20081.000000,-4215.000000,16384.000000
9780.000000,0.000000,3940.000000,4221.008789,-16384.000000,-15875.000000,-3853.000000,16384.000000
9785.000000,0.000000,3588.000000,3865.873047,-16384.000000,-12953.000000,-3455.000000,16384.000000
9790.000000,0.000000,3235.000000,3517.857666,-16384.000000,-14982.000000,-3095.000000,16384.000000
9795.000000,0.000000,2871.000000,3164.769775,-16384.000000,-14848.000000,-2742.000000,16384.000000
9800.000000,0.000000,2538.000000,2817.413574,-16384.000000,-14351.000000,-2357.000000,16384.000000
9805.000000,0.000000,2205.000000,2477.947021,-16384.000000,-15247.000000,-1915.000000,16384.000000
9810.000000,0.000000,1816.000000,2109.604248,-16384.000000,-14563.000000,-1585.000000,16384.000000
9815.000000,0.000000,1460.000000,1764.980225,-16384.000000,-14772.000000,-1156.000000,16384.000000
9820.000000,0.000000,1140.000000,1414.105469,-16384.000000,-14711.000000,-815.000000,16384.000000
9825.000000,0.000000,736.000000,1051.263916,-15754.000000,-14725.000000,-423.000000,11132.000000
9830.000000,0.000000,401.000000,698.663452,-10467.000000,-11202.000000,-103.000000,5664.000000
9835.000000,0.000000,125.000000,387.890076,-5807.000000,-7025.000000,87.000000,1472.000000
9840.000000,0.000000,-40.000000,127.340622,-1899.000000,-3086.000000,188.000000,-1140.000000
9845.000000,0.000000,-134.000000,-29.238148,448.000000,-694.000000,169.000000,-2235.000000
9850.000000,0.000000,-197.000000,-136.564758,2058.000000,336.000000,159.000000,-2317.000000
9855.000000,0.000000,-132.000000,-145.651932,2195.000000,1361.000000,117.000000,-2145.000000
9860.000000,0.000000,-109.000000,-126.630592,1910.000000,1588.000000,48.000000,-1356.000000
9865.000000,0.000000,-70.000000,-99.078308,1497.000000,1422.000000,10.000000,-663.000000
9870.000000,0.000000,-17.000000,-54.856060,834.000000,989.000000,-11.000000,-177.000000
9875.000000,0.000000,20.000000,-12.024514,192.000000,501.000000,-17.000000,85.000000
9880.000000,0.000000,41.000000,20.302048,-292.000000,212.000000,-17.000000,205.000000
9885.000000,0.000000,46.000000,36.162334,-530.000000,-51.000000,-13.000000,212.000000
9890.000000,0.000000,39.000000,39.309196,-578.000000,-177.000000,0.000000,100.000000
9895.000000,0.000000,37.000000,38.381317,-564.000000,-307.000000,10.000000,-41.000000
9900.000000,0.000000,25.000000,31.330389,-458.000000,-308.000000,14.000000,-149.000000
9905.000000,0.000000,12.000000,22.266342,-322.000000,-307.000000,16.000000,-216.000000
9910.000000,0.000000,2.000000,10.857836,-151.000000,-237.000000,14.000000,-217.000000
9915.000000,0.000000,-11.000000,-1.735865,37.000000,-113.000000,8.000000,-186.000000
9920.000000,0.000000,-17.000000,-10.149928,163.000000,-44.000000,0.000000,-104.000000
9925.000000,0.000000,-17.000000,-14.591528,230.000000,82.000000,-3.000000,-33.000000
9930.000000,0.000000,-11.000000,-13.490152,213.000000,142.000000,-3.000000,16.000000
9935.000000,0.000000,2.000000,-5.333734,91.000000,82.000000,-3.000000,34.000000
9940.000000,0.000000,10.000000,3.610962,-42.000000,140.000000,-7.000000,59.000000
9945.000000,0.000000,12.000000,9.663240,-133.000000,-44.000000,-3.000000,46.000000
9950.000000,0.000000,12.000000,11.234291,-157.000000,-42.000000,0.000000,30.000000
9955.000000,0.000000,4.000000,8.933092,-122.000000,-41.000000,2.000000,-5.000000
9960.000000,0.000000,-3.000000,3.115676,-35.000000,-112.000000,2.000000,-24.000000
9965.000000,0.000000,-9.000000,-3.921455,70.000000,-42.000000,2.000000,-33.000000
9970.000000,0.000000,-11.000000,-8.516663,138.000000,69.000000,2.000000,-36.000000
9975.000000,0.000000,-11.000000,-10.186260,164.000000,14.000000,2.000000,-38.000000
9980.000000,0.000000,-9.000000,-9.388714,152.000000,82.000000,0.000000,-20.000000
9985.000000,0.000000,0.000000,-4.545934,79.000000,151.000000,-3.000000,9.000000
9990.000000,0.000000,6.000000,1.551029,-11.000000,-113.000000,-3.000000,17.000000
9995.000000,0.000000,6.000000,4.542161,-56.000000,-57.000000,0.000000,21.000000
10000.000000,0.000000,6.000000,5.522295,-71.000000,-58.000000,0.000000,1.000000
10005.000000,0.000000,0.000000,3.747466,-44.000000,28.000000,0.000000,-5.000000
10010.000000,0.000000,-5.000000,-1.969790,40.000000,67.000000,0.000000,-7.000000
10015.000000,0.000000,-7.000000,-5.876501,99.000000,139.000000,0.000000,-8.000000
10020.000000,0.000000,-9.000000,-7.812652,128.000000,140.000000,0.000000,-8.000000
10025.000000,0.000000,-7.000000,-7.727090,127.000000,71.000000,4.000000,-23.000000
10030.000000,0.000000,0.000000,-3.933613,70.000000,71.000000,2.000000,-33.000000
10035.000000,0.000000,4.000000,1.031674,-4.000000,82.000000,2.000000,-36.000000
10040.000000,0.000000,4.000000,3.078539,-34.000000,83.000000,2.000000,-42.000000
10045.000000,0.000000,4.000000,3.698056,-44.000000,12.000000,4.000000,-60.000000
10050.000000,0.000000,0.000000,2.781059,-30.000000,82.000000,8.000000,-94.000000
10055.000000,0.000000,-3.000000,-1.681663,36.000000,83.000000,12.000000,-148.000000
10060.000000,0.000000,-7.000000,-5.208647,89.000000,13.000000,20.000000,-224.000000
10065.000000,0.000000,-7.000000,-6.413010,107.000000,82.000000,23.000000,-297.000000
10070.000000,0.000000,-5.000000,-5.463015,93.000000,82.000000,23.000000,-337.000000
10075.000000,0.000000,2.000000,-1.315881,31.000000,140.000000,10.000000,-261.000000
10080.000000,0.000000,4.000000,1.838252,-16.000000,26.000000,0.000000,-101.000000
10085.000000,0.000000,2.000000,2.315638,-23.000000,83.000000,-13.000000,70.000000
10090.000000,0.000000,2.000000,3.048069,-34.000000,-113.000000,-13.000000,167.000000
10095.000000,0.000000,-3.000000,-0.465209,18.000000,83.000000,-13.000000,185.000000
10100.000000,0.000000,-5.000000,-2.889400,54.000000,83.000000,-3.000000,130.000000
10105.000000,0.000000,-7.000000,-4.913198,85.000000,13.000000,6.000000,-9.000000
10110.000000,0.000000,-5.000000,-4.971557,85.000000,26.000000,10.000000,-106.000000
10115.000000,0.000000,-3.000000,-3.809880,68.000000,13.000000,8.000000,-127.000000
10120.000000,0.000000,2.000000,-0.518181,19.000000,13.000000,4.000000,-111.000000
10125.000000,0.000000,2.000000,1.011002,-3.000000,138.000000,-5.000000,-16.000000
10130.000000,0.000000,4.000000,3.020565,-33.000000,12.000000,-9.000000,79.000000
10135.000000,0.000000,-3.000000,-0.105581,12.000000,-43.000000,-11.000000,128.000000
10140.000000,0.000000,-5.000000,-2.771557,52.000000,13.000000,-7.000000,126.000000
10145.000000,0.000000,-5.000000,-4.269784,75.000000,-44.000000,2.000000,35.000000
10150.000000,0.000000,-3.000000,-4.729363,82.000000,13.000000,4.000000,-32.000000
10155.000000,0.000000,-3.000000,-3.566678,64.000000,13.000000,6.000000,-76.000000
10160.000000,0.000000,2.000000,-1.705689,36.000000,-43.000000,4.000000,-85.000000
10165.000000,0.000000,2.000000,0.529720,3.000000,13.000000,-5.000000,-14.000000
10170.000000,0.000000,2.000000,1.467019,-10.000000,69.000000,-7.000000,55.000000
10175.000000,0.000000,2.000000,1.825353,-15.000000,-43.000000,-9.000000,105.000000
10180.000000,0.000000,-3.000000,0.366772,5.000000,-43.000000,-7.000000,104.000000
10185.000000,0.000000,-5.000000,-2.757576,52.000000,69.000000,4.000000,27.000000
10190.000000,0.000000,-5.000000,-4.265203,75.000000,26.000000,4.000000,-31.000000
10195.000000,0.000000,-3.000000,-4.039222,72.000000,82.000000,4.000000,-59.000000
10200.000000,0.000000,-3.000000,-3.340532,61.000000,151.000000,4.000000,-65.000000
10205.000000,0.000000,2.000000,0.086174,10.000000,82.000000,-5.000000,-2.000000
10210.000000,0.000000,2.000000,0.748238,0.000000,13.000000,-9.000000,56.000000
10215.000000,0.000000,2.000000,1.794623,-15.000000,13.000000,-7.000000,87.000000
10220.000000,0.000000,2.000000,1.932702,-17.000000,-43.000000,-5.000000,78.000000
10225.000000,0.000000,-5.000000,-1.642852,36.000000,83.000000,2.000000,19.000000
10230.000000,0.000000,-7.000000,-4.619930,80.000000,13.000000,4.000000,-25.000000
10235.000000,0.000000,-3.000000,-3.899459,69.000000,13.000000,4.000000,-50.000000
10240.000000,0.000000,-3.000000,-3.294734,60.000000,140.000000,2.000000,-51.000000
10245.000000,0.000000,0.000000,-1.005379,26.000000,-43.000000,-5.000000,3.000000
10250.000000,0.000000,2.000000,0.070558,10.000000,-113.000000,-7.000000,56.000000
10255.000000,0.000000,2.000000,1.367760,-9.000000,83.000000,-7.000000,83.000000
10260.000000,0.000000,2.000000,1.792828,-15.000000,13.000000,0.000000,52.000000
10265.000000,0.000000,-5.000000,-0.728686,22.000000,27.000000,4.000000,-3.000000
10270.000000,0.000000,-3.000000,-3.200376,59.000000,83.000000,2.000000,-34.000000
10275.000000,0.000000,-3.000000,-4.010299,71.000000,-43.000000,2.000000,-37.000000
10280.000000,0.000000,-3.000000,-3.331055,61.000000,151.000000,2.000000,-38.000000
10285.000000,0.000000,2.000000,-1.628480,35.000000,82.000000,-5.000000,22.000000
10290.000000,0.000000,2.000000,0.491020,4.000000,13.000000,-5.000000,54.000000
10295.000000,0.000000,2.000000,1.505537,-11.000000,83.000000,-3.000000,56.000000
10300.000000,0.000000,2.000000,1.837974,-16.000000,-57.000000,-3.000000,43.000000
10305.000000,0.000000,0.000000,0.122267,9.000000,-43.000000,2.000000,-11.000000
10310.000000,0.000000,-5.000000,-2.540735,49.000000,-44.000000,4.000000,-40.000000
10315.000000,0.000000,-5.000000,-4.654948,81.000000,-44.000000,4.000000,-49.000000
10320.000000,0.000000,-3.000000,-3.542293,64.000000,82.000000,-5.000000,-9.000000
10325.000000,0.000000,0.000000,-2.097699,42.000000,26.000000,-7.000000,50.000000
10330.000000,0.000000,2.000000,0.196466,8.000000,82.000000,-5.000000,71.000000
10335.000000,0.000000,2.000000,1.409018,-9.000000,-126.000000,-3.000000,67.000000
10340.000000,0.000000,2.000000,1.806347,-15.000000,13.000000,2.000000,10.000000
10345.000000,0.000000,-3.000000,-0.119456,13.000000,13.000000,4.000000,-30.000000
10350.000000,0.000000,-7.000000,-2.856103,54.000000,13.000000,4.000000,-48.000000
10355.000000,0.000000,-3.000000,-4.317328,76.000000,82.000000,0.000000,-41.000000
10360.000000,0.000000,-3.000000,-3.431662,62.000000,82.000000,-5.000000,25.000000
10365.000000,0.000000,0.000000,-2.541447,49.000000,13.000000,-5.000000,56.000000
10370.000000,0.000000,0.000000,0.111859,9.000000,-44.000000,-3.000000,57.000000
10375.000000,0.000000,2.000000,1.012654,-3.000000,13.000000,-3.000000,43.000000
10380.000000,0.000000,2.000000,1.676466,-13.000000,-57.000000,2.000000,5.000000
10385.000000,0.000000,2.000000,1.893985,-16.000000,-57.000000,2.000000,-24.000000
10390.000000,0.000000,-5.000000,-1.870579,39.000000,-112.000000,2.000000,-39.000000
10395.000000,0.000000,-5.000000,-3.718551,67.000000,82.000000,0.000000,-31.000000
10400.000000,0.000000,-3.000000,-3.604095,65.000000,82.000000,-7.000000,31.000000
10405.000000,0.000000,-3.000000,-3.197950,59.000000,13.000000,-5.000000,64.000000
10410.000000,0.000000,0.000000,-1.280864,30.000000,-43.000000,-5.000000,65.000000
10415.000000,0.000000,0.000000,-0.419714,17.000000,26.000000,-3.000000,46.000000
10420.000000,0.000000,2.000000,1.946948,-17.000000,-43.000000,4.000000,-7.000000
10425.000000,0.000000,2.000000,1.982616,-18.000000,-57.000000,4.000000,-35.000000
10430.000000,0.000000,-3.000000,0.418304,5.000000,-113.000000,4.000000,-45.000000
10435.000000,0.000000,-5.000000,-3.060690,57.000000,-44.000000,-3.000000,-17.000000
10440.000000,0.000000,-7.000000,-4.856687,84.000000,-113.000000,-5.000000,56.000000
10445.000000,0.000000,-3.000000,-3.772239,68.000000,82.000000,-5.000000,63.000000
10450.000000,6000.000000,0.000000,-2.653047,16384.000000,82.000000,-5.000000,-16384.000000
10455.000000,6000.000000,94.000000,26.254490,16384.000000,13019.000000,-124.000000,-16384.000000
10460.000000,6000.000000,491.000000,248.991867,16384.000000,13978.000000,-501.000000,-16384.000000
10465.000000,6000.000000,851.000000,543.165955,16384.000000,14215.000000,-806.000000,-16384.000000
10470.000000,6000.000000,1219.000000,896.228149,16384.000000,14040.000000,-1166.000000,-16384.000000
10475.000000,6000.000000,1550.000000,1282.508667,16384.000000,14560.000000,-1505.000000,-16384.000000
10480.000000,6000.000000,1960.000000,1648.920654,16384.000000,13822.000000,-1811.000000,-16384.000000
10485.000000,6000.000000,2274.000000,2001.662964,16384.000000,13675.000000,-2164.000000,-16384.000000
10490.000000,6000.000000,2622.000000,2359.704590,16384.000000,13699.000000,-2495.000000,-16384.000000
10495.000000,6000.000000,2954.000000,2708.835693,16384.000000,13660.000000,-2796.000000,-16384.000000
10500.000000,6000.000000,3346.000000,3060.334717,16384.000000,13274.000000,-3171.000000,-16384.000000
10505.000000,6000.000000,3687.000000,3410.060059,16384.000000,12837.000000,-3514.000000,-16384.000000
10510.000000,6000.000000,4015.000000,3732.838623,16384.000000,12042.000000,-3788.000000,-16384.000000
10515.000000,6000.000000,4338.000000,4065.593750,16384.000000,11646.000000,-4152.000000,-16384.000000
10520.000000,6000.000000,4620.000000,4381.011230,16384.000000,10518.000000,-4426.000000,-16384.000000
10525.000000,6000.000000,4884.000000,4679.561523,16384.000000,10059.000000,-4738.000000,-16384.000000
10530.000000,6000.000000,5166.000000,4953.540039,15708.000000,9557.000000,-5000.000000,-16384.000000
10535.000000,6000.000000,5419.000000,5213.296387,11814.000000,9556.000000,-5263.000000,-14372.000000
10540.000000,6000.000000,5622.000000,5447.641602,8300.000000,8092.000000,-5498.000000,-10620.000000
10545.000000,6000.000000,5855.000000,5677.392578,4855.000000,8162.000000,-5697.000000,-7126.000000
10550.000000,6000.000000,6068.000000,5884.455078,1750.000000,7666.000000,-5910.000000,-3811.000000
10555.000000,6000.000000,6215.000000,6076.468750,-1130.000000,4657.000000,-6113.000000,-683.000000
10560.000000,6000.000000,6273.000000,6198.818848,-2965.000000,1345.000000,-6347.000000,2563.000000
10565.000000,6000.000000,6279.000000,6257.254883,-3842.000000,-1281.000000,-6498.000000,5511.000000
10570.000000,6000.000000,6217.000000,6242.798828,-3626.000000,-1880.000000,-6488.000000,6793.000000
10575.000000,6000.000000,6137.000000,6191.805664,-2862.000000,-2544.000000,-6320.000000,5983.000000
10580.000000,6000.000000,6079.000000,6129.096680,-1922.000000,-2198.000000,-6111.000000,3708.000000
10585.000000,6000.000000,5986.000000,6057.225586,-844.000000,-1882.000000,-5960.000000,1215.000000
10590.000000,6000.000000,5963.000000,6003.536133,-38.000000,-1018.000000,-5864.000000,-751.000000
10595.000000,6000.000000,5913.000000,5959.045898,628.000000,-395.000000,-5851.000000,-1809.000000
10600.000000,6000.000000,5924.000000,5940.282227,910.000000,544.000000,-5866.000000,-2119.000000
10605.000000,6000.000000,5924.000000,5929.704102,1068.000000,122.000000,-5902.000000,-1933.000000
10610.000000,6000.000000,5949.000000,5940.565430,906.000000,538.000000,-5948.000000,-1374.000000
10615.000000,6000.000000,5966.000000,5949.820801,767.000000,318.000000,-5992.000000,-711.000000
10620.000000,6000.000000,5991.000000,5973.528320,411.000000,688.000000,-6023.000000,-124.000000
10625.000000,6000.000000,6007.000000,5988.380371,189.000000,146.000000,-6042.000000,295.000000
10630.000000,6000.000000,6022.000000,6010.466309,-142.000000,162.000000,-6054.000000,534.000000
10635.000000,6000.000000,6024.000000,6017.250977,-243.000000,-378.000000,-6029.000000,552.000000
10640.000000,6000.000000,6024.000000,6026.730469,-386.000000,-5.000000,-6031.000000,507.000000
10645.000000,6000.000000,6014.000000,6020.511719,-292.000000,-93.000000,-6004.000000,319.000000
10650.000000,6000.000000,6010.000000,6019.233887,-273.000000,278.000000,-6004.000000,211.000000
10655.000000,6000.000000,5993.000000,6006.313477,-80.000000,-85.000000,-5981.000000,-77.000000
10660.000000,6000.000000,5995.000000,6003.736816,-41.000000,470.000000,-5990.000000,-149.000000
10665.000000,6000.000000,5980.000000,5991.731934,138.000000,122.000000,-5975.000000,-270.000000
10670.000000,6000.000000,5978.000000,5993.146973,117.000000,747.000000,-5994.000000,-208.000000
10675.000000,6000.000000,5978.000000,5986.342773,219.000000,314.000000,-5981.000000,-246.000000
10680.000000,6000.000000,5980.000000,5986.208984,221.000000,983.000000,-6002.000000,-131.000000
10685.000000,6000.000000,5982.000000,5986.592773,215.000000,406.000000,-5990.000000,-127.000000
10690.000000,6000.000000,5989.000000,5995.230469,86.000000,1029.000000,-6008.000000,-19.000000
10695.000000,6000.000000,5989.000000,5993.691406,109.000000,400.000000,-5994.000000,-41.000000
10700.000000,6000.000000,5991.000000,5999.270020,25.000000,903.000000,-6008.000000,29.000000
10705.000000,6000.000000,5991.000000,5995.834961,77.000000,-234.000000,-5994.000000,-10.000000
10710.000000,6000.000000,5991.000000,5999.972656,15.000000,278.000000,-6008.000000,31.000000
10715.000000,6000.000000,5986.000000,5994.581055,96.000000,-247.000000,-5992.000000,-38.000000
10720.000000,6000.000000,5986.000000,5997.616699,50.000000,227.000000,-6006.000000,-2.000000
10725.000000,6000.000000,5984.000000,5992.692383,124.000000,-195.000000,-5987.000000,-82.000000
10730.000000,6000.000000,5986.000000,5996.002441,74.000000,366.000000,-6006.000000,-31.000000
10735.000000,6000.000000,5984.000000,5991.794434,137.000000,-222.000000,-5990.000000,-96.000000
10740.000000,6000.000000,5984.000000,5995.266602,85.000000,415.000000,-6006.000000,-49.000000
10745.000000,6000.000000,5984.000000,5992.242188,131.000000,-15.000000,-5990.000000,-96.000000
10750.000000,6000.000000,5986.000000,5996.338379,69.000000,427.000000,-6006.000000,-38.000000
10755.000000,6000.000000,5986.000000,5992.829102,122.000000,19.000000,-5990.000000,-90.000000
10760.000000,6000.000000,5984.000000,5996.499023,67.000000,508.000000,-6008.000000,-28.000000
10765.000000,6000.000000,5984.000000,5992.226074,131.000000,68.000000,-5990.000000,-80.000000
10770.000000,6000.000000,5986.000000,5996.653320,65.000000,-188.000000,-6008.000000,-29.000000
10775.000000,6000.000000,5984.000000,5992.440430,128.000000,-668.000000,-5990.000000,-80.000000
10780.000000,6000.000000,5984.000000,5996.308105,70.000000,-155.000000,-6008.000000,-32.000000
10785.000000,6000.000000,5984.000000,5991.651367,140.000000,-532.000000,-5990.000000,-78.000000
10790.000000,6000.000000,5984.000000,5995.104980,88.000000,-155.000000,-5996.000000,-63.000000
10795.000000,6000.000000,5986.000000,5991.657227,140.000000,-444.000000,-5990.000000,-105.000000
10800.000000,6000.000000,5986.000000,5995.762695,78.000000,82.000000,-6011.000000,-31.000000
10805.000000,6000.000000,5986.000000,5992.449219,128.000000,-438.000000,-5992.000000,-66.000000
10810.000000,6000.000000,5984.000000,5995.366211,84.000000,183.000000,-6011.000000,-15.000000
10815.000000,6000.000000,5989.000000,5993.402832,114.000000,-521.000000,-5992.000000,-57.000000
10820.000000,6000.000000,5986.000000,5996.767578,63.000000,89.000000,-6011.000000,-20.000000
10825.000000,6000.000000,5989.000000,5993.583008,111.000000,-533.000000,-5992.000000,-69.000000
10830.000000,6000.000000,5986.000000,5996.622070,65.000000,135.000000,-6011.000000,-26.000000
10835.000000,6000.000000,5986.000000,5992.894531,121.000000,-363.000000,-5990.000000,-81.000000
10840.000000,6000.000000,5986.000000,5996.600586,66.000000,154.000000,-6011.000000,-41.000000
10845.000000,6000.000000,5986.000000,5993.476074,112.000000,-709.000000,-5992.000000,-80.000000
10850.000000,6000.000000,5986.000000,5996.371582,69.000000,-362.000000,-5994.000000,-101.000000
10855.000000,6000.000000,5986.000000,5992.456543,128.000000,-667.000000,-5983.000000,-96.000000
10860.000000,6000.000000,5986.000000,5995.833008,77.000000,-406.000000,-5998.000000,-6.000000
10865.000000,6000.000000,5986.000000,5992.699707,124.000000,-695.000000,-6011.000000,-35.000000
10870.000000,6000.000000,5986.000000,5996.117188,73.000000,-375.000000,-5998.000000,-26.000000
10875.000000,6000.000000,5989.000000,5993.549316,111.000000,-651.000000,-6008.000000,-55.000000
10880.000000,6000.000000,5999.000000,5995.934570,76.000000,116.000000,-5996.000000,-41.000000
10885.000000,6000.000000,6012.000000,5993.858398,107.000000,-266.000000,-6008.000000,-65.000000
10890.000000,6000.000000,5999.000000,5995.235352,86.000000,152.000000,-5998.000000,-49.000000
10895.000000,6000.000000,6012.000000,5996.687500,64.000000,-264.000000,-6008.000000,-77.000000
10900.000000,6000.000000,5997.000000,5996.386719,69.000000,100.000000,-5998.000000,-49.000000
10905.000000,6000.000000,6012.000000,5997.484863,52.000000,45.000000,-6006.000000,-76.000000
10910.000000,6000.000000,5999.000000,5997.528320,52.000000,384.000000,-5998.000000,-53.000000
10915.000000,6000.000000,6014.000000,5998.258789,41.000000,39.000000,-6004.000000,-83.000000
10920.000000,6000.000000,5999.000000,5997.833008,47.000000,196.000000,-5998.000000,-55.000000
10925.000000,6000.000000,6012.000000,5997.958496,45.000000,41.000000,-6006.000000,-81.000000
10930.000000,6000.000000,5997.000000,5996.598633,66.000000,314.000000,-5996.000000,-64.000000
10935.000000,6000.000000,6010.000000,5996.949219,61.000000,90.000000,-6002.000000,-78.000000
10940.000000,6000.000000,5997.000000,5995.899414,76.000000,312.000000,-5998.000000,-43.000000
10945.000000,6000.000000,6010.000000,5996.515625,67.000000,34.000000,-6004.000000,-66.000000
10950.000000,6000.000000,5995.000000,5995.520996,82.000000,291.000000,-6000.000000,-24.000000
10955.000000,6000.000000,6010.000000,5996.596680,66.000000,-1.000000,-6004.000000,-56.000000
10960.000000,6000.000000,5995.000000,5994.971680,90.000000,452.000000,-6000.000000,-26.000000
10965.000000,6000.000000,6010.000000,5996.736816,64.000000,125.000000,-6004.000000,-65.000000
10970.000000,6000.000000,5997.000000,5995.993164,75.000000,386.000000,-5998.000000,-49.000000
10975.000000,6000.000000,6007.000000,5996.366211,69.000000,140.000000,-6002.000000,-79.000000
10980.000000,6000.000000,5995.000000,5996.372070,69.000000,452.000000,-5998.000000,-55.000000
10985.000000,6000.000000,6010.000000,5997.614746,51.000000,146.000000,-6000.000000,-91.000000
10990.000000,6000.000000,5997.000000,5997.478027,53.000000,446.000000,-5998.000000,-56.000000
10995.000000,6000.000000,6007.000000,5997.377441,54.000000,153.000000,-6000.000000,-88.000000
11000.000000,6000.000000,5997.000000,5996.939453,61.000000,305.000000,-5998.000000,-66.000000
11005.000000,6000.000000,6007.000000,5997.457031,53.000000,95.000000,-6000.000000,-88.000000
11010.000000,6000.000000,5995.000000,5996.360352,70.000000,323.000000,-6000.000000,-55.000000
11015.000000,6000.000000,6007.000000,5996.898438,61.000000,-210.000000,-5998.000000,-95.000000
11020.000000,6000.000000,5995.000000,5996.013672,75.000000,262.000000,-6000.000000,-59.000000
11025.000000,6000.000000,6005.000000,5996.385254,69.000000,108.000000,-6000.000000,-82.000000
11030.000000,6000.000000,5995.000000,5995.160645,88.000000,363.000000,-6000.000000,-47.000000
11035.000000,6000.000000,6005.000000,5996.269531,71.000000,-41.000000,-6000.000000,-76.000000
11040.000000,6000.000000,5995.000000,5995.583496,81.000000,444.000000,-6002.000000,-43.000000
11045.000000,6000.000000,6005.000000,5996.955566,61.000000,-85.000000,-5998.000000,-80.000000
11050.000000,6000.000000,5995.000000,5996.452148,68.000000,410.000000,-6002.000000,-23.000000
11055.000000,6000.000000,6005.000000,5997.240723,56.000000,-56.000000,-5996.000000,-88.000000
11060.000000,6000.000000,5995.000000,5996.065430,74.000000,407.000000,-6002.000000,-46.000000
11065.000000,6000.000000,6005.000000,5997.205566,57.000000,14.000000,-5996.000000,-92.000000
11070.000000,6000.000000,5993.000000,5995.929199,76.000000,403.000000,-6002.000000,-46.000000
11075.000000,6000.000000,6005.000000,5997.529785,52.000000,-18.000000,-5998.000000,-85.000000
11080.000000,6000.000000,5995.000000,5996.435547,69.000000,411.000000,-6002.000000,-39.000000
11085.000000,6000.000000,6003.000000,5997.154785,58.000000,73.000000,-5998.000000,-78.000000
11090.000000,6000.000000,5993.000000,5996.117676,73.000000,405.000000,-6004.000000,-25.000000
11095.000000,6000.000000,6003.000000,5998.881348,32.000000,-384.000000,-5998.000000,-67.000000
11100.000000,6000.000000,5993.000000,5995.579102,81.000000,256.000000,-6002.000000,-26.000000
11105.000000,6000.000000,5999.000000,5995.754395,79.000000,-504.000000,-6000.000000,-64.000000
11110.000000,6000.000000,5984.000000,5993.692871,110.000000,-538.000000,-6002.000000,-25.000000
11115.000000,6000.000000,5999.000000,5996.566406,67.000000,-636.000000,-5998.000000,-75.000000
11120.000000,6000.000000,5986.000000,5995.015625,90.000000,-483.000000,-6004.000000,-28.000000
11125.000000,6000.000000,5999.000000,5996.104492,74.000000,-580.000000,-5998.000000,-83.000000
11130.000000,6000.000000,5989.000000,5993.245605,117.000000,-543.000000,-6002.000000,-36.000000
11135.000000,6000.000000,6001.000000,5996.682617,65.000000,-563.000000,-5998.000000,-89.000000
11140.000000,6000.000000,5989.000000,5993.803711,108.000000,-412.000000,-6002.000000,-50.000000
11145.000000,6000.000000,5999.000000,5996.885254,62.000000,-581.000000,-5998.000000,-82.000000
11150.000000,6000.000000,5989.000000,5994.189941,102.000000,-444.000000,-6002.000000,-36.000000
11155.000000,6000.000000,5993.000000,5996.288086,71.000000,-244.000000,-6000.000000,-75.000000
11160.000000,6000.000000,5991.000000,5994.135742,103.000000,-318.000000,-6002.000000,-30.000000
11165.000000,6000.000000,5991.000000,5996.320801,70.000000,-345.000000,-5998.000000,-70.000000
11170.000000,6000.000000,5991.000000,5993.521973,112.000000,-437.000000,-6002.000000,-21.000000
11175.000000,6000.000000,5991.000000,5996.119629,73.000000,207.000000,-5998.000000,-62.000000
11180.000000,6000.000000,5991.000000,5993.619629,111.000000,217.000000,-6002.000000,-15.000000
11185.000000,6000.000000,5991.000000,5995.526855,82.000000,276.000000,-5998.000000,-74.000000
11190.000000,6000.000000,5991.000000,5993.581543,112.000000,143.000000,-6002.000000,-21.000000
11195.000000,6000.000000,5991.000000,5995.678223,80.000000,112.000000,-5998.000000,-60.000000
11200.000000,6000.000000,5991.000000,5994.091797,104.000000,-18.000000,-6002.000000,-20.000000
11205.000000,6000.000000,5991.000000,5995.681641,80.000000,175.000000,-5996.000000,-73.000000
11210.000000,6000.000000,5991.000000,5993.836914,108.000000,6.000000,-6000.000000,-34.000000
11215.000000,6000.000000,5991.000000,5995.661621,80.000000,108.000000,-5996.000000,-73.000000
11220.000000,6000.000000,5993.000000,5994.870605,92.000000,72.000000,-6000.000000,-37.000000
11225.000000,6000.000000,5991.000000,5996.049316,75.000000,57.000000,-5994.000000,-88.000000
11230.000000,6000.000000,5993.000000,5995.253418,87.000000,-73.000000,-5998.000000,-44.000000
11235.000000,6000.000000,5991.000000,5996.075195,74.000000,18.000000,-5996.000000,-87.000000
11240.000000,6000.000000,5993.000000,5994.778320,94.000000,-58.000000,-5990.000000,-72.000000
11245.000000,6000.000000,5991.000000,5995.394531,85.000000,25.000000,-5998.000000,-82.000000
11250.000000,6000.000000,5995.000000,5995.275391,86.000000,-51.000000,-5990.000000,-55.000000
11255.000000,6000.000000,5991.000000,5995.311523,86.000000,-19.000000,-6000.000000,-57.000000
11260.000000,6000.000000,5993.000000,5994.848145,93.000000,-111.000000,-5990.000000,-47.000000
11265.000000,6000.000000,5991.000000,5995.171387,88.000000,-99.000000,-5998.000000,-54.000000
11270.000000,6000.000000,5993.000000,5994.965820,91.000000,-214.000000,-5990.000000,-46.000000
11275.000000,6000.000000,5989.000000,5995.055664,90.000000,-157.000000,-6000.000000,-62.000000
11280.000000,6000.000000,5993.000000,5995.084473,89.000000,240.000000,-5990.000000,-57.000000
11285.000000,6000.000000,5991.000000,5994.993164,91.000000,302.000000,-6000.000000,-66.000000
11290.000000,6000.000000,5993.000000,5995.680664,80.000000,304.000000,-5987.000000,-76.000000
11295.000000,6000.000000,5991.000000,5995.764648,79.000000,358.000000,-5998.000000,-88.000000
11300.000000,6000.000000,5995.000000,5995.872559,77.000000,370.000000,-5985.000000,-89.000000
11305.000000,6000.000000,5991.000000,5995.251465,87.000000,289.000000,-5998.000000,-90.000000
11310.000000,6000.000000,6007.000000,5996.309570,71.000000,728.000000,-5987.000000,-87.000000
11315.000000,6000.000000,5999.000000,5995.010742,90.000000,238.000000,-6000.000000,-84.000000
11320.000000,6000.000000,6007.000000,5995.402832,85.000000,397.000000,-5987.000000,-75.000000
11325.000000,6000.000000,5999.000000,5995.118164,89.000000,246.000000,-6002.000000,-69.000000
11330.000000,6000.000000,6007.000000,5998.298828,41.000000,647.000000,-5990.000000,-57.000000
11335.000000,6000.000000,5997.000000,5995.830566,78.000000,197.000000,-6002.000000,-58.000000
11340.000000,6000.000000,6005.000000,5998.616211,36.000000,99.000000,-5990.000000,-43.000000
11345.000000,6000.000000,5997.000000,5995.934570,77.000000,34.000000,-6002.000000,-58.000000
11350.000000,6000.000000,6005.000000,5998.166504,43.000000,386.000000,-5990.000000,-53.000000
11355.000000,6000.000000,5997.000000,5995.623535,81.000000,-91.000000,-6002.000000,-59.000000
11360.000000,6000.000000,6003.000000,5997.408691,55.000000,385.000000,-5987.000000,-71.000000
11365.000000,6000.000000,5995.000000,5994.975586,91.000000,-24.000000,-6002.000000,-74.000000
11370.000000,6000.000000,6003.000000,5997.872070,48.000000,406.000000,-5987.000000,-85.000000
11375.000000,6000.000000,5997.000000,5995.946777,76.000000,-60.000000,-6002.000000,-84.000000
11380.000000,6000.000000,6003.000000,5998.551270,37.000000,340.000000,-5987.000000,-82.000000
11385.000000,6000.000000,5995.000000,5995.298340,86.000000,22.000000,-6002.000000,-78.000000
11390.000000,6000.000000,6003.000000,5998.502441,38.000000,545.000000,-5987.000000,-78.000000
11395.000000,6000.000000,5995.000000,5995.105469,89.000000,15.000000,-6004.000000,-63.000000
11400.000000,6000.000000,6001.000000,5998.295898,41.000000,522.000000,-5987.000000,-70.000000
11405.000000,6000.000000,5995.000000,5994.958496,91.000000,179.000000,-6004.000000,-58.000000
11410.000000,6000.000000,6003.000000,5998.327148,41.000000,128.000000,-5987.000000,-64.000000
11415.000000,6000.000000,5993.000000,5994.044434,105.000000,249.000000,-6004.000000,-55.000000
11420.000000,6000.000000,6001.000000,5997.576660,52.000000,207.000000,-6004.000000,-60.000000
11425.000000,6000.000000,5993.000000,5993.541992,113.000000,268.000000,-5996.000000,-57.000000
11430.000000,6000.000000,5999.000000,5997.268066,57.000000,128.000000,-6004.000000,-40.000000
11435.000000,6000.000000,5991.000000,5993.041504,120.000000,212.000000,-5996.000000,-39.000000
11440.000000,6000.000000,6001.000000,5997.782715,49.000000,130.000000,-6004.000000,-68.000000
11445.000000,6000.000000,5991.000000,5993.629395,111.000000,-237.000000,-5996.000000,-62.000000
11450.000000,6000.000000,6001.000000,5998.884277,33.000000,230.000000,-6004.000000,-29.000000
11455.000000,6000.000000,5991.000000,5994.195801,103.000000,-156.000000,-5996.000000,-70.000000
11460.000000,6000.000000,6001.000000,5999.069824,30.000000,139.000000,-6004.000000,-62.000000
11465.000000,6000.000000,5991.000000,5994.000488,106.000000,-174.000000,-5996.000000,-85.000000
11470.000000,6000.000000,5999.000000,5998.810547,34.000000,180.000000,-6002.000000,-74.000000
11475.000000,6000.000000,5991.000000,5994.007324,106.000000,22.000000,-5998.000000,-78.000000
11480.000000,6000.000000,5999.000000,5998.977051,31.000000,213.000000,-6004.000000,-62.000000
11485.000000,6000.000000,5991.000000,5993.969727,106.000000,-53.000000,-6000.000000,-56.000000
11490.000000,6000.000000,5999.000000,5999.220703,28.000000,162.000000,-6004.000000,-49.000000
11495.000000,6000.000000,5989.000000,5993.444336,114.000000,52.000000,-6000.000000,-50.000000
11500.000000,6000.000000,5999.000000,5998.088379,45.000000,65.000000,-6006.000000,-37.000000
11505.000000,6000.000000,5999.000000,5993.114746,119.000000,72.000000,-6000.000000,-42.000000
11510.000000,6000.000000,5991.000000,5998.489258,39.000000,-287.000000,-6004.000000,-45.000000
11515.000000,6000.000000,5999.000000,5993.172852,118.000000,168.000000,-6000.000000,-44.000000
11520.000000,6000.000000,5991.000000,5996.944336,62.000000,-340.000000,-6004.000000,-51.000000
11525.000000,6000.000000,6001.000000,5994.576660,97.000000,65.000000,-6000.000000,-51.000000
11530.000000,6000.000000,5993.000000,5997.072754,60.000000,73.000000,-6004.000000,-57.000000
11535.000000,6000.000000,6001.000000,5994.823242,94.000000,559.000000,-6000.000000,-60.000000
11540.000000,6000.000000,5993.000000,5997.614258,52.000000,9.000000,-6002.000000,-62.000000
11545.000000,6000.000000,6001.000000,5995.256836,87.000000,490.000000,-6002.000000,-61.000000
11550.000000,6000.000000,5991.000000,5997.520020,53.000000,9.000000,-6002.000000,-67.000000
11555.000000,6000.000000,6003.000000,5994.685059,96.000000,481.000000,-6002.000000,-62.000000
11560.000000,6000.000000,5991.000000,5997.127930,59.000000,17.000000,-6002.000000,-74.000000
11565.000000,6000.000000,6001.000000,5994.157227,104.000000,338.000000,-6004.000000,-50.000000
11570.000000,6000.000000,5993.000000,5997.559570,53.000000,3.000000,-6002.000000,-61.000000
11575.000000,6000.000000,6003.000000,5994.150879,104.000000,441.000000,-6004.000000,-38.000000
11580.000000,6000.000000,5993.000000,5997.073730,60.000000,-124.000000,-6004.000000,-45.000000
11585.000000,6000.000000,6003.000000,5994.006836,106.000000,444.000000,-6004.000000,-36.000000
11590.000000,6000.000000,5993.000000,5996.985352,61.000000,-77.000000,-6004.000000,-45.000000
11595.000000,6000.000000,6003.000000,5993.437500,115.000000,301.000000,-6004.000000,-38.000000
11600.000000,6000.000000,5993.000000,5996.775879,64.000000,-568.000000,-6002.000000,-60.000000
11605.000000,6000.000000,6005.000000,5993.768555,110.000000,-75.000000,-6006.000000,-39.000000
11610.000000,6000.000000,5993.000000,5997.163086,59.000000,17.000000,-6002.000000,-65.000000
11615.000000,6000.000000,6005.000000,5993.690430,111.000000,-158.000000,-5994.000000,-39.000000
11620.000000,6000.000000,5993.000000,5997.383789,55.000000,-47.000000,-5992.000000,-17.000000
11625.000000,6000.000000,6005.000000,5993.967773,107.000000,388.000000,-5994.000000,-39.000000
11630.000000,6000.000000,5995.000000,5998.079102,45.000000,-33.000000,-5990.000000,-87.000000
11635.000000,6000.000000,6007.000000,5995.143555,89.000000,327.000000,-5994.000000,-99.000000
11640.000000,6000.000000,5993.000000,5997.859863,48.000000,-560.000000,-5990.000000,-114.000000
11645.000000,6000.000000,6007.000000,5994.483398,99.000000,29.000000,-5996.000000,-66.000000
11650.000000,6000.000000,5993.000000,5997.528320,53.000000,-638.000000,-5992.000000,-96.000000
11655.000000,6000.000000,6007.000000,5994.389648,100.000000,-77.000000,-5998.000000,-47.000000
11660.000000,6000.000000,5993.000000,5997.456543,54.000000,-478.000000,-5992.000000,-81.000000
11665.000000,6000.000000,6005.000000,5993.582031,113.000000,-31.000000,-5998.000000,-39.000000
11670.000000,6000.000000,5991.000000,5996.471680,69.000000,-401.000000,-5992.000000,-80.000000
11675.000000,6000.000000,6005.000000,5993.054688,120.000000,78.000000,-5998.000000,-32.000000
11680.000000,6000.000000,5991.000000,5995.735840,80.000000,-536.000000,-5992.000000,-80.000000
11685.000000,6000.000000,6007.000000,5992.893555,123.000000,106.000000,-5998.000000,-36.000000
11690.000000,6000.000000,5993.000000,5996.646484,67.000000,-280.000000,-5992.000000,-77.000000
11695.000000,6000.000000,6010.000000,5994.316895,102.000000,92.000000,-6000.000000,-22.000000
11700.000000,6000.000000,5993.000000,5997.432617,55.000000,-253.000000,-5992.000000,-76.000000
11705.000000,6000.000000,6010.000000,5994.894531,93.000000,238.000000,-6000.000000,-36.000000
11710.000000,6000.000000,5984.000000,5997.465820,54.000000,323.000000,-5992.000000,-87.000000
11715.000000,6000.000000,6014.000000,5999.849121,19.000000,-79.000000,-6000.000000,-38.000000
11720.000000,6000.000000,5984.000000,5995.144531,89.000000,319.000000,-5990.000000,-94.000000
11725.000000,6000.000000,6014.000000,5998.490234,39.000000,-127.000000,-6002.000000,-31.000000
11730.000000,6000.000000,5986.000000,5995.058105,91.000000,569.000000,-5992.000000,-84.000000
11735.000000,6000.000000,6014.000000,5998.459473,40.000000,65.000000,-6000.000000,-45.000000
11740.000000,6000.000000,5984.000000,5994.647461,97.000000,515.000000,-5990.000000,-98.000000
11745.000000,6000.000000,6014.000000,5998.644531,37.000000,137.000000,-6002.000000,-32.000000
11750.000000,6000.000000,5984.000000,5994.708496,96.000000,415.000000,-5992.000000,-85.000000
11755.000000,6000.000000,6014.000000,5998.357422,41.000000,-62.000000,-6000.000000,-23.000000
11760.000000,6000.000000,5984.000000,5994.450684,100.000000,473.000000,-5992.000000,-77.000000
11765.000000,6000.000000,6016.000000,5998.509277,39.000000,-60.000000,-6004.000000,-13.000000
11770.000000,6000.000000,5984.000000,5994.549316,98.000000,462.000000,-5992.000000,-75.000000
11775.000000,6000.000000,6014.000000,5997.721680,51.000000,-25.000000,-6004.000000,-7.000000
11780.000000,6000.000000,5984.000000,5994.446777,100.000000,444.000000,-5992.000000,-69.000000
11785.000000,6000.000000,6016.000000,5998.651367,37.000000,-95.000000,-6004.000000,-5.000000
11790.000000,6000.000000,5986.000000,5994.831543,94.000000,642.000000,-5992.000000,-69.000000
11795.000000,6000.000000,6016.000000,5999.558105,23.000000,319.000000,-6004.000000,-14.000000
11800.000000,6000.000000,5984.000000,5994.729004,96.000000,650.000000,-5990.000000,-85.000000
11805.000000,6000.000000,6018.000000,5999.719727,21.000000,317.000000,-6004.000000,-18.000000
11810.000000,6000.000000,5986.000000,5995.501953,84.000000,693.000000,-5987.000000,-50.000000
11815.000000,6000.000000,6016.000000,5999.778320,20.000000,245.000000,-5996.000000,-68.000000
11820.000000,6000.000000,5986.000000,5995.520996,84.000000,682.000000,-5985.000000,-135.000000
11825.000000,6000.000000,6016.000000,5999.323242,27.000000,214.000000,-5996.000000,-77.000000
11830.000000,6000.000000,5986.000000,5994.667969,97.000000,616.000000,-5987.000000,-123.000000
11835.000000,6000.000000,6016.000000,5999.299805,27.000000,214.000000,-5998.000000,-21.000000
11840.000000,6000.000000,5984.000000,5994.260254,103.000000,602.000000,-5990.000000,-81.000000
11845.000000,6000.000000,6016.000000,5999.371094,26.000000,338.000000,-5998.000000,-1.000000
11850.000000,6000.000000,5984.000000,5994.503418,99.000000,591.000000,-5990.000000,-75.000000
11855.000000,6000.000000,6016.000000,5999.450684,25.000000,-100.000000,-5996.000000,-5.000000
11860.000000,6000.000000,5984.000000,5994.849609,94.000000,586.000000,-5985.000000,-95.000000
11865.000000,6000.000000,6016.000000,5999.144531,29.000000,110.000000,-5994.000000,-27.000000
11870.000000,6000.000000,5984.000000,5993.930664,108.000000,184.000000,-5985.000000,-109.000000
11875.000000,6000.000000,6014.000000,5998.699219,36.000000,132.000000,-5994.000000,-38.000000
11880.000000,6000.000000,5984.000000,5994.119629,105.000000,542.000000,-6008.000000,-88.000000
11885.000000,6000.000000,6018.000000,5999.766113,20.000000,339.000000,-5994.000000,-64.000000
11890.000000,6000.000000,5984.000000,5994.674316,97.000000,669.000000,-6008.000000,-83.000000
11895.000000,6000.000000,6018.000000,6000.815430,4.000000,329.000000,-5994.000000,-66.000000
11900.000000,6000.000000,5986.000000,5996.308594,72.000000,607.000000,-6008.000000,-76.000000
11905.000000,6000.000000,6018.000000,6001.647949,-7.000000,329.000000,-5996.000000,-56.000000
11910.000000,6000.000000,5984.000000,5995.761719,80.000000,220.000000,-6008.000000,-71.000000
11915.000000,6000.000000,6018.000000,6001.008301,2.000000,65.000000,-5998.000000,-30.000000
11920.000000,6000.000000,5984.000000,5995.081055,91.000000,289.000000,-6011.000000,-56.000000
11925.000000,6000.000000,6001.000000,5999.600586,23.000000,-295.000000,-5998.000000,-33.000000
11930.000000,6000.000000,5982.000000,5993.515625,114.000000,494.000000,-6011.000000,-47.000000
11935.000000,6000.000000,6001.000000,5998.799316,35.000000,-256.000000,-5998.000000,-33.000000
11940.000000,6000.000000,5978.000000,5994.344727,102.000000,-66.000000,-6013.000000,-51.000000
11945.000000,6000.000000,5999.000000,6000.291992,12.000000,-165.000000,-5998.000000,-40.000000
11950.000000,6000.000000,5978.000000,5991.113281,150.000000,101.000000,-6011.000000,-52.000000
11955.000000,6000.000000,5999.000000,5999.233398,28.000000,-168.000000,-5998.000000,-41.000000
11960.000000,6000.000000,5976.000000,5990.366211,161.000000,115.000000,-6013.000000,-58.000000
11965.000000,6000.000000,5999.000000,5998.988281,32.000000,-129.000000,-5996.000000,-46.000000
11970.000000,6000.000000,5978.000000,5991.092773,150.000000,282.000000,-6011.000000,-64.000000
11975.000000,6000.000000,5999.000000,5999.901855,18.000000,-102.000000,-5998.000000,-49.000000
11980.000000,6000.000000,5978.000000,5991.072754,151.000000,-296.000000,-6011.000000,-70.000000
11985.000000,6000.000000,5999.000000,5999.895508,18.000000,-421.000000,-5996.000000,-59.000000
11990.000000,6000.000000,5978.000000,5991.390625,146.000000,-257.000000,-6011.000000,-68.000000
11995.000000,6000.000000,5999.000000,5999.999023,17.000000,-450.000000,-6000.000000,-43.000000
12000.000000,6000.000000,5978.000000,5990.848633,154.000000,-325.000000,-6011.000000,-54.000000
12005.000000,6000.000000,5999.000000,5999.821777,20.000000,-474.000000,-5992.000000,-34.000000
12010.000000,6000.000000,5980.000000,5991.026367,152.000000,-261.000000,-5994.000000,-45.000000
12015.000000,6000.000000,5995.000000,5998.504395,39.000000,-422.000000,-5992.000000,-78.000000
12020.000000,6000.000000,5978.000000,5990.194336,164.000000,-247.000000,-5994.000000,18.000000
12025.000000,6000.000000,5997.000000,5998.747070,36.000000,-468.000000,-5992.000000,-21.000000
12030.000000,6000.000000,5978.000000,5990.182129,164.000000,-133.000000,-5994.000000,-60.000000
12035.000000,6000.000000,5997.000000,5998.947754,33.000000,-440.000000,-5992.000000,-58.000000
12040.000000,6000.000000,5978.000000,5990.260742,163.000000,-180.000000,-5992.000000,-91.000000
12045.000000,6000.000000,5999.000000,5999.741699,21.000000,-257.000000,-5994.000000,-73.000000
12050.000000,6000.000000,5978.000000,5991.247559,148.000000,-252.000000,-5992.000000,-97.000000
12055.000000,6000.000000,5999.000000,6000.065430,16.000000,-275.000000,-5994.000000,-72.000000
12060.000000,6000.000000,5978.000000,5990.934082,153.000000,-250.000000,-5992.000000,-89.000000
12065.000000,6000.000000,5999.000000,5999.962891,18.000000,-333.000000,-5994.000000,-53.000000
12070.000000,6000.000000,5978.000000,5991.064453,151.000000,-248.000000,-5996.000000,-61.000000
12075.000000,6000.000000,5997.000000,5999.349121,27.000000,208.000000,-5996.000000,-37.000000
12080.000000,6000.000000,5995.000000,5993.075684,121.000000,208.000000,-5994.000000,-52.000000
12085.000000,6000.000000,6012.000000,6001.729492,-8.000000,508.000000,-5996.000000,-25.000000
12090.000000,6000.000000,5976.000000,5988.540039,189.000000,277.000000,-5994.000000,-62.000000
12095.000000,6000.000000,5997.000000,5997.933594,48.000000,-399.000000,-5996.000000,-40.000000
12100.000000,6000.000000,5978.000000,5989.723633,171.000000,-313.000000,-5992.000000,-84.000000
12105.000000,6000.000000,5997.000000,5999.074219,31.000000,-430.000000,-5996.000000,-57.000000
12110.000000,6000.000000,5980.000000,5991.141602,150.000000,-3.000000,-5992.000000,-106.000000
12115.000000,6000.000000,5999.000000,6000.719727,6.000000,223.000000,-5996.000000,-72.000000
12120.000000,6000.000000,5978.000000,5990.637695,158.000000,-5.000000,-5994.000000,-93.000000
12125.000000,6000.000000,5997.000000,5999.897949,19.000000,39.000000,-5998.000000,-50.000000
12130.000000,6000.000000,5980.000000,5990.768555,156.000000,-39.000000,-5992.000000,-83.000000
12135.000000,6000.000000,5997.000000,5999.941406,18.000000,104.000000,-5998.000000,-36.000000
12140.000000,6000.000000,5978.000000,5991.189453,149.000000,12.000000,-5994.000000,-76.000000
12145.000000,6000.000000,6012.000000,5999.294922,28.000000,579.000000,-5998.000000,-39.000000
12150.000000,6000.000000,5997.000000,5994.193359,104.000000,279.000000,-5996.000000,-67.000000
12155.000000,6000.000000,6012.000000,6002.216309,-15.000000,567.000000,-5998.000000,-28.000000
12160.000000,6000.000000,5997.000000,5993.723633,111.000000,252.000000,-5994.000000,-71.000000
12165.000000,6000.000000,5989.000000,5997.125977,60.000000,263.000000,-5998.000000,-32.000000
12170.000000,6000.000000,5993.000000,5991.525879,144.000000,192.000000,-5994.000000,-75.000000
12175.000000,6000.000000,5991.000000,5998.546387,39.000000,340.000000,-5998.000000,-45.000000
12180.000000,6000.000000,5993.000000,5991.991211,137.000000,-564.000000,-5994.000000,-89.000000
12185.000000,6000.000000,5991.000000,5999.428711,26.000000,-304.000000,-5998.000000,-46.000000
12190.000000,6000.000000,5995.000000,5993.041504,122.000000,-602.000000,-5994.000000,-92.000000
12195.000000,6000.000000,5989.000000,5999.628418,23.000000,-560.000000,-5996.000000,-44.000000
12200.000000,6000.000000,5995.000000,5993.106934,121.000000,-423.000000,-5992.000000,-94.000000
12205.000000,6000.000000,5989.000000,5999.394043,26.000000,-454.000000,-5996.000000,-45.000000
12210.000000,6000.000000,5993.000000,5992.629883,128.000000,-478.000000,-5994.000000,-73.000000
12215.000000,6000.000000,5989.000000,5998.549316,39.000000,-297.000000,-5998.000000,-26.000000
12220.000000,6000.000000,5995.000000,5992.689453,127.000000,-364.000000,-5996.000000,-59.000000
12225.000000,6000.000000,5991.000000,5999.429199,26.000000,-188.000000,-5998.000000,-21.000000
12230.000000,6000.000000,5995.000000,5993.297852,118.000000,-329.000000,-5994.000000,-67.000000
12235.000000,6000.000000,5989.000000,5999.548828,24.000000,-274.000000,-5998.000000,-31.000000
12240.000000,6000.000000,5997.000000,5993.508789,115.000000,-187.000000,-5994.000000,-80.000000
12245.000000,6000.000000,5991.000000,6000.274414,13.000000,-100.000000,-5996.000000,-46.000000
12250.000000,6000.000000,5997.000000,5993.810547,110.000000,-216.000000,-5994.000000,-95.000000
12255.000000,6000.000000,5991.000000,5999.911621,19.000000,-108.000000,-5996.000000,-56.000000
12260.000000,6000.000000,5995.000000,5993.496582,115.000000,-612.000000,-5994.000000,-99.000000
12265.000000,6000.000000,5989.000000,5999.293945,28.000000,-633.000000,-5996.000000,-46.000000
12270.000000,6000.000000,5995.000000,5993.590820,114.000000,-680.000000,-5996.000000,-78.000000
12275.000000,6000.000000,5991.000000,5999.305176,28.000000,-214.000000,-5998.000000,-25.000000
12280.000000,6000.000000,5997.000000,5993.994629,108.000000,-164.000000,-5996.000000,-72.000000
12285.000000,6000.000000,5991.000000,5999.437012,26.000000,165.000000,-5998.000000,-27.000000
12290.000000,6000.000000,5997.000000,5994.038086,107.000000,-117.000000,-5996.000000,-66.000000
12295.000000,6000.000000,5989.000000,5998.046875,47.000000,-532.000000,-5998.000000,-21.000000
12300.000000,6000.000000,5997.000000,5992.369141,132.000000,-565.000000,-5994.000000,-71.000000
12305.000000,6000.000000,5991.000000,5997.416016,56.000000,-444.000000,-5996.000000,-34.000000
12310.000000,6000.000000,5997.000000,5992.366699,132.000000,-480.000000,-5994.000000,-82.000000
12315.000000,6000.000000,5989.000000,5997.015137,62.000000,-426.000000,-5996.000000,-45.000000
12320.000000,6000.000000,5999.000000,5993.416504,116.000000,-461.000000,-5994.000000,-84.000000
12325.000000,6000.000000,5991.000000,5998.540039,39.000000,-394.000000,-5996.000000,-34.000000
12330.000000,6000.000000,5999.000000,5994.284668,103.000000,-327.000000,-5996.000000,-75.000000
12335.000000,6000.000000,5991.000000,5998.824219,35.000000,-291.000000,-5994.000000,-40.000000
12340.000000,6000.000000,5999.000000,5995.082031,91.000000,-438.000000,-5996.000000,-72.000000
12345.000000,6000.000000,5993.000000,5999.485352,25.000000,-378.000000,-5996.000000,-32.000000
12350.000000,6000.000000,5999.000000,5994.978516,93.000000,-428.000000,-5996.000000,-70.000000
12355.000000,6000.000000,5970.000000,5993.297852,118.000000,-3.000000,-5994.000000,-44.000000
12360.000000,6000.000000,5997.000000,5994.660645,98.000000,367.000000,-5996.000000,-71.000000
12365.000000,6000.000000,5970.000000,5992.937988,124.000000,-1.000000,-5994.000000,-37.000000
12370.000000,6000.000000,5997.000000,5994.913574,94.000000,358.000000,-5998.000000,-60.000000
12375.000000,6000.000000,5970.000000,5993.020508,122.000000,234.000000,-5996.000000,-41.000000
12380.000000,6000.000000,5999.000000,5995.504395,85.000000,401.000000,-5996.000000,-72.000000
12385.000000,6000.000000,5970.000000,5993.214355,119.000000,-91.000000,-5996.000000,-46.000000
12390.000000,6000.000000,5999.000000,5995.097168,91.000000,354.000000,-5996.000000,-85.000000
12395.000000,6000.000000,5970.000000,5993.040039,122.000000,-193.000000,-5996.000000,-37.000000
12400.000000,6000.000000,5999.000000,5995.831055,80.000000,332.000000,-5994.000000,-81.000000
12405.000000,6000.000000,5970.000000,5993.065430,122.000000,-139.000000,-5996.000000,-60.000000
12410.000000,6000.000000,5999.000000,5995.839355,80.000000,276.000000,-5994.000000,-86.000000
12415.000000,6000.000000,5970.000000,5993.807617,111.000000,-186.000000,-5996.000000,-58.000000
12420.000000,6000.000000,5999.000000,5996.082520,77.000000,697.000000,-5994.000000,-81.000000
12425.000000,6000.000000,5970.000000,5992.686523,127.000000,66.000000,-5998.000000,-41.000000
12430.000000,6000.000000,5997.000000,5995.059570,92.000000,685.000000,-5994.000000,-68.000000
12435.000000,6000.000000,5968.000000,5991.951660,138.000000,126.000000,-5998.000000,-40.000000
12440.000000,6000.000000,5999.000000,5995.538086,85.000000,671.000000,-5994.000000,-68.000000
12445.000000,6000.000000,5968.000000,5991.852539,140.000000,64.000000,-5998.000000,-37.000000
12450.000000,6000.000000,5997.000000,5995.310547,88.000000,610.000000,-5994.000000,-67.000000
12455.000000,6000.000000,5970.000000,5992.498047,130.000000,174.000000,-5998.000000,-47.000000
12460.000000,6000.000000,5999.000000,5996.126953,76.000000,528.000000,-5992.000000,-83.000000
12465.000000,6000.000000,5970.000000,5993.085449,122.000000,12.000000,-5998.000000,-63.000000
12470.000000,6000.000000,5999.000000,5996.063477,77.000000,787.000000,-5992.000000,-96.000000
12475.000000,6000.000000,5970.000000,5993.064453,122.000000,161.000000,-5998.000000,-65.000000
12480.000000,6000.000000,5997.000000,5996.396484,72.000000,271.000000,-5994.000000,-79.000000
12485.000000,6000.000000,5970.000000,5992.917969,124.000000,135.000000,-5998.000000,-61.000000
12490.000000,6000.000000,5999.000000,5996.492676,70.000000,727.000000,-5994.000000,-76.000000
12495.000000,6000.000000,5970.000000,5992.949219,124.000000,195.000000,-6000.000000,-47.000000
12500.000000,6000.000000,5997.000000,5996.102539,76.000000,732.000000,-5992.000000,-85.000000
12505.000000,6000.000000,5970.000000,5991.876953,140.000000,201.000000,-6002.000000,-43.000000
12510.000000,6000.000000,5995.000000,5993.922852,109.000000,701.000000,-5994.000000,-74.000000
12515.000000,6000.000000,5968.000000,5990.342773,163.000000,289.000000,-6002.000000,-36.000000
12520.000000,6000.000000,5995.000000,5993.740234,112.000000,680.000000,-5992.000000,-74.000000
12525.000000,6000.000000,5970.000000,5991.166992,150.000000,234.000000,-6000.000000,-45.000000
12530.000000,6000.000000,5995.000000,5994.698730,97.000000,665.000000,-5992.000000,-81.000000
12535.000000,6000.000000,5972.000000,5992.200684,135.000000,301.000000,-6000.000000,-61.000000
12540.000000,6000.000000,6018.000000,5996.526367,70.000000,560.000000,-5992.000000,-98.000000
12545.000000,6000.000000,6003.000000,5994.029297,108.000000,51.000000,-6004.000000,-61.000000
12550.000000,6000.000000,6016.000000,6000.983398,3.000000,-229.000000,-5994.000000,-92.000000
12555.000000,6000.000000,6001.000000,5994.788086,96.000000,-594.000000,-6002.000000,-62.000000
12560.000000,6000.000000,6016.000000,6001.772461,-8.000000,-271.000000,-5992.000000,-86.000000
12565.000000,6000.000000,6001.000000,5994.518555,100.000000,-802.000000,-6004.000000,-51.000000
12570.000000,6000.000000,6016.000000,6000.775879,6.000000,35.000000,-5994.000000,-71.000000
12575.000000,6000.000000,5997.000000,5992.770508,126.000000,-567.000000,-5998.000000,-43.000000
12580.000000,6000.000000,6012.000000,5997.700195,53.000000,82.000000,-5996.000000,-62.000000
12585.000000,6000.000000,5997.000000,5991.867676,140.000000,-407.000000,-5998.000000,-29.000000
12590.000000,6000.000000,6012.000000,5997.824219,51.000000,110.000000,-5994.000000,-72.000000
12595.000000,6000.000000,5999.000000,5993.140137,121.000000,-476.000000,-5998.000000,-35.000000
12600.000000,6000.000000,6012.000000,5999.992188,18.000000,208.000000,-5994.000000,-77.000000
12605.000000,6000.000000,6001.000000,5994.734375,97.000000,-348.000000,-5998.000000,-45.000000
12610.000000,6000.000000,6014.000000,6001.119629,1.000000,-356.000000,-5992.000000,-89.000000
12615.000000,6000.000000,6001.000000,5995.104004,92.000000,-637.000000,-5998.000000,-49.000000
12620.000000,6000.000000,6014.000000,6001.199219,0.000000,-507.000000,-5990.000000,-91.000000
12625.000000,6000.000000,5999.000000,5994.729980,97.000000,-672.000000,-5996.000000,-51.000000
12630.000000,6000.000000,6014.000000,6000.592773,9.000000,-329.000000,-5992.000000,-79.000000
12635.000000,6000.000000,5999.000000,5993.906738,110.000000,-736.000000,-5998.000000,-46.000000
12640.000000,6000.000000,6012.000000,6000.086914,17.000000,-299.000000,-5994.000000,-71.000000
12645.000000,6000.000000,5999.000000,5993.997070,108.000000,-769.000000,-5998.000000,-37.000000
12650.000000,6000.000000,6010.000000,5998.925781,34.000000,-413.000000,-5994.000000,-55.000000
12655.000000,6000.000000,5997.000000,5993.636230,114.000000,-609.000000,-5996.000000,-39.000000
12660.000000,6000.000000,6010.000000,5999.383789,27.000000,-337.000000,-5992.000000,-68.000000
12665.000000,6000.000000,5997.000000,5994.106445,107.000000,-674.000000,-5996.000000,-38.000000
12670.000000,6000.000000,6010.000000,6000.021484,18.000000,-263.000000,-5992.000000,-75.000000
12675.000000,6000.000000,5999.000000,5995.035156,93.000000,-228.000000,-5996.000000,-54.000000
12680.000000,6000.000000,6010.000000,6000.005371,18.000000,219.000000,-5990.000000,-91.000000
12685.000000,6000.000000,5997.000000,5994.361328,103.000000,412.000000,-5996.000000,-59.000000
12690.000000,6000.000000,6010.000000,6000.412109,12.000000,91.000000,-5990.000000,-83.000000
12695.000000,6000.000000,5999.000000,5994.842773,96.000000,-360.000000,-5996.000000,-61.000000
12700.000000,6000.000000,6007.000000,5999.969727,19.000000,-195.000000,-5990.000000,-81.000000
12705.000000,6000.000000,5999.000000,5994.073242,107.000000,-417.000000,-5994.000000,-50.000000
12710.000000,6000.000000,6007.000000,5999.973633,19.000000,-304.000000,-5990.000000,-74.000000
12715.000000,6000.000000,5997.000000,5994.299316,104.000000,-394.000000,-5996.000000,-43.000000
12720.000000,6000.000000,6007.000000,5999.740723,22.000000,-316.000000,-5992.000000,-61.000000
12725.000000,6000.000000,5997.000000,5994.018555,108.000000,-446.000000,-5996.000000,-42.000000
12730.000000,6000.000000,6005.000000,5999.235352,30.000000,-272.000000,-5990.000000,-72.000000
12735.000000,6000.000000,5995.000000,5993.452637,117.000000,-392.000000,-5992.000000,-62.000000
12740.000000,6000.000000,5991.000000,5999.306641,29.000000,463.000000,-5990.000000,-80.000000
12745.000000,6000.000000,5997.000000,5993.683594,113.000000,48.000000,-5994.000000,-71.000000
12750.000000,6000.000000,5993.000000,5994.293945,104.000000,459.000000,-5987.000000,-97.000000
12755.000000,6000.000000,5999.000000,5997.795898,51.000000,-3.000000,-5994.000000,-72.000000
12760.000000,6000.000000,5993.000000,5999.235352,30.000000,393.000000,-5990.000000,-81.000000
12765.000000,6000.000000,5999.000000,5995.575195,85.000000,202.000000,-5987.000000,-63.000000
12770.000000,6000.000000,5991.000000,5997.788086,52.000000,455.000000,-6011.000000,-64.000000
12775.000000,6000.000000,5999.000000,5995.100586,92.000000,82.000000,-5994.000000,-53.000000
12780.000000,6000.000000,5991.000000,5997.837402,51.000000,378.000000,-6013.000000,-78.000000
12785.000000,6000.000000,5999.000000,5994.325684,104.000000,152.000000,-5990.000000,-81.000000
12790.000000,6000.000000,5993.000000,5997.458496,57.000000,436.000000,-6013.000000,-6.000000
12795.000000,6000.000000,5999.000000,5994.202148,105.000000,100.000000,-5990.000000,-71.000000
12800.000000,6000.000000,5993.000000,5997.417969,57.000000,373.000000,-6011.000000,-9.000000
12805.000000,6000.000000,6001.000000,5995.151367,91.000000,-128.000000,-5990.000000,-83.000000
12810.000000,6000.000000,5995.000000,5998.292969,44.000000,351.000000,-6011.000000,-15.000000
12815.000000,6000.000000,6001.000000,5995.602539,84.000000,-188.000000,-5987.000000,-101.000000
12820.000000,6000.000000,5995.000000,5998.696777,38.000000,368.000000,-6011.000000,-35.000000
12825.000000,6000.000000,6001.000000,5995.734375,83.000000,-191.000000,-5990.000000,-108.000000
12830.000000,6000.000000,5993.000000,5997.920898,50.000000,382.000000,-6008.000000,-42.000000
12835.000000,6000.000000,6001.000000,5995.160645,91.000000,-33.000000,-5990.000000,-100.000000
12840.000000,6000.000000,5993.000000,5997.412598,57.000000,219.000000,-6002.000000,-58.000000
12845.000000,6000.000000,6003.000000,5995.243164,90.000000,-78.000000,-5992.000000,-106.000000
12850.000000,6000.000000,5993.000000,5997.283203,59.000000,326.000000,-6013.000000,-11.000000
12855.000000,6000.000000,6003.000000,5995.136719,92.000000,-9.000000,-5994.000000,-63.000000
12860.000000,6000.000000,5993.000000,5997.248535,60.000000,280.000000,-6004.000000,-10.000000
12865.000000,6000.000000,6003.000000,5995.432129,87.000000,-290.000000,-6004.000000,3.000000
12870.000000,6000.000000,5993.000000,5997.601074,55.000000,630.000000,-6000.000000,20.000000
12875.000000,6000.000000,6003.000000,5995.967773,79.000000,41.000000,-5990.000000,-89.000000
12880.000000,6000.000000,5995.000000,5998.545410,40.000000,501.000000,-6008.000000,-15.000000
12885.000000,6000.000000,6003.000000,5995.856934,81.000000,39.000000,-5987.000000,-123.000000
12890.000000,6000.000000,5993.000000,5997.625488,54.000000,268.000000,-5996.000000,-99.000000
12895.000000,6000.000000,6005.000000,5995.648438,84.000000,-425.000000,-5996.000000,-90.000000
12900.000000,6000.000000,5995.000000,5998.645508,39.000000,293.000000,-5994.000000,-72.000000
12905.000000,6000.000000,6003.000000,5996.629883,69.000000,-366.000000,-5996.000000,-136.000000
12910.000000,6000.000000,5995.000000,5999.286621,29.000000,235.000000,-5996.000000,-78.000000
12915.000000,6000.000000,6003.000000,5995.936523,80.000000,-384.000000,-5998.000000,-114.000000
12920.000000,6000.000000,5993.000000,5997.559082,55.000000,232.000000,-5998.000000,-35.000000
12925.000000,6000.000000,6003.000000,5995.049805,93.000000,-396.000000,-6004.000000,-70.000000
12930.000000,6000.000000,5993.000000,5997.268555,60.000000,297.000000,-6000.000000,3.000000
12935.000000,6000.000000,6005.000000,5995.354492,88.000000,-93.000000,-5994.000000,-70.000000
12940.000000,6000.000000,5995.000000,5996.823242,66.000000,273.000000,-5975.000000,-3.000000
12945.000000,6000.000000,6005.000000,5995.464844,87.000000,-133.000000,-5994.000000,-23.000000
12950.000000,6000.000000,5976.000000,5996.920898,65.000000,-175.000000,-5971.000000,-87.000000
12955.000000,6000.000000,5993.000000,5993.480957,117.000000,34.000000,-5987.000000,-99.000000
12960.000000,6000.000000,5978.000000,5993.754395,112.000000,-158.000000,-5971.000000,-135.000000
12965.000000,6000.000000,5993.000000,5995.650879,84.000000,-43.000000,-5990.000000,-121.000000
12970.000000,6000.000000,5978.000000,5993.810059,112.000000,-138.000000,-5975.000000,-120.000000
12975.000000,6000.000000,5995.000000,5995.749023,83.000000,-99.000000,-5992.000000,-106.000000
12980.000000,6000.000000,5978.000000,5993.842285,111.000000,-213.000000,-5977.000000,-102.000000
12985.000000,6000.000000,5995.000000,5995.833984,81.000000,-196.000000,-5992.000000,-74.000000
12990.000000,6000.000000,5978.000000,5993.450195,117.000000,-265.000000,-5977.000000,-83.000000
12995.000000,6000.000000,5993.000000,5995.154297,92.000000,-234.000000,-5992.000000,-71.000000
13000.000000,6000.000000,5976.000000,5992.827148,126.000000,245.000000,-5977.000000,-84.000000
13005.000000,6000.000000,5993.000000,5995.270508,90.000000,366.000000,-5992.000000,-75.000000
13010.000000,6000.000000,5978.000000,5993.585449,115.000000,296.000000,-5977.000000,-96.000000
13015.000000,6000.000000,5993.000000,5995.272949,90.000000,292.000000,-5992.000000,-87.000000
13020.000000,6000.000000,5976.000000,5992.866211,126.000000,157.000000,-5977.000000,-104.000000
13025.000000,6000.000000,5995.000000,5995.610352,85.000000,286.000000,-5992.000000,-90.000000
13030.000000,6000.000000,5978.000000,5993.376953,118.000000,231.000000,-5975.000000,-115.000000
13035.000000,6000.000000,5995.000000,5995.604492,85.000000,268.000000,-5992.000000,-96.000000
13040.000000,6000.000000,5978.000000,5993.531250,116.000000,228.000000,-5977.000000,-108.000000
13045.000000,6000.000000,5995.000000,5996.135742,77.000000,188.000000,-5994.000000,-84.000000
13050.000000,6000.000000,5978.000000,5993.705566,113.000000,165.000000,-5979.000000,-98.000000
13055.000000,6000.000000,5995.000000,5996.192383,76.000000,214.000000,-5994.000000,-78.000000
13060.000000,6000.000000,5978.000000,5993.147461,122.000000,-410.000000,-5981.000000,-86.000000
13065.000000,6000.000000,5997.000000,5996.245605,75.000000,178.000000,-5994.000000,-72.000000
13070.000000,6000.000000,5978.000000,5993.485352,117.000000,-375.000000,-5981.000000,-73.000000
13075.000000,6000.000000,5997.000000,5996.192383,76.000000,423.000000,-5996.000000,-62.000000
13080.000000,6000.000000,5976.000000,5992.159180,137.000000,224.000000,-5981.000000,-78.000000
13085.000000,6000.000000,5995.000000,5994.622070,100.000000,356.000000,-5994.000000,-69.000000
13090.000000,6000.000000,5976.000000,5991.800781,142.000000,301.000000,-5981.000000,-87.000000
13095.000000,6000.000000,5997.000000,5996.009277,79.000000,417.000000,-5992.000000,-75.000000
13100.000000,6000.000000,5978.000000,5993.039551,123.000000,312.000000,-6002.000000,-93.000000
13105.000000,6000.000000,5999.000000,5997.339844,59.000000,355.000000,-6006.000000,-84.000000
13110.000000,6000.000000,5978.000000,5993.680176,114.000000,314.000000,-6002.000000,-32.000000
13115.000000,6000.000000,5997.000000,5997.149902,62.000000,278.000000,-6006.000000,-44.000000
13120.000000,6000.000000,6003.000000,5993.233398,121.000000,127.000000,-6000.000000,-74.000000
13125.000000,6000.000000,6014.000000,5997.954590,50.000000,-115.000000,-6006.000000,-51.000000
13130.000000,6000.000000,6003.000000,5997.386719,58.000000,88.000000,-6002.000000,-65.000000
13135.000000,6000.000000,6014.000000,6001.875977,-8.000000,-152.000000,-6004.000000,-50.000000
13140.000000,6000.000000,6001.000000,5995.231445,91.000000,157.000000,-6002.000000,-61.000000
13145.000000,6000.000000,6012.000000,5999.261719,30.000000,-207.000000,-6002.000000,-52.000000
13150.000000,6000.000000,6001.000000,5993.890625,111.000000,128.000000,-6002.000000,-50.000000
13155.000000,6000.000000,6010.000000,5998.627441,40.000000,-2.000000,-6002.000000,-48.000000
13160.000000,6000.000000,6001.000000,5994.258789,105.000000,230.000000,-6000.000000,-57.000000
13165.000000,6000.000000,6010.000000,5998.962891,35.000000,-229.000000,-6002.000000,-42.000000
13170.000000,6000.000000,6001.000000,5994.532715,101.000000,301.000000,-6000.000000,-60.000000
13175.000000,6000.000000,6010.000000,5999.997070,19.000000,-221.000000,-6000.000000,-61.000000
13180.000000,6000.000000,5995.000000,5997.515625,56.000000,298.000000,-6000.000000,-57.000000
13185.000000,6000.000000,5999.000000,6001.481934,-2.000000,-95.000000,-5998.000000,-63.000000
13190.000000,6000.000000,5993.000000,5994.860352,96.000000,199.000000,-5998.000000,-63.000000
13195.000000,6000.000000,5999.000000,5999.025879,34.000000,-11.000000,-5998.000000,-68.000000
13200.000000,6000.000000,5995.000000,5993.766602,113.000000,176.000000,-5998.000000,-65.000000
13205.000000,6000.000000,5999.000000,5998.552246,41.000000,330.000000,-5998.000000,-72.000000
13210.000000,6000.000000,5995.000000,5993.816406,112.000000,270.000000,-5998.000000,-69.000000
13215.000000,6000.000000,5999.000000,5999.308594,30.000000,361.000000,-5996.000000,-76.000000
13220.000000,6000.000000,5995.000000,5994.064453,108.000000,272.000000,-5998.000000,-63.000000
13225.000000,6000.000000,5997.000000,5998.528809,41.000000,354.000000,-5996.000000,-74.000000
13230.000000,6000.000000,5997.000000,5993.748047,113.000000,417.000000,-5998.000000,-55.000000
13235.000000,6000.000000,5997.000000,5998.361328,44.000000,489.000000,-5996.000000,-57.000000
13240.000000,6000.000000,5997.000000,5993.949219,110.000000,340.000000,-6000.000000,-35.000000
13245.000000,6000.000000,5997.000000,5998.672852,39.000000,430.000000,-5996.000000,-55.000000
13250.000000,6000.000000,5999.000000,5994.819336,97.000000,272.000000,-5998.000000,-44.000000
13255.000000,6000.000000,5999.000000,5999.112305,33.000000,385.000000,-5996.000000,-65.000000
13260.000000,6000.000000,5997.000000,5994.819336,97.000000,223.000000,-5992.000000,-49.000000
13265.000000,6000.000000,5999.000000,5999.562988,26.000000,328.000000,-6011.000000,-84.000000
13270.000000,6000.000000,6001.000000,5995.283691,90.000000,189.000000,-5990.000000,-94.000000
13275.000000,6000.000000,5999.000000,5999.714844,24.000000,204.000000,-6011.000000,-106.000000
13280.000000,6000.000000,5999.000000,5994.841309,97.000000,233.000000,-5994.000000,-94.000000
13285.000000,6000.000000,5999.000000,5999.250000,31.000000,247.000000,-6013.000000,-31.000000
13290.000000,6000.000000,6001.000000,5995.344727,89.000000,252.000000,-5994.000000,-62.000000
13295.000000,6000.000000,6001.000000,5999.814941,22.000000,314.000000,-6013.000000,-18.000000
13300.000000,6000.000000,5999.000000,5995.119629,93.000000,262.000000,-5994.000000,-54.000000
13305.000000,6000.000000,5986.000000,5996.239258,76.000000,278.000000,-5994.000000,-73.000000
13310.000000,6000.000000,5989.000000,5994.102539,108.000000,-523.000000,-5994.000000,-77.000000
13315.000000,6000.000000,5984.000000,5998.432129,43.000000,332.000000,-6015.000000,-29.000000
13320.000000,6000.000000,5989.000000,5991.937012,140.000000,-67.000000,-5994.000000,-59.000000
13325.000000,6000.000000,5986.000000,5995.406738,88.000000,322.000000,-6015.000000,-21.000000
13330.000000,6000.000000,5989.000000,5993.265137,121.000000,-53.000000,-5994.000000,-60.000000
13335.000000,6000.000000,5986.000000,5996.530273,72.000000,260.000000,-6015.000000,-28.000000
13340.000000,6000.000000,5991.000000,5994.517090,102.000000,-29.000000,-5994.000000,-65.000000
13345.000000,6000.000000,5986.000000,5997.260742,61.000000,395.000000,-6013.000000,-34.000000
13350.000000,6000.000000,5991.000000,5994.756836,98.000000,-22.000000,-5994.000000,-68.000000
13355.000000,6000.000000,5989.000000,5998.144043,47.000000,454.000000,-6013.000000,-46.000000
13360.000000,6000.000000,5989.000000,5994.645996,100.000000,-22.000000,-5994.000000,-68.000000
13365.000000,6000.000000,5989.000000,5997.483398,57.000000,-19.000000,-6013.000000,-47.000000
13370.000000,6000.000000,5989.000000,5994.429199,103.000000,-467.000000,-5994.000000,-68.000000
13375.000000,6000.000000,5986.000000,5996.811523,67.000000,-107.000000,-6013.000000,-41.000000
13380.000000,6000.000000,5989.000000,5994.272949,105.000000,-440.000000,-5994.000000,-62.000000
13385.000000,6000.000000,5986.000000,5996.184570,77.000000,14.000000,-6015.000000,-30.000000
13390.000000,6000.000000,5989.000000,5994.067871,109.000000,-376.000000,-5996.000000,-51.000000
13395.000000,6000.000000,5984.000000,5995.717773,84.000000,43.000000,-6015.000000,-27.000000
13400.000000,6000.000000,5989.000000,5993.011230,124.000000,-321.000000,-5996.000000,-45.000000
13405.000000,6000.000000,5986.000000,5995.413086,88.000000,51.000000,-6013.000000,-31.000000
13410.000000,6000.000000,5989.000000,5993.446289,118.000000,-239.000000,-5998.000000,-50.000000
13415.000000,6000.000000,5986.000000,5995.504395,87.000000,-238.000000,-6013.000000,-40.000000
13420.000000,6000.000000,5991.000000,5994.081055,108.000000,124.000000,-5996.000000,-56.000000
13425.000000,6000.000000,5989.000000,5997.133789,63.000000,201.000000,-6011.000000,-55.000000
13430.000000,6000.000000,5991.000000,5995.559570,86.000000,-228.000000,-5994.000000,-74.000000
13435.000000,6000.000000,5989.000000,5997.823242,52.000000,203.000000,-5994.000000,-58.000000
13440.000000,6000.000000,5989.000000,5994.965820,95.000000,-509.000000,-5981.000000,-65.000000
13445.000000,6000.000000,5986.000000,5996.888184,66.000000,-273.000000,-5996.000000,-50.000000
13450.000000,6000.000000,5989.000000,5993.878418,112.000000,19.000000,-5983.000000,-97.000000
13455.000000,6000.000000,5989.000000,5996.565918,71.000000,-197.000000,-5994.000000,-55.000000
13460.000000,6000.000000,5991.000000,5994.009277,110.000000,-545.000000,-5981.000000,-99.000000
13465.000000,6000.000000,5986.000000,5995.752930,83.000000,-195.000000,-5996.000000,-45.000000
13470.000000,6000.000000,5991.000000,5994.062988,109.000000,-590.000000,-5981.000000,-99.000000
13475.000000,6000.000000,5989.000000,5996.370605,74.000000,-185.000000,-5994.000000,-48.000000
13480.000000,6000.000000,5991.000000,5994.469727,103.000000,-602.000000,-5981.000000,-88.000000
13485.000000,6000.000000,5997.000000,5996.823242,67.000000,168.000000,-5992.000000,-65.000000
13490.000000,6000.000000,6007.000000,5996.599121,71.000000,563.000000,-5981.000000,-94.000000
13495.000000,6000.000000,5997.000000,5995.999023,80.000000,87.000000,-5994.000000,-59.000000
13500.000000,6000.000000,6007.000000,5997.852539,52.000000,589.000000,-5981.000000,-98.000000
13505.000000,6000.000000,5995.000000,5996.746094,69.000000,255.000000,-5994.000000,-66.000000
13510.000000,6000.000000,6007.000000,5998.097656,48.000000,751.000000,-5979.000000,-106.000000
13515.000000,6000.000000,5995.000000,5996.826660,67.000000,309.000000,-5994.000000,-71.000000
13520.000000,6000.000000,6005.000000,5997.887695,52.000000,556.000000,-5981.000000,-99.000000
13525.000000,6000.000000,5995.000000,5996.757813,68.000000,307.000000,-5994.000000,-70.000000
13530.000000,6000.000000,6005.000000,5997.381836,59.000000,661.000000,-5983.000000,-89.000000
13535.000000,6000.000000,5995.000000,5996.591797,71.000000,197.000000,-5994.000000,-67.000000
13540.000000,6000.000000,6005.000000,5997.490723,58.000000,592.000000,-5983.000000,-80.000000
13545.000000,6000.000000,5995.000000,5995.686523,85.000000,249.000000,-5994.000000,-62.000000
13550.000000,6000.000000,6003.000000,5996.589355,71.000000,522.000000,-5983.000000,-87.000000
13555.000000,6000.000000,5993.000000,5995.247559,91.000000,225.000000,-5992.000000,-75.000000
13560.000000,6000.000000,6003.000000,5996.445801,73.000000,622.000000,-5981.000000,-98.000000
13565.000000,6000.000000,5993.000000,5995.885254,82.000000,146.000000,-5994.000000,-71.000000
13570.000000,6000.000000,6003.000000,5996.654297,70.000000,677.000000,-5981.000000,-108.000000
13575.000000,6000.000000,5995.000000,5996.148926,78.000000,278.000000,-5994.000000,-79.000000
13580.000000,6000.000000,6003.000000,5997.365723,59.000000,607.000000,-5983.000000,-102.000000
13585.000000,6000.000000,5993.000000,5996.350586,75.000000,207.000000,-5994.000000,-84.000000
13590.000000,6000.000000,6001.000000,5997.351563,60.000000,538.000000,-5985.000000,-93.000000
13595.000000,6000.000000,5995.000000,5996.697266,70.000000,272.000000,-5994.000000,-81.000000
13600.000000,6000.000000,6001.000000,5997.145508,63.000000,723.000000,-5985.000000,-82.000000
13605.000000,6000.000000,5995.000000,5997.254395,61.000000,272.000000,-5994.000000,-75.000000
13610.000000,6000.000000,6003.000000,5998.303711,45.000000,645.000000,-5987.000000,-79.000000
13615.000000,6000.000000,5993.000000,5996.289551,76.000000,266.000000,-6008.000000,-67.000000
13620.000000,6000.000000,5999.000000,5996.407227,74.000000,640.000000,-5994.000000,-51.000000
13625.000000,6000.000000,5993.000000,5995.783203,83.000000,316.000000,-6008.000000,-36.000000
13630.000000,6000.000000,5999.000000,5996.230469,77.000000,243.000000,-5994.000000,-85.000000
13635.000000,6000.000000,5993.000000,5995.610352,86.000000,23.000000,-6008.000000,-59.000000
13640.000000,6000.000000,5999.000000,5996.430176,74.000000,262.000000,-5992.000000,-102.000000
13645.000000,6000.000000,5993.000000,5995.995605,80.000000,-90.000000,-6008.000000,-56.000000
13650.000000,6000.000000,5999.000000,5996.505371,73.000000,415.000000,-5992.000000,-94.000000
13655.000000,6000.000000,5993.000000,5996.020020,80.000000,70.000000,-6011.000000,-45.000000
13660.000000,6000.000000,5999.000000,5997.252930,61.000000,289.000000,-5994.000000,-80.000000
13665.000000,6000.000000,5993.000000,5996.264648,76.000000,84.000000,-6013.000000,-32.000000
13670.000000,6000.000000,6001.000000,5997.938477,51.000000,-122.000000,-5994.000000,-75.000000
13675.000000,6000.000000,5991.000000,5995.385742,89.000000,-310.000000,-6011.000000,-33.000000
13680.000000,6000.000000,5999.000000,5997.403320,59.000000,-37.000000,-5994.000000,-67.000000
13685.000000,6000.000000,5991.000000,5994.071289,109.000000,-241.000000,-6013.000000,-27.000000
13690.000000,6000.000000,6001.000000,5996.796875,68.000000,-397.000000,-5992.000000,-79.000000
13695.000000,6000.000000,5991.000000,5993.872559,112.000000,-395.000000,-6013.000000,-28.000000
13700.000000,6000.000000,6001.000000,5996.526855,72.000000,-348.000000,-5994.000000,-67.000000
13705.000000,6000.000000,5993.000000,5994.759766,99.000000,-429.000000,-6011.000000,-37.000000
13710.000000,6000.000000,6001.000000,5997.022461,65.000000,-344.000000,-5992.000000,-73.000000
13715.000000,6000.000000,5993.000000,5995.085938,94.000000,-461.000000,-6013.000000,-35.000000
13720.000000,6000.000000,6003.000000,5997.949219,51.000000,-333.000000,-5992.000000,-78.000000
13725.000000,6000.000000,5993.000000,5995.069336,94.000000,-422.000000,-6011.000000,-43.000000
13730.000000,6000.000000,6001.000000,5997.338867,60.000000,-293.000000,-5990.000000,-86.000000
13735.000000,6000.000000,5995.000000,5995.013672,95.000000,-411.000000,-6011.000000,-41.000000
13740.000000,6000.000000,6003.000000,5997.236816,62.000000,-326.000000,-5990.000000,-87.000000
13745.000000,6000.000000,5995.000000,5995.236816,92.000000,-436.000000,-6013.000000,-35.000000
13750.000000,6000.000000,6001.000000,5997.073730,64.000000,-40.000000,-5990.000000,-68.000000
13755.000000,6000.000000,5995.000000,5995.041992,95.000000,-23.000000,-6013.000000,-22.000000
13760.000000,6000.000000,6001.000000,5996.753906,69.000000,-68.000000,-5990.000000,-64.000000
13765.000000,6000.000000,5997.000000,5995.429199,89.000000,-78.000000,-6013.000000,-20.000000
13770.000000,0.000000,6003.000000,5996.653320,-16384.000000,868.000000,-5973.000000,16384.000000
13775.000000,0.000000,6018.000000,6004.058594,-16384.000000,993.000000,-5755.000000,16384.000000
13780.000000,0.000000,6045.000000,6026.131836,-16384.000000,-7072.000000,-5364.000000,16384.000000
13785.000000,0.000000,5857.000000,5970.042969,-16384.000000,-15166.000000,-4977.000000,16384.000000
13790.000000,0.000000,5509.000000,5731.681641,-16384.000000,-14635.000000,-4596.000000,16384.000000
13795.000000,0.000000,5145.000000,5408.481934,-16384.000000,-18489.000000,-4238.000000,16384.000000
13800.000000,0.000000,4771.000000,5062.479492,-16384.000000,-13541.000000,-3870.000000,16384.000000
13805.000000,0.000000,4451.000000,4721.171875,-16384.000000,-12127.000000,-3470.000000,16384.000000
13810.000000,0.000000,4097.000000,4377.333984,-16384.000000,-14808.000000,-3121.000000,16384.000000
13815.000000,0.000000,3762.000000,4037.021484,-16384.000000,-16997.000000,-2729.000000,16384.000000
13820.000000,0.000000,3417.000000,3689.513916,-16384.000000,-16140.000000,-2388.000000,16384.000000
13825.000000,0.000000,3067.000000,3343.567871,-16384.000000,-14822.000000,-1997.000000,16384.000000
13830.000000,0.000000,2732.000000,2997.237061,-16384.000000,-14322.000000,-1601.000000,16384.000000
13835.000000,0.000000,2362.000000,2640.889648,-16384.000000,-14705.000000,-1246.000000,16384.000000
13840.000000,0.000000,2002.000000,2293.609131,-16384.000000,-14726.000000,-907.000000,16384.000000
13845.000000,0.000000,1661.000000,1954.823975,-16384.000000,-15098.000000,-538.000000,12099.000000
13850.000000,0.000000,1322.000000,1592.965698,-16384.000000,-14859.000000,-157.000000,6590.000000
13855.000000,0.000000,883.000000,1226.356445,-16384.000000,-14784.000000,92.000000,1796.000000
13860.000000,0.000000,546.000000,837.636841,-12545.000000,-12537.000000,161.000000,-942.000000
13865.000000,0.000000,165.000000,464.750427,-6953.000000,-8205.000000,188.000000,-2057.000000
13870.000000,0.000000,6.000000,189.461273,-2824.000000,-3936.000000,177.000000,-2611.000000
13875.000000,0.000000,-99.000000,10.712748,-143.000000,-1200.000000,104.000000,-2153.000000
13880.000000,0.000000,-114.000000,-69.935410,1066.000000,-69.000000,56.000000,-1411.000000
13885.000000,0.000000,-151.000000,-116.585236,1766.000000,619.000000,12.000000,-721.000000
13890.000000,0.000000,-120.000000,-128.957199,1952.000000,1385.000000,-24.000000,-92.000000
13895.000000,0.000000,-59.000000,-93.254135,1416.000000,1360.000000,-38.000000,319.000000
13900.000000,0.000000,-34.000000,-58.288074,892.000000,1045.000000,-34.000000,450.000000
13905.000000,0.000000,-17.000000,-34.584316,536.000000,630.000000,-30.000000,460.000000
13910.000000,0.000000,-5.000000,-16.795948,270.000000,466.000000,-30.000000,444.000000
13915.000000,0.000000,6.000000,-3.077456,64.000000,293.000000,-28.000000,421.000000
13920.000000,0.000000,12.000000,6.270939,-75.000000,197.000000,-19.000000,345.000000
13925.000000,0.000000,8.000000,8.541902,-109.000000,52.000000,-11.000000,232.000000
13930.000000,0.000000,4.000000,7.057570,-87.000000,-1.000000,-3.000000,118.000000
13935.000000,0.000000,-5.000000,0.292464,13.000000,52.000000,6.000000,-1.000000
13940.000000,0.000000,-13.000000,-6.427365,114.000000,4.000000,6.000000,-67.000000
13945.000000,0.000000,-13.000000,-10.938438,182.000000,54.000000,6.000000,-94.000000
13950.000000,0.000000,-11.000000,-12.293108,202.000000,173.000000,6.000000,-100.000000
13955.000000,0.000000,-11.000000,-11.423726,189.000000,172.000000,-3.000000,-40.000000
13960.000000,0.000000,0.000000,-6.112606,110.000000,129.000000,-7.000000,38.000000
13965.000000,0.000000,4.000000,-0.422179,24.000000,129.000000,-9.000000,80.000000
13970.000000,0.000000,6.000000,4.151580,-43.000000,27.000000,-9.000000,105.000000
13975.000000,0.000000,6.000000,5.394310,-62.000000,54.000000,-7.000000,105.000000
13980.000000,0.000000,4.000000,5.401527,-62.000000,-43.000000,-5.000000,73.000000
13985.000000,0.000000,-3.000000,1.058612,2.000000,-18.000000,2.000000,17.000000
13990.000000,0.000000,-5.000000,-3.219514,66.000000,55.000000,0.000000,-12.000000
13995.000000,0.000000,-9.000000,-6.942010,122.000000,27.000000,2.000000,-27.000000
14000.000000,0.000000,-9.000000,-7.380998,129.000000,26.000000,2.000000,-38.000000
14005.000000,0.000000,-3.000000,-5.748845,104.000000,56.000000,2.000000,-41.000000
14010.000000,0.000000,0.000000,-2.129541,50.000000,100.000000,-3.000000,-6.000000
14015.000000,0.000000,4.000000,1.407792,-2.000000,-1.000000,-3.000000,21.000000
14020.000000,0.000000,4.000000,3.355385,-31.000000,-18.000000,-5.000000,48.000000
14025.000000,0.000000,4.000000,3.788773,-38.000000,-40.000000,-3.000000,46.000000
14030.000000,0.000000,-3.000000,1.634785,-6.000000,29.000000,-3.000000,36.000000
14035.000000,0.000000,-7.000000,-2.537274,56.000000,74.000000,-3.000000,33.000000
14040.000000,0.000000,-5.000000,-4.817654,90.000000,10.000000,0.000000,5.000000
14045.000000,0.000000,-7.000000,-5.660249,103.000000,11.000000,2.000000,-12.000000
14050.000000,0.000000,-3.000000,-4.980190,93.000000,100.000000,0.000000,-15.000000
14055.000000,0.000000,2.000000,-1.219109,36.000000,26.000000,0.000000,-13.000000
14060.000000,0.000000,4.000000,1.869962,-9.000000,54.000000,0.000000,-13.000000
14065.000000,0.000000,4.000000,3.046029,-27.000000,55.000000,0.000000,-13.000000
14070.000000,0.000000,0.000000,2.567403,-20.000000,7.000000,0.000000,-13.000000
14075.000000,0.000000,-3.000000,-0.929913,32.000000,55.000000,-3.000000,17.000000
14080.000000,0.000000,-3.000000,-3.266314,67.000000,27.000000,-3.000000,38.000000
14085.000000,0.000000,-5.000000,-4.751906,89.000000,55.000000,-5.000000,56.000000
14090.000000,0.000000,-3.000000,-3.942704,77.000000,55.000000,-3.000000,42.000000
14095.000000,0.000000,-3.000000,-3.308905,68.000000,26.000000,-3.000000,35.000000
14100.000000,0.000000,2.000000,-0.674022,28.000000,55.000000,-3.000000,32.000000
14105.000000,0.000000,2.000000,1.215936,0.000000,54.000000,-3.000000,32.000000
14110.000000,0.000000,2.000000,1.743078,-7.000000,55.000000,-3.000000,31.000000
14115.000000,0.000000,2.000000,1.915812,-10.000000,8.000000,-3.000000,31.000000
14120.000000,0.000000,-5.000000,-1.699587,43.000000,-18.000000,-7.000000,60.000000
14125.000000,0.000000,-5.000000,-3.754681,74.000000,27.000000,-13.000000,119.000000
14130.000000,0.000000,-3.000000,-4.191934,81.000000,83.000000,-15.000000,171.000000
14135.000000,0.000000,-3.000000,-3.390573,69.000000,55.000000,-21.000000,231.000000
14140.000000,0.000000,2.000000,-1.647983,43.000000,27.000000,-26.000000,316.000000
14145.000000,0.000000,2.000000,0.484629,11.000000,73.000000,-21.000000,320.000000
14150.000000,0.000000,2.000000,1.503443,-4.000000,9.000000,-15.000000,280.000000
14155.000000,0.000000,2.000000,1.837288,-9.000000,-18.000000,0.000000,114.000000
14160.000000,0.000000,-3.000000,0.626683,9.000000,2.000000,10.000000,-40.000000
14165.000000,0.000000,-5.000000,-2.992409,63.000000,-18.000000,8.000000,-119.000000
14170.000000,0.000000,-3.000000,-3.942153,77.000000,55.000000,8.000000,-128.000000
14175.000000,0.000000,-3.000000,-3.308725,68.000000,55.000000,-5.000000,-62.000000
14180.000000,0.000000,-3.000000,-3.101163,65.000000,55.000000,-11.000000,69.000000
14185.000000,0.000000,2.000000,-0.541949,26.000000,55.000000,-11.000000,139.000000
14190.000000,0.000000,2.000000,0.542414,10.000000,0.000000,-11.000000,162.000000
14195.000000,0.000000,2.000000,1.727178,-7.000000,82.000000,-3.000000,88.000000
14200.000000,0.000000,2.000000,1.910602,-10.000000,55.000000,8.000000,-42.000000
14205.000000,0.000000,-3.000000,-0.290094,22.000000,29.000000,6.000000,-92.000000
14210.000000,0.000000,-3.000000,-3.056658,64.000000,27.000000,6.000000,-101.000000
14215.000000,0.000000,-3.000000,-4.447045,85.000000,27.000000,-3.000000,-47.000000
14220.000000,0.000000,-3.000000,-3.474168,70.000000,55.000000,-7.000000,48.000000
14225.000000,0.000000,0.000000,-2.555375,56.000000,55.000000,-9.000000,98.000000
14230.000000,0.000000,0.000000,-0.581345,27.000000,27.000000,-7.000000,103.000000
14235.000000,0.000000,4.000000,1.646305,-6.000000,54.000000,2.000000,52.000000
14240.000000,0.000000,2.000000,1.884101,-9.000000,28.000000,6.000000,-35.000000
14245.000000,0.000000,0.000000,0.986022,3.000000,-45.000000,6.000000,-88.000000
14250.000000,0.000000,-5.000000,-2.106660,50.000000,74.000000,6.000000,-98.000000
14255.000000,0.000000,-5.000000,-4.051910,79.000000,27.000000,-3.000000,-36.000000
14260.000000,0.000000,-3.000000,-3.344690,68.000000,55.000000,-11.000000,59.000000
14265.000000,0.000000,-3.000000,-3.112948,65.000000,39.000000,-7.000000,90.000000
14270.000000,0.000000,2.000000,-0.044051,19.000000,55.000000,-7.000000,102.000000
14275.000000,0.000000,2.000000,1.010206,3.000000,73.000000,0.000000,47.000000
14280.000000,0.000000,2.000000,1.675664,-6.000000,55.000000,4.000000,-32.000000
14285.000000,0.000000,0.000000,1.493722,-3.000000,-18.000000,4.000000,-73.000000
14290.000000,0.000000,-3.000000,-1.783497,45.000000,27.000000,4.000000,-72.000000
14295.000000,0.000000,0.000000,-2.001376,48.000000,27.000000,-5.000000,-29.000000
14300.000000,0.000000,-5.000000,-3.648771,73.000000,55.000000,-9.000000,52.000000
14305.000000,0.000000,-3.000000,-3.212589,66.000000,55.000000,-7.000000,90.000000
14310.000000,0.000000,0.000000,-1.605661,42.000000,27.000000,-5.000000,77.000000
14315.000000,0.000000,0.000000,-0.206143,21.000000,73.000000,2.000000,29.000000
14320.000000,0.000000,0.000000,-0.067549,19.000000,9.000000,6.000000,-42.000000
14325.000000,0.000000,2.000000,1.322506,-1.000000,-18.000000,4.000000,-77.000000
14330.000000,0.000000,-5.000000,-0.882801,31.000000,9.000000,2.000000,-68.000000
14335.000000,0.000000,-3.000000,-2.290876,52.000000,54.000000,-9.000000,19.000000
14340.000000,0.000000,0.000000,-1.303634,38.000000,54.000000,-9.000000,75.000000
14345.000000,0.000000,-5.000000,-3.944935,77.000000,55.000000,-5.000000,83.000000
14350.000000,0.000000,0.000000,-2.709636,59.000000,55.000000,-5.000000,69.000000
14355.000000,0.000000,0.000000,-0.263254,22.000000,55.000000,4.000000,-14.000000
14360.000000,0.000000,0.000000,-0.086263,19.000000,0.000000,6.000000,-71.000000
14365.000000,0.000000,2.000000,0.947733,4.000000,-18.000000,4.000000,-72.000000
14370.000000,0.000000,0.000000,0.679193,8.000000,55.000000,0.000000,-47.000000
14375.000000,0.000000,-3.000000,-0.930402,32.000000,27.000000,-9.000000,44.000000
14380.000000,0.000000,0.000000,-2.346474,53.000000,73.000000,-7.000000,82.000000
14385.000000,0.000000,-3.000000,-3.730493,74.000000,55.000000,-5.000000,71.000000
14390.000000,0.000000,0.000000,-1.222408,36.000000,-18.000000,2.000000,28.000000
14395.000000,0.000000,0.000000,-0.400559,24.000000,55.000000,6.000000,-43.000000
14400.000000,0.000000,0.000000,-0.131255,20.000000,54.000000,4.000000,-66.000000
14405.000000,0.000000,0.000000,-0.043010,19.000000,27.000000,4.000000,-70.000000
14410.000000,0.000000,0.000000,-0.014093,18.000000,27.000000,-5.000000,-1.000000
14415.000000,0.000000,0.000000,-0.004618,18.000000,54.000000,-9.000000,72.000000
14420.000000,0.000000,0.000000,-0.001513,18.000000,101.000000,-5.000000,82.000000
14425.000000,0.000000,0.000000,-1.771696,45.000000,27.000000,-5.000000,68.000000
14430.000000,0.000000,0.000000,-0.580549,27.000000,-74.000000,4.000000,-6.000000
14435.000000,0.000000,0.000000,-0.190234,21.000000,27.000000,8.000000,-66.000000
14440.000000,0.000000,0.000000,-0.062336,19.000000,-18.000000,6.000000,-90.000000
14445.000000,0.000000,0.000000,-0.020426,18.000000,55.000000,-3.000000,-44.000000
14450.000000,0.000000,0.000000,-0.006693,18.000000,27.000000,-7.000000,30.000000
14455.000000,0.000000,0.000000,-0.002193,18.000000,54.000000,-7.000000,76.000000
14460.000000,0.000000,0.000000,-0.000719,18.000000,-46.000000,-5.000000,78.000000
14465.000000,0.000000,0.000000,-0.000235,18.000000,9.000000,0.000000,52.000000
14470.000000,0.000000,-3.000000,-1.080077,34.000000,27.000000,4.000000,-19.000000
14475.000000,0.000000,0.000000,-0.906880,32.000000,-18.000000,6.000000,-66.000000
14480.000000,0.000000,0.000000,-0.297166,23.000000,55.000000,4.000000,-72.000000
14485.000000,0.000000,0.000000,-0.097375,20.000000,27.000000,-3.000000,-18.000000
14490.000000,0.000000,0.000000,-0.031908,19.000000,83.000000,-9.000000,60.000000
14495.000000,0.000000,0.000000,-0.010456,18.000000,37.000000,-5.000000,69.000000
14500.000000,0.000000,0.000000,-0.003426,18.000000,0.000000,-5.000000,70.000000
14505.000000,0.000000,0.000000,-0.001123,18.000000,54.000000,2.000000,28.000000
14510.000000,0.000000,0.000000,-0.000368,18.000000,54.000000,2.000000,-33.000000
14515.000000,0.000000,0.000000,-0.000121,18.000000,9.000000,4.000000,-59.000000
14520.000000,0.000000,0.000000,-0.000040,18.000000,9.000000,2.000000,-62.000000
14525.000000,0.000000,0.000000,-0.000013,18.000000,82.000000,-5.000000,7.000000
14530.000000,0.000000,0.000000,-0.000004,18.000000,54.000000,-7.000000,64.000000
14535.000000,0.000000,0.000000,-0.000001,18.000000,-18.000000,-5.000000,72.000000
14540.000000,0.000000,0.000000,-0.000000,18.000000,54.000000,0.000000,45.000000
14545.000000,0.000000,0.000000,-0.000000,18.000000,27.000000,2.000000,-11.000000
14550.000000,0.000000,0.000000,-0.000000,18.000000,54.000000,4.000000,-57.000000
14555.000000,0.000000,0.000000,-0.000000,18.000000,9.000000,4.000000,-67.000000
14560.000000,0.000000,0.000000,-0.000000,18.000000,0.000000,-5.000000,-20.000000
14565.000000,0.000000,0.000000,-0.000000,18.000000,-18.000000,-7.000000,49.000000
14570.000000,0.000000,0.000000,-0.000000,18.000000,54.000000,-7.000000,78.000000
14575.000000,0.000000,0.000000,-0.000000,18.000000,27.000000,-5.000000,70.000000
14580.000000,0.000000,0.000000,-0.000000,18.000000,-18.000000,2.000000,14.000000
14585.000000,0.000000,0.000000,-0.000000,18.000000,-18.000000,4.000000,-40.000000
14590.000000,0.000000,0.000000,-0.000000,18.000000,9.000000,4.000000,-65.000000
14595.000000,0.000000,0.000000,-0.000000,18.000000,-18.000000,2.000000,-64.000000
14600.000000,0.000000,0.000000,-0.000000,18.000000,-18.000000,-7.000000,17.000000
14605.000000,0.000000,0.000000,-0.000000,18.000000,-46.000000,-7.000000,64.000000
14610.000000,0.000000,0.000000,-0.000000,18.000000,27.000000,-5.000000,77.000000
14615.000000,0.000000,0.000000,-0.000000,18.000000,-46.000000,-3.000000,61.000000
14620.000000,0.000000,0.000000,-0.000000,18.000000,-18.000000,6.000000,-19.000000
14625.000000,0.000000,0.000000,-0.000000,18.000000,27.000000,6.000000,-58.000000
14630.000000,0.000000,0.000000,-0.000000,18.000000,27.000000,4.000000,-67.000000
14635.000000,0.000000,0.000000,-0.000000,18.000000,73.000000,0.000000,-45.000000
14640.000000,0.000000,0.000000,-0.000000,18.000000,27.000000,-9.000000,36.000000
14645.000000,0.000000,0.000000,-0.000000,18.000000,9.000000,-9.000000,83.000000
14650.000000,0.000000,0.000000,-0.000000,18.000000,54.000000,-5.000000,86.000000
14655.000000,0.000000,0.000000,-0.000000,18.000000,27.000000,4.000000,50.000000
14660.000000,0.000000,0.000000,-0.000000,18.000000,9.000000,4.000000,-32.000000
14665.000000,0.000000,0.000000,-0.000000,18.000000,27.000000,4.000000,-64.000000
14670.000000,0.000000,0.000000,-0.000000,18.000000,9.000000,4.000000,-70.000000
14675.000000,0.000000,0.000000,-0.000000,18.000000,-18.000000,-5.000000,-17.000000
14680.000000,0.000000,0.000000,-0.000000,18.000000,27.000000,-7.000000,67.000000
14685.000000,0.000000,0.000000,-0.000000,18.000000,9.000000,-7.000000,81.000000
14690.000000,0.000000,0.000000,-0.000000,18.000000,27.000000,-5.000000,74.000000
14695.000000,0.000000,0.000000,-0.000000,18.000000,27.000000,4.000000,3.000000
14700.000000,0.000000,0.000000,-0.000000,18.000000,54.000000,4.000000,-49.000000
14705.000000,0.000000,0.000000,-0.000000,18.000000,-18.000000,4.000000,-67.000000
14710.000000,0.000000,0.000000,-0.000000,18.000000,27.000000,0.000000,-54.000000
14715.000000,0.000000,0.000000,-0.000000,18.000000,27.000000,-9.000000,34.000000
14720.000000,0.000000,0.000000,-0.000000,18.000000,9.000000,-7.000000,76.000000
14725.000000,0.000000,0.000000,-0.000000,18.000000,27.000000,-5.000000,69.000000
14730.000000,0.000000,0.000000,-0.000000,18.000000,-18.000000,-3.000000,54.000000
14735.000000,0.000000,0.000000,-0.000000,18.000000,101.000000,4.000000,-21.000000
14740.000000,0.000000,0.000000,-0.000000,18.000000,54.000000,4.000000,-65.000000
14745.000000,0.000000,0.000000,-0.000000,18.000000,-18.000000,4.000000,-70.000000
14750.000000,0.000000,0.000000,-0.000000,18.000000,-18.000000,-5.000000,-14.000000
14755.000000,0.000000,0.000000,-0.000000,18.000000,27.000000,-9.000000,65.000000
14760.000000,0.000000,0.000000,-0.000000,18.000000,27.000000,-7.000000,83.000000
14765.000000,0.000000,0.000000,-0.000000,18.000000,9.000000,-5.000000,78.000000
14770.000000,0.000000,0.000000,-0.000000,18.000000,-18.000000,2.000000,20.000000
14775.000000,0.000000,0.000000,-0.000000,18.000000,73.000000,6.000000,-52.000000
14780.000000,0.000000,0.000000,-0.000000,18.000000,-18.000000,4.000000,-69.000000
14785.000000,0.000000,0.000000,-0.000000,18.000000,-46.000000,4.000000,-71.000000
14790.000000,0.000000,0.000000,-0.000000,18.000000,-18.000000,-7.000000,9.000000
14795.000000,0.000000,0.000000,-0.000000,18.000000,-18.000000,-9.000000,76.000000
14800.000000,0.000000,0.000000,-0.000000,18.000000,27.000000,-7.000000,89.000000
14805.000000,0.000000,0.000000,-0.000000,18.000000,-91.000000,-5.000000,76.000000
14810.000000,0.000000,0.000000,-0.000000,18.000000,27.000000,4.000000,-4.000000
14815.000000,0.000000,0.000000,-0.000000,18.000000,9.000000,6.000000,-64.000000
14820.000000,0.000000,0.000000,-0.000000,18.000000,0.000000,4.000000,-72.000000
14825.000000,0.000000,0.000000,-0.000000,18.000000,27.000000,2.000000,-66.000000
14830.000000,0.000000,0.000000,-0.000000,18.000000,27.000000,-9.000000,34.000000
14835.000000,0.000000,0.000000,-0.000000,18.000000,73.000000,-7.000000,76.000000
14840.000000,0.000000,0.000000,-0.000000,18.000000,-18.000000,-5.000000,76.000000
14845.000000,0.000000,0.000000,-0.000000,18.000000,0.000000,-3.000000,56.000000
14850.000000,0.000000,0.000000,-0.000000,18.000000,9.000000,4.000000,-32.000000
14855.000000,0.000000,0.000000,-0.000000,18.000000,27.000000,6.000000,-73.000000
14860.000000,0.000000,0.000000,-0.000000,18.000000,54.000000,4.000000,-75.000000
14865.000000,0.000000,0.000000,-0.000000,18.000000,27.000000,-3.000000,-38.000000
14870.000000,0.000000,0.000000,-0.000000,18.000000,27.000000,-7.000000,55.000000
14875.000000,0.000000,0.000000,-0.000000,18.000000,55.000000,-9.000000,98.000000
14880.000000,0.000000,0.000000,-1.416960,39.000000,-18.000000,-5.000000,92.000000
14885.000000,0.000000,0.000000,-0.464309,25.000000,27.000000,2.000000,19.000000
14890.000000,0.000000,0.000000,-0.152145,20.000000,10.000000,6.000000,-45.000000
14895.000000,0.000000,0.000000,-0.049855,19.000000,-18.000000,4.000000,-73.000000
14900.000000,0.000000,0.000000,-0.016336,18.000000,10.000000,4.000000,-72.000000
14905.000000,0.000000,0.000000,-0.005353,18.000000,72.000000,-5.000000,-4.000000
14910.000000,0.000000,0.000000,-0.001754,18.000000,27.000000,-9.000000,69.000000
14915.000000,0.000000,0.000000,-0.000575,18.000000,83.000000,-5.000000,88.000000
14920.000000,0.000000,0.000000,-0.000188,18.000000,38.000000,-5.000000,71.000000
14925.000000,0.000000,0.000000,-0.000062,18.000000,27.000000,4.000000,-11.000000
14930.000000,0.000000,0.000000,-0.000020,18.000000,72.000000,6.000000,-65.000000
14935.000000,0.000000,0.000000,-0.000007,18.000000,55.000000,4.000000,-75.000000
14940.000000,0.000000,0.000000,-0.000002,18.000000,10.000000,-3.000000,-47.000000
14945.000000,0.000000,0.000000,-0.000001,18.000000,-18.000000,-7.000000,41.000000
14950.000000,0.000000,0.000000,-0.000000,18.000000,27.000000,-7.000000,81.000000
14955.000000,0.000000,0.000000,-0.000000,18.000000,-18.000000,-5.000000,78.000000
14960.000000,0.000000,0.000000,-0.000000,18.000000,55.000000,2.000000,30.000000
14965.000000,0.000000,0.000000,-0.000000,18.000000,27.000000,4.000000,-38.000000
14970.000000,0.000000,0.000000,-0.000000,18.000000,-29.000000,6.000000,-75.000000
14975.000000,0.000000,0.000000,-0.000000,18.000000,27.000000,4.000000,-73.000000
14980.000000,0.000000,0.000000,-0.000000,18.000000,55.000000,-5.000000,-9.000000
14985.000000,0.000000,0.000000,-0.000000,18.000000,-18.000000,-7.000000,67.000000
14990.000000,0.000000,0.000000,-0.000000,18.000000,-46.000000,-7.000000,95.000000
14995.000000,0.000000,0.000000,-0.000000,18.000000,55.000000,-5.000000,75.000000
15000.000000,0.000000,0.000000,-0.000000,18.000000,-18.000000,4.000000,2.000000
15005.000000,0.000000,0.000000,-0.000000,18.000000,-18.000000,6.000000,-59.000000
15010.000000,0.000000,0.000000,-0.000000,18.000000,27.000000,4.000000,-70.000000
15015.000000,0.000000,0.000000,-0.000000,18.000000,10.000000,0.000000,-65.000000
15020.000000,0.000000,0.000000,-0.000000,18.000000,27.000000,-9.000000,28.000000
15025.000000,0.000000,0.000000,-0.000000,18.000000,72.000000,-9.000000,91.000000
15030.000000,0.000000,0.000000,-0.000000,18.000000,10.000000,-5.000000,80.000000
15035.000000,0.000000,0.000000,-0.000000,18.000000,-1.000000,0.000000,62.000000
15040.000000,0.000000,0.000000,-0.000000,18.000000,27.000000,4.000000,-23.000000
15045.000000,0.000000,0.000000,-0.000000,18.000000,27.000000,6.000000,-73.000000
15050.000000,0.000000,0.000000,-0.000000,18.000000,10.000000,2.000000,-76.000000
15055.000000,0.000000,0.000000,-0.000000,18.000000,55.000000,-5.000000,0.000000
15060.000000,0.000000,0.000000,-0.000000,18.000000,-18.000000,-9.000000,72.000000
15065.000000,0.000000,0.000000,-0.000000,18.000000,-18.000000,-7.000000,91.000000
15070.000000,0.000000,0.000000,-0.000000,18.000000,10.000000,-3.000000,83.000000
15075.000000,0.000000,0.000000,-0.000000,18.000000,10.000000,4.000000,-8.000000
15080.000000,0.000000,0.000000,-0.000000,18.000000,27.000000,6.000000,-62.000000
15085.000000,0.000000,0.000000,-0.000000,18.000000,10.000000,4.000000,-74.000000
15090.000000,0.000000,0.000000,-0.000000,18.000000,-35.000000,0.000000,-51.000000
15095.000000,0.000000,0.000000,-0.000000,18.000000,27.000000,-5.000000,30.000000
15100.000000,0.000000,0.000000,-0.000000,18.000000,55.000000,-7.000000,86.000000
15105.000000,0.000000,0.000000,-0.000000,18.000000,55.000000,-5.000000,72.000000
15110.000000,0.000000,0.000000,-0.000000,18.000000,-1.000000,2.000000,33.000000
15115.000000,0.000000,0.000000,-0.000000,18.000000,-18.000000,4.000000,-25.000000
15120.000000,0.000000,0.000000,-0.000000,18.000000,10.000000,4.000000,-63.000000
15125.000000,0.000000,0.000000,-0.000000,18.000000,27.000000,4.000000,-69.000000
15130.000000,0.000000,0.000000,-0.000000,18.000000,72.000000,-5.000000,-14.000000
15135.000000,0.000000,0.000000,-0.000000,18.000000,55.000000,-9.000000,64.000000
15140.000000,0.000000,0.000000,-0.000000,18.000000,44.000000,-7.000000,86.000000
15145.000000,0.000000,0.000000,-0.000000,18.000000,27.000000,-5.000000,70.000000
15150.000000,0.000000,0.000000,-0.000000,18.000000,27.000000,2.000000,25.000000
15155.000000,0.000000,0.000000,-0.000000,18.000000,-18.000000,6.000000,-46.000000
15160.000000,0.000000,0.000000,-0.000000,18.000000,-18.000000,4.000000,-73.000000
15165.000000,0.000000,0.000000,-0.000000,18.000000,100.000000,2.000000,-66.000000
15170.000000,0.000000,0.000000,-0.000000,18.000000,55.000000,-7.000000,17.000000
15175.000000,0.000000,0.000000,-0.000000,18.000000,55.000000,-7.000000,71.000000
15180.000000,0.000000,0.000000,-0.000000,18.000000,-18.000000,-7.000000,85.000000
15185.000000,0.000000,0.000000,-0.000000,18.000000,10.000000,0.000000,59.000000
15190.000000,0.000000,0.000000,-0.000000,18.000000,27.000000,2.000000,-16.000000
15195.000000,0.000000,0.000000,-0.000000,18.000000,55.000000,4.000000,-53.000000
15200.000000,0.000000,0.000000,-0.000000,18.000000,-46.000000,4.000000,-66.000000
15205.000000,0.000000,0.000000,-0.000000,18.000000,27.000000,-5.000000,-26.000000
15210.000000,0.000000,0.000000,-0.000000,18.000000,-46.000000,-7.000000,46.000000
15215.000000,0.000000,0.000000,-0.000000,18.000000,-18.000000,-9.000000,83.000000
15220.000000,0.000000,0.000000,-0.000000,18.000000,-18.000000,-5.000000,79.000000
15225.000000,0.000000,0.000000,-0.000000,18.000000,55.000000,2.000000,23.000000
15230.000000,0.000000,0.000000,-0.000000,18.000000,-18.000000,4.000000,-38.000000
15235.000000,0.000000,0.000000,-0.000000,18.000000,27.000000,4.000000,-61.000000
15240.000000,0.000000,0.000000,-0.000000,18.000000,-18.000000,4.000000,-68.000000
15245.000000,0.000000,0.000000,-0.000000,18.000000,55.000000,-7.000000,2.000000
15250.000000,0.000000,0.000000,-0.000000,18.000000,-1.000000,-7.000000,67.000000
15255.000000,0.000000,0.000000,-0.000000,18.000000,10.000000,-5.000000,78.000000
15260.000000,0.000000,0.000000,-0.000000,18.000000,55.000000,-3.000000,61.000000
15265.000000,0.000000,0.000000,-0.000000,18.000000,27.000000,4.000000,-7.000000
15270.000000,0.000000,0.000000,-0.000000,18.000000,55.000000,4.000000,-47.000000
