I0,I1,I2,I3,I4,I5,I6,I7,I8,I9,I10,I11,I12,I13,I14,I15
0.000000,0.000000,0.000000,215.463882,0.000000,0.000000,0.000000,0.000000,0.000000,0.000000,0.000000,0.000000,0.000000,0.000000,599.000000,399.000000
0.000000,48.532833,0.000000,215.463882,0.000000,0.000000,0.000000,16.000000,0.000000,0.000000,0.000000,0.000000,0.000000,65.000000,623.000000,414.000000
0.000000,48.333839,0.000000,215.463882,0.000000,0.000000,0.000000,20.000000,0.000000,0.000000,0.000000,0.000000,0.000000,67.000000,659.000000,438.000000
0.000000,48.171001,0.000000,215.463882,0.000000,0.000000,0.000000,20.000000,0.000000,0.000000,0.000000,0.000000,0.000000,67.000000,683.000000,453.000000
0.000000,47.901546,0.000000,215.463882,0.000000,0.000000,0.000000,23.000000,0.000000,0.000000,0.000000,0.000000,0.000000,67.000000,718.000000,477.000000
0.000000,47.686958,0.000000,215.463882,0.000000,0.000000,0.000000,28.000000,0.000000,0.000000,0.000000,0.000000,0.000000,67.000000,741.000000,493.000000
0.000000,47.290630,0.000000,215.463882,0.000000,0.000000,0.000000,31.000000,0.000000,0.000000,0.000000,0.000000,0.000000,67.000000,776.000000,516.000000
0.000000,46.989475,0.000000,215.463882,0.000000,0.000000,0.000000,164.000000,0.000000,131.000000,0.000000,3.000000,0.000000,199.000000,800.000000,528.000000
0.000000,46.470444,0.000000,215.463882,0.000000,0.000000,0.000000,171.000000,0.000000,131.000000,0.000000,3.000000,64.000000,64.000000,836.000000,551.000000
0.000000,46.078838,0.000000,215.463882,0.000000,0.000000,0.000000,171.000000,0.000000,131.000000,0.000000,3.000000,64.000000,64.000000,860.000000,567.000000
0.000000,45.439320,0.000000,215.463882,0.000000,0.000000,0.000000,174.000000,0.000000,131.000000,0.000000,3.000000,64.000000,64.000000,895.000000,591.000000
0.000000,44.961414,0.000000,215.463882,0.000000,0.000000,0.000000,177.000000,0.000000,131.000000,0.000000,3.000000,64.000000,64.000000,919.000000,607.000000
0.000000,44.193489,0.000000,215.463882,0.000000,0.000000,0.000000,180.000000,0.000000,131.000000,0.000000,3.000000,64.000000,65.000000,955.000000,631.000000
0.000000,43.652279,0.000000,215.463882,0.000000,0.000000,0.000000,183.000000,0.000000,131.000000,0.000000,3.000000,64.000000,65.000000,979.000000,647.000000
0.000000,42.789417,0.000000,215.463882,0.000000,0.000000,0.000000,186.000000,0.000000,131.000000,0.000000,3.000000,64.000000,67.000000,1015.000000,670.000000
0.000000,42.194210,0.000000,215.463882,0.000000,0.000000,0.000000,186.000000,0.000000,131.000000,0.000000,3.000000,64.000000,67.000000,1038.000000,686.000000
0.000000,41.264725,0.000000,215.463882,0.000000,0.000000,0.000000,190.000000,0.000000,131.000000,0.000000,3.000000,64.000000,67.000000,1073.000000,709.000000
0.000000,40.585052,0.000000,215.453339,0.000000,0.000000,0.000000,193.000000,0.000000,131.000000,0.000000,3.000000,64.000000,67.000000,1097.000000,725.000000
0.000000,39.518185,0.000000,215.461594,0.000000,0.000000,0.000000,196.000000,0.000000,131.000000,0.000000,3.000000,64.000000,67.000000,1132.000000,749.000000
0.000000,38.786602,0.000000,215.445480,0.000000,0.000000,0.000000,200.000000,0.000000,131.000000,0.000000,3.000000,64.000000,67.000000,1156.000000,765.000000
0.000000,37.696735,0.000000,215.459900,0.000000,0.000000,0.000000,332.000000,0.000000,263.000000,0.000000,7.000000,64.000000,199.000000,1192.000000,784.000000
0.000000,36.988419,215.746292,215.462448,0.000000,0.000000,0.000000,332.000000,0.000000,263.000000,0.000000,7.000000,64.000000,199.000000,1215.000000,800.000000
0.000000,35.884979,215.746292,215.445984,0.000000,0.000000,0.000000,335.000000,0.000000,263.000000,0.000000,7.000000,64.000000,64.000000,1251.000000,824.000000
0.000000,35.130653,215.746292,215.457428,0.000000,0.000000,0.000000,338.000000,0.000000,263.000000,0.000000,7.000000,64.000000,64.000000,1275.000000,840.000000
0.000000,33.997955,215.746292,215.613663,0.000000,0.000000,0.000000,341.000000,0.000000,263.000000,0.000000,7.000000,64.000000,64.000000,1311.000000,863.000000
0.000000,33.243889,215.746292,216.196320,0.000000,0.000000,0.000000,344.000000,0.000000,263.000000,0.000000,7.000000,64.000000,65.000000,1335.000000,879.000000
0.000000,32.182552,215.746292,216.118500,0.000000,0.000000,0.000000,351.000000,0.000000,263.000000,0.000000,7.000000,64.000000,67.000000,1369.000000,902.000000
0.000000,31.498856,215.746292,216.174149,0.000000,0.000000,0.000000,351.000000,0.000000,263.000000,0.000000,7.000000,64.000000,67.000000,1393.000000,918.000000
0.000000,30.422338,215.746292,216.403397,0.000000,0.000000,0.000000,358.000000,0.000000,263.000000,0.000000,7.000000,64.000000,67.000000,1429.000000,942.000000
0.000000,29.702721,215.746292,216.529846,0.000000,0.000000,0.000000,364.000000,0.000000,263.000000,0.000000,7.000000,64.000000,67.000000,1453.000000,958.000000
0.000000,28.655014,215.746292,216.801544,0.000000,0.000000,0.000000,367.000000,0.000000,263.000000,0.000000,7.000000,64.000000,67.000000,1488.000000,982.000000
0.000000,27.955835,215.746292,216.954422,0.000000,0.000000,0.000000,372.000000,0.000000,263.000000,0.000000,7.000000,64.000000,67.000000,1512.000000,997.000000
0.000000,26.909513,215.746292,217.140747,0.000000,0.000000,0.000000,506.000000,0.000000,393.000000,0.000000,11.000000,65.000000,199.000000,1547.000000,1016.000000
0.000000,26.201313,215.746292,217.238251,0.000000,0.000000,0.000000,506.000000,0.000000,393.000000,0.000000,11.000000,65.000000,199.000000,1571.000000,1032.000000
0.000000,25.122742,215.746292,217.408783,0.000000,0.000000,0.000000,509.000000,0.000000,393.000000,0.000000,11.000000,65.000000,64.000000,1607.000000,1056.000000
0.000000,24.398190,215.746292,217.485916,0.000000,0.000000,0.000000,512.000000,0.000000,393.000000,0.000000,11.000000,65.000000,64.000000,1631.000000,1071.000000
0.000000,23.321976,215.746292,217.537491,0.000000,0.000000,0.000000,516.000000,0.000000,393.000000,0.000000,11.000000,65.000000,64.000000,1667.000000,1094.000000
0.000000,22.627142,215.746292,217.560379,0.000000,0.000000,0.000000,520.000000,0.000000,393.000000,0.000000,11.000000,65.000000,65.000000,1690.000000,1110.000000
0.000000,21.560795,215.746292,217.552887,0.000000,0.000000,0.000000,539.000000,0.000000,393.000000,0.000000,11.000000,67.000000,65.000000,1725.000000,1134.000000
0.000000,20.811523,215.746292,217.520218,0.000000,0.000000,0.000000,539.000000,0.000000,393.000000,0.000000,11.000000,67.000000,65.000000,1749.000000,1150.000000
0.000000,19.635599,215.746292,217.423279,0.000000,0.000000,0.000000,542.000000,0.000000,393.000000,0.000000,11.000000,67.000000,67.000000,1785.000000,1174.000000
0.000000,18.854006,215.746292,217.343475,0.000000,0.000000,0.000000,547.000000,0.000000,393.000000,0.000000,11.000000,67.000000,67.000000,1809.000000,1190.000000
0.000000,17.695732,215.746292,217.191742,0.000000,0.000000,0.000000,550.000000,0.000000,393.000000,0.000000,11.000000,67.000000,67.000000,1844.000000,1213.000000
0.000000,16.952465,215.746292,217.137070,0.000000,0.000000,0.000000,555.000000,0.000000,393.000000,0.000000,11.000000,67.000000,67.000000,1867.000000,1229.000000
0.000000,15.790359,215.746292,217.048004,0.000000,0.000000,0.000000,689.000000,130.000000,393.000000,4.000000,11.000000,199.000000,67.000000,1896.000000,1252.000000
0.000000,14.983889,215.746292,217.018539,0.000000,0.000000,0.000000,689.000000,130.000000,393.000000,4.000000,11.000000,199.000000,67.000000,1920.000000,1268.000000
0.000000,13.709146,215.746292,216.925385,0.000000,0.000000,0.000000,823.000000,130.000000,524.000000,4.000000,14.000000,64.000000,199.000000,1956.000000,1288.000000
0.000000,12.839485,215.746292,216.872437,0.000000,0.000000,0.000000,828.000000,130.000000,524.000000,4.000000,14.000000,64.000000,64.000000,1980.000000,1303.000000
0.000000,11.521638,215.746292,216.755997,0.000000,0.000000,0.000000,831.000000,130.000000,524.000000,4.000000,14.000000,64.000000,64.000000,2014.000000,1327.000000
0.000000,10.593900,215.746292,216.698959,0.000000,0.000000,0.000000,844.000000,130.000000,524.000000,4.000000,14.000000,65.000000,64.000000,2037.000000,1343.000000
0.000000,9.120625,215.746292,216.580719,0.000000,0.000000,0.000000,856.000000,130.000000,524.000000,4.000000,14.000000,67.000000,65.000000,2073.000000,1367.000000
0.000000,8.095510,215.746292,216.540939,0.000000,0.000000,0.000000,856.000000,130.000000,524.000000,4.000000,14.000000,67.000000,65.000000,2097.000000,1383.000000
0.000000,6.441736,215.746292,216.460831,0.000000,0.000000,0.000000,862.000000,130.000000,524.000000,4.000000,14.000000,67.000000,65.000000,2132.000000,1406.000000
0.000000,5.257596,215.746292,216.413406,0.000000,0.000000,0.000000,869.000000,130.000000,524.000000,4.000000,14.000000,67.000000,67.000000,2156.000000,1421.000000
0.000000,3.459330,215.746292,216.340469,0.000000,0.000000,0.000000,873.000000,130.000000,524.000000,4.000000,14.000000,67.000000,67.000000,2191.000000,1445.000000
0.000000,2.218189,215.746292,216.296249,0.000000,0.000000,0.000000,876.000000,130.000000,524.000000,4.000000,14.000000,67.000000,67.000000,2215.000000,1461.000000
0.000000,0.313256,215.746292,216.281418,0.000000,0.000000,0.000000,880.000000,130.000000,524.000000,4.000000,14.000000,67.000000,67.000000,2251.000000,1485.000000
0.000000,-0.868937,215.746292,216.292557,0.000000,0.000000,0.000000,880.000000,130.000000,524.000000,4.000000,14.000000,67.000000,67.000000,2275.000000,1501.000000
0.000000,-2.456256,215.746292,216.331940,0.000000,0.000000,0.000000,1016.000000,259.000000,524.000000,8.000000,14.000000,64.000000,67.000000,2302.000000,1524.000000
0.000000,-3.380114,215.746292,216.356461,0.000000,0.000000,0.000000,1156.000000,259.000000,655.000000,8.000000,18.000000,64.000000,199.000000,2324.000000,1535.000000
0.000000,-4.593883,215.746292,216.408310,0.000000,0.000000,0.000000,1160.000000,259.000000,655.000000,8.000000,18.000000,64.000000,64.000000,2360.000000,1559.000000
0.000000,-5.321376,215.746292,216.422638,0.000000,0.000000,0.000000,1164.000000,259.000000,655.000000,8.000000,18.000000,64.000000,64.000000,2384.000000,1575.000000
0.000000,-6.297718,215.746292,216.418396,0.000000,0.000000,0.000000,1167.000000,259.000000,655.000000,8.000000,18.000000,64.000000,64.000000,2420.000000,1598.000000
0.000000,-6.874077,215.746292,216.471954,0.000000,0.000000,0.000000,1167.000000,259.000000,655.000000,8.000000,18.000000,64.000000,64.000000,2444.000000,1613.000000
0.000000,-7.567973,215.746292,216.536621,0.000000,0.000000,0.000000,1174.000000,259.000000,655.000000,8.000000,18.000000,65.000000,65.000000,2478.000000,1637.000000
0.000000,-7.930594,215.746292,216.598892,0.000000,0.000000,0.000000,1177.000000,259.000000,655.000000,8.000000,18.000000,65.000000,65.000000,2502.000000,1653.000000
0.000000,-8.331851,215.746292,216.701859,0.000000,0.000000,0.000000,1180.000000,259.000000,655.000000,8.000000,18.000000,65.000000,67.000000,2538.000000,1677.000000
0.000000,-8.493702,215.746292,216.770874,0.000000,0.000000,0.000000,1183.000000,259.000000,655.000000,8.000000,18.000000,65.000000,67.000000,2562.000000,1693.000000
0.000000,-8.600581,215.746292,216.842346,0.000000,0.000000,0.000000,1186.000000,259.000000,655.000000,8.000000,18.000000,65.000000,67.000000,2598.000000,1716.000000
0.000000,-8.583707,215.746292,216.905823,0.000000,0.000000,0.000000,1186.000000,259.000000,655.000000,8.000000,18.000000,65.000000,67.000000,2621.000000,1731.000000
0.000000,-8.449545,215.746292,216.974869,0.000000,0.000000,0.000000,1192.000000,259.000000,655.000000,8.000000,18.000000,65.000000,67.000000,2656.000000,1755.000000
0.000000,-8.290671,215.746292,216.992203,0.000000,0.000000,0.000000,1195.000000,259.000000,655.000000,8.000000,18.000000,65.000000,67.000000,2680.000000,1771.000000
0.000000,-7.955091,215.746292,217.016724,0.000000,0.000000,0.000000,1327.000000,259.000000,786.000000,8.000000,22.000000,65.000000,199.000000,2716.000000,1790.000000
0.000000,-7.670746,215.746292,217.007263,0.000000,0.000000,0.000000,1332.000000,259.000000,786.000000,8.000000,22.000000,67.000000,64.000000,2740.000000,1806.000000
0.000000,-7.156047,215.746292,216.985519,0.000000,0.000000,0.000000,1336.000000,259.000000,786.000000,8.000000,22.000000,67.000000,64.000000,2775.000000,1829.000000
0.000000,-6.788566,215.746292,216.950333,0.000000,0.000000,0.000000,1336.000000,259.000000,786.000000,8.000000,22.000000,67.000000,64.000000,2798.000000,1845.000000
0.000000,-6.165953,215.746292,216.887436,0.000000,0.000000,0.000000,1345.000000,259.000000,786.000000,8.000000,22.000000,67.000000,64.000000,2834.000000,1869.000000
0.000000,-5.718586,215.746292,216.876358,0.000000,0.000000,0.000000,1351.000000,259.000000,786.000000,8.000000,22.000000,67.000000,65.000000,2858.000000,1885.000000
0.000000,-4.969991,215.746292,216.899582,0.000000,0.000000,0.000000,1354.000000,259.000000,786.000000,8.000000,22.000000,67.000000,65.000000,2893.000000,1908.000000
0.000000,-4.402306,215.746292,216.908844,0.000000,0.000000,0.000000,1358.000000,259.000000,786.000000,8.000000,22.000000,67.000000,67.000000,2917.000000,1923.000000
0.000000,-3.464545,215.746292,216.919266,0.000000,0.000000,0.000000,1364.000000,259.000000,786.000000,8.000000,22.000000,67.000000,67.000000,2952.000000,1947.000000
0.000000,-2.771459,215.746292,216.915939,0.000000,0.000000,0.000000,1364.000000,259.000000,786.000000,8.000000,22.000000,67.000000,67.000000,2976.000000,1963.000000
0.000000,-1.661242,215.746292,216.914459,0.000000,0.000000,0.000000,1368.000000,259.000000,786.000000,8.000000,22.000000,67.000000,67.000000,3012.000000,1987.000000
0.000000,-0.926396,215.746292,216.914200,0.000000,0.000000,0.000000,1504.000000,388.000000,786.000000,14.000000,22.000000,135.000000,67.000000,3029.000000,2003.000000
0.000000,0.095476,215.746292,216.914093,0.000000,0.000000,0.000000,1520.000000,388.000000,786.000000,14.000000,22.000000,65.000000,67.000000,3062.000000,2026.000000
0.000000,0.675717,215.746292,216.914078,0.000000,0.000000,0.000000,1655.000000,388.000000,918.000000,14.000000,26.000000,65.000000,199.000000,3086.000000,2037.000000
0.000000,1.373517,215.746292,216.914078,0.000000,0.000000,0.000000,1662.000000,388.000000,918.000000,14.000000,26.000000,67.000000,64.000000,3121.000000,2061.000000
0.000000,1.737860,215.746292,216.914078,0.000000,0.000000,0.000000,1662.000000,388.000000,918.000000,14.000000,26.000000,67.000000,64.000000,3145.000000,2076.000000
0.000000,2.116457,215.746292,216.862045,0.000000,0.000000,0.000000,1669.000000,388.000000,918.000000,14.000000,26.000000,67.000000,64.000000,3181.000000,2100.000000
0.000000,2.261452,215.746292,216.810974,0.000000,0.000000,0.000000,1676.000000,388.000000,918.000000,14.000000,26.000000,75.000000,64.000000,3204.000000,2116.000000
0.000000,2.340040,215.746292,216.708282,0.000000,0.000000,0.000000,1683.000000,388.000000,918.000000,14.000000,26.000000,75.000000,65.000000,3239.000000,2139.000000
0.000000,2.300053,215.746292,216.579834,0.000000,0.000000,0.000000,1821.000000,518.000000,918.000000,17.000000,26.000000,64.000000,67.000000,3256.000000,2155.000000
0.000000,2.068151,215.746292,216.434784,0.000000,0.000000,0.000000,1826.000000,518.000000,918.000000,17.000000,26.000000,64.000000,67.000000,3292.000000,2179.000000
0.000000,1.784568,215.746292,216.449738,0.000000,0.000000,0.000000,1826.000000,518.000000,918.000000,17.000000,26.000000,64.000000,67.000000,3316.000000,2195.000000
0.000000,1.179789,215.746292,216.378555,0.000000,0.000000,0.000000,1829.000000,518.000000,918.000000,17.000000,26.000000,64.000000,67.000000,3352.000000,2219.000000
0.000000,0.715910,215.746292,216.338089,0.000000,0.000000,0.000000,1832.000000,518.000000,918.000000,17.000000,26.000000,64.000000,67.000000,3375.000000,2234.000000
0.000000,-0.078428,215.746292,216.279205,0.000000,0.000000,0.000000,1837.000000,518.000000,918.000000,17.000000,26.000000,64.000000,67.000000,3410.000000,2257.000000
0.000000,-0.619973,215.746292,216.235535,0.000000,0.000000,0.000000,1970.000000,518.000000,1049.000000,17.000000,30.000000,64.000000,199.000000,3434.000000,2269.000000
0.000000,-1.354966,215.746292,216.250702,0.000000,0.000000,0.000000,1973.000000,518.000000,1049.000000,17.000000,30.000000,64.000000,64.000000,3470.000000,2293.000000
0.000000,-1.758811,215.746292,216.281525,0.000000,0.000000,0.000000,1973.000000,518.000000,1049.000000,17.000000,30.000000,64.000000,64.000000,3493.000000,2309.000000
0.000000,-2.225033,215.746292,216.323227,0.000000,0.000000,0.000000,1976.000000,518.000000,1049.000000,17.000000,30.000000,64.000000,64.000000,3529.000000,2332.000000
0.000000,-2.448408,215.746292,216.363876,0.000000,0.000000,0.000000,1979.000000,518.000000,1049.000000,17.000000,30.000000,64.000000,64.000000,3553.000000,2348.000000
0.000000,-2.661831,215.746292,216.381805,0.000000,0.000000,0.000000,1983.000000,518.000000,1049.000000,17.000000,30.000000,64.000000,65.000000,3588.000000,2372.000000
0.000000,-2.707634,215.746292,216.367371,0.000000,0.000000,0.000000,1990.000000,518.000000,1049.000000,17.000000,30.000000,64.000000,65.000000,3612.000000,2388.000000
0.000000,-2.647794,215.746292,216.376236,0.000000,0.000000,0.000000,1993.000000,518.000000,1049.000000,17.000000,30.000000,64.000000,67.000000,3648.000000,2412.000000
0.000000,-2.525777,215.746292,216.411072,0.000000,0.000000,0.000000,1993.000000,518.000000,1049.000000,17.000000,30.000000,64.000000,67.000000,3671.000000,2426.000000
0.000000,-2.212090,215.746292,216.478470,0.000000,0.000000,0.000000,1997.000000,518.000000,1049.000000,17.000000,30.000000,64.000000,67.000000,3706.000000,2450.000000
0.000000,-1.917316,215.746292,216.504120,0.000000,0.000000,0.000000,2007.000000,518.000000,1049.000000,17.000000,30.000000,65.000000,67.000000,3729.000000,2466.000000
0.000000,-1.359956,215.746292,216.549896,0.000000,0.000000,0.000000,2024.000000,518.000000,1049.000000,17.000000,30.000000,67.000000,67.000000,3765.000000,2490.000000
0.000000,-0.916027,215.746292,216.557968,0.000000,0.000000,0.000000,2028.000000,518.000000,1049.000000,17.000000,30.000000,67.000000,67.000000,3788.000000,2506.000000
0.000000,-0.225953,215.746292,216.595978,0.000000,0.000000,0.000000,2292.000000,647.000000,1180.000000,21.000000,34.000000,64.000000,199.000000,3817.000000,2525.000000
0.000000,0.223979,215.746292,216.602676,0.000000,0.000000,0.000000,2292.000000,647.000000,1180.000000,21.000000,34.000000,64.000000,199.000000,3841.000000,2541.000000
0.000000,0.856745,215.746292,216.577515,0.000000,0.000000,0.000000,2298.000000,647.000000,1180.000000,21.000000,34.000000,64.000000,64.000000,3876.000000,2565.000000
0.000000,1.262321,215.746292,216.567902,0.000000,0.000000,0.000000,2304.000000,647.000000,1180.000000,21.000000,34.000000,64.000000,64.000000,3900.000000,2581.000000
0.000000,1.842939,215.746292,216.529205,0.000000,0.000000,0.000000,2310.000000,647.000000,1180.000000,21.000000,34.000000,64.000000,64.000000,3936.000000,2604.000000
0.000000,2.212152,215.746292,216.494278,0.000000,0.000000,0.000000,2316.000000,647.000000,1180.000000,21.000000,34.000000,64.000000,65.000000,3960.000000,2620.000000
0.000000,2.749431,215.746292,216.478867,0.000000,0.000000,0.000000,2328.000000,647.000000,1180.000000,21.000000,34.000000,67.000000,65.000000,3995.000000,2643.000000
0.000000,3.093191,215.746292,216.476151,0.000000,0.000000,0.000000,2328.000000,647.000000,1180.000000,21.000000,34.000000,67.000000,65.000000,4018.000000,2659.000000
0.000000,3.572189,215.746292,216.474945,0.000000,0.000000,0.000000,2334.000000,647.000000,1180.000000,21.000000,34.000000,67.000000,67.000000,4053.000000,2683.000000
0.000000,3.857370,215.746292,216.446625,0.000000,0.000000,0.000000,2342.000000,647.000000,1180.000000,21.000000,34.000000,67.000000,67.000000,4077.000000,2699.000000
0.000000,4.241319,215.746292,216.382095,0.000000,0.000000,0.000000,2479.000000,776.000000,1180.000000,25.000000,34.000000,64.000000,67.000000,4107.000000,2722.000000
0.000000,4.462767,215.746292,216.356934,0.000000,0.000000,0.000000,2486.000000,776.000000,1180.000000,25.000000,34.000000,64.000000,67.000000,4131.000000,2738.000000
0.000000,4.731808,215.746292,216.311401,0.000000,0.000000,0.000000,2492.000000,776.000000,1180.000000,25.000000,34.000000,64.000000,67.000000,4166.000000,2761.000000
0.000000,4.877127,215.746292,216.303360,0.000000,0.000000,0.000000,2492.000000,776.000000,1180.000000,25.000000,34.000000,64.000000,67.000000,4190.000000,2777.000000
0.000000,5.069237,215.746292,216.265366,0.000000,0.000000,0.000000,2628.000000,776.000000,1311.000000,25.000000,38.000000,64.000000,199.000000,4226.000000,2796.000000
0.000000,5.176290,215.746292,216.258667,0.000000,0.000000,0.000000,2634.000000,776.000000,1311.000000,25.000000,38.000000,65.000000,64.000000,4250.000000,2812.000000
0.000000,5.310424,215.746292,216.255722,0.000000,0.000000,0.000000,2641.000000,776.000000,1311.000000,25.000000,38.000000,67.000000,64.000000,4285.000000,2835.000000
0.000000,5.380543,215.746292,216.272766,0.000000,0.000000,0.000000,2658.000000,776.000000,1311.000000,25.000000,38.000000,99.000000,65.000000,4305.000000,2851.000000
0.000000,5.450990,215.746292,216.293213,0.000000,0.000000,0.000000,2664.000000,776.000000,1311.000000,25.000000,38.000000,99.000000,67.000000,4340.000000,2875.000000
0.000000,5.482101,215.746292,216.296814,0.000000,0.000000,0.000000,2664.000000,776.000000,1311.000000,25.000000,38.000000,99.000000,67.000000,4364.000000,2891.000000
0.000000,5.500174,215.746292,216.298401,0.000000,0.000000,0.000000,2805.000000,907.000000,1311.000000,29.000000,38.000000,64.000000,67.000000,4393.000000,2914.000000
0.000000,5.486657,215.746292,216.298691,0.000000,0.000000,0.000000,2810.000000,907.000000,1311.000000,29.000000,38.000000,64.000000,67.000000,4417.000000,2929.000000
0.000000,5.458691,215.746292,216.298813,0.000000,0.000000,0.000000,2817.000000,907.000000,1311.000000,29.000000,38.000000,64.000000,67.000000,4452.000000,2953.000000
0.000000,5.438887,215.746292,216.298828,0.000000,0.000000,0.000000,2826.000000,907.000000,1311.000000,29.000000,38.000000,67.000000,67.000000,4476.000000,2969.000000
0.000000,5.394596,215.746292,216.298828,0.000000,0.000000,0.000000,2834.000000,907.000000,1311.000000,29.000000,38.000000,67.000000,67.000000,4512.000000,2993.000000
0.000000,5.349401,215.746292,216.298828,0.000000,0.000000,0.000000,2834.000000,907.000000,1311.000000,29.000000,38.000000,67.000000,67.000000,4536.000000,3009.000000
0.000000,5.267053,215.746292,216.298828,0.000000,0.000000,0.000000,2969.000000,907.000000,1441.000000,29.000000,43.000000,67.000000,199.000000,4571.000000,3028.000000
0.000000,5.215061,215.746292,216.298828,0.000000,0.000000,0.000000,2975.000000,907.000000,1441.000000,29.000000,43.000000,67.000000,64.000000,4594.000000,3044.000000
0.000000,5.127089,215.746292,216.298828,0.000000,0.000000,0.000000,2981.000000,907.000000,1441.000000,29.000000,43.000000,67.000000,64.000000,4629.000000,3068.000000
0.000000,5.065159,215.746292,216.316406,0.000000,0.000000,0.000000,3124.000000,1040.000000,1441.000000,33.000000,43.000000,96.000000,64.000000,4641.000000,3083.000000
0.000000,4.950241,215.746292,216.320221,0.000000,0.000000,0.000000,3130.000000,1040.000000,1441.000000,33.000000,43.000000,97.000000,65.000000,4679.000000,3107.000000
0.000000,4.857627,215.746292,216.306534,0.000000,0.000000,0.000000,3130.000000,1040.000000,1441.000000,33.000000,43.000000,97.000000,65.000000,4703.000000,3123.000000
0.000000,4.725808,215.746292,216.300507,0.000000,0.000000,0.000000,3145.000000,1040.000000,1441.000000,33.000000,43.000000,99.000000,65.000000,4739.000000,3146.000000
0.000000,4.646694,215.746292,216.327576,0.000000,0.000000,0.000000,3155.000000,1040.000000,1441.000000,33.000000,43.000000,99.000000,67.000000,4762.000000,3162.000000
0.000000,4.512323,215.746292,216.322632,0.000000,0.000000,0.000000,3289.000000,1170.000000,1441.000000,37.000000,43.000000,199.000000,67.000000,4792.000000,3186.000000
0.000000,4.424887,215.746292,216.307404,0.000000,0.000000,0.000000,3297.000000,1170.000000,1441.000000,37.000000,43.000000,64.000000,67.000000,4816.000000,3202.000000
0.000000,4.279124,215.746292,216.311234,0.000000,0.000000,0.000000,3307.000000,1170.000000,1441.000000,37.000000,43.000000,97.000000,67.000000,4851.000000,3225.000000
0.000000,4.171036,215.746292,216.320877,0.000000,0.000000,0.000000,3307.000000,1170.000000,1441.000000,37.000000,43.000000,97.000000,67.000000,4874.000000,3240.000000
0.000000,4.021486,215.746292,216.303604,0.000000,0.000000,0.000000,3322.000000,1170.000000,1441.000000,37.000000,43.000000,99.000000,67.000000,4909.000000,3264.000000
0.000000,3.918312,215.746292,216.318130,0.000000,0.000000,0.000000,3463.000000,1170.000000,1572.000000,37.000000,47.000000,99.000000,199.000000,4933.000000,3275.000000
0.000000,3.765524,215.746292,216.303009,0.000000,0.000000,0.000000,3602.000000,1299.000000,1572.000000,41.000000,47.000000,64.000000,64.000000,4962.000000,3299.000000
0.000000,3.653622,215.746292,216.310898,0.000000,0.000000,0.000000,3607.000000,1299.000000,1572.000000,41.000000,47.000000,64.000000,64.000000,4986.000000,3315.000000
0.000000,3.495476,215.746292,216.307770,0.000000,0.000000,0.000000,3614.000000,1299.000000,1572.000000,41.000000,47.000000,96.000000,64.000000,5022.000000,3338.000000
0.000000,3.391937,215.746292,216.302048,0.000000,0.000000,0.000000,3614.000000,1299.000000,1572.000000,41.000000,47.000000,96.000000,64.000000,5045.000000,3354.000000
0.000000,3.244377,215.746292,216.299545,0.000000,0.000000,0.000000,3620.000000,1299.000000,1572.000000,41.000000,47.000000,97.000000,65.000000,5081.000000,3378.000000
0.000000,3.137348,215.746292,216.299103,0.000000,0.000000,0.000000,3628.000000,1299.000000,1572.000000,41.000000,47.000000,99.000000,65.000000,5104.000000,3393.000000
0.000000,2.979691,215.746292,216.298904,0.000000,0.000000,0.000000,3636.000000,1299.000000,1572.000000,41.000000,47.000000,99.000000,67.000000,5139.000000,3417.000000
0.000000,2.878542,215.746292,216.309402,0.000000,0.000000,0.000000,3652.000000,1299.000000,1572.000000,41.000000,47.000000,99.000000,67.000000,5163.000000,3432.000000
0.000000,2.725601,215.746292,216.325027,0.000000,0.000000,0.000000,3789.000000,1430.000000,1572.000000,44.000000,47.000000,199.000000,67.000000,5191.000000,3456.000000
0.000000,2.628390,215.746292,216.318817,0.000000,0.000000,0.000000,3789.000000,1430.000000,1572.000000,44.000000,47.000000,199.000000,67.000000,5215.000000,3472.000000
0.000000,2.487190,215.746292,216.320038,0.000000,0.000000,0.000000,3924.000000,1430.000000,1702.000000,44.000000,51.000000,64.000000,199.000000,5251.000000,3492.000000
0.000000,2.388568,215.746292,216.317017,0.000000,0.000000,0.000000,3930.000000,1430.000000,1702.000000,44.000000,51.000000,64.000000,64.000000,5275.000000,3508.000000
0.000000,2.242928,215.746292,216.320343,0.000000,0.000000,0.000000,3936.000000,1430.000000,1702.000000,44.000000,51.000000,64.000000,64.000000,5311.000000,3531.000000
0.000000,2.151117,215.746292,216.306580,0.000000,0.000000,0.000000,3942.000000,1430.000000,1702.000000,44.000000,51.000000,65.000000,64.000000,5334.000000,3547.000000
0.000000,2.024509,215.746292,216.328644,0.000000,0.000000,0.000000,3953.000000,1430.000000,1702.000000,44.000000,51.000000,99.000000,65.000000,5370.000000,3570.000000
0.000000,1.933323,215.746292,216.327148,0.000000,0.000000,0.000000,3953.000000,1430.000000,1702.000000,44.000000,51.000000,99.000000,65.000000,5393.000000,3586.000000
0.000000,1.805970,215.746292,216.304962,0.000000,0.000000,0.000000,3959.000000,1430.000000,1702.000000,44.000000,51.000000,99.000000,65.000000,5429.000000,3610.000000
0.000000,1.720057,215.746292,216.311600,0.000000,0.000000,0.000000,3967.000000,1430.000000,1702.000000,44.000000,51.000000,99.000000,67.000000,5452.000000,3625.000000
0.000000,1.602403,215.746292,216.325500,0.000000,0.000000,0.000000,4104.000000,1560.000000,1702.000000,48.000000,51.000000,199.000000,67.000000,5479.000000,3649.000000
0.000000,1.529805,215.746292,216.318985,0.000000,0.000000,0.000000,4111.000000,1560.000000,1702.000000,48.000000,51.000000,64.000000,67.000000,5503.000000,3665.000000
0.000000,1.422496,215.746292,216.320770,0.000000,0.000000,0.000000,4117.000000,1560.000000,1702.000000,48.000000,51.000000,64.000000,67.000000,5539.000000,3689.000000
0.000000,1.357633,215.746292,216.306732,0.000000,0.000000,0.000000,4117.000000,1560.000000,1702.000000,48.000000,51.000000,64.000000,67.000000,5563.000000,3705.000000
0.000000,1.265890,215.746292,216.300552,0.000000,0.000000,0.000000,4123.000000,1560.000000,1702.000000,48.000000,51.000000,64.000000,67.000000,5599.000000,3727.000000
0.000000,1.207902,215.746292,216.299454,0.000000,0.000000,0.000000,4131.000000,1560.000000,1702.000000,48.000000,51.000000,65.000000,67.000000,5623.000000,3743.000000
0.000000,1.135263,215.746292,216.298981,0.000000,0.000000,0.000000,4266.000000,1560.000000,1834.000000,48.000000,55.000000,67.000000,199.000000,5657.000000,3761.000000
0.000000,1.083531,215.746292,216.309448,0.000000,0.000000,0.000000,4279.000000,1560.000000,1834.000000,48.000000,55.000000,67.000000,64.000000,5681.000000,3777.000000
0.000000,1.012770,215.746292,216.307465,0.000000,0.000000,0.000000,4286.000000,1560.000000,1834.000000,48.000000,55.000000,67.000000,64.000000,5716.000000,3801.000000
0.000000,0.970642,215.746292,216.301941,0.000000,0.000000,0.000000,4286.000000,1560.000000,1834.000000,48.000000,55.000000,67.000000,64.000000,5740.000000,3817.000000
0.000000,0.911359,215.746292,216.299515,0.000000,0.000000,0.000000,4421.000000,1692.000000,1834.000000,52.000000,55.000000,199.000000,64.000000,5769.000000,3840.000000
0.000000,0.872984,215.746292,216.299072,0.000000,0.000000,0.000000,4429.000000,1692.000000,1834.000000,52.000000,55.000000,96.000000,65.000000,5792.000000,3856.000000
0.000000,0.822232,215.746292,216.309448,0.000000,0.000000,0.000000,4602.000000,1822.000000,1834.000000,56.000000,55.000000,96.000000,67.000000,5816.000000,3879.000000
0.000000,0.796393,215.746292,216.313202,0.000000,0.000000,0.000000,4626.000000,1822.000000,1834.000000,56.000000,55.000000,99.000000,67.000000,5841.000000,3895.000000
0.000000,0.753476,215.746292,216.308273,0.000000,0.000000,0.000000,4765.000000,1952.000000,1834.000000,60.000000,55.000000,199.000000,75.000000,5870.000000,3918.000000
0.000000,0.727931,215.746292,216.302231,0.000000,0.000000,0.000000,4765.000000,1952.000000,1834.000000,60.000000,55.000000,199.000000,75.000000,5893.000000,3934.000000
0.000000,0.694477,215.746292,216.305908,0.000000,0.000000,0.000000,4769.000000,1952.000000,1834.000000,60.000000,55.000000,199.000000,75.000000,5928.000000,3958.000000
0.000000,0.679699,215.746292,216.301376,0.000000,0.000000,0.000000,4778.000000,1952.000000,1834.000000,60.000000,55.000000,64.000000,75.000000,5952.000000,3974.000000
0.000000,0.664854,215.746292,216.333847,0.000000,0.000000,0.000000,4911.000000,1952.000000,1964.000000,60.000000,58.000000,64.000000,199.000000,5987.000000,3994.000000
0.000000,0.651706,215.746292,216.311432,0.000000,0.000000,0.000000,4914.000000,1952.000000,1964.000000,60.000000,58.000000,64.000000,64.000000,6011.000000,4010.000000
0.000000,0.630706,215.746292,216.307892,0.000000,0.000000,0.000000,4919.000000,1952.000000,1964.000000,60.000000,58.000000,64.000000,64.000000,6047.000000,4032.000000
0.000000,0.621431,215.746292,216.312637,0.000000,0.000000,0.000000,4919.000000,1952.000000,1964.000000,60.000000,58.000000,64.000000,64.000000,6070.000000,4048.000000
0.000000,0.605520,215.746292,216.301819,0.000000,0.000000,0.000000,4931.000000,1952.000000,1964.000000,60.000000,58.000000,67.000000,64.000000,6105.000000,4072.000000
0.000000,0.591040,215.746292,216.317490,0.000000,0.000000,0.000000,5101.000000,2081.000000,1964.000000,66.000000,58.000000,99.000000,65.000000,6118.000000,4088.000000
0.000000,0.564297,215.746292,216.302872,0.000000,0.000000,0.000000,5245.000000,2211.000000,1964.000000,72.000000,58.000000,199.000000,65.000000,6150.000000,4112.000000
0.000000,0.549058,215.746292,216.317871,0.000000,0.000000,0.000000,5251.000000,2211.000000,1964.000000,72.000000,58.000000,64.000000,67.000000,6173.000000,4127.000000
0.000000,0.527161,215.746292,216.320541,0.000000,0.000000,0.000000,5258.000000,2211.000000,1964.000000,72.000000,58.000000,64.000000,67.000000,6208.000000,4151.000000
0.000000,0.503443,215.746292,216.306656,0.000000,0.000000,0.000000,5258.000000,2211.000000,1964.000000,72.000000,58.000000,64.000000,67.000000,6232.000000,4167.000000
0.000000,0.471826,215.746292,216.300537,0.000000,0.000000,0.000000,5264.000000,2211.000000,1964.000000,72.000000,58.000000,64.000000,67.000000,6267.000000,4191.000000
0.000000,0.457862,215.746292,216.299438,0.000000,0.000000,0.000000,5270.000000,2211.000000,1964.000000,72.000000,58.000000,64.000000,67.000000,6291.000000,4206.000000
0.000000,0.420282,215.746292,216.298981,0.000000,0.000000,0.000000,5278.000000,2211.000000,1964.000000,72.000000,58.000000,65.000000,67.000000,6327.000000,4229.000000
0.000000,0.396230,215.746292,216.316467,0.000000,0.000000,0.000000,5412.000000,2211.000000,2097.000000,72.000000,62.000000,65.000000,199.000000,6351.000000,4239.000000
0.000000,0.365477,215.746292,216.320221,0.000000,0.000000,0.000000,5415.000000,2211.000000,2097.000000,72.000000,62.000000,65.000000,64.000000,6386.000000,4263.000000
0.000000,0.344440,215.746292,216.306534,0.000000,0.000000,0.000000,5415.000000,2211.000000,2097.000000,72.000000,62.000000,65.000000,64.000000,6410.000000,4279.000000
0.000000,0.311952,215.746292,216.306839,0.000000,0.000000,0.000000,5428.000000,2211.000000,2097.000000,72.000000,62.000000,67.000000,64.000000,6446.000000,4303.000000
0.000000,0.293572,215.746292,216.301727,0.000000,0.000000,0.000000,5431.000000,2211.000000,2097.000000,72.000000,62.000000,67.000000,65.000000,6469.000000,4318.000000
0.000000,0.258150,215.746292,216.323380,0.000000,0.000000,0.000000,5442.000000,2211.000000,2097.000000,72.000000,62.000000,67.000000,65.000000,6504.000000,4342.000000
0.000000,0.242506,215.746292,216.307678,0.000000,0.000000,0.000000,5576.000000,2342.000000,2097.000000,75.000000,62.000000,199.000000,67.000000,6521.000000,4357.000000
0.000000,0.203243,215.746292,216.318329,0.000000,0.000000,0.000000,5579.000000,2342.000000,2097.000000,75.000000,62.000000,199.000000,67.000000,6556.000000,4381.000000
0.000000,0.178446,215.746292,216.316406,0.000000,0.000000,0.000000,5579.000000,2342.000000,2097.000000,75.000000,62.000000,199.000000,67.000000,6580.000000,4397.000000
0.000000,0.141337,215.746292,216.313187,0.000000,0.000000,0.000000,5589.000000,2342.000000,2097.000000,75.000000,62.000000,64.000000,67.000000,6615.000000,4420.000000
0.000000,0.121523,215.746292,216.304001,0.000000,0.000000,0.000000,5596.000000,2342.000000,2097.000000,75.000000,62.000000,64.000000,67.000000,6639.000000,4436.000000
0.000000,0.084657,215.746292,216.299957,0.000000,0.000000,0.000000,5731.000000,2342.000000,2228.000000,75.000000,66.000000,64.000000,199.000000,6674.000000,4456.000000
0.000000,0.056182,215.746292,216.299240,0.000000,0.000000,0.000000,5735.000000,2342.000000,2228.000000,75.000000,66.000000,64.000000,64.000000,6698.000000,4472.000000
0.000000,0.015382,215.746292,216.309464,0.000000,0.000000,0.000000,5740.000000,2342.000000,2228.000000,75.000000,66.000000,65.000000,64.000000,6734.000000,4496.000000
0.000000,-0.012653,215.746292,216.320251,0.000000,0.000000,0.000000,5740.000000,2342.000000,2228.000000,75.000000,66.000000,65.000000,64.000000,6758.000000,4511.000000
0.000000,-0.048610,215.746292,216.314026,0.000000,0.000000,0.000000,5745.000000,2342.000000,2228.000000,75.000000,66.000000,65.000000,64.000000,6792.000000,4534.000000
0.000000,-0.076686,215.746292,216.314850,0.000000,0.000000,0.000000,5748.000000,2342.000000,2228.000000,75.000000,66.000000,65.000000,65.000000,6816.000000,4550.000000
0.000000,-0.118077,215.746292,216.319183,0.000000,0.000000,0.000000,5765.000000,2342.000000,2228.000000,75.000000,66.000000,67.000000,65.000000,6851.000000,4574.000000
0.000000,-0.151265,215.746292,216.306168,0.000000,0.000000,0.000000,5902.000000,2471.000000,2228.000000,79.000000,66.000000,64.000000,67.000000,6869.000000,4590.000000
0.000000,-0.191201,215.746292,216.300430,0.000000,0.000000,0.000000,5907.000000,2471.000000,2228.000000,79.000000,66.000000,64.000000,67.000000,6905.000000,4613.000000
0.000000,-0.222886,215.746292,216.299423,0.000000,0.000000,0.000000,5907.000000,2471.000000,2228.000000,79.000000,66.000000,64.000000,67.000000,6929.000000,4629.000000
0.000000,-0.274703,215.746292,216.298965,0.000000,0.000000,0.000000,5911.000000,2471.000000,2228.000000,79.000000,66.000000,64.000000,67.000000,6964.000000,4653.000000
0.000000,-0.313209,215.746292,216.298889,0.000000,0.000000,0.000000,5919.000000,2471.000000,2228.000000,79.000000,66.000000,64.000000,67.000000,6988.000000,4668.000000
0.000000,-0.351891,215.746292,216.305176,0.000000,0.000000,0.000000,5925.000000,2471.000000,2228.000000,79.000000,66.000000,64.000000,67.000000,7023.000000,4692.000000
0.000000,-0.381169,215.746292,216.301117,0.000000,0.000000,0.000000,6060.000000,2471.000000,2359.000000,79.000000,70.000000,65.000000,199.000000,7047.000000,4704.000000
0.000000,-0.427546,215.746292,216.327469,0.000000,0.000000,0.000000,6066.000000,2471.000000,2359.000000,79.000000,70.000000,67.000000,64.000000,7082.000000,4727.000000
0.000000,-0.460222,215.746292,216.309143,0.000000,0.000000,0.000000,6066.000000,2471.000000,2359.000000,79.000000,70.000000,67.000000,64.000000,7105.000000,4743.000000
0.000000,-0.511837,215.746292,216.317947,0.000000,0.000000,0.000000,6069.000000,2471.000000,2359.000000,79.000000,70.000000,67.000000,64.000000,7141.000000,4767.000000
0.000000,-0.552105,215.746292,216.333847,0.000000,0.000000,0.000000,6072.000000,2471.000000,2359.000000,79.000000,70.000000,67.000000,64.000000,7165.000000,4783.000000
0.000000,-0.606941,215.746292,216.306396,0.000000,0.000000,0.000000,6080.000000,2471.000000,2359.000000,79.000000,70.000000,67.000000,65.000000,7201.000000,4806.000000
0.000000,-0.645204,215.746292,216.301559,0.000000,0.000000,0.000000,6092.000000,2471.000000,2359.000000,79.000000,70.000000,67.000000,67.000000,7225.000000,4822.000000
0.000000,-0.701805,215.746292,216.309982,0.000000,0.000000,0.000000,6228.000000,2600.000000,2359.000000,82.000000,70.000000,64.000000,67.000000,7253.000000,4845.000000
0.000000,-0.675181,215.746292,216.313400,0.000000,0.000000,0.000000,6228.000000,2600.000000,2359.000000,82.000000,70.000000,64.000000,67.000000,7277.000000,4861.000000
0.000000,-0.514057,215.746292,216.301987,0.000000,0.000000,0.000000,6233.000000,2600.000000,2359.000000,82.000000,70.000000,64.000000,67.000000,7312.000000,4885.000000
0.000000,-0.418578,215.746292,216.310516,0.000000,0.000000,0.000000,6236.000000,2600.000000,2359.000000,82.000000,70.000000,64.000000,67.000000,7336.000000,4901.000000
0.000000,-0.291311,215.746292,216.318954,0.000000,0.000000,0.000000,6247.000000,2600.000000,2359.000000,82.000000,70.000000,64.000000,67.000000,7371.000000,4924.000000
0.000000,-0.227650,215.746292,216.306076,0.000000,0.000000,0.000000,6253.000000,2600.000000,2359.000000,82.000000,70.000000,65.000000,67.000000,7393.000000,4940.000000
0.000000,-0.158928,215.746292,216.310959,0.000000,0.000000,0.000000,6387.000000,2600.000000,2490.000000,82.000000,74.000000,65.000000,199.000000,7429.000000,4960.000000
0.000000,-0.119808,215.746292,216.303207,0.000000,0.000000,0.000000,6387.000000,2600.000000,2490.000000,82.000000,74.000000,65.000000,199.000000,7453.000000,4975.000000
0.000000,-0.080504,215.746292,216.317368,0.000000,0.000000,0.000000,6393.000000,2600.000000,2490.000000,82.000000,74.000000,67.000000,64.000000,7489.000000,4999.000000
0.000000,-0.063149,215.746292,216.316055,0.000000,0.000000,0.000000,6400.000000,2600.000000,2490.000000,82.000000,74.000000,67.000000,64.000000,7513.000000,5014.000000
0.000000,-0.045711,215.746292,216.308899,0.000000,0.000000,0.000000,6408.000000,2600.000000,2490.000000,82.000000,74.000000,67.000000,64.000000,7548.000000,5038.000000
0.000000,-0.044601,215.746292,216.302460,0.000000,0.000000,0.000000,6414.000000,2600.000000,2490.000000,82.000000,74.000000,67.000000,65.000000,7572.000000,5054.000000
0.000000,-0.070064,215.746292,216.299622,0.000000,0.000000,0.000000,6420.000000,2600.000000,2490.000000,82.000000,74.000000,67.000000,65.000000,7607.000000,5078.000000
0.000000,-0.104382,215.746292,216.299118,0.000000,0.000000,0.000000,6420.000000,2600.000000,2490.000000,82.000000,74.000000,67.000000,65.000000,7631.000000,5094.000000
0.000000,-0.186799,215.746292,216.298904,0.000000,0.000000,0.000000,6560.000000,2735.000000,2490.000000,86.000000,74.000000,64.000000,67.000000,7660.000000,5117.000000
0.000000,-0.262880,215.746292,216.298859,0.000000,0.000000,0.000000,6566.000000,2735.000000,2490.000000,86.000000,74.000000,64.000000,67.000000,7682.000000,5133.000000
0.000000,-0.403825,215.746292,216.298859,0.000000,0.000000,0.000000,6572.000000,2735.000000,2490.000000,86.000000,74.000000,65.000000,67.000000,7718.000000,5156.000000
0.000000,-0.510649,215.746292,216.298859,0.000000,0.000000,0.000000,6580.000000,2735.000000,2490.000000,86.000000,74.000000,67.000000,67.000000,7742.000000,5172.000000
0.000000,-0.673703,215.746292,216.298859,0.000000,0.000000,0.000000,6588.000000,2735.000000,2490.000000,86.000000,74.000000,67.000000,67.000000,7778.000000,5196.000000
0.000000,-0.785397,215.746292,216.298859,0.000000,0.000000,0.000000,6588.000000,2735.000000,2490.000000,86.000000,74.000000,67.000000,67.000000,7802.000000,5211.000000
0.000000,-0.944178,215.746292,216.298859,0.000000,0.000000,0.000000,6722.000000,2735.000000,2620.000000,86.000000,78.000000,67.000000,199.000000,7837.000000,5231.000000
0.000000,-1.053984,215.746292,216.298859,0.000000,0.000000,0.000000,6728.000000,2735.000000,2620.000000,86.000000,78.000000,67.000000,64.000000,7860.000000,5247.000000
0.000000,-1.227822,215.746292,216.298859,0.000000,0.000000,0.000000,6734.000000,2735.000000,2620.000000,86.000000,78.000000,67.000000,64.000000,7896.000000,5271.000000
0.000000,-1.349881,215.746292,216.298859,0.000000,0.000000,0.000000,6871.000000,2864.000000,2620.000000,90.000000,78.000000,64.000000,64.000000,7913.000000,5286.000000
0.000000,-1.553738,215.746292,216.298859,0.000000,0.000000,0.000000,6875.000000,2864.000000,2620.000000,90.000000,78.000000,64.000000,65.000000,7948.000000,5309.000000
0.000000,-1.626555,215.746292,216.298859,0.000000,0.000000,0.000000,6875.000000,2864.000000,2620.000000,90.000000,78.000000,64.000000,65.000000,7972.000000,5325.000000
0.000000,-1.634365,215.746292,216.298859,0.000000,0.000000,0.000000,6879.000000,2864.000000,2620.000000,90.000000,78.000000,64.000000,65.000000,8007.000000,5349.000000
0.000000,-1.556269,215.746292,216.298859,0.000000,0.000000,0.000000,6888.000000,2864.000000,2620.000000,90.000000,78.000000,64.000000,67.000000,8030.000000,5365.000000
0.000000,-1.328417,215.746292,216.298859,0.000000,0.000000,0.000000,6894.000000,2864.000000,2620.000000,90.000000,78.000000,65.000000,67.000000,8066.000000,5389.000000
0.000000,-1.115715,215.746292,216.298859,0.000000,0.000000,0.000000,6900.000000,2864.000000,2620.000000,90.000000,78.000000,65.000000,67.000000,8090.000000,5404.000000
0.000000,-0.706522,215.746292,216.350876,0.000000,0.000000,0.000000,6907.000000,2864.000000,2620.000000,90.000000,78.000000,67.000000,75.000000,8124.000000,5428.000000
0.000000,-0.397121,215.746292,216.391403,0.000000,0.000000,0.000000,6907.000000,2864.000000,2620.000000,90.000000,78.000000,67.000000,75.000000,8148.000000,5444.000000
0.000000,0.121874,215.746292,216.450317,0.000000,0.000000,0.000000,7062.000000,2994.000000,2620.000000,96.000000,78.000000,96.000000,75.000000,8177.000000,5467.000000
0.000000,0.525054,215.746292,216.465881,0.000000,0.000000,0.000000,7197.000000,2994.000000,2751.000000,96.000000,82.000000,96.000000,199.000000,8201.000000,5479.000000
0.000000,1.251458,215.746292,216.500854,0.000000,0.000000,0.000000,7203.000000,2994.000000,2751.000000,96.000000,82.000000,97.000000,64.000000,8236.000000,5502.000000
0.000000,1.816776,215.746292,216.512177,0.000000,0.000000,0.000000,7209.000000,2994.000000,2751.000000,96.000000,82.000000,97.000000,64.000000,8260.000000,5518.000000
0.000000,2.765369,215.746292,216.517181,0.000000,0.000000,0.000000,7216.000000,2994.000000,2751.000000,96.000000,82.000000,99.000000,64.000000,8295.000000,5542.000000
0.000000,3.466926,215.746292,216.518051,0.000000,0.000000,0.000000,7216.000000,2994.000000,2751.000000,96.000000,82.000000,99.000000,64.000000,8319.000000,5558.000000
0.000000,4.582241,215.746292,216.518448,0.000000,0.000000,0.000000,7394.000000,3126.000000,2751.000000,102.000000,82.000000,99.000000,65.000000,8341.000000,5582.000000
0.000000,5.433518,215.746292,216.518509,0.000000,0.000000,0.000000,7679.000000,3259.000000,2882.000000,106.000000,89.000000,231.000000,199.000000,8358.000000,5591.000000
0.000000,6.786654,215.746292,216.518539,0.000000,0.000000,0.000000,7691.000000,3259.000000,2882.000000,106.000000,89.000000,96.000000,64.000000,8392.000000,5614.000000
0.000000,7.707141,215.746292,216.518539,0.000000,0.000000,0.000000,7767.000000,3310.000000,2882.000000,108.000000,89.000000,133.000000,64.000000,8412.000000,5630.000000
0.000000,9.197601,215.746292,216.490433,0.000000,0.000000,0.000000,7860.000000,3392.000000,2882.000000,112.000000,89.000000,96.000000,64.000000,8443.000000,5654.000000
0.000000,10.263466,215.746292,216.480301,0.000000,0.000000,0.000000,7860.000000,3392.000000,2882.000000,112.000000,89.000000,96.000000,64.000000,8467.000000,5670.000000
0.000000,11.930446,215.746292,216.475861,0.000000,0.000000,0.000000,8017.000000,3524.000000,2882.000000,116.000000,89.000000,199.000000,65.000000,8493.000000,5693.000000
0.000000,13.069830,215.746292,216.475067,0.000000,0.000000,0.000000,8026.000000,3524.000000,2882.000000,116.000000,89.000000,64.000000,67.000000,8516.000000,5709.000000
0.000000,14.610785,215.746292,216.474716,0.000000,0.000000,0.000000,8056.000000,3524.000000,2882.000000,116.000000,89.000000,99.000000,67.000000,8549.000000,5733.000000
0.000000,15.729827,215.746292,216.474655,0.000000,0.000000,0.000000,8061.000000,3524.000000,2882.000000,116.000000,89.000000,99.000000,67.000000,8573.000000,5749.000000
0.000000,17.416033,215.746292,216.474640,0.000000,0.000000,0.000000,8206.000000,3656.000000,2882.000000,120.000000,89.000000,96.000000,67.000000,8597.000000,5772.000000
0.000000,18.573341,215.746292,216.474640,0.000000,0.000000,0.000000,8368.000000,3791.000000,2882.000000,124.000000,89.000000,231.000000,67.000000,8613.000000,5787.000000
0.000000,20.467943,215.746292,216.474640,0.000000,0.000000,0.000000,8374.000000,3791.000000,2882.000000,124.000000,89.000000,32.000000,67.000000,8650.000000,5811.000000
0.000000,21.736464,215.746292,216.474640,0.000000,0.000000,0.000000,8509.000000,3791.000000,3013.000000,124.000000,93.000000,96.000000,199.000000,8674.000000,5821.000000
0.000000,23.679514,215.746292,216.474640,0.000000,0.000000,0.000000,8518.000000,3791.000000,3013.000000,124.000000,93.000000,97.000000,64.000000,8710.000000,5845.000000
0.000000,25.001431,215.746292,216.474640,0.000000,0.000000,0.000000,8528.000000,3791.000000,3013.000000,124.000000,93.000000,99.000000,64.000000,8733.000000,5861.000000
0.000000,27.000698,215.746292,216.474640,0.000000,0.000000,0.000000,8535.000000,3791.000000,3013.000000,124.000000,93.000000,99.000000,65.000000,8769.000000,5884.000000
0.000000,28.277033,215.746292,216.474640,0.000000,0.000000,0.000000,8535.000000,3791.000000,3013.000000,124.000000,93.000000,99.000000,65.000000,8793.000000,5900.000000
0.000000,30.012091,215.746292,216.422607,0.000000,0.000000,0.000000,8541.000000,3791.000000,3013.000000,124.000000,93.000000,99.000000,67.000000,8828.000000,5923.000000
0.000000,31.091511,215.746292,216.399658,0.000000,0.000000,0.000000,8549.000000,3791.000000,3013.000000,124.000000,93.000000,99.000000,67.000000,8852.000000,5939.000000
0.000000,32.513252,215.746292,216.355072,0.000000,0.000000,0.000000,8684.000000,3922.000000,3013.000000,127.000000,93.000000,199.000000,67.000000,8879.000000,5963.000000
0.000000,33.323441,215.746292,216.329636,0.000000,0.000000,0.000000,8690.000000,3922.000000,3013.000000,127.000000,93.000000,64.000000,67.000000,8903.000000,5978.000000
0.000000,34.341061,215.746292,216.305496,0.000000,0.000000,0.000000,8695.000000,3922.000000,3013.000000,127.000000,93.000000,64.000000,67.000000,8938.000000,6002.000000
0.000000,34.880348,215.746292,216.273102,0.000000,0.000000,0.000000,8695.000000,3922.000000,3013.000000,127.000000,93.000000,64.000000,67.000000,8962.000000,6018.000000
0.000000,35.466888,215.746292,216.276413,0.000000,0.000000,0.000000,8836.000000,3922.000000,3142.000000,127.000000,97.000000,65.000000,64.000000,8997.000000,6037.000000
0.000000,35.722763,215.746292,216.280228,0.000000,0.000000,0.000000,8859.000000,3922.000000,3142.000000,127.000000,97.000000,65.000000,67.000000,9021.000000,6051.000000
0.000000,35.917511,215.746292,216.294815,0.000000,0.000000,0.000000,8866.000000,3922.000000,3142.000000,127.000000,97.000000,67.000000,67.000000,9057.000000,6074.000000
0.000000,35.937595,215.746292,216.297394,0.000000,0.000000,0.000000,8873.000000,3922.000000,3142.000000,127.000000,97.000000,67.000000,67.000000,9080.000000,6090.000000
0.000000,35.820576,215.746292,216.298523,0.000000,0.000000,0.000000,9010.000000,3922.000000,3271.000000,127.000000,102.000000,67.000000,64.000000,9115.000000,6110.000000
0.000000,35.653656,215.746292,216.298737,0.000000,0.000000,0.000000,9010.000000,3922.000000,3271.000000,127.000000,102.000000,67.000000,64.000000,9139.000000,6126.000000
0.000000,35.309990,215.746292,216.270691,0.000000,0.000000,0.000000,9016.000000,3922.000000,3271.000000,127.000000,102.000000,67.000000,64.000000,9175.000000,6150.000000
0.000000,34.991089,215.746292,216.260574,0.000000,0.000000,0.000000,9024.000000,3922.000000,3271.000000,127.000000,102.000000,67.000000,64.000000,9199.000000,6165.000000
0.000000,34.416088,215.746292,216.256134,0.000000,0.000000,0.000000,9156.000000,4051.000000,3271.000000,131.000000,102.000000,135.000000,64.000000,9228.000000,6189.000000
0.000000,33.972813,215.746292,216.272919,0.000000,0.000000,0.000000,9165.000000,4051.000000,3271.000000,131.000000,102.000000,64.000000,65.000000,9252.000000,6205.000000
0.000000,33.239681,215.746292,216.293243,0.000000,0.000000,0.000000,9172.000000,4051.000000,3271.000000,131.000000,102.000000,64.000000,67.000000,9287.000000,6228.000000
0.000000,32.708233,215.746292,216.296814,0.000000,0.000000,0.000000,9172.000000,4051.000000,3271.000000,131.000000,102.000000,64.000000,67.000000,9311.000000,6244.000000
0.000000,31.839418,215.746292,216.326538,0.000000,0.000000,0.000000,9178.000000,4051.000000,3271.000000,131.000000,102.000000,64.000000,67.000000,9347.000000,6267.000000
0.000000,31.234131,215.746292,216.319366,0.000000,0.000000,0.000000,9190.000000,4051.000000,3271.000000,131.000000,102.000000,99.000000,67.000000,9369.000000,6283.000000
0.000000,30.271959,215.746292,216.303284,0.000000,0.000000,0.000000,9330.000000,4051.000000,3401.000000,131.000000,106.000000,99.000000,199.000000,9405.000000,6303.000000
0.000000,29.608246,215.746292,216.300446,0.000000,0.000000,0.000000,9461.000000,4168.000000,3401.000000,135.000000,106.000000,133.000000,64.000000,9423.000000,6319.000000
0.000000,28.546122,215.746292,216.309723,0.000000,0.000000,0.000000,9532.000000,4203.000000,3401.000000,139.000000,106.000000,133.000000,65.000000,9454.000000,6343.000000
0.000000,27.878807,215.746292,216.320343,0.000000,0.000000,0.000000,9697.000000,4332.000000,3401.000000,145.000000,106.000000,133.000000,65.000000,9466.000000,6358.000000
0.000000,26.727655,215.746292,216.314026,0.000000,0.000000,0.000000,9823.000000,4446.000000,3401.000000,149.000000,106.000000,64.000000,67.000000,9497.000000,6381.000000
0.000000,25.910402,215.746292,216.332428,0.000000,0.000000,0.000000,9837.000000,4446.000000,3401.000000,149.000000,106.000000,97.000000,67.000000,9520.000000,6397.000000
0.000000,24.637024,215.746292,216.334229,0.000000,0.000000,0.000000,9843.000000,4446.000000,3401.000000,149.000000,106.000000,97.000000,67.000000,9556.000000,6421.000000
0.000000,23.784573,215.746292,216.311569,0.000000,0.000000,0.000000,9979.000000,4446.000000,3531.000000,149.000000,110.000000,99.000000,199.000000,9580.000000,6433.000000
0.000000,22.505348,215.746292,216.301590,0.000000,0.000000,0.000000,9993.000000,4446.000000,3531.000000,149.000000,110.000000,99.000000,64.000000,9615.000000,6456.000000
0.000000,21.651508,215.746292,216.299835,0.000000,0.000000,0.000000,9993.000000,4446.000000,3531.000000,149.000000,110.000000,99.000000,64.000000,9639.000000,6472.000000
0.000000,20.311768,215.746292,216.299057,0.000000,0.000000,0.000000,10132.000000,4577.000000,3531.000000,152.000000,110.000000,96.000000,64.000000,9667.000000,6496.000000
0.000000,19.390327,215.746292,216.298920,0.000000,0.000000,0.000000,10137.000000,4577.000000,3531.000000,152.000000,110.000000,96.000000,64.000000,9691.000000,6512.000000
0.000000,18.009249,215.746292,216.298859,0.000000,0.000000,0.000000,10153.000000,4577.000000,3531.000000,152.000000,110.000000,99.000000,65.000000,9726.000000,6535.000000
0.000000,17.145359,215.746292,216.298859,0.000000,0.000000,0.000000,10300.000000,4708.000000,3531.000000,156.000000,110.000000,199.000000,65.000000,9740.000000,6550.000000
0.000000,15.776904,215.746292,216.298859,0.000000,0.000000,0.000000,10476.000000,4842.000000,3531.000000,159.000000,110.000000,64.000000,67.000000,9763.000000,6574.000000
0.000000,14.778060,215.746292,216.298859,0.000000,0.000000,0.000000,10476.000000,4842.000000,3531.000000,159.000000,110.000000,64.000000,67.000000,9787.000000,6590.000000
0.000000,13.252134,215.746292,216.298859,0.000000,0.000000,0.000000,10502.000000,4842.000000,3531.000000,159.000000,110.000000,99.000000,67.000000,9819.000000,6614.000000
0.000000,12.247273,215.746292,216.298859,0.000000,0.000000,0.000000,10675.000000,4972.000000,3531.000000,163.000000,110.000000,99.000000,67.000000,9831.000000,6630.000000
0.000000,10.717072,215.746292,216.298859,0.000000,0.000000,0.000000,11113.000000,5233.000000,3662.000000,170.000000,113.000000,96.000000,199.000000,9846.000000,6649.000000
0.000000,9.620721,215.746292,216.298859,0.000000,0.000000,0.000000,11280.000000,5365.000000,3662.000000,174.000000,113.000000,96.000000,64.000000,9858.000000,6664.000000
0.000000,7.753416,215.746292,216.298859,0.000000,0.000000,0.000000,11315.000000,5365.000000,3662.000000,174.000000,113.000000,99.000000,65.000000,9893.000000,6687.000000
0.000000,6.509823,215.746292,216.298859,0.000000,0.000000,0.000000,11482.000000,5494.000000,3662.000000,178.000000,113.000000,99.000000,65.000000,9905.000000,6703.000000
0.000000,4.524901,215.746292,216.298859,0.000000,0.000000,0.000000,11620.000000,5627.000000,3662.000000,182.000000,113.000000,64.000000,67.000000,9935.000000,6727.000000
0.000000,3.232950,215.746292,216.298859,0.000000,0.000000,0.000000,11626.000000,5627.000000,3662.000000,182.000000,113.000000,64.000000,67.000000,9959.000000,6742.000000
0.000000,1.349864,215.746292,216.298859,0.000000,0.000000,0.000000,11632.000000,5627.000000,3662.000000,182.000000,113.000000,64.000000,67.000000,9993.000000,6766.000000
0.000000,0.085347,215.746292,216.298859,0.000000,0.000000,0.000000,11639.000000,5627.000000,3662.000000,182.000000,113.000000,65.000000,67.000000,10017.000000,6782.000000
0.000000,-1.777608,215.746292,216.326965,0.000000,0.000000,0.000000,11647.000000,5627.000000,3662.000000,182.000000,113.000000,67.000000,67.000000,10052.000000,6806.000000
0.000000,-2.991305,215.746292,216.337097,0.000000,0.000000,0.000000,11647.000000,5627.000000,3662.000000,182.000000,113.000000,67.000000,67.000000,10076.000000,6821.000000
0.000000,-4.809792,215.746292,216.341553,0.000000,0.000000,0.000000,11783.000000,5627.000000,3793.000000,182.000000,116.000000,67.000000,199.000000,10112.000000,6840.000000
0.000000,-5.973732,215.746292,216.342346,0.000000,0.000000,0.000000,11790.000000,5627.000000,3793.000000,182.000000,116.000000,67.000000,64.000000,10135.000000,6856.000000
0.000000,-7.711636,215.746292,216.308243,0.000000,0.000000,0.000000,11802.000000,5627.000000,3793.000000,182.000000,116.000000,67.000000,65.000000,10171.000000,6880.000000
0.000000,-8.862980,215.746292,216.302231,0.000000,0.000000,0.000000,11940.000000,5757.000000,3793.000000,187.000000,116.000000,199.000000,67.000000,10188.000000,6896.000000
0.000000,-10.560904,215.746292,216.299561,0.000000,0.000000,0.000000,11946.000000,5757.000000,3793.000000,187.000000,116.000000,64.000000,67.000000,10224.000000,6920.000000
0.000000,-11.671062,215.746292,216.327225,0.000000,0.000000,0.000000,11946.000000,5757.000000,3793.000000,187.000000,116.000000,64.000000,67.000000,10247.000000,6935.000000
0.000000,-13.250161,215.746292,216.339432,0.000000,0.000000,0.000000,11953.000000,5757.000000,3793.000000,187.000000,116.000000,64.000000,67.000000,10282.000000,6959.000000
0.000000,-14.248181,215.746292,216.323990,0.000000,0.000000,0.000000,11957.000000,5757.000000,3793.000000,187.000000,116.000000,64.000000,67.000000,10305.000000,6974.000000
0.000000,-15.721323,215.746292,216.338715,0.000000,0.000000,0.000000,11965.000000,5757.000000,3793.000000,187.000000,116.000000,65.000000,67.000000,10341.000000,6998.000000
0.000000,-16.629164,215.746292,216.341324,0.000000,0.000000,0.000000,11971.000000,5757.000000,3793.000000,187.000000,116.000000,65.000000,67.000000,10365.000000,7014.000000
0.000000,-17.856358,215.746292,216.376923,0.000000,0.000000,0.000000,12107.000000,5757.000000,3924.000000,187.000000,120.000000,67.000000,199.000000,10401.000000,7032.000000
0.000000,-18.578773,215.746292,216.411316,0.000000,0.000000,0.000000,12107.000000,5757.000000,3924.000000,187.000000,120.000000,67.000000,199.000000,10425.000000,7048.000000
0.000000,-19.507851,215.746292,216.460953,0.000000,0.000000,0.000000,12115.000000,5757.000000,3924.000000,187.000000,120.000000,67.000000,64.000000,10460.000000,7072.000000
0.000000,-20.040257,215.746292,216.487274,0.000000,0.000000,0.000000,12123.000000,5757.000000,3924.000000,187.000000,120.000000,67.000000,72.000000,10484.000000,7088.000000
0.000000,-20.684399,215.746292,216.539917,0.000000,0.000000,0.000000,12267.000000,5887.000000,3924.000000,191.000000,120.000000,199.000000,75.000000,10513.000000,7111.000000
0.000000,-21.035667,215.746292,216.554367,0.000000,0.000000,0.000000,12274.000000,5887.000000,3924.000000,191.000000,120.000000,64.000000,75.000000,10537.000000,7127.000000
0.000000,-21.409758,215.746292,216.595200,0.000000,0.000000,0.000000,12277.000000,5887.000000,3924.000000,191.000000,120.000000,64.000000,75.000000,10571.000000,7150.000000
0.000000,-21.564352,215.746292,216.602402,0.000000,0.000000,0.000000,12277.000000,5887.000000,3924.000000,191.000000,120.000000,64.000000,75.000000,10595.000000,7166.000000
0.000000,-21.662947,215.746292,216.605576,0.000000,0.000000,0.000000,12283.000000,5887.000000,3924.000000,191.000000,120.000000,64.000000,75.000000,10631.000000,7190.000000
0.000000,-21.643131,215.746292,216.606140,0.000000,0.000000,0.000000,12292.000000,5887.000000,3924.000000,191.000000,120.000000,65.000000,75.000000,10655.000000,7206.000000
0.000000,-21.512606,215.746292,216.606384,0.000000,0.000000,0.000000,12436.000000,5887.000000,4054.000000,191.000000,123.000000,99.000000,199.000000,10691.000000,7225.000000
0.000000,-21.369385,215.746292,216.588837,0.000000,0.000000,0.000000,12449.000000,5887.000000,4054.000000,191.000000,123.000000,99.000000,64.000000,10714.000000,7241.000000
0.000000,-21.088295,215.746292,216.568192,0.000000,0.000000,0.000000,12455.000000,5887.000000,4054.000000,191.000000,123.000000,99.000000,64.000000,10750.000000,7265.000000
0.000000,-20.842325,215.746292,216.536423,0.000000,0.000000,0.000000,12455.000000,5887.000000,4054.000000,191.000000,123.000000,99.000000,64.000000,10774.000000,7280.000000
0.000000,-20.401081,215.746292,216.522415,0.000000,0.000000,0.000000,12589.000000,6017.000000,4054.000000,195.000000,123.000000,199.000000,65.000000,10803.000000,7304.000000
0.000000,-20.077530,215.746292,216.491821,0.000000,0.000000,0.000000,12605.000000,6017.000000,4054.000000,195.000000,123.000000,64.000000,67.000000,10826.000000,7319.000000
0.000000,-19.546980,215.746292,216.478348,0.000000,0.000000,0.000000,12614.000000,6017.000000,4054.000000,195.000000,123.000000,64.000000,67.000000,10861.000000,7343.000000
0.000000,-19.155569,215.746292,216.475967,0.000000,0.000000,0.000000,12750.000000,6017.000000,4184.000000,195.000000,128.000000,65.000000,199.000000,10885.000000,7355.000000
0.000000,-18.491955,215.746292,216.474915,0.000000,0.000000,0.000000,12763.000000,6017.000000,4184.000000,195.000000,128.000000,67.000000,64.000000,10921.000000,7379.000000
0.000000,-18.014286,215.746292,216.474731,0.000000,0.000000,0.000000,12763.000000,6017.000000,4184.000000,195.000000,128.000000,67.000000,64.000000,10945.000000,7395.000000
0.000000,-17.241833,215.746292,216.474655,0.000000,0.000000,0.000000,12774.000000,6017.000000,4184.000000,195.000000,128.000000,67.000000,64.000000,10981.000000,7418.000000
0.000000,-16.720833,215.746292,216.474640,0.000000,0.000000,0.000000,12781.000000,6017.000000,4184.000000,195.000000,128.000000,67.000000,65.000000,11004.000000,7433.000000
0.000000,-15.894489,215.746292,216.474640,0.000000,0.000000,0.000000,12928.000000,6150.000000,4184.000000,199.000000,128.000000,64.000000,67.000000,11034.000000,7457.000000
0.000000,-15.320561,215.746292,216.474640,0.000000,0.000000,0.000000,12939.000000,6150.000000,4184.000000,199.000000,128.000000,64.000000,67.000000,11057.000000,7473.000000
0.000000,-14.398705,215.746292,216.474640,0.000000,0.000000,0.000000,13083.000000,6150.000000,4321.000000,199.000000,133.000000,64.000000,65.000000,11092.000000,7491.000000
0.000000,-13.763272,215.746292,216.474640,0.000000,0.000000,0.000000,13083.000000,6150.000000,4321.000000,199.000000,133.000000,64.000000,65.000000,11116.000000,7507.000000
0.000000,-12.780989,215.746292,216.474640,0.000000,0.000000,0.000000,13097.000000,6150.000000,4321.000000,199.000000,133.000000,67.000000,65.000000,11151.000000,7531.000000
0.000000,-12.153479,215.746292,216.474640,0.000000,0.000000,0.000000,13243.000000,6280.000000,4321.000000,203.000000,133.000000,199.000000,67.000000,11166.000000,7547.000000
0.000000,-11.205462,215.746292,216.474640,0.000000,0.000000,0.000000,13269.000000,6280.000000,4321.000000,203.000000,133.000000,67.000000,67.000000,11200.000000,7570.000000
0.000000,-10.649648,215.746292,216.474640,0.000000,0.000000,0.000000,13532.000000,6395.000000,4454.000000,208.000000,137.000000,133.000000,199.000000,11213.000000,7581.000000
0.000000,-9.815538,215.746292,216.474640,0.000000,0.000000,0.000000,13561.000000,6411.000000,4454.000000,210.000000,137.000000,64.000000,64.000000,11248.000000,7605.000000
0.000000,-9.295403,215.746292,216.474640,0.000000,0.000000,0.000000,13561.000000,6411.000000,4454.000000,210.000000,137.000000,64.000000,64.000000,11271.000000,7621.000000
0.000000,-8.590906,215.746292,216.474640,0.000000,0.000000,0.000000,13586.000000,6411.000000,4454.000000,210.000000,137.000000,67.000000,65.000000,11303.000000,7645.000000
0.000000,-8.167697,215.746292,216.474640,0.000000,0.000000,0.000000,13728.000000,6542.000000,4454.000000,213.000000,137.000000,64.000000,67.000000,11321.000000,7661.000000
0.000000,-7.594952,215.746292,216.474640,0.000000,0.000000,0.000000,13737.000000,6542.000000,4454.000000,213.000000,137.000000,64.000000,67.000000,11357.000000,7684.000000
0.000000,-7.265201,215.746292,216.474640,0.000000,0.000000,0.000000,13882.000000,6542.000000,4578.000000,213.000000,142.000000,67.000000,133.000000,11381.000000,7695.000000
0.000000,-6.857834,215.746292,216.440170,0.000000,0.000000,0.000000,14034.000000,6672.000000,4586.000000,217.000000,145.000000,199.000000,64.000000,11407.000000,7718.000000
0.000000,-6.642653,215.746292,216.416519,0.000000,0.000000,0.000000,14035.000000,6672.000000,4586.000000,217.000000,145.000000,64.000000,64.000000,11431.000000,7734.000000
0.000000,-6.426467,215.746292,216.365036,0.000000,0.000000,0.000000,14040.000000,6672.000000,4586.000000,217.000000,145.000000,64.000000,64.000000,11467.000000,7758.000000
0.000000,-6.337582,215.746292,216.333206,0.000000,0.000000,0.000000,14054.000000,6672.000000,4586.000000,217.000000,145.000000,64.000000,67.000000,11490.000000,7773.000000
0.000000,-6.274861,215.746292,216.306274,0.000000,0.000000,0.000000,14068.000000,6672.000000,4586.000000,217.000000,145.000000,65.000000,67.000000,11525.000000,7797.000000
0.000000,-6.277815,215.746292,216.273392,0.000000,0.000000,0.000000,14209.000000,6672.000000,4718.000000,217.000000,150.000000,67.000000,199.000000,11548.000000,7808.000000
0.000000,-6.358684,215.746292,216.258881,0.000000,0.000000,0.000000,14216.000000,6672.000000,4718.000000,217.000000,150.000000,67.000000,64.000000,11584.000000,7832.000000
0.000000,-6.448129,215.746292,216.256332,0.000000,0.000000,0.000000,14216.000000,6672.000000,4718.000000,217.000000,150.000000,67.000000,64.000000,11608.000000,7847.000000
0.000000,-6.632855,215.746292,216.255219,0.000000,0.000000,0.000000,14223.000000,6672.000000,4718.000000,217.000000,150.000000,67.000000,64.000000,11644.000000,7870.000000
0.000000,-6.773768,215.746292,216.255005,0.000000,0.000000,0.000000,14232.000000,6672.000000,4718.000000,217.000000,150.000000,67.000000,65.000000,11667.000000,7886.000000
0.000000,-7.038158,215.746292,216.254929,0.000000,0.000000,0.000000,14379.000000,6804.000000,4718.000000,221.000000,150.000000,64.000000,67.000000,11697.000000,7910.000000
0.000000,-7.256116,215.746292,216.283035,0.000000,0.000000,0.000000,14521.000000,6804.000000,4849.000000,221.000000,154.000000,64.000000,199.000000,11721.000000,7922.000000
0.000000,-7.624482,215.746292,216.295425,0.000000,0.000000,0.000000,14528.000000,6804.000000,4849.000000,221.000000,154.000000,64.000000,64.000000,11756.000000,7946.000000
0.000000,-7.905835,215.746292,216.297607,0.000000,0.000000,0.000000,14528.000000,6804.000000,4849.000000,221.000000,154.000000,64.000000,64.000000,11780.000000,7961.000000
0.000000,-8.356047,215.746292,216.298584,0.000000,0.000000,0.000000,14535.000000,6804.000000,4849.000000,221.000000,154.000000,65.000000,64.000000,11814.000000,7985.000000
0.000000,-8.678285,215.746292,216.298752,0.000000,0.000000,0.000000,14542.000000,6804.000000,4849.000000,221.000000,154.000000,65.000000,65.000000,11838.000000,8000.000000
0.000000,-9.199718,215.746292,216.298828,0.000000,0.000000,0.000000,14548.000000,6804.000000,4849.000000,221.000000,154.000000,67.000000,65.000000,11874.000000,8024.000000
0.000000,-9.569307,215.746292,216.298828,0.000000,0.000000,0.000000,14556.000000,6804.000000,4849.000000,221.000000,154.000000,67.000000,67.000000,11898.000000,8040.000000
0.000000,-10.161324,215.746292,216.298828,0.000000,0.000000,0.000000,14567.000000,6804.000000,4849.000000,221.000000,154.000000,67.000000,67.000000,11934.000000,8063.000000
0.000000,-10.580144,215.746292,216.298828,0.000000,0.000000,0.000000,14567.000000,6804.000000,4849.000000,221.000000,154.000000,67.000000,67.000000,11957.000000,8079.000000
0.000000,-11.252152,215.746292,216.298828,0.000000,0.000000,0.000000,14713.000000,6936.000000,4849.000000,225.000000,154.000000,64.000000,67.000000,11986.000000,8103.000000
0.000000,-11.717302,215.746292,216.298828,0.000000,0.000000,0.000000,14862.000000,6936.000000,4983.000000,225.000000,157.000000,64.000000,67.000000,12010.000000,8115.000000
0.000000,-12.472414,215.746292,216.298828,0.000000,0.000000,0.000000,14874.000000,6936.000000,4983.000000,225.000000,157.000000,65.000000,67.000000,12045.000000,8138.000000
0.000000,-13.000381,215.746292,216.298828,0.000000,0.000000,0.000000,14885.000000,6936.000000,4983.000000,225.000000,157.000000,67.000000,67.000000,12068.000000,8153.000000
0.000000,-13.802183,215.746292,216.298828,0.000000,0.000000,0.000000,15029.000000,6936.000000,5113.000000,225.000000,161.000000,67.000000,64.000000,12103.000000,8173.000000
0.000000,-14.358960,215.746292,216.298828,0.000000,0.000000,0.000000,15029.000000,6936.000000,5113.000000,225.000000,161.000000,67.000000,64.000000,12127.000000,8189.000000
0.000000,-15.244043,215.746292,216.298828,0.000000,0.000000,0.000000,15038.000000,6936.000000,5113.000000,225.000000,161.000000,67.000000,64.000000,12163.000000,8213.000000
0.000000,-15.870692,215.746292,216.298828,0.000000,0.000000,0.000000,15174.000000,7067.000000,5113.000000,229.000000,161.000000,199.000000,65.000000,12181.000000,8228.000000
0.000000,-16.844152,215.746292,216.298828,0.000000,0.000000,0.000000,15180.000000,7067.000000,5113.000000,229.000000,161.000000,64.000000,65.000000,12217.000000,8252.000000
0.000000,-17.476990,215.746292,216.298828,0.000000,0.000000,0.000000,15188.000000,7067.000000,5113.000000,229.000000,161.000000,64.000000,75.000000,12240.000000,8268.000000
0.000000,-18.453276,215.746292,216.298828,0.000000,0.000000,0.000000,15194.000000,7067.000000,5113.000000,229.000000,161.000000,64.000000,75.000000,12276.000000,8291.000000
0.000000,-19.102983,215.746292,216.298828,0.000000,0.000000,0.000000,15194.000000,7067.000000,5113.000000,229.000000,161.000000,64.000000,75.000000,12299.000000,8307.000000
0.000000,-20.084024,215.746292,216.298828,0.000000,0.000000,0.000000,15200.000000,7067.000000,5113.000000,229.000000,161.000000,65.000000,75.000000,12334.000000,8330.000000
0.000000,-20.739006,215.746292,216.298828,0.000000,0.000000,0.000000,15206.000000,7067.000000,5113.000000,229.000000,161.000000,65.000000,75.000000,12358.000000,8346.000000
0.000000,-21.702150,215.746292,216.298828,0.000000,0.000000,0.000000,15342.000000,7067.000000,5243.000000,229.000000,165.000000,67.000000,64.000000,12393.000000,8366.000000
0.000000,-22.347113,215.746292,216.298828,0.000000,0.000000,0.000000,15349.000000,7067.000000,5243.000000,229.000000,165.000000,67.000000,64.000000,12417.000000,8382.000000
0.000000,-23.284071,215.746292,216.298828,0.000000,0.000000,0.000000,15358.000000,7067.000000,5243.000000,229.000000,165.000000,67.000000,64.000000,12453.000000,8406.000000
0.000000,-23.803165,215.746292,216.298828,0.000000,0.000000,0.000000,15358.000000,7067.000000,5243.000000,229.000000,165.000000,67.000000,64.000000,12477.000000,8422.000000
0.000000,-24.202314,215.746292,216.298828,0.000000,0.000000,0.000000,15366.000000,7067.000000,5243.000000,229.000000,165.000000,67.000000,64.000000,12513.000000,8445.000000
0.000000,-24.319267,215.746292,216.298828,0.000000,0.000000,0.000000,15501.000000,7199.000000,5243.000000,232.000000,165.000000,199.000000,65.000000,12530.000000,8460.000000
0.000000,-24.307356,215.746292,216.378983,0.000000,0.000000,0.000000,15507.000000,7199.000000,5243.000000,232.000000,165.000000,64.000000,65.000000,12565.000000,8484.000000
0.000000,-24.199057,215.746292,216.457764,0.000000,0.000000,0.000000,15515.000000,7199.000000,5243.000000,232.000000,165.000000,64.000000,67.000000,12589.000000,8500.000000
0.000000,-23.951845,215.746292,216.551132,0.000000,0.000000,0.000000,15524.000000,7199.000000,5243.000000,232.000000,165.000000,64.000000,67.000000,12624.000000,8523.000000
0.000000,-23.747082,215.746292,216.604111,0.000000,0.000000,0.000000,15524.000000,7199.000000,5243.000000,232.000000,165.000000,64.000000,67.000000,12648.000000,8539.000000
0.000000,-23.402964,215.746292,216.686096,0.000000,0.000000,0.000000,15682.000000,7199.000000,5377.000000,232.000000,169.000000,67.000000,65.000000,12683.000000,8558.000000
0.000000,-23.136606,215.746292,216.719498,0.000000,0.000000,0.000000,15694.000000,7199.000000,5377.000000,232.000000,169.000000,67.000000,67.000000,12707.000000,8574.000000
0.000000,-22.627792,215.746292,216.786255,0.000000,0.000000,0.000000,15836.000000,7329.000000,5377.000000,236.000000,169.000000,199.000000,67.000000,12735.000000,8598.000000
0.000000,-22.247282,215.746292,216.811798,0.000000,0.000000,0.000000,15842.000000,7329.000000,5377.000000,236.000000,169.000000,64.000000,67.000000,12759.000000,8612.000000
0.000000,-21.623781,215.746292,216.823074,0.000000,0.000000,0.000000,15979.000000,7329.000000,5508.000000,236.000000,174.000000,64.000000,199.000000,12794.000000,8632.000000
0.000000,-21.203835,215.746292,216.825058,0.000000,0.000000,0.000000,15979.000000,7329.000000,5508.000000,236.000000,174.000000,64.000000,199.000000,12817.000000,8648.000000
0.000000,-20.525126,215.746292,216.808365,0.000000,0.000000,0.000000,15985.000000,7329.000000,5508.000000,236.000000,174.000000,64.000000,64.000000,12853.000000,8672.000000
0.000000,-20.062994,215.746292,216.791641,0.000000,0.000000,0.000000,15991.000000,7329.000000,5508.000000,236.000000,174.000000,65.000000,64.000000,12876.000000,8688.000000
0.000000,-19.331898,215.746292,216.732239,0.000000,0.000000,0.000000,15997.000000,7329.000000,5508.000000,236.000000,174.000000,65.000000,64.000000,12912.000000,8711.000000
0.000000,-18.816259,215.746292,216.707977,0.000000,0.000000,0.000000,16004.000000,7329.000000,5508.000000,236.000000,174.000000,67.000000,65.000000,12936.000000,8727.000000
0.000000,-18.039577,215.746292,216.645248,0.000000,0.000000,0.000000,16015.000000,7329.000000,5508.000000,236.000000,174.000000,67.000000,67.000000,12971.000000,8750.000000
0.000000,-17.492323,215.746292,216.602844,0.000000,0.000000,0.000000,16015.000000,7329.000000,5508.000000,236.000000,174.000000,67.000000,67.000000,12995.000000,8766.000000
0.000000,-16.632164,215.746292,216.543091,0.000000,0.000000,0.000000,16031.000000,7329.000000,5508.000000,236.000000,174.000000,67.000000,67.000000,13030.000000,8790.000000
0.000000,-16.043045,215.746292,216.527390,0.000000,0.000000,0.000000,16168.000000,7460.000000,5508.000000,240.000000,174.000000,199.000000,67.000000,13047.000000,8805.000000
0.000000,-15.143858,215.746292,216.520462,0.000000,0.000000,0.000000,16306.000000,7460.000000,5642.000000,240.000000,178.000000,64.000000,199.000000,13082.000000,8824.000000
0.000000,-14.626293,215.746292,216.519241,0.000000,0.000000,0.000000,16323.000000,7460.000000,5642.000000,240.000000,178.000000,65.000000,65.000000,13105.000000,8840.000000
0.000000,-13.892199,215.746292,216.518707,0.000000,0.000000,0.000000,16331.000000,7460.000000,5642.000000,240.000000,178.000000,67.000000,67.000000,13140.000000,8864.000000
0.000000,-13.430280,215.746292,216.518616,0.000000,0.000000,0.000000,16331.000000,7460.000000,5642.000000,240.000000,178.000000,67.000000,67.000000,13164.000000,8880.000000
0.000000,-12.792060,215.746292,216.466553,0.000000,0.000000,0.000000,16488.000000,7460.000000,5772.000000,240.000000,181.000000,67.000000,64.000000,13199.000000,8898.000000
0.000000,-12.410320,215.746292,216.426025,0.000000,0.000000,0.000000,16499.000000,7460.000000,5772.000000,240.000000,181.000000,67.000000,64.000000,13223.000000,8914.000000
0.000000,-11.943286,215.746292,216.367111,0.000000,0.000000,0.000000,16640.000000,7593.000000,5772.000000,243.000000,181.000000,199.000000,67.000000,13251.000000,8938.000000
0.000000,-11.681724,215.746292,216.333969,0.000000,0.000000,0.000000,16654.000000,7593.000000,5772.000000,243.000000,181.000000,64.000000,67.000000,13275.000000,8954.000000
0.000000,-11.357249,215.746292,216.260727,0.000000,0.000000,0.000000,16791.000000,7593.000000,5903.000000,243.000000,185.000000,64.000000,199.000000,13310.000000,8974.000000
0.000000,-11.203932,215.746292,216.211288,0.000000,0.000000,0.000000,16791.000000,7593.000000,5903.000000,243.000000,185.000000,64.000000,199.000000,13334.000000,8989.000000
0.000000,-11.048696,215.746292,216.130859,0.000000,0.000000,0.000000,16797.000000,7593.000000,5903.000000,243.000000,185.000000,65.000000,64.000000,13369.000000,9013.000000
0.000000,-11.000774,215.746292,216.080170,0.000000,0.000000,0.000000,16803.000000,7593.000000,5903.000000,243.000000,185.000000,65.000000,64.000000,13392.000000,9029.000000
0.000000,-11.022740,215.746292,216.027313,0.000000,0.000000,0.000000,16812.000000,7593.000000,5903.000000,243.000000,185.000000,67.000000,65.000000,13428.000000,9052.000000
0.000000,-11.110563,215.746292,216.004211,0.000000,0.000000,0.000000,16822.000000,7593.000000,5903.000000,243.000000,185.000000,67.000000,67.000000,13452.000000,9068.000000
0.000000,-11.329395,215.746292,215.959595,0.000000,0.000000,0.000000,16834.000000,7593.000000,5903.000000,243.000000,185.000000,67.000000,67.000000,13488.000000,9091.000000
0.000000,-11.533830,215.746292,215.951721,0.000000,0.000000,0.000000,16834.000000,7593.000000,5903.000000,243.000000,185.000000,67.000000,67.000000,13511.000000,9107.000000
0.000000,-11.896403,215.746292,215.948242,0.000000,0.000000,0.000000,16978.000000,7724.000000,5903.000000,246.000000,185.000000,64.000000,67.000000,13540.000000,9131.000000
0.000000,-12.169591,215.746292,215.947617,0.000000,0.000000,0.000000,17113.000000,7724.000000,6035.000000,246.000000,189.000000,64.000000,199.000000,13563.000000,9143.000000
0.000000,-12.632582,215.746292,215.975479,0.000000,0.000000,0.000000,17132.000000,7724.000000,6035.000000,246.000000,189.000000,67.000000,64.000000,13599.000000,9166.000000
0.000000,-12.981959,215.746292,215.985550,0.000000,0.000000,0.000000,17142.000000,7724.000000,6035.000000,246.000000,189.000000,67.000000,64.000000,13621.000000,9181.000000
0.000000,-13.544057,215.746292,216.024460,0.000000,0.000000,0.000000,17146.000000,7724.000000,6035.000000,246.000000,189.000000,67.000000,65.000000,13655.000000,9205.000000
0.000000,-13.951969,215.746292,216.031311,0.000000,0.000000,0.000000,17146.000000,7724.000000,6035.000000,246.000000,189.000000,67.000000,65.000000,13679.000000,9221.000000
0.000000,-14.628595,215.746292,216.034332,0.000000,0.000000,0.000000,17154.000000,7724.000000,6035.000000,246.000000,189.000000,67.000000,67.000000,13715.000000,9245.000000
0.000000,-15.125778,215.746292,216.034866,0.000000,0.000000,0.000000,17441.000000,7857.000000,6169.000000,250.000000,192.000000,64.000000,64.000000,13732.000000,9257.000000
0.000000,-15.920409,215.746292,216.035095,0.000000,0.000000,0.000000,17445.000000,7857.000000,6169.000000,250.000000,192.000000,64.000000,64.000000,13768.000000,9280.000000
0.000000,-16.480328,215.746292,216.035141,0.000000,0.000000,0.000000,17453.000000,7857.000000,6169.000000,250.000000,192.000000,64.000000,65.000000,13791.000000,9296.000000
0.000000,-17.359804,215.746292,216.035156,0.000000,0.000000,0.000000,17459.000000,7857.000000,6169.000000,250.000000,192.000000,65.000000,67.000000,13826.000000,9320.000000
0.000000,-17.965900,215.746292,216.035156,0.000000,0.000000,0.000000,17459.000000,7857.000000,6169.000000,250.000000,192.000000,65.000000,67.000000,13850.000000,9335.000000
0.000000,-18.899561,215.746292,216.035156,0.000000,0.000000,0.000000,17465.000000,7857.000000,6169.000000,250.000000,192.000000,65.000000,67.000000,13886.000000,9359.000000
0.000000,-19.529577,215.746292,216.035156,0.000000,0.000000,0.000000,17472.000000,7857.000000,6169.000000,250.000000,192.000000,67.000000,67.000000,13909.000000,9374.000000
0.000000,-20.469473,215.746292,216.035156,0.000000,0.000000,0.000000,17481.000000,7857.000000,6169.000000,250.000000,192.000000,67.000000,67.000000,13944.000000,9398.000000
0.000000,-21.115055,215.746292,216.035156,0.000000,0.000000,0.000000,17628.000000,7857.000000,6302.000000,250.000000,196.000000,67.000000,64.000000,13968.000000,9407.000000
0.000000,-22.128881,215.746292,216.035156,0.000000,0.000000,0.000000,17639.000000,7857.000000,6302.000000,250.000000,196.000000,67.000000,67.000000,14004.000000,9432.000000
0.000000,-22.807371,215.746292,216.035156,0.000000,0.000000,0.000000,17639.000000,7857.000000,6302.000000,250.000000,196.000000,67.000000,67.000000,14028.000000,9448.000000
0.000000,-23.733606,215.746292,216.035156,0.000000,0.000000,0.000000,17646.000000,7857.000000,6302.000000,250.000000,196.000000,67.000000,67.000000,14063.000000,9471.000000
0.000000,-24.127954,215.746292,216.035156,0.000000,0.000000,0.000000,17782.000000,7989.000000,6302.000000,253.000000,196.000000,199.000000,67.000000,14080.000000,9486.000000
0.000000,-24.412405,215.746292,216.052734,0.000000,0.000000,0.000000,17927.000000,7989.000000,6433.000000,253.000000,201.000000,64.000000,64.000000,14116.000000,9505.000000
0.000000,-24.445681,215.746292,216.104767,0.000000,0.000000,0.000000,17937.000000,7989.000000,6433.000000,253.000000,201.000000,65.000000,64.000000,14139.000000,9521.000000
0.000000,-24.357668,215.746292,216.233704,0.000000,0.000000,0.000000,17944.000000,7989.000000,6433.000000,253.000000,201.000000,67.000000,64.000000,14174.000000,9544.000000
0.000000,-24.241999,215.746292,216.292969,0.000000,0.000000,0.000000,17944.000000,7989.000000,6433.000000,253.000000,201.000000,67.000000,64.000000,14198.000000,9560.000000
0.000000,-24.019566,215.746292,216.422729,0.000000,0.000000,0.000000,17957.000000,7989.000000,6433.000000,253.000000,201.000000,99.000000,65.000000,14233.000000,9584.000000
0.000000,-23.845779,215.746292,216.484070,0.000000,0.000000,0.000000,17967.000000,7989.000000,6433.000000,253.000000,201.000000,99.000000,67.000000,14257.000000,9600.000000
0.000000,-23.592495,215.746292,216.563141,0.000000,0.000000,0.000000,18128.000000,8118.000000,6433.000000,257.000000,201.000000,67.000000,67.000000,14283.000000,9624.000000
0.000000,-23.334518,215.746292,216.590866,0.000000,0.000000,0.000000,18261.000000,8118.000000,6563.000000,257.000000,205.000000,67.000000,199.000000,14306.000000,9634.000000
0.000000,-22.876451,215.746292,216.637543,0.000000,0.000000,0.000000,18268.000000,8118.000000,6563.000000,257.000000,205.000000,67.000000,64.000000,14342.000000,9658.000000
0.000000,-22.536697,215.746292,216.645767,0.000000,0.000000,0.000000,18268.000000,8118.000000,6563.000000,257.000000,205.000000,67.000000,64.000000,14365.000000,9674.000000
0.000000,-21.999401,215.746292,216.621262,0.000000,0.000000,0.000000,18276.000000,8118.000000,6563.000000,257.000000,205.000000,67.000000,64.000000,14401.000000,9698.000000
0.000000,-21.644962,215.746292,216.594208,0.000000,0.000000,0.000000,18429.000000,8248.000000,6563.000000,261.000000,205.000000,64.000000,67.000000,14416.000000,9714.000000
0.000000,-21.075768,215.746292,216.551773,0.000000,0.000000,0.000000,18441.000000,8248.000000,6563.000000,261.000000,205.000000,64.000000,67.000000,14452.000000,9737.000000
0.000000,-20.687923,215.746292,216.512939,0.000000,0.000000,0.000000,18579.000000,8248.000000,6694.000000,261.000000,209.000000,65.000000,199.000000,14476.000000,9749.000000
0.000000,-20.136686,215.746292,216.482910,0.000000,0.000000,0.000000,18586.000000,8248.000000,6694.000000,261.000000,209.000000,67.000000,64.000000,14511.000000,9772.000000
0.000000,-19.771147,215.746292,216.477600,0.000000,0.000000,0.000000,18586.000000,8248.000000,6694.000000,261.000000,209.000000,67.000000,64.000000,14535.000000,9788.000000
0.000000,-19.204378,215.746292,216.475266,0.000000,0.000000,0.000000,18595.000000,8248.000000,6694.000000,261.000000,209.000000,67.000000,64.000000,14570.000000,9812.000000
0.000000,-18.798283,215.746292,216.474854,0.000000,0.000000,0.000000,18609.000000,8248.000000,6694.000000,261.000000,209.000000,67.000000,67.000000,14594.000000,9827.000000
0.000000,-18.150063,215.746292,216.446548,0.000000,0.000000,0.000000,18620.000000,8248.000000,6694.000000,261.000000,209.000000,67.000000,67.000000,14629.000000,9851.000000
0.000000,-17.739254,215.746292,216.418808,0.000000,0.000000,0.000000,18895.000000,8383.000000,6824.000000,267.000000,213.000000,199.000000,64.000000,14644.000000,9861.000000
0.000000,-17.035240,215.746292,216.365540,0.000000,0.000000,0.000000,18921.000000,8383.000000,6824.000000,267.000000,213.000000,67.000000,64.000000,14679.000000,9885.000000
0.000000,-16.565971,215.746292,216.350983,0.000000,0.000000,0.000000,18921.000000,8383.000000,6824.000000,267.000000,213.000000,67.000000,64.000000,14703.000000,9901.000000
0.000000,-15.943202,215.746292,216.344559,0.000000,0.000000,0.000000,18927.000000,8383.000000,6824.000000,267.000000,213.000000,67.000000,64.000000,14739.000000,9923.000000
0.000000,-15.583832,215.746292,216.343430,0.000000,0.000000,0.000000,19071.000000,8515.000000,6824.000000,271.000000,213.000000,199.000000,67.000000,14755.000000,9939.000000
0.000000,-15.106565,215.746292,216.342926,0.000000,0.000000,0.000000,19078.000000,8515.000000,6824.000000,271.000000,213.000000,64.000000,67.000000,14790.000000,9963.000000
0.000000,-14.827422,215.746292,216.325256,0.000000,0.000000,0.000000,19098.000000,8515.000000,6824.000000,271.000000,213.000000,67.000000,67.000000,14813.000000,9979.000000
0.000000,-14.497838,215.746292,216.304550,0.000000,0.000000,0.000000,19239.000000,8515.000000,6955.000000,271.000000,217.000000,67.000000,199.000000,14847.000000,9999.000000
0.000000,-14.338839,215.746292,216.300903,0.000000,0.000000,0.000000,19239.000000,8515.000000,6955.000000,271.000000,217.000000,67.000000,199.000000,14871.000000,10014.000000
0.000000,-14.183493,215.746292,216.281708,0.000000,0.000000,0.000000,19246.000000,8515.000000,6955.000000,271.000000,217.000000,67.000000,64.000000,14906.000000,10038.000000
0.000000,-14.131501,215.746292,216.264557,0.000000,0.000000,0.000000,19411.000000,8648.000000,6955.000000,274.000000,217.000000,67.000000,67.000000,14921.000000,10052.000000
0.000000,-14.131577,215.746292,216.256973,0.000000,0.000000,0.000000,19424.000000,8648.000000,6955.000000,274.000000,217.000000,67.000000,67.000000,14957.000000,10076.000000
0.000000,-14.185945,215.746292,216.255646,0.000000,0.000000,0.000000,19433.000000,8648.000000,6955.000000,274.000000,217.000000,67.000000,67.000000,14981.000000,10092.000000
0.000000,-14.364574,215.746292,216.255066,0.000000,0.000000,0.000000,19708.000000,8780.000000,7089.000000,278.000000,221.000000,64.000000,64.000000,15010.000000,10110.000000
0.000000,-14.561598,215.746292,216.254959,0.000000,0.000000,0.000000,19708.000000,8780.000000,7089.000000,278.000000,221.000000,64.000000,64.000000,15033.000000,10126.000000
0.000000,-14.944676,215.746292,216.254913,0.000000,0.000000,0.000000,19717.000000,8780.000000,7089.000000,278.000000,221.000000,64.000000,64.000000,15069.000000,10150.000000
0.000000,-15.262191,215.746292,216.254913,0.000000,0.000000,0.000000,19729.000000,8780.000000,7089.000000,278.000000,221.000000,65.000000,67.000000,15093.000000,10166.000000
0.000000,-15.817657,215.746292,216.254913,0.000000,0.000000,0.000000,19736.000000,8780.000000,7089.000000,278.000000,221.000000,67.000000,67.000000,15129.000000,10189.000000
0.000000,-16.240971,215.746292,216.254913,0.000000,0.000000,0.000000,19742.000000,8780.000000,7089.000000,278.000000,221.000000,67.000000,67.000000,15153.000000,10204.000000
0.000000,-16.910507,215.746292,216.254913,0.000000,0.000000,0.000000,19748.000000,8780.000000,7089.000000,278.000000,221.000000,67.000000,67.000000,15188.000000,10228.000000
0.000000,-17.396393,215.746292,216.254913,0.000000,0.000000,0.000000,19748.000000,8780.000000,7089.000000,278.000000,221.000000,67.000000,67.000000,15211.000000,10244.000000
0.000000,-18.162720,215.746292,216.254913,0.000000,0.000000,0.000000,19890.000000,8780.000000,7220.000000,278.000000,225.000000,67.000000,199.000000,15246.000000,10264.000000
0.000000,-18.697947,215.746292,216.254913,0.000000,0.000000,0.000000,20030.000000,8911.000000,7220.000000,282.000000,225.000000,64.000000,64.000000,15263.000000,10280.000000
0.000000,-19.546017,215.746292,216.254913,0.000000,0.000000,0.000000,20036.000000,8911.000000,7220.000000,282.000000,225.000000,64.000000,64.000000,15298.000000,10303.000000
0.000000,-20.123203,215.746292,216.254913,0.000000,0.000000,0.000000,20042.000000,8911.000000,7220.000000,282.000000,225.000000,64.000000,64.000000,15321.000000,10319.000000
0.000000,-21.015806,215.746292,216.289352,0.000000,0.000000,0.000000,20054.000000,8911.000000,7220.000000,282.000000,225.000000,67.000000,65.000000,15357.000000,10342.000000
0.000000,-21.637325,215.746292,216.295425,0.000000,0.000000,0.000000,20054.000000,8911.000000,7220.000000,282.000000,225.000000,67.000000,65.000000,15381.000000,10358.000000
0.000000,-22.607000,215.746292,216.298111,0.000000,0.000000,0.000000,20208.000000,8911.000000,7350.000000,282.000000,228.000000,67.000000,199.000000,15416.000000,10377.000000
0.000000,-23.255972,215.746292,216.298584,0.000000,0.000000,0.000000,20352.000000,9041.000000,7350.000000,287.000000,228.000000,199.000000,64.000000,15432.000000,10392.000000
0.000000,-24.014969,215.746292,216.292465,0.000000,0.000000,0.000000,20357.000000,9041.000000,7350.000000,287.000000,228.000000,64.000000,64.000000,15467.000000,10416.000000
0.000000,-24.331234,215.746292,216.296555,0.000000,0.000000,0.000000,20364.000000,9041.000000,7350.000000,287.000000,228.000000,64.000000,65.000000,15491.000000,10432.000000
0.000000,-24.567095,215.746292,216.298340,0.000000,0.000000,0.000000,20371.000000,9041.000000,7350.000000,287.000000,228.000000,64.000000,67.000000,15526.000000,10456.000000
0.000000,-24.577217,215.746292,216.316254,0.000000,0.000000,0.000000,20371.000000,9041.000000,7350.000000,287.000000,228.000000,64.000000,67.000000,15550.000000,10472.000000
0.000000,-24.514700,215.746292,216.417206,0.000000,0.000000,0.000000,20380.000000,9041.000000,7350.000000,287.000000,228.000000,65.000000,67.000000,15585.000000,10494.000000
0.000000,-24.460592,215.746292,216.471527,0.000000,0.000000,0.000000,20391.000000,9041.000000,7350.000000,287.000000,228.000000,67.000000,67.000000,15608.000000,10510.000000
0.000000,-24.334738,215.746292,216.570969,0.000000,0.000000,0.000000,20534.000000,9041.000000,7480.000000,287.000000,232.000000,67.000000,64.000000,15644.000000,10530.000000
0.000000,-24.238609,215.746292,216.639389,0.000000,0.000000,0.000000,20682.000000,9170.000000,7480.000000,291.000000,232.000000,135.000000,65.000000,15660.000000,10545.000000
0.000000,-24.037378,215.746292,216.710587,0.000000,0.000000,0.000000,20694.000000,9170.000000,7480.000000,291.000000,232.000000,64.000000,67.000000,15696.000000,10568.000000
0.000000,-23.827665,215.746292,216.728317,0.000000,0.000000,0.000000,20694.000000,9170.000000,7480.000000,291.000000,232.000000,64.000000,67.000000,15719.000000,10584.000000
0.000000,-23.455385,215.746292,216.770584,0.000000,0.000000,0.000000,20710.000000,9170.000000,7480.000000,291.000000,232.000000,65.000000,67.000000,15754.000000,10608.000000
0.000000,-23.162289,215.746292,216.778030,0.000000,0.000000,0.000000,20846.000000,9170.000000,7610.000000,291.000000,237.000000,67.000000,199.000000,15777.000000,10620.000000
0.000000,-22.662346,215.746292,216.763748,0.000000,0.000000,0.000000,20853.000000,9170.000000,7610.000000,291.000000,237.000000,67.000000,64.000000,15813.000000,10643.000000
0.000000,-22.308836,215.746292,216.747452,0.000000,0.000000,0.000000,20862.000000,9170.000000,7610.000000,291.000000,237.000000,67.000000,64.000000,15837.000000,10658.000000
0.000000,-21.778336,215.746292,216.688232,0.000000,0.000000,0.000000,20875.000000,9170.000000,7610.000000,291.000000,237.000000,67.000000,65.000000,15872.000000,10682.000000
0.000000,-21.426245,215.746292,216.646439,0.000000,0.000000,0.000000,20875.000000,9170.000000,7610.000000,291.000000,237.000000,67.000000,65.000000,15896.000000,10698.000000
0.000000,-20.890574,215.746292,216.569382,0.000000,0.000000,0.000000,21019.000000,9302.000000,7610.000000,295.000000,237.000000,64.000000,67.000000,15925.000000,10722.000000
0.000000,-20.535336,215.746292,216.519287,0.000000,0.000000,0.000000,21026.000000,9302.000000,7610.000000,295.000000,237.000000,64.000000,67.000000,15949.000000,10738.000000
0.000000,-19.980753,215.746292,216.484268,0.000000,0.000000,0.000000,21162.000000,9302.000000,7739.000000,295.000000,241.000000,64.000000,64.000000,15984.000000,10755.000000
0.000000,-19.596519,215.746292,216.506210,0.000000,0.000000,0.000000,21169.000000,9302.000000,7739.000000,295.000000,241.000000,65.000000,64.000000,16007.000000,10770.000000
0.000000,-19.001980,215.746292,216.515900,0.000000,0.000000,0.000000,21184.000000,9302.000000,7739.000000,295.000000,241.000000,67.000000,64.000000,16042.000000,10794.000000
0.000000,-18.572292,215.746292,216.517593,0.000000,0.000000,0.000000,21184.000000,9302.000000,7739.000000,295.000000,241.000000,67.000000,64.000000,16066.000000,10810.000000
0.000000,-17.885981,215.746292,216.490219,0.000000,0.000000,0.000000,21192.000000,9302.000000,7739.000000,295.000000,241.000000,67.000000,65.000000,16102.000000,10834.000000
0.000000,-17.412334,215.746292,216.480240,0.000000,0.000000,0.000000,21202.000000,9302.000000,7739.000000,295.000000,241.000000,67.000000,67.000000,16126.000000,10849.000000
0.000000,-16.791758,215.746292,216.447708,0.000000,0.000000,0.000000,21344.000000,9434.000000,7739.000000,299.000000,241.000000,64.000000,67.000000,16153.000000,10873.000000
0.000000,-16.427626,215.746292,216.436813,0.000000,0.000000,0.000000,21504.000000,9434.000000,7874.000000,299.000000,245.000000,67.000000,199.000000,16177.000000,10883.000000
0.000000,-15.929999,215.746292,216.397552,0.000000,0.000000,0.000000,21511.000000,9434.000000,7874.000000,299.000000,245.000000,67.000000,64.000000,16213.000000,10908.000000
0.000000,-15.635270,215.746292,216.362503,0.000000,0.000000,0.000000,21511.000000,9434.000000,7874.000000,299.000000,245.000000,67.000000,64.000000,16236.000000,10923.000000
0.000000,-15.270879,215.746292,216.312592,0.000000,0.000000,0.000000,21650.000000,9564.000000,7874.000000,302.000000,245.000000,199.000000,65.000000,16263.000000,10946.000000
0.000000,-15.099072,215.746292,216.275665,0.000000,0.000000,0.000000,21666.000000,9564.000000,7874.000000,302.000000,245.000000,64.000000,67.000000,16287.000000,10961.000000
0.000000,-14.926460,215.746292,216.241791,0.000000,0.000000,0.000000,21687.000000,9564.000000,7874.000000,302.000000,245.000000,67.000000,67.000000,16320.000000,10985.000000
0.000000,-14.869011,215.746292,216.204483,0.000000,0.000000,0.000000,21827.000000,9564.000000,8007.000000,302.000000,249.000000,67.000000,199.000000,16344.000000,10997.000000
0.000000,-14.854832,215.746292,216.146988,0.000000,0.000000,0.000000,21835.000000,9564.000000,8007.000000,302.000000,249.000000,67.000000,64.000000,16380.000000,11021.000000
0.000000,-14.903620,215.746292,216.131683,0.000000,0.000000,0.000000,21835.000000,9564.000000,8007.000000,302.000000,249.000000,67.000000,64.000000,16404.000000,11036.000000
0.000000,-15.083233,215.746292,216.096802,0.000000,0.000000,0.000000,21845.000000,9564.000000,8007.000000,302.000000,249.000000,67.000000,65.000000,16439.000000,11060.000000
0.000000,-15.276931,215.746292,216.085480,0.000000,0.000000,0.000000,21984.000000,9694.000000,8007.000000,306.000000,249.000000,199.000000,67.000000,16457.000000,11075.000000
0.000000,-15.672256,215.746292,216.080490,0.000000,0.000000,0.000000,22001.000000,9694.000000,8007.000000,306.000000,249.000000,64.000000,67.000000,16492.000000,11099.000000
0.000000,-16.007372,215.746292,216.051498,0.000000,0.000000,0.000000,22007.000000,9694.000000,8007.000000,306.000000,249.000000,65.000000,67.000000,16515.000000,11115.000000
0.000000,-16.592712,215.746292,216.038696,0.000000,0.000000,0.000000,22146.000000,9694.000000,8140.000000,306.000000,253.000000,67.000000,64.000000,16551.000000,11132.000000
0.000000,-17.026052,215.746292,216.064560,0.000000,0.000000,0.000000,22146.000000,9694.000000,8140.000000,306.000000,253.000000,67.000000,64.000000,16574.000000,11148.000000
0.000000,-17.710070,215.746292,216.069641,0.000000,0.000000,0.000000,22163.000000,9694.000000,8140.000000,306.000000,253.000000,67.000000,64.000000,16607.000000,11172.000000
0.000000,-18.171175,215.746292,216.075699,0.000000,0.000000,0.000000,22303.000000,9823.000000,8140.000000,312.000000,253.000000,64.000000,65.000000,16625.000000,11188.000000
0.000000,-18.945589,215.746292,216.078384,0.000000,0.000000,0.000000,22313.000000,9823.000000,8140.000000,312.000000,253.000000,64.000000,67.000000,16661.000000,11210.000000
0.000000,-19.495270,215.746292,216.078857,0.000000,0.000000,0.000000,22321.000000,9823.000000,8140.000000,312.000000,253.000000,64.000000,67.000000,16685.000000,11226.000000
0.000000,-20.324932,215.746292,216.079056,0.000000,0.000000,0.000000,22473.000000,9823.000000,8271.000000,312.000000,257.000000,67.000000,199.000000,16719.000000,11246.000000
0.000000,-20.919651,215.746292,216.079102,0.000000,0.000000,0.000000,22473.000000,9823.000000,8271.000000,312.000000,257.000000,67.000000,199.000000,16743.000000,11262.000000
0.000000,-21.849670,215.746292,216.079102,0.000000,0.000000,0.000000,22480.000000,9823.000000,8271.000000,312.000000,257.000000,67.000000,64.000000,16778.000000,11286.000000
0.000000,-22.490286,215.746292,216.079102,0.000000,0.000000,0.000000,22490.000000,9823.000000,8271.000000,312.000000,257.000000,67.000000,64.000000,16802.000000,11301.000000
0.000000,-23.456793,215.746292,216.079102,0.000000,0.000000,0.000000,22629.000000,9954.000000,8271.000000,317.000000,257.000000,199.000000,67.000000,16830.000000,11325.000000
0.000000,-23.951353,215.746292,216.079102,0.000000,0.000000,0.000000,22636.000000,9954.000000,8271.000000,317.000000,257.000000,64.000000,67.000000,16853.000000,11341.000000
0.000000,-24.409098,215.746292,216.079102,0.000000,0.000000,0.000000,22642.000000,9954.000000,8271.000000,317.000000,257.000000,64.000000,67.000000,16889.000000,11364.000000
0.000000,-24.603800,215.746292,216.079102,0.000000,0.000000,0.000000,22642.000000,9954.000000,8271.000000,317.000000,257.000000,64.000000,67.000000,16913.000000,11380.000000
0.000000,-24.765497,215.746292,216.159256,0.000000,0.000000,0.000000,22650.000000,9954.000000,8271.000000,317.000000,257.000000,64.000000,75.000000,16949.000000,11403.000000
0.000000,-24.836914,215.746292,216.192352,0.000000,0.000000,0.000000,22801.000000,9954.000000,8403.000000,317.000000,261.000000,99.000000,64.000000,16971.000000,11415.000000
0.000000,-24.925611,215.746292,216.287094,0.000000,0.000000,0.000000,22810.000000,9954.000000,8403.000000,317.000000,261.000000,99.000000,65.000000,17006.000000,11439.000000
0.000000,-24.964783,215.746292,216.340317,0.000000,0.000000,0.000000,22821.000000,9954.000000,8403.000000,317.000000,261.000000,99.000000,67.000000,17030.000000,11455.000000
0.000000,-24.997547,215.746292,216.404831,0.000000,0.000000,0.000000,22969.000000,10088.000000,8403.000000,322.000000,261.000000,199.000000,67.000000,17057.000000,11479.000000
0.000000,-25.004560,215.746292,216.449509,0.000000,0.000000,0.000000,22986.000000,10088.000000,8403.000000,322.000000,261.000000,99.000000,67.000000,17078.000000,11494.000000
0.000000,-24.987219,215.746292,216.497314,0.000000,0.000000,0.000000,23132.000000,10088.000000,8536.000000,322.000000,264.000000,107.000000,199.000000,17113.000000,11513.000000
0.000000,-24.972712,215.746292,216.510910,0.000000,0.000000,0.000000,23279.000000,10223.000000,8536.000000,325.000000,264.000000,97.000000,64.000000,17127.000000,11529.000000
0.000000,-24.958143,215.746292,216.516907,0.000000,0.000000,0.000000,23298.000000,10223.000000,8536.000000,325.000000,264.000000,99.000000,65.000000,17162.000000,11553.000000
0.000000,-24.963902,215.746292,216.517960,0.000000,0.000000,0.000000,23436.000000,10353.000000,8536.000000,330.000000,264.000000,199.000000,65.000000,17178.000000,11569.000000
0.000000,-24.992247,215.746292,216.455856,0.000000,0.000000,0.000000,23459.000000,10353.000000,8536.000000,330.000000,264.000000,64.000000,67.000000,17213.000000,11592.000000
0.000000,-25.000736,215.746292,216.422165,0.000000,0.000000,0.000000,23459.000000,10353.000000,8536.000000,330.000000,264.000000,64.000000,67.000000,17236.000000,11608.000000
0.000000,-25.003660,215.746292,216.394379,0.000000,0.000000,0.000000,23602.000000,10353.000000,8667.000000,330.000000,269.000000,67.000000,199.000000,17270.000000,11628.000000
0.000000,-25.008980,215.746292,216.417618,0.000000,0.000000,0.000000,23620.000000,10353.000000,8667.000000,330.000000,269.000000,67.000000,64.000000,17291.000000,11643.000000
0.000000,-25.014328,215.746292,216.427872,0.000000,0.000000,0.000000,23767.000000,10489.000000,8667.000000,334.000000,269.000000,64.000000,65.000000,17319.000000,11666.000000
0.000000,-25.016691,215.746292,216.412094,0.000000,0.000000,0.000000,23775.000000,10489.000000,8667.000000,334.000000,269.000000,65.000000,67.000000,17343.000000,11682.000000
0.000000,-25.006870,215.746292,216.374634,0.000000,0.000000,0.000000,23792.000000,10489.000000,8667.000000,334.000000,269.000000,67.000000,67.000000,17378.000000,11706.000000
0.000000,-25.005701,215.746292,216.354248,0.000000,0.000000,0.000000,23792.000000,10489.000000,8667.000000,334.000000,269.000000,67.000000,67.000000,17402.000000,11722.000000
0.000000,-25.006712,215.746292,216.345261,0.000000,0.000000,0.000000,23932.000000,10489.000000,8797.000000,334.000000,273.000000,67.000000,199.000000,17437.000000,11742.000000
0.000000,-25.011187,215.746292,216.343674,0.000000,0.000000,0.000000,24097.000000,10620.000000,8797.000000,339.000000,273.000000,99.000000,64.000000,17449.000000,11757.000000
0.000000,-25.010920,215.746292,216.342987,0.000000,0.000000,0.000000,24245.000000,10751.000000,8797.000000,344.000000,273.000000,199.000000,64.000000,17476.000000,11780.000000
0.000000,-25.014227,215.746292,216.342850,0.000000,0.000000,0.000000,24261.000000,10751.000000,8797.000000,344.000000,273.000000,64.000000,67.000000,17498.000000,11796.000000
0.000000,-25.012793,215.746292,216.342804,0.000000,0.000000,0.000000,24276.000000,10751.000000,8797.000000,344.000000,273.000000,65.000000,67.000000,17533.000000,11820.000000
0.000000,-25.009977,215.746292,216.342804,0.000000,0.000000,0.000000,24276.000000,10751.000000,8797.000000,344.000000,273.000000,65.000000,67.000000,17557.000000,11836.000000
0.000000,-25.014936,215.746292,216.342804,0.000000,0.000000,0.000000,24425.000000,10751.000000,8929.000000,344.000000,277.000000,67.000000,199.000000,17593.000000,11855.000000
0.000000,-25.011520,215.746292,216.342804,0.000000,0.000000,0.000000,24564.000000,10881.000000,8929.000000,349.000000,277.000000,199.000000,64.000000,17610.000000,11871.000000
0.000000,-25.009295,215.746292,216.342804,0.000000,0.000000,0.000000,24576.000000,10881.000000,8929.000000,349.000000,277.000000,64.000000,64.000000,17645.000000,11895.000000
0.000000,-25.007450,215.746292,216.342804,0.000000,0.000000,0.000000,24605.000000,10881.000000,8929.000000,349.000000,277.000000,99.000000,67.000000,17665.000000,11911.000000
0.000000,-25.013386,215.746292,216.342804,0.000000,0.000000,0.000000,24613.000000,10881.000000,8929.000000,349.000000,277.000000,99.000000,67.000000,17701.000000,11934.000000
0.000000,-25.010408,215.746292,216.342804,0.000000,0.000000,0.000000,24613.000000,10881.000000,8929.000000,349.000000,277.000000,99.000000,67.000000,17724.000000,11949.000000
0.000000,-25.015203,215.746292,216.342804,0.000000,0.000000,0.000000,24757.000000,11013.000000,8929.000000,353.000000,277.000000,64.000000,67.000000,17754.000000,11973.000000
0.000000,-25.010729,215.746292,216.342804,0.000000,0.000000,0.000000,24899.000000,11013.000000,9061.000000,353.000000,281.000000,65.000000,64.000000,17777.000000,11984.000000
0.000000,-25.015400,215.746292,216.342804,0.000000,0.000000,0.000000,24914.000000,11013.000000,9061.000000,353.000000,281.000000,67.000000,64.000000,17813.000000,12008.000000
0.000000,-25.017464,215.746292,216.342804,0.000000,0.000000,0.000000,24923.000000,11013.000000,9061.000000,353.000000,281.000000,67.000000,65.000000,17837.000000,12024.000000
0.000000,-25.014772,215.746292,216.342804,0.000000,0.000000,0.000000,24931.000000,11013.000000,9061.000000,353.000000,281.000000,67.000000,67.000000,17873.000000,12047.000000
0.000000,-25.017014,215.746292,216.342804,0.000000,0.000000,0.000000,24931.000000,11013.000000,9061.000000,353.000000,281.000000,67.000000,67.000000,17896.000000,12062.000000
0.000000,-25.019260,215.746292,216.342804,0.000000,0.000000,0.000000,25077.000000,11145.000000,9061.000000,356.000000,281.000000,64.000000,67.000000,17924.000000,12086.000000
0.000000,-25.020258,215.746292,216.342804,0.000000,0.000000,0.000000,25217.000000,11145.000000,9191.000000,356.000000,287.000000,64.000000,199.000000,17948.000000,12098.000000
0.000000,-25.021254,215.746292,216.342804,0.000000,0.000000,0.000000,25231.000000,11145.000000,9191.000000,356.000000,287.000000,67.000000,64.000000,17983.000000,12121.000000
0.000000,-25.021698,215.746292,216.342804,0.000000,0.000000,0.000000,25239.000000,11145.000000,9191.000000,356.000000,287.000000,67.000000,64.000000,18007.000000,12137.000000
0.000000,-25.022135,215.746292,216.342804,0.000000,0.000000,0.000000,25251.000000,11145.000000,9191.000000,356.000000,287.000000,67.000000,67.000000,18042.000000,12161.000000
0.000000,-25.022327,215.746292,216.342804,0.000000,0.000000,0.000000,25251.000000,11145.000000,9191.000000,356.000000,287.000000,67.000000,67.000000,18066.000000,12177.000000
0.000000,-25.022524,215.746292,216.342804,0.000000,0.000000,0.000000,25261.000000,11145.000000,9191.000000,356.000000,287.000000,67.000000,67.000000,18102.000000,12201.000000
0.000000,-25.017014,215.746292,216.342804,0.000000,0.000000,0.000000,25398.000000,11276.000000,9191.000000,360.000000,287.000000,199.000000,67.000000,18120.000000,12216.000000
0.000000,-25.019260,215.746292,216.342804,0.000000,0.000000,0.000000,25536.000000,11276.000000,9322.000000,360.000000,290.000000,64.000000,64.000000,18155.000000,12235.000000
0.000000,-25.020258,215.746292,216.342804,0.000000,0.000000,0.000000,25542.000000,11276.000000,9322.000000,360.000000,290.000000,64.000000,64.000000,18178.000000,12251.000000
0.000000,-25.021254,215.746292,216.342804,0.000000,0.000000,0.000000,25561.000000,11276.000000,9322.000000,360.000000,290.000000,67.000000,64.000000,18213.000000,12275.000000
0.000000,-25.021698,215.746292,216.342804,0.000000,0.000000,0.000000,25561.000000,11276.000000,9322.000000,360.000000,290.000000,67.000000,64.000000,18236.000000,12291.000000
0.000000,-25.022135,215.746292,216.342804,0.000000,0.000000,0.000000,25579.000000,11276.000000,9322.000000,360.000000,290.000000,67.000000,67.000000,18272.000000,12314.000000
0.000000,-25.022327,215.746292,216.342804,0.000000,0.000000,0.000000,25738.000000,11412.000000,9322.000000,366.000000,290.000000,67.000000,67.000000,18287.000000,12329.000000
0.000000,-25.016916,215.746292,216.342804,0.000000,0.000000,0.000000,25745.000000,11412.000000,9322.000000,366.000000,290.000000,67.000000,67.000000,18322.000000,12353.000000
0.000000,-25.018562,215.746292,216.342804,0.000000,0.000000,0.000000,26020.000000,11541.000000,9457.000000,370.000000,294.000000,135.000000,64.000000,18339.000000,12365.000000
0.000000,-25.020216,215.746292,216.342804,0.000000,0.000000,0.000000,26045.000000,11541.000000,9457.000000,370.000000,294.000000,99.000000,64.000000,18373.000000,12389.000000
0.000000,-25.020947,215.746292,216.342804,0.000000,0.000000,0.000000,26045.000000,11541.000000,9457.000000,370.000000,294.000000,99.000000,64.000000,18396.000000,12404.000000
0.000000,-25.021677,215.746292,216.342804,0.000000,0.000000,0.000000,26053.000000,11541.000000,9457.000000,370.000000,294.000000,99.000000,65.000000,18432.000000,12428.000000
0.000000,-25.022005,215.746292,216.342804,0.000000,0.000000,0.000000,26069.000000,11541.000000,9457.000000,370.000000,294.000000,99.000000,67.000000,18455.000000,12444.000000
0.000000,-25.022327,215.746292,216.349106,0.000000,0.000000,0.000000,26236.000000,11673.000000,9457.000000,373.000000,294.000000,107.000000,67.000000,18476.000000,12468.000000
0.000000,-25.022470,215.746292,216.345062,0.000000,0.000000,0.000000,26502.000000,11802.000000,9589.000000,377.000000,297.000000,64.000000,199.000000,18494.000000,12479.000000
0.000000,-25.022614,215.746292,216.343277,0.000000,0.000000,0.000000,26528.000000,11802.000000,9589.000000,377.000000,297.000000,99.000000,64.000000,18524.000000,12502.000000
0.000000,-25.017075,215.746292,216.342972,0.000000,0.000000,0.000000,26528.000000,11802.000000,9589.000000,377.000000,297.000000,99.000000,64.000000,18548.000000,12518.000000
0.000000,-25.014534,215.746292,216.342834,0.000000,0.000000,0.000000,26545.000000,11802.000000,9589.000000,377.000000,297.000000,107.000000,65.000000,18582.000000,12542.000000
0.000000,-25.016834,215.746292,216.342804,0.000000,0.000000,0.000000,26695.000000,11937.000000,9589.000000,381.000000,297.000000,97.000000,67.000000,18596.000000,12558.000000
0.000000,-25.019150,215.746292,216.342804,0.000000,0.000000,0.000000,26711.000000,11937.000000,9589.000000,381.000000,297.000000,99.000000,67.000000,18631.000000,12582.000000
0.000000,-25.020176,215.746292,216.342804,0.000000,0.000000,0.000000,26981.000000,12061.000000,9719.000000,386.000000,300.000000,133.000000,64.000000,18646.000000,12592.000000
0.000000,-25.021206,215.746292,216.342804,0.000000,0.000000,0.000000,27157.000000,12207.000000,9719.000000,392.000000,300.000000,231.000000,64.000000,18664.000000,12616.000000
0.000000,-25.021658,215.746292,216.342804,0.000000,0.000000,0.000000,27158.000000,12207.000000,9719.000000,392.000000,300.000000,64.000000,64.000000,18688.000000,12631.000000
0.000000,-25.015524,215.746292,216.342804,0.000000,0.000000,0.000000,27168.000000,12207.000000,9719.000000,392.000000,300.000000,65.000000,64.000000,18724.000000,12655.000000
0.000000,-25.017559,215.746292,216.342804,0.000000,0.000000,0.000000,27330.000000,12339.000000,9719.000000,398.000000,300.000000,199.000000,67.000000,18740.000000,12670.000000
0.000000,-25.013010,215.746292,216.342804,0.000000,0.000000,0.000000,27341.000000,12339.000000,9719.000000,398.000000,300.000000,64.000000,67.000000,18776.000000,12694.000000
0.000000,-25.015736,215.746292,216.342804,0.000000,0.000000,0.000000,27486.000000,12339.000000,9850.000000,398.000000,304.000000,65.000000,64.000000,18798.000000,12706.000000
0.000000,-25.018480,215.746292,216.342804,0.000000,0.000000,0.000000,27503.000000,12339.000000,9850.000000,398.000000,304.000000,67.000000,64.000000,18834.000000,12730.000000
0.000000,-25.019690,215.746292,216.342804,0.000000,0.000000,0.000000,27503.000000,12339.000000,9850.000000,398.000000,304.000000,67.000000,64.000000,18858.000000,12746.000000
0.000000,-25.016146,215.746292,216.342804,0.000000,0.000000,0.000000,27647.000000,12468.000000,9850.000000,402.000000,304.000000,96.000000,65.000000,18887.000000,12768.000000
0.000000,-25.018003,215.746292,216.353333,0.000000,0.000000,0.000000,27662.000000,12468.000000,9850.000000,402.000000,304.000000,96.000000,67.000000,18910.000000,12784.000000
0.000000,-25.013277,215.746292,216.355621,0.000000,0.000000,0.000000,27677.000000,12468.000000,9850.000000,402.000000,304.000000,99.000000,67.000000,18945.000000,12808.000000
0.000000,-25.015934,215.746292,216.347412,0.000000,0.000000,0.000000,27685.000000,12468.000000,9850.000000,402.000000,304.000000,99.000000,67.000000,18969.000000,12824.000000
0.000000,-25.018604,215.746292,216.343781,0.000000,0.000000,0.000000,27958.000000,12601.000000,9982.000000,406.000000,308.000000,199.000000,199.000000,18995.000000,12844.000000
0.000000,-25.013187,215.746292,216.343140,0.000000,0.000000,0.000000,27958.000000,12601.000000,9982.000000,406.000000,308.000000,199.000000,199.000000,19022.000000,12859.000000
0.000000,-25.016911,215.746292,216.353409,0.000000,0.000000,0.000000,27966.000000,12601.000000,9982.000000,406.000000,308.000000,64.000000,64.000000,19057.000000,12883.000000
0.000000,-25.018557,215.746292,216.346619,0.000000,0.000000,0.000000,27993.000000,12601.000000,9982.000000,406.000000,308.000000,67.000000,67.000000,19079.000000,12899.000000
0.000000,-25.020208,215.746292,216.343628,0.000000,0.000000,0.000000,28005.000000,12601.000000,9982.000000,406.000000,308.000000,67.000000,67.000000,19115.000000,12922.000000
0.000000,-25.020941,215.746292,216.343094,0.000000,0.000000,0.000000,28283.000000,12738.000000,10113.000000,411.000000,311.000000,199.000000,199.000000,19129.000000,12934.000000
0.000000,-25.021671,215.746292,216.342850,0.000000,0.000000,0.000000,28314.000000,12738.000000,10113.000000,411.000000,311.000000,99.000000,64.000000,19165.000000,12957.000000
0.000000,-25.021999,215.746292,216.342819,0.000000,0.000000,0.000000,28479.000000,12873.000000,10113.000000,418.000000,311.000000,99.000000,64.000000,19175.000000,12973.000000
0.000000,-25.022320,215.746292,216.342804,0.000000,0.000000,0.000000,28626.000000,13005.000000,10113.000000,422.000000,311.000000,64.000000,64.000000,19203.000000,12997.000000
0.000000,-25.022463,215.746292,216.342804,0.000000,0.000000,0.000000,28802.000000,13135.000000,10113.000000,426.000000,311.000000,96.000000,67.000000,19214.000000,13013.000000
0.000000,-25.022606,215.746292,216.342804,0.000000,0.000000,0.000000,28993.000000,13267.000000,10113.000000,429.000000,311.000000,99.000000,67.000000,19232.000000,13035.000000
0.000000,-25.022669,215.746292,216.342804,0.000000,0.000000,0.000000,29159.000000,13396.000000,10113.000000,433.000000,311.000000,99.000000,67.000000,19246.000000,13051.000000
0.000000,-25.017975,215.746292,216.342804,0.000000,0.000000,0.000000,29438.000000,13528.000000,10247.000000,436.000000,315.000000,96.000000,199.000000,19270.000000,13070.000000
0.000000,-25.019329,215.746292,216.342804,0.000000,0.000000,0.000000,29448.000000,13528.000000,10247.000000,436.000000,315.000000,99.000000,199.000000,19295.000000,13086.000000
0.000000,-25.020687,215.746292,216.366699,0.000000,0.000000,0.000000,29605.000000,13659.000000,10247.000000,440.000000,315.000000,97.000000,64.000000,19318.000000,13110.000000
0.000000,-25.021282,215.746292,216.351395,0.000000,0.000000,0.000000,29621.000000,13659.000000,10247.000000,440.000000,315.000000,99.000000,65.000000,19340.000000,13125.000000
0.000000,-25.021883,215.746292,216.344650,0.000000,0.000000,0.000000,29772.000000,13791.000000,10247.000000,444.000000,315.000000,64.000000,67.000000,19370.000000,13149.000000
0.000000,-25.022148,215.746292,216.343460,0.000000,0.000000,0.000000,29782.000000,13791.000000,10247.000000,444.000000,315.000000,64.000000,67.000000,19393.000000,13165.000000
0.000000,-25.022415,215.746292,216.342926,0.000000,0.000000,0.000000,29792.000000,13791.000000,10247.000000,444.000000,315.000000,65.000000,67.000000,19428.000000,13188.000000
0.000000,-25.016932,215.746292,216.342850,0.000000,0.000000,0.000000,29792.000000,13791.000000,10247.000000,444.000000,315.000000,65.000000,67.000000,19452.000000,13204.000000
0.000000,-25.019213,215.746292,216.342804,0.000000,0.000000,0.000000,30083.000000,13921.000000,10379.000000,450.000000,319.000000,96.000000,199.000000,19476.000000,13223.000000
0.000000,-25.013632,215.746292,216.342804,0.000000,0.000000,0.000000,30092.000000,13921.000000,10379.000000,450.000000,319.000000,97.000000,64.000000,19499.000000,13239.000000
0.000000,-25.017183,215.746292,216.342804,0.000000,0.000000,0.000000,30246.000000,14053.000000,10379.000000,453.000000,319.000000,32.000000,65.000000,19525.000000,13263.000000
0.000000,-25.018755,215.746292,216.342804,0.000000,0.000000,0.000000,30260.000000,14053.000000,10379.000000,453.000000,319.000000,96.000000,67.000000,19549.000000,13279.000000
0.000000,-25.020332,215.746292,216.342804,0.000000,0.000000,0.000000,30326.000000,14091.000000,10379.000000,455.000000,319.000000,133.000000,67.000000,19582.000000,13302.000000
0.000000,-25.021029,215.746292,216.342804,0.000000,0.000000,0.000000,30423.000000,14186.000000,10379.000000,459.000000,319.000000,96.000000,67.000000,19602.000000,13317.000000
0.000000,-25.016125,215.746292,216.342804,0.000000,0.000000,0.000000,30579.000000,14186.000000,10510.000000,459.000000,323.000000,99.000000,199.000000,19632.000000,13336.000000
0.000000,-25.017982,215.746292,216.342804,0.000000,0.000000,0.000000,30751.000000,14318.000000,10510.000000,463.000000,323.000000,99.000000,64.000000,19642.000000,13352.000000
0.000000,-25.014254,215.746292,216.342804,0.000000,0.000000,0.000000,31061.000000,14586.000000,10510.000000,473.000000,323.000000,231.000000,64.000000,19658.000000,13376.000000
0.000000,-25.016638,215.746292,216.342804,0.000000,0.000000,0.000000,31092.000000,14586.000000,10510.000000,473.000000,323.000000,99.000000,67.000000,19682.000000,13390.000000
0.000000,-25.019028,215.746292,216.342804,0.000000,0.000000,0.000000,31238.000000,14718.000000,10510.000000,477.000000,323.000000,207.000000,67.000000,19710.000000,13414.000000
0.000000,-25.020086,215.746292,216.342804,0.000000,0.000000,0.000000,31238.000000,14718.000000,10510.000000,477.000000,323.000000,207.000000,67.000000,19734.000000,13430.000000
0.000000,-25.021145,215.746292,216.342804,0.000000,0.000000,0.000000,31546.000000,14850.000000,10643.000000,481.000000,327.000000,96.000000,199.000000,19757.000000,13449.000000
0.000000,-25.021616,215.746292,216.342804,0.000000,0.000000,0.000000,31718.000000,14985.000000,10643.000000,486.000000,327.000000,33.000000,64.000000,19765.000000,13465.000000
0.000000,-25.022087,215.746292,216.342804,0.000000,0.000000,0.000000,31876.000000,15119.000000,10643.000000,490.000000,327.000000,231.000000,65.000000,19790.000000,13488.000000
0.000000,-25.022299,215.746292,216.353333,0.000000,0.000000,0.000000,31913.000000,15119.000000,10643.000000,490.000000,327.000000,99.000000,67.000000,19806.000000,13504.000000
0.000000,-25.022511,215.746292,216.345062,0.000000,0.000000,0.000000,31918.000000,15119.000000,10643.000000,490.000000,327.000000,99.000000,67.000000,19842.000000,13528.000000
0.000000,-25.022600,215.746292,216.343613,0.000000,0.000000,0.000000,31918.000000,15119.000000,10643.000000,490.000000,327.000000,99.000000,67.000000,19866.000000,13544.000000
0.000000,-25.022696,215.746292,216.342972,0.000000,0.000000,0.000000,32196.000000,15254.000000,10775.000000,494.000000,331.000000,64.000000,199.000000,19894.000000,13562.000000
0.000000,-25.022736,215.746292,216.342850,0.000000,0.000000,0.000000,32217.000000,15254.000000,10775.000000,494.000000,331.000000,99.000000,64.000000,19918.000000,13576.000000
0.000000,-25.022778,215.746292,216.342804,0.000000,0.000000,0.000000,32364.000000,15386.000000,10775.000000,497.000000,331.000000,64.000000,65.000000,19946.000000,13600.000000
0.000000,-25.016199,215.746292,216.342804,0.000000,0.000000,0.000000,32380.000000,15386.000000,10775.000000,497.000000,331.000000,96.000000,67.000000,19969.000000,13616.000000
0.000000,-25.018761,215.746292,216.342804,0.000000,0.000000,0.000000,32394.000000,15386.000000,10775.000000,497.000000,331.000000,99.000000,67.000000,20004.000000,13640.000000
0.000000,-25.019896,215.746292,216.342804,0.000000,0.000000,0.000000,32394.000000,15386.000000,10775.000000,497.000000,331.000000,99.000000,67.000000,20028.000000,13656.000000
0.000000,-25.021036,215.746292,216.342804,0.000000,0.000000,0.000000,32537.000000,15386.000000,10905.000000,497.000000,334.000000,99.000000,64.000000,20064.000000,13675.000000
0.000000,-25.021542,215.746292,216.342804,0.000000,0.000000,0.000000,32682.000000,15519.000000,10905.000000,501.000000,334.000000,64.000000,64.000000,20079.000000,13691.000000
0.000000,-25.016439,215.746292,216.342804,0.000000,0.000000,0.000000,32698.000000,15519.000000,10905.000000,501.000000,334.000000,65.000000,65.000000,20114.000000,13714.000000
0.000000,-25.018215,215.746292,216.342804,0.000000,0.000000,0.000000,32829.000000,15628.000000,10905.000000,504.000000,334.000000,133.000000,67.000000,20127.000000,13730.000000
0.000000,-25.019997,215.746292,216.342804,0.000000,0.000000,0.000000,33019.000000,15782.000000,10905.000000,510.000000,334.000000,64.000000,67.000000,20151.000000,13753.000000
0.000000,-25.020782,215.746292,216.342804,0.000000,0.000000,0.000000,33019.000000,15782.000000,10905.000000,510.000000,334.000000,64.000000,67.000000,20175.000000,13769.000000
0.000000,-25.021576,215.746292,216.366699,0.000000,0.000000,0.000000,33053.000000,15782.000000,10905.000000,510.000000,334.000000,107.000000,67.000000,20204.000000,13793.000000
0.000000,-25.021931,215.746292,216.351395,0.000000,0.000000,0.000000,33332.000000,15911.000000,11035.000000,513.000000,338.000000,97.000000,199.000000,20219.000000,13803.000000
0.000000,-25.022280,215.746292,216.344650,0.000000,0.000000,0.000000,33350.000000,15911.000000,11035.000000,513.000000,338.000000,99.000000,64.000000,20255.000000,13827.000000
0.000000,-25.022436,215.746292,216.343460,0.000000,0.000000,0.000000,33360.000000,15911.000000,11035.000000,513.000000,338.000000,99.000000,65.000000,20279.000000,13842.000000
0.000000,-25.022593,215.746292,216.342926,0.000000,0.000000,0.000000,33508.000000,16041.000000,11035.000000,518.000000,338.000000,64.000000,67.000000,20303.000000,13865.000000
0.000000,-25.022661,215.746292,216.342850,0.000000,0.000000,0.000000,33527.000000,16041.000000,11035.000000,518.000000,338.000000,99.000000,67.000000,20327.000000,13881.000000
0.000000,-25.022730,215.746292,216.342804,0.000000,0.000000,0.000000,33532.000000,16041.000000,11035.000000,518.000000,338.000000,99.000000,67.000000,20363.000000,13905.000000
0.000000,-25.022757,215.746292,216.342804,0.000000,0.000000,0.000000,33811.000000,16173.000000,11166.000000,521.000000,341.000000,64.000000,199.000000,20379.000000,13917.000000
0.000000,-25.022783,215.746292,216.342804,0.000000,0.000000,0.000000,33832.000000,16173.000000,11166.000000,521.000000,341.000000,99.000000,64.000000,20412.000000,13940.000000
0.000000,-25.022799,215.746292,216.342804,0.000000,0.000000,0.000000,33979.000000,16306.000000,11166.000000,525.000000,341.000000,231.000000,64.000000,20425.000000,13956.000000
0.000000,-25.017210,215.746292,216.342804,0.000000,0.000000,0.000000,33998.000000,16306.000000,11166.000000,525.000000,341.000000,97.000000,67.000000,20459.000000,13980.000000
0.000000,-25.018774,215.746292,216.342804,0.000000,0.000000,0.000000,33998.000000,16306.000000,11166.000000,525.000000,341.000000,97.000000,67.000000,20483.000000,13996.000000
0.000000,-25.020346,215.746292,216.342804,0.000000,0.000000,0.000000,34021.000000,16306.000000,11166.000000,525.000000,341.000000,99.000000,67.000000,20519.000000,14018.000000
0.000000,-25.021042,215.746292,216.342804,0.000000,0.000000,0.000000,34164.000000,16438.000000,11166.000000,529.000000,341.000000,64.000000,67.000000,20535.000000,14034.000000
0.000000,-25.016972,215.746292,216.342804,0.000000,0.000000,0.000000,34303.000000,16438.000000,11297.000000,529.000000,345.000000,64.000000,64.000000,20570.000000,14052.000000
0.000000,-25.018604,215.746292,216.342804,0.000000,0.000000,0.000000,34316.000000,16438.000000,11297.000000,529.000000,345.000000,67.000000,64.000000,20593.000000,14068.000000
0.000000,-25.020237,215.746292,216.342804,0.000000,0.000000,0.000000,34454.000000,16559.000000,11297.000000,534.000000,345.000000,133.000000,65.000000,20622.000000,14092.000000
0.000000,-25.020960,215.746292,216.342804,0.000000,0.000000,0.000000,34473.000000,16573.000000,11297.000000,536.000000,345.000000,32.000000,65.000000,20643.000000,14107.000000
0.000000,-25.028276,215.746292,216.342804,0.000000,0.000000,0.000000,34479.000000,16573.000000,11297.000000,536.000000,345.000000,97.000000,65.000000,20679.000000,14131.000000
0.000000,-25.026766,215.746292,216.342804,0.000000,0.000000,0.000000,34498.000000,16573.000000,11297.000000,536.000000,345.000000,99.000000,67.000000,20700.000000,14146.000000
0.000000,-25.025257,215.746292,216.342804,0.000000,0.000000,0.000000,34505.000000,16573.000000,11297.000000,536.000000,345.000000,99.000000,67.000000,20736.000000,14170.000000
0.000000,-25.024588,215.746292,216.342804,0.000000,0.000000,0.000000,34642.000000,16703.000000,11297.000000,541.000000,345.000000,199.000000,67.000000,20753.000000,14186.000000
0.000000,-25.023911,215.746292,216.342804,0.000000,0.000000,0.000000,34778.000000,16703.000000,11428.000000,541.000000,348.000000,64.000000,199.000000,20789.000000,14205.000000
0.000000,-25.023611,215.746292,216.342804,0.000000,0.000000,0.000000,34778.000000,16703.000000,11428.000000,541.000000,348.000000,64.000000,199.000000,20813.000000,14221.000000
0.000000,-25.023317,215.746292,216.342804,0.000000,0.000000,0.000000,34783.000000,16703.000000,11428.000000,541.000000,348.000000,64.000000,64.000000,20848.000000,14245.000000
0.000000,-25.023180,215.746292,216.342804,0.000000,0.000000,0.000000,34789.000000,16703.000000,11428.000000,541.000000,348.000000,64.000000,64.000000,20871.000000,14261.000000
0.000000,-25.016453,215.746292,216.342804,0.000000,0.000000,0.000000,34799.000000,16703.000000,11428.000000,541.000000,348.000000,65.000000,64.000000,20906.000000,14284.000000
0.000000,-25.012621,215.746292,216.342804,0.000000,0.000000,0.000000,34809.000000,16703.000000,11428.000000,541.000000,348.000000,67.000000,65.000000,20930.000000,14299.000000
0.000000,-25.016562,215.746292,216.342804,0.000000,0.000000,0.000000,34818.000000,16703.000000,11428.000000,541.000000,348.000000,67.000000,67.000000,20966.000000,14323.000000
0.000000,-25.018303,215.746292,216.342804,0.000000,0.000000,0.000000,34818.000000,16703.000000,11428.000000,541.000000,348.000000,67.000000,67.000000,20989.000000,14339.000000
0.000000,-25.015291,215.746292,216.342804,0.000000,0.000000,0.000000,35118.000000,16835.000000,11565.000000,544.000000,356.000000,65.000000,64.000000,21015.000000,14358.000000
0.000000,-25.017389,215.746292,216.342804,0.000000,0.000000,0.000000,35123.000000,16835.000000,11565.000000,544.000000,356.000000,65.000000,64.000000,21039.000000,14374.000000
0.000000,-25.019491,215.746292,216.342804,0.000000,0.000000,0.000000,35129.000000,16835.000000,11565.000000,544.000000,356.000000,67.000000,65.000000,21075.000000,14397.000000
0.000000,-25.020420,215.746292,216.342804,0.000000,0.000000,0.000000,35136.000000,16835.000000,11565.000000,544.000000,356.000000,67.000000,67.000000,21098.000000,14413.000000
0.000000,-25.021349,215.746292,216.342804,0.000000,0.000000,0.000000,35142.000000,16835.000000,11565.000000,544.000000,356.000000,67.000000,67.000000,21132.000000,14436.000000
0.000000,-25.021767,215.746292,216.342804,0.000000,0.000000,0.000000,35142.000000,16835.000000,11565.000000,544.000000,356.000000,67.000000,67.000000,21156.000000,14452.000000
0.000000,-25.022182,215.746292,216.342804,0.000000,0.000000,0.000000,35292.000000,16835.000000,11694.000000,544.000000,359.000000,67.000000,64.000000,21192.000000,14472.000000
0.000000,-25.022360,215.746292,216.342804,0.000000,0.000000,0.000000,35426.000000,16965.000000,11694.000000,548.000000,359.000000,64.000000,64.000000,21207.000000,14487.000000
0.000000,-25.022552,215.746292,216.342804,0.000000,0.000000,0.000000,35438.000000,16965.000000,11694.000000,548.000000,359.000000,64.000000,64.000000,21241.000000,14511.000000
0.000000,-25.017027,215.746292,216.342804,0.000000,0.000000,0.000000,35445.000000,16965.000000,11694.000000,548.000000,359.000000,65.000000,64.000000,21264.000000,14527.000000
0.000000,-25.019266,215.746292,216.342804,0.000000,0.000000,0.000000,35455.000000,16965.000000,11694.000000,548.000000,359.000000,67.000000,65.000000,21300.000000,14551.000000
0.000000,-25.020258,215.746292,216.342804,0.000000,0.000000,0.000000,35455.000000,16965.000000,11694.000000,548.000000,359.000000,67.000000,65.000000,21324.000000,14566.000000
0.000000,-25.021254,215.746292,216.342804,0.000000,0.000000,0.000000,35463.000000,16965.000000,11694.000000,548.000000,359.000000,67.000000,67.000000,21359.000000,14589.000000
0.000000,-25.021698,215.746292,216.342804,0.000000,0.000000,0.000000,35481.000000,16965.000000,11694.000000,548.000000,359.000000,67.000000,67.000000,21382.000000,14605.000000
0.000000,-25.022135,215.746292,216.342804,0.000000,0.000000,0.000000,35759.000000,17097.000000,11824.000000,551.000000,363.000000,199.000000,65.000000,21409.000000,14624.000000
0.000000,-25.022327,215.746292,216.342804,0.000000,0.000000,0.000000,35778.000000,17097.000000,11824.000000,551.000000,363.000000,67.000000,65.000000,21431.000000,14640.000000
0.000000,-25.017757,215.746292,216.342804,0.000000,0.000000,0.000000,35928.000000,17225.000000,11824.000000,556.000000,363.000000,133.000000,67.000000,21458.000000,14663.000000
0.000000,-25.019171,215.746292,216.342804,0.000000,0.000000,0.000000,35934.000000,17226.000000,11824.000000,557.000000,363.000000,64.000000,67.000000,21482.000000,14679.000000
0.000000,-25.020584,215.746292,216.353333,0.000000,0.000000,0.000000,35943.000000,17226.000000,11824.000000,557.000000,363.000000,64.000000,67.000000,21517.000000,14703.000000
0.000000,-25.021214,215.746292,216.346588,0.000000,0.000000,0.000000,36241.000000,17355.000000,11956.000000,562.000000,367.000000,96.000000,199.000000,21530.000000,14714.000000
0.000000,-25.021841,215.746292,216.343613,0.000000,0.000000,0.000000,36251.000000,17355.000000,11956.000000,562.000000,367.000000,97.000000,64.000000,21568.000000,14738.000000
0.000000,-25.022121,215.746292,216.343094,0.000000,0.000000,0.000000,36262.000000,17355.000000,11956.000000,562.000000,367.000000,99.000000,65.000000,21591.000000,14753.000000
0.000000,-25.022394,215.746292,216.342850,0.000000,0.000000,0.000000,36408.000000,17484.000000,11956.000000,566.000000,367.000000,135.000000,67.000000,21619.000000,14777.000000
0.000000,-25.022518,215.746292,216.342819,0.000000,0.000000,0.000000,36434.000000,17484.000000,11956.000000,566.000000,367.000000,99.000000,67.000000,21633.000000,14793.000000
0.000000,-25.022640,215.746292,216.342804,0.000000,0.000000,0.000000,36602.000000,17617.000000,11956.000000,570.000000,367.000000,99.000000,67.000000,21654.000000,14817.000000
0.000000,-25.022696,215.746292,216.360367,0.000000,0.000000,0.000000,36877.000000,17749.000000,12086.000000,574.000000,370.000000,96.000000,199.000000,21670.000000,14829.000000
0.000000,-25.022751,215.746292,216.346588,0.000000,0.000000,0.000000,36907.000000,17749.000000,12086.000000,574.000000,370.000000,99.000000,64.000000,21699.000000,14852.000000
0.000000,-25.022778,215.746292,216.344162,0.000000,0.000000,0.000000,37051.000000,17882.000000,12086.000000,580.000000,370.000000,199.000000,65.000000,21713.000000,14867.000000
0.000000,-25.016207,215.746292,216.343094,0.000000,0.000000,0.000000,37066.000000,17882.000000,12086.000000,580.000000,370.000000,64.000000,67.000000,21749.000000,14891.000000
0.000000,-25.018051,215.746292,216.342896,0.000000,0.000000,0.000000,37066.000000,17882.000000,12086.000000,580.000000,370.000000,64.000000,67.000000,21772.000000,14907.000000
0.000000,-25.014294,215.746292,216.342819,0.000000,0.000000,0.000000,37079.000000,17882.000000,12086.000000,580.000000,370.000000,67.000000,67.000000,21807.000000,14931.000000
0.000000,-25.016665,215.746292,216.342804,0.000000,0.000000,0.000000,37089.000000,17882.000000,12086.000000,580.000000,370.000000,67.000000,67.000000,21831.000000,14946.000000
0.000000,-25.019049,215.746292,216.342804,0.000000,0.000000,0.000000,37366.000000,18014.000000,12216.000000,584.000000,374.000000,199.000000,64.000000,21857.000000,14965.000000
0.000000,-25.020100,215.746292,216.360367,0.000000,0.000000,0.000000,37381.000000,18014.000000,12216.000000,584.000000,374.000000,65.000000,64.000000,21879.000000,14981.000000
0.000000,-25.015551,215.746292,216.357132,0.000000,0.000000,0.000000,37492.000000,18101.000000,12216.000000,587.000000,374.000000,133.000000,65.000000,21907.000000,15004.000000
0.000000,-25.017572,215.746292,216.347946,0.000000,0.000000,0.000000,37536.000000,18144.000000,12216.000000,590.000000,374.000000,64.000000,65.000000,21928.000000,15020.000000
0.000000,-25.019608,215.746292,216.343903,0.000000,0.000000,0.000000,37543.000000,18144.000000,12216.000000,590.000000,374.000000,64.000000,67.000000,21963.000000,15043.000000
0.000000,-25.020502,215.746292,216.343185,0.000000,0.000000,0.000000,37560.000000,18144.000000,12216.000000,590.000000,374.000000,65.000000,67.000000,21987.000000,15059.000000
0.000000,-25.021404,215.746292,216.342865,0.000000,0.000000,0.000000,37866.000000,18278.000000,12346.000000,593.000000,378.000000,99.000000,64.000000,22007.000000,15079.000000
0.000000,-25.015217,215.746292,216.342819,0.000000,0.000000,0.000000,38032.000000,18409.000000,12346.000000,596.000000,378.000000,99.000000,64.000000,22020.000000,15095.000000
0.000000,-25.018154,215.746292,216.342804,0.000000,0.000000,0.000000,38184.000000,18542.000000,12346.000000,600.000000,378.000000,199.000000,72.000000,22047.000000,15118.000000
0.000000,-25.019451,215.746292,216.342804,0.000000,0.000000,0.000000,38189.000000,18542.000000,12346.000000,600.000000,378.000000,96.000000,72.000000,22072.000000,15133.000000
0.000000,-25.015995,215.746292,216.342804,0.000000,0.000000,0.000000,38210.000000,18542.000000,12346.000000,600.000000,378.000000,99.000000,75.000000,22106.000000,15157.000000
0.000000,-25.017895,215.746292,216.342804,0.000000,0.000000,0.000000,38231.000000,18542.000000,12346.000000,600.000000,378.000000,99.000000,75.000000,22130.000000,15173.000000
0.000000,-25.019800,215.746292,216.342804,0.000000,0.000000,0.000000,38502.000000,18677.000000,12478.000000,604.000000,381.000000,32.000000,199.000000,22160.000000,15193.000000
0.000000,-25.020647,215.746292,216.342804,0.000000,0.000000,0.000000,38522.000000,18677.000000,12478.000000,604.000000,381.000000,99.000000,64.000000,22184.000000,15208.000000
0.000000,-25.016733,215.746292,216.342804,0.000000,0.000000,0.000000,38671.000000,18810.000000,12478.000000,607.000000,381.000000,199.000000,65.000000,22208.000000,15232.000000
0.000000,-25.018427,215.746292,216.342804,0.000000,0.000000,0.000000,38672.000000,18810.000000,12478.000000,607.000000,381.000000,64.000000,65.000000,22233.000000,15248.000000
0.000000,-25.020126,215.746292,216.342804,0.000000,0.000000,0.000000,38679.000000,18810.000000,12478.000000,607.000000,381.000000,64.000000,67.000000,22268.000000,15271.000000
0.000000,-25.020885,215.746292,216.342804,0.000000,0.000000,0.000000,38699.000000,18810.000000,12478.000000,607.000000,381.000000,67.000000,67.000000,22290.000000,15287.000000
0.000000,-25.021637,215.746292,216.360367,0.000000,0.000000,0.000000,38708.000000,18810.000000,12478.000000,607.000000,381.000000,67.000000,67.000000,22326.000000,15310.000000
0.000000,-25.021971,215.746292,216.349106,0.000000,0.000000,0.000000,38847.000000,18810.000000,12610.000000,607.000000,385.000000,67.000000,64.000000,22350.000000,15320.000000
0.000000,-25.016705,215.746292,216.350479,0.000000,0.000000,0.000000,38987.000000,18940.000000,12610.000000,613.000000,385.000000,199.000000,64.000000,22378.000000,15344.000000
0.000000,-25.012806,215.746292,216.345566,0.000000,0.000000,0.000000,38987.000000,18940.000000,12610.000000,613.000000,385.000000,199.000000,64.000000,22402.000000,15360.000000
0.000000,-25.016672,215.746292,216.343384,0.000000,0.000000,0.000000,38993.000000,18940.000000,12610.000000,613.000000,385.000000,64.000000,64.000000,22438.000000,15384.000000
0.000000,-25.018379,215.746292,216.343002,0.000000,0.000000,0.000000,39000.000000,18940.000000,12610.000000,613.000000,385.000000,64.000000,65.000000,22461.000000,15399.000000
0.000000,-25.020100,215.746292,216.342850,0.000000,0.000000,0.000000,39007.000000,18940.000000,12610.000000,613.000000,385.000000,64.000000,67.000000,22496.000000,15422.000000
0.000000,-25.020859,215.746292,216.342804,0.000000,0.000000,0.000000,39023.000000,18940.000000,12610.000000,613.000000,385.000000,65.000000,67.000000,22519.000000,15438.000000
0.000000,-25.021624,215.746292,216.342804,0.000000,0.000000,0.000000,39160.000000,18940.000000,12740.000000,613.000000,388.000000,67.000000,199.000000,22555.000000,15457.000000
0.000000,-25.021965,215.746292,216.342804,0.000000,0.000000,0.000000,39160.000000,18940.000000,12740.000000,613.000000,388.000000,67.000000,199.000000,22579.000000,15473.000000
0.000000,-25.022299,215.746292,216.342804,0.000000,0.000000,0.000000,39166.000000,18940.000000,12740.000000,613.000000,388.000000,67.000000,64.000000,22615.000000,15496.000000
0.000000,-25.022449,215.746292,216.342804,0.000000,0.000000,0.000000,39172.000000,18940.000000,12740.000000,613.000000,388.000000,67.000000,64.000000,22639.000000,15512.000000
0.000000,-25.022600,215.746292,216.342804,0.000000,0.000000,0.000000,39181.000000,18940.000000,12740.000000,613.000000,388.000000,67.000000,65.000000,22674.000000,15536.000000
0.000000,-25.022669,215.746292,216.342804,0.000000,0.000000,0.000000,39193.000000,18940.000000,12740.000000,613.000000,388.000000,67.000000,67.000000,22697.000000,15552.000000
0.000000,-25.016146,215.746292,216.342804,0.000000,0.000000,0.000000,39329.000000,19070.000000,12740.000000,618.000000,388.000000,64.000000,67.000000,22726.000000,15574.000000
0.000000,-25.018003,215.746292,216.353333,0.000000,0.000000,0.000000,39329.000000,19070.000000,12740.000000,618.000000,388.000000,64.000000,67.000000,22750.000000,15590.000000
0.000000,-25.019867,215.746292,216.345062,0.000000,0.000000,0.000000,39484.000000,19070.000000,12870.000000,618.000000,392.000000,67.000000,199.000000,22782.000000,15608.000000
0.000000,-25.014095,215.746292,216.343613,0.000000,0.000000,0.000000,39490.000000,19070.000000,12870.000000,618.000000,392.000000,67.000000,64.000000,22806.000000,15624.000000
0.000000,-25.017469,215.746292,216.342972,0.000000,0.000000,0.000000,39499.000000,19070.000000,12870.000000,618.000000,392.000000,67.000000,64.000000,22842.000000,15648.000000
0.000000,-25.018959,215.746292,216.342850,0.000000,0.000000,0.000000,39657.000000,19205.000000,12870.000000,624.000000,392.000000,199.000000,67.000000,22856.000000,15664.000000
0.000000,-25.020454,215.746292,216.342804,0.000000,0.000000,0.000000,39796.000000,19205.000000,13001.000000,624.000000,396.000000,64.000000,199.000000,22895.000000,15682.000000
0.000000,-25.021118,215.746292,216.342804,0.000000,0.000000,0.000000,39796.000000,19205.000000,13001.000000,624.000000,396.000000,64.000000,199.000000,22918.000000,15698.000000
0.000000,-25.021780,215.746292,216.342804,0.000000,0.000000,0.000000,39812.000000,19205.000000,13001.000000,624.000000,396.000000,67.000000,64.000000,22953.000000,15721.000000
0.000000,-25.022074,215.746292,216.342804,0.000000,0.000000,0.000000,39819.000000,19205.000000,13001.000000,624.000000,396.000000,67.000000,64.000000,22977.000000,15737.000000
0.000000,-25.015776,215.746292,216.342804,0.000000,0.000000,0.000000,39828.000000,19205.000000,13001.000000,624.000000,396.000000,67.000000,65.000000,23012.000000,15760.000000
0.000000,-25.017736,215.746292,216.342804,0.000000,0.000000,0.000000,39835.000000,19205.000000,13001.000000,624.000000,396.000000,67.000000,67.000000,23036.000000,15776.000000
0.000000,-25.019703,215.746292,216.342804,0.000000,0.000000,0.000000,39971.000000,19335.000000,13001.000000,627.000000,396.000000,199.000000,67.000000,23065.000000,15800.000000
0.000000,-25.020578,215.746292,216.342804,0.000000,0.000000,0.000000,39971.000000,19335.000000,13001.000000,627.000000,396.000000,199.000000,67.000000,23089.000000,15816.000000
0.000000,-25.021452,215.746292,216.342804,0.000000,0.000000,0.000000,39977.000000,19335.000000,13001.000000,627.000000,396.000000,64.000000,67.000000,23125.000000,15840.000000
0.000000,-25.021835,215.746292,216.342804,0.000000,0.000000,0.000000,40122.000000,19335.000000,13131.000000,627.000000,399.000000,64.000000,199.000000,23149.000000,15850.000000
0.000000,-25.022224,215.746292,216.342804,0.000000,0.000000,0.000000,40141.000000,19335.000000,13131.000000,627.000000,399.000000,67.000000,64.000000,23184.000000,15873.000000
0.000000,-25.022394,215.746292,216.342804,0.000000,0.000000,0.000000,40154.000000,19335.000000,13131.000000,627.000000,399.000000,67.000000,67.000000,23207.000000,15889.000000
0.000000,-25.016964,215.746292,216.342804,0.000000,0.000000,0.000000,40160.000000,19335.000000,13131.000000,627.000000,399.000000,67.000000,67.000000,23243.000000,15913.000000
0.000000,-25.018597,215.746292,216.342804,0.000000,0.000000,0.000000,40160.000000,19335.000000,13131.000000,627.000000,399.000000,67.000000,67.000000,23267.000000,15929.000000
0.000000,-25.020229,215.746292,216.342804,0.000000,0.000000,0.000000,40170.000000,19335.000000,13131.000000,627.000000,399.000000,67.000000,67.000000,23302.000000,15952.000000
0.000000,-25.020954,215.746292,216.342804,0.000000,0.000000,0.000000,40438.000000,19465.000000,13261.000000,631.000000,403.000000,64.000000,199.000000,23319.000000,15964.000000
0.000000,-25.021677,215.746292,216.342804,0.000000,0.000000,0.000000,40457.000000,19465.000000,13261.000000,631.000000,403.000000,67.000000,64.000000,23352.000000,15988.000000
0.000000,-25.022005,215.746292,216.342804,0.000000,0.000000,0.000000,40464.000000,19465.000000,13261.000000,631.000000,403.000000,67.000000,64.000000,23376.000000,16003.000000
0.000000,-25.022327,215.746292,216.353333,0.000000,0.000000,0.000000,40478.000000,19465.000000,13261.000000,631.000000,403.000000,67.000000,65.000000,23411.000000,16027.000000
0.000000,-25.022470,215.746292,216.346588,0.000000,0.000000,0.000000,40478.000000,19465.000000,13261.000000,631.000000,403.000000,67.000000,65.000000,23434.000000,16042.000000
0.000000,-25.022614,215.746292,216.343613,0.000000,0.000000,0.000000,40622.000000,19595.000000,13261.000000,634.000000,403.000000,64.000000,67.000000,23462.000000,16066.000000
0.000000,-25.022675,215.746292,216.343094,0.000000,0.000000,0.000000,40763.000000,19595.000000,13391.000000,634.000000,407.000000,64.000000,199.000000,23485.000000,16077.000000
0.000000,-25.017975,215.746292,216.342850,0.000000,0.000000,0.000000,40768.000000,19595.000000,13391.000000,634.000000,407.000000,64.000000,64.000000,23521.000000,16101.000000
0.000000,-25.019329,215.746292,216.342819,0.000000,0.000000,0.000000,40778.000000,19595.000000,13391.000000,634.000000,407.000000,65.000000,64.000000,23544.000000,16117.000000
0.000000,-25.020687,215.746292,216.342804,0.000000,0.000000,0.000000,40791.000000,19595.000000,13391.000000,634.000000,407.000000,67.000000,65.000000,23580.000000,16140.000000
0.000000,-25.021282,215.746292,216.342804,0.000000,0.000000,0.000000,40791.000000,19595.000000,13391.000000,634.000000,407.000000,67.000000,65.000000,23604.000000,16155.000000
0.000000,-25.021883,215.746292,216.360367,0.000000,0.000000,0.000000,40815.000000,19595.000000,13391.000000,634.000000,407.000000,67.000000,67.000000,23639.000000,16179.000000
0.000000,-25.022148,215.746292,216.349106,0.000000,0.000000,0.000000,41095.000000,19725.000000,13522.000000,638.000000,411.000000,64.000000,64.000000,23655.000000,16190.000000
0.000000,-25.022415,215.746292,216.344162,0.000000,0.000000,0.000000,41267.000000,19856.000000,13522.000000,641.000000,411.000000,99.000000,64.000000,23678.000000,16214.000000
0.000000,-25.022532,215.746292,216.353821,0.000000,0.000000,0.000000,41288.000000,19856.000000,13522.000000,641.000000,411.000000,99.000000,65.000000,23702.000000,16229.000000
0.000000,-25.017054,215.746292,216.345184,0.000000,0.000000,0.000000,41429.000000,19988.000000,13522.000000,645.000000,411.000000,199.000000,67.000000,23730.000000,16253.000000
0.000000,-25.018660,215.746292,216.343643,0.000000,0.000000,0.000000,41429.000000,19988.000000,13522.000000,645.000000,411.000000,199.000000,67.000000,23754.000000,16269.000000
0.000000,-25.020271,215.746292,216.342987,0.000000,0.000000,0.000000,41443.000000,19988.000000,13522.000000,645.000000,411.000000,65.000000,67.000000,23788.000000,16292.000000
0.000000,-25.020981,215.746292,216.342850,0.000000,0.000000,0.000000,41586.000000,19988.000000,13653.000000,645.000000,415.000000,67.000000,199.000000,23812.000000,16304.000000
0.000000,-25.021698,215.746292,216.342804,0.000000,0.000000,0.000000,41598.000000,19988.000000,13653.000000,645.000000,415.000000,67.000000,64.000000,23848.000000,16327.000000
0.000000,-25.022013,215.746292,216.342804,0.000000,0.000000,0.000000,41607.000000,19988.000000,13653.000000,645.000000,415.000000,67.000000,64.000000,23871.000000,16343.000000
0.000000,-25.022327,215.746292,216.342804,0.000000,0.000000,0.000000,41617.000000,19988.000000,13653.000000,645.000000,415.000000,67.000000,67.000000,23906.000000,16367.000000
0.000000,-25.022470,215.746292,216.342804,0.000000,0.000000,0.000000,41617.000000,19988.000000,13653.000000,645.000000,415.000000,67.000000,67.000000,23930.000000,16382.000000
0.000000,-25.022614,215.746292,216.342804,0.000000,0.000000,0.000000,41774.000000,20123.000000,13653.000000,649.000000,415.000000,67.000000,67.000000,23956.000000,16406.000000
0.000000,-25.017075,215.746292,216.342804,0.000000,0.000000,0.000000,41783.000000,20123.000000,13653.000000,649.000000,415.000000,67.000000,67.000000,23980.000000,16422.000000
0.000000,-25.019300,215.746292,216.342804,0.000000,0.000000,0.000000,42061.000000,20254.000000,13786.000000,652.000000,418.000000,64.000000,64.000000,24005.000000,16440.000000
0.000000,-25.020285,215.746292,216.342804,0.000000,0.000000,0.000000,42067.000000,20254.000000,13786.000000,652.000000,418.000000,64.000000,64.000000,24029.000000,16456.000000
0.000000,-25.021275,215.746292,216.342804,0.000000,0.000000,0.000000,42087.000000,20254.000000,13786.000000,652.000000,418.000000,67.000000,65.000000,24064.000000,16480.000000
0.000000,-25.021706,215.746292,216.342804,0.000000,0.000000,0.000000,42087.000000,20254.000000,13786.000000,652.000000,418.000000,67.000000,65.000000,24088.000000,16495.000000
0.000000,-25.015551,215.746292,216.342804,0.000000,0.000000,0.000000,42096.000000,20254.000000,13786.000000,652.000000,418.000000,67.000000,67.000000,24123.000000,16519.000000
0.000000,-25.017572,215.746292,216.342804,0.000000,0.000000,0.000000,42109.000000,20254.000000,13786.000000,652.000000,418.000000,67.000000,67.000000,24146.000000,16535.000000
0.000000,-25.014847,215.746292,216.342804,0.000000,0.000000,0.000000,42116.000000,20254.000000,13786.000000,652.000000,418.000000,67.000000,67.000000,24182.000000,16558.000000
0.000000,-25.017061,215.746292,216.342804,0.000000,0.000000,0.000000,42395.000000,20387.000000,13920.000000,656.000000,421.000000,64.000000,64.000000,24194.000000,16570.000000
0.000000,-25.019295,215.746292,216.342804,0.000000,0.000000,0.000000,42404.000000,20387.000000,13920.000000,656.000000,421.000000,67.000000,64.000000,24232.000000,16593.000000
0.000000,-25.020277,215.746292,216.342804,0.000000,0.000000,0.000000,42404.000000,20387.000000,13920.000000,656.000000,421.000000,67.000000,64.000000,24255.000000,16609.000000
0.000000,-25.021269,215.746292,216.342804,0.000000,0.000000,0.000000,42410.000000,20387.000000,13920.000000,656.000000,421.000000,67.000000,65.000000,24290.000000,16633.000000
0.000000,-25.021706,215.746292,216.342804,0.000000,0.000000,0.000000,42422.000000,20387.000000,13920.000000,656.000000,421.000000,67.000000,67.000000,24314.000000,16649.000000
0.000000,-25.022142,215.746292,216.342804,0.000000,0.000000,0.000000,42436.000000,20387.000000,13920.000000,656.000000,421.000000,67.000000,67.000000,24349.000000,16673.000000
0.000000,-25.022333,215.746292,216.342804,0.000000,0.000000,0.000000,42711.000000,20516.000000,14053.000000,660.000000,424.000000,64.000000,199.000000,24364.000000,16684.000000
0.000000,-25.017763,215.746292,216.342804,0.000000,0.000000,0.000000,42735.000000,20516.000000,14053.000000,660.000000,424.000000,67.000000,64.000000,24399.000000,16707.000000
0.000000,-25.019171,215.746292,216.342804,0.000000,0.000000,0.000000,42735.000000,20516.000000,14053.000000,660.000000,424.000000,67.000000,64.000000,24422.000000,16723.000000
0.000000,-25.020584,215.746292,216.342804,0.000000,0.000000,0.000000,42875.000000,20647.000000,14053.000000,664.000000,424.000000,199.000000,65.000000,24451.000000,16747.000000
0.000000,-25.021214,215.746292,216.342804,0.000000,0.000000,0.000000,42884.000000,20647.000000,14053.000000,664.000000,424.000000,64.000000,67.000000,24475.000000,16763.000000
0.000000,-25.015251,215.746292,216.342804,0.000000,0.000000,0.000000,42909.000000,20647.000000,14053.000000,664.000000,424.000000,67.000000,67.000000,24510.000000,16786.000000
0.000000,-25.017361,215.746292,216.342804,0.000000,0.000000,0.000000,43173.000000,20764.000000,14184.000000,668.000000,429.000000,133.000000,199.000000,24527.000000,16797.000000
0.000000,-25.019472,215.746292,216.342804,0.000000,0.000000,0.000000,43364.000000,20916.000000,14184.000000,675.000000,429.000000,96.000000,64.000000,24548.000000,16821.000000
0.000000,-25.013817,215.746292,216.342804,0.000000,0.000000,0.000000,43364.000000,20916.000000,14184.000000,675.000000,429.000000,96.000000,64.000000,24571.000000,16837.000000
0.000000,-25.017292,215.746292,216.342804,0.000000,0.000000,0.000000,43376.000000,20916.000000,14184.000000,675.000000,429.000000,97.000000,64.000000,24607.000000,16859.000000
0.000000,-25.018837,215.746292,216.342804,0.000000,0.000000,0.000000,43390.000000,20916.000000,14184.000000,675.000000,429.000000,99.000000,67.000000,24631.000000,16875.000000
0.000000,-25.014780,215.746292,216.342804,0.000000,0.000000,0.000000,43403.000000,20916.000000,14184.000000,675.000000,429.000000,99.000000,67.000000,24666.000000,16899.000000
0.000000,-25.017014,215.746292,216.342804,0.000000,0.000000,0.000000,43543.000000,21045.000000,14184.000000,679.000000,429.000000,64.000000,67.000000,24683.000000,16915.000000
0.000000,-25.019260,215.746292,216.342804,0.000000,0.000000,0.000000,43678.000000,21045.000000,14314.000000,679.000000,432.000000,64.000000,199.000000,24719.000000,16935.000000
0.000000,-25.020258,215.746292,216.342804,0.000000,0.000000,0.000000,43678.000000,21045.000000,14314.000000,679.000000,432.000000,64.000000,199.000000,24742.000000,16950.000000
0.000000,-25.021254,215.746292,216.342804,0.000000,0.000000,0.000000,43703.000000,21045.000000,14314.000000,679.000000,432.000000,67.000000,64.000000,24777.000000,16974.000000
0.000000,-25.021698,215.746292,216.342804,0.000000,0.000000,0.000000,43855.000000,21175.000000,14314.000000,682.000000,432.000000,199.000000,67.000000,24790.000000,16988.000000
0.000000,-25.022135,215.746292,216.342804,0.000000,0.000000,0.000000,43893.000000,21175.000000,14314.000000,682.000000,432.000000,99.000000,67.000000,24815.000000,17012.000000
0.000000,-25.022327,215.746292,216.342804,0.000000,0.000000,0.000000,44166.000000,21307.000000,14446.000000,686.000000,435.000000,64.000000,199.000000,24830.000000,17024.000000
0.000000,-25.015934,215.746292,216.342804,0.000000,0.000000,0.000000,44186.000000,21307.000000,14446.000000,686.000000,435.000000,99.000000,64.000000,24862.000000,17047.000000
0.000000,-25.017853,215.746292,216.342804,0.000000,0.000000,0.000000,44186.000000,21307.000000,14446.000000,686.000000,435.000000,99.000000,64.000000,24886.000000,17063.000000
0.000000,-25.019779,215.746292,216.342804,0.000000,0.000000,0.000000,44356.000000,21438.000000,14446.000000,690.000000,435.000000,99.000000,65.000000,24905.000000,17087.000000
0.000000,-25.020626,215.746292,216.342804,0.000000,0.000000,0.000000,44529.000000,21573.000000,14446.000000,694.000000,435.000000,99.000000,67.000000,24912.000000,17103.000000
0.000000,-25.015879,215.746292,216.342804,0.000000,0.000000,0.000000,44668.000000,21705.000000,14446.000000,697.000000,435.000000,64.000000,67.000000,24940.000000,17126.000000
0.000000,-25.017813,215.746292,216.342804,0.000000,0.000000,0.000000,44813.000000,21705.000000,14578.000000,697.000000,439.000000,64.000000,199.000000,24964.000000,17137.000000
0.000000,-25.019753,215.746292,216.342804,0.000000,0.000000,0.000000,44826.000000,21705.000000,14578.000000,697.000000,439.000000,67.000000,64.000000,24996.000000,17161.000000
0.000000,-25.020613,215.746292,216.342804,0.000000,0.000000,0.000000,44826.000000,21705.000000,14578.000000,697.000000,439.000000,67.000000,64.000000,25020.000000,17177.000000
0.000000,-25.015865,215.746292,216.342804,0.000000,0.000000,0.000000,44978.000000,21835.000000,14578.000000,703.000000,439.000000,96.000000,65.000000,25049.000000,17201.000000
0.000000,-25.017797,215.746292,216.342804,0.000000,0.000000,0.000000,45010.000000,21835.000000,14578.000000,703.000000,439.000000,99.000000,67.000000,25071.000000,17217.000000
0.000000,-25.019745,215.746292,216.342804,0.000000,0.000000,0.000000,45166.000000,21969.000000,14578.000000,707.000000,439.000000,97.000000,67.000000,25098.000000,17240.000000
0.000000,-25.020605,215.746292,216.342804,0.000000,0.000000,0.000000,45325.000000,21969.000000,14710.000000,707.000000,443.000000,99.000000,199.000000,25120.000000,17252.000000
0.000000,-25.021465,215.746292,216.342804,0.000000,0.000000,0.000000,45480.000000,22101.000000,14710.000000,710.000000,443.000000,99.000000,64.000000,25146.000000,17275.000000
0.000000,-25.021849,215.746292,216.342804,0.000000,0.000000,0.000000,45480.000000,22101.000000,14710.000000,710.000000,443.000000,99.000000,64.000000,25170.000000,17291.000000
0.000000,-25.022230,215.746292,216.342804,0.000000,0.000000,0.000000,45768.000000,22332.000000,14710.000000,716.000000,443.000000,133.000000,65.000000,25186.000000,17314.000000
0.000000,-25.016794,215.746292,216.342804,0.000000,0.000000,0.000000,45834.000000,22364.000000,14710.000000,717.000000,443.000000,99.000000,67.000000,25206.000000,17330.000000
0.000000,-25.019131,215.746292,216.353333,0.000000,0.000000,0.000000,46008.000000,22496.000000,14710.000000,721.000000,443.000000,99.000000,67.000000,25228.000000,17354.000000
0.000000,-25.020155,215.746292,216.346588,0.000000,0.000000,0.000000,46307.000000,22628.000000,14842.000000,725.000000,446.000000,99.000000,199.000000,25239.000000,17366.000000
0.000000,-25.021193,215.746292,216.343613,0.000000,0.000000,0.000000,46621.000000,22893.000000,14842.000000,736.000000,446.000000,33.000000,64.000000,25246.000000,17389.000000
0.000000,-25.021650,215.746292,216.343094,0.000000,0.000000,0.000000,46777.000000,23027.000000,14842.000000,740.000000,446.000000,64.000000,64.000000,25265.000000,17404.000000
0.000000,-25.022108,215.746292,216.342850,0.000000,0.000000,0.000000,46784.000000,23027.000000,14842.000000,740.000000,446.000000,64.000000,65.000000,25301.000000,17428.000000
0.000000,-25.022312,215.746292,216.342819,0.000000,0.000000,0.000000,46806.000000,23027.000000,14842.000000,740.000000,446.000000,99.000000,67.000000,25323.000000,17444.000000
0.000000,-25.022518,215.746292,216.342804,0.000000,0.000000,0.000000,46972.000000,23158.000000,14842.000000,743.000000,446.000000,99.000000,67.000000,25349.000000,17468.000000
0.000000,-25.022606,215.746292,216.342804,0.000000,0.000000,0.000000,47115.000000,23158.000000,14971.000000,743.000000,451.000000,99.000000,64.000000,25373.000000,17478.000000
0.000000,-25.022696,215.746292,216.360367,0.000000,0.000000,0.000000,47260.000000,23293.000000,14971.000000,749.000000,451.000000,32.000000,64.000000,25400.000000,17501.000000
0.000000,-25.022736,215.746292,216.349106,0.000000,0.000000,0.000000,47260.000000,23293.000000,14971.000000,749.000000,451.000000,32.000000,64.000000,25426.000000,17517.000000
0.000000,-25.022778,215.746292,216.361740,0.000000,0.000000,0.000000,47270.000000,23293.000000,14971.000000,749.000000,451.000000,96.000000,64.000000,25461.000000,17540.000000
0.000000,-25.022791,215.746292,216.349609,0.000000,0.000000,0.000000,47276.000000,23293.000000,14971.000000,749.000000,451.000000,97.000000,65.000000,25485.000000,17556.000000
0.000000,-25.017204,215.746292,216.344254,0.000000,0.000000,0.000000,47444.000000,23425.000000,14971.000000,756.000000,451.000000,96.000000,67.000000,25510.000000,17579.000000
0.000000,-25.018768,215.746292,216.343307,0.000000,0.000000,0.000000,47451.000000,23425.000000,14971.000000,756.000000,451.000000,97.000000,67.000000,25533.000000,17595.000000
0.000000,-25.014732,215.746292,216.342896,0.000000,0.000000,0.000000,47592.000000,23425.000000,15100.000000,756.000000,455.000000,99.000000,199.000000,25567.000000,17613.000000
0.000000,-25.011377,215.746292,216.342834,0.000000,0.000000,0.000000,47592.000000,23425.000000,15100.000000,756.000000,455.000000,99.000000,199.000000,25591.000000,17629.000000
0.000000,-25.015804,215.746292,216.342804,0.000000,0.000000,0.000000,47739.000000,23555.000000,15100.000000,760.000000,455.000000,199.000000,64.000000,25618.000000,17652.000000
0.000000,-25.017757,215.746292,216.342804,0.000000,0.000000,0.000000,47765.000000,23555.000000,15100.000000,760.000000,455.000000,99.000000,64.000000,25636.000000,17668.000000
0.000000,-25.019724,215.746292,216.342804,0.000000,0.000000,0.000000,47938.000000,23686.000000,15100.000000,764.000000,455.000000,99.000000,67.000000,25661.000000,17690.000000
0.000000,-25.020584,215.746292,216.342804,0.000000,0.000000,0.000000,48111.000000,23821.000000,15100.000000,768.000000,455.000000,99.000000,67.000000,25673.000000,17706.000000
0.000000,-25.021460,215.746292,216.342804,0.000000,0.000000,0.000000,48395.000000,23954.000000,15232.000000,775.000000,459.000000,96.000000,199.000000,25701.000000,17725.000000
0.000000,-25.021841,215.746292,216.342804,0.000000,0.000000,0.000000,48395.000000,23954.000000,15232.000000,775.000000,459.000000,96.000000,199.000000,25724.000000,17741.000000
0.000000,-25.022230,215.746292,216.342804,0.000000,0.000000,0.000000,48566.000000,24086.000000,15232.000000,779.000000,459.000000,96.000000,64.000000,25751.000000,17764.000000
0.000000,-25.022394,215.746292,216.342804,0.000000,0.000000,0.000000,48577.000000,24086.000000,15232.000000,779.000000,459.000000,96.000000,65.000000,25775.000000,17780.000000
0.000000,-25.022566,215.746292,216.342804,0.000000,0.000000,0.000000,48595.000000,24086.000000,15232.000000,779.000000,459.000000,99.000000,67.000000,25810.000000,17803.000000
0.000000,-25.022640,215.746292,216.342804,0.000000,0.000000,0.000000,48744.000000,24218.000000,15232.000000,783.000000,459.000000,199.000000,67.000000,25825.000000,17819.000000
0.000000,-25.022717,215.746292,216.342804,0.000000,0.000000,0.000000,48892.000000,24218.000000,15363.000000,783.000000,464.000000,97.000000,199.000000,25859.000000,17837.000000
0.000000,-25.022751,215.746292,216.342804,0.000000,0.000000,0.000000,48892.000000,24218.000000,15363.000000,783.000000,464.000000,97.000000,199.000000,25883.000000,17853.000000
0.000000,-25.022783,215.746292,216.342804,0.000000,0.000000,0.000000,48900.000000,24218.000000,15363.000000,783.000000,464.000000,99.000000,64.000000,25919.000000,17877.000000
0.000000,-25.022799,215.746292,216.342804,0.000000,0.000000,0.000000,48909.000000,24218.000000,15363.000000,783.000000,464.000000,99.000000,65.000000,25942.000000,17893.000000
0.000000,-25.022818,215.746292,216.342804,0.000000,0.000000,0.000000,48918.000000,24218.000000,15363.000000,783.000000,464.000000,99.000000,67.000000,25977.000000,17917.000000
0.000000,-25.017218,215.746292,216.342804,0.000000,0.000000,0.000000,48926.000000,24218.000000,15363.000000,783.000000,464.000000,99.000000,67.000000,26000.000000,17932.000000
0.000000,-25.019382,215.746292,216.342804,0.000000,0.000000,0.000000,48938.000000,24218.000000,15363.000000,783.000000,464.000000,99.000000,67.000000,26036.000000,17955.000000
0.000000,-25.020346,215.746292,216.342804,0.000000,0.000000,0.000000,48938.000000,24218.000000,15363.000000,783.000000,464.000000,99.000000,67.000000,26060.000000,17971.000000
0.000000,-25.015701,215.746292,216.342804,0.000000,0.000000,0.000000,49204.000000,24349.000000,15494.000000,786.000000,469.000000,199.000000,64.000000,26088.000000,17991.000000
0.000000,-25.017681,215.746292,216.342804,0.000000,0.000000,0.000000,49213.000000,24349.000000,15494.000000,786.000000,469.000000,64.000000,64.000000,26112.000000,18007.000000
0.000000,-25.019670,215.746292,216.342804,0.000000,0.000000,0.000000,49229.000000,24349.000000,15494.000000,786.000000,469.000000,67.000000,64.000000,26148.000000,18030.000000
0.000000,-25.020552,215.746292,216.342804,0.000000,0.000000,0.000000,49241.000000,24349.000000,15494.000000,786.000000,469.000000,67.000000,67.000000,26172.000000,18046.000000
0.000000,-25.021431,215.746292,216.342804,0.000000,0.000000,0.000000,49249.000000,24349.000000,15494.000000,786.000000,469.000000,67.000000,67.000000,26207.000000,18070.000000
0.000000,-25.021822,215.746292,216.342804,0.000000,0.000000,0.000000,49249.000000,24349.000000,15494.000000,786.000000,469.000000,67.000000,67.000000,26230.000000,18086.000000
0.000000,-25.022211,215.746292,216.342804,0.000000,0.000000,0.000000,49263.000000,24349.000000,15494.000000,786.000000,469.000000,67.000000,67.000000,26265.000000,18109.000000
0.000000,-25.022388,215.746292,216.342804,0.000000,0.000000,0.000000,49529.000000,24479.000000,15628.000000,791.000000,473.000000,199.000000,199.000000,26282.000000,18119.000000
0.000000,-25.022558,215.746292,216.342804,0.000000,0.000000,0.000000,49553.000000,24479.000000,15628.000000,791.000000,473.000000,67.000000,64.000000,26315.000000,18143.000000
0.000000,-25.022635,215.746292,216.342804,0.000000,0.000000,0.000000,49677.000000,24584.000000,15628.000000,793.000000,473.000000,133.000000,65.000000,26333.000000,18159.000000
0.000000,-25.022717,215.746292,216.342804,0.000000,0.000000,0.000000,49723.000000,24612.000000,15628.000000,794.000000,473.000000,65.000000,67.000000,26366.000000,18182.000000
0.000000,-25.022751,215.746292,216.342804,0.000000,0.000000,0.000000,49723.000000,24612.000000,15628.000000,794.000000,473.000000,65.000000,67.000000,26390.000000,18199.000000
0.000000,-25.022783,215.746292,216.342804,0.000000,0.000000,0.000000,49732.000000,24612.000000,15628.000000,794.000000,473.000000,67.000000,67.000000,26426.000000,18221.000000
0.000000,-25.016207,215.746292,216.342804,0.000000,0.000000,0.000000,50018.000000,24743.000000,15762.000000,797.000000,476.000000,64.000000,199.000000,26439.000000,18233.000000
0.000000,-25.018768,215.746292,216.342804,0.000000,0.000000,0.000000,50025.000000,24743.000000,15762.000000,797.000000,476.000000,64.000000,64.000000,26474.000000,18257.000000
0.000000,-25.019896,215.746292,216.342804,0.000000,0.000000,0.000000,50112.000000,24800.000000,15762.000000,798.000000,476.000000,199.000000,65.000000,26489.000000,18273.000000
0.000000,-25.021036,215.746292,216.342804,0.000000,0.000000,0.000000,50353.000000,25006.000000,15762.000000,805.000000,476.000000,199.000000,67.000000,26506.000000,18297.000000
0.000000,-25.021542,215.746292,216.342804,0.000000,0.000000,0.000000,50353.000000,25006.000000,15762.000000,805.000000,476.000000,199.000000,67.000000,26530.000000,18312.000000
0.000000,-25.022047,215.746292,216.342804,0.000000,0.000000,0.000000,50367.000000,25006.000000,15762.000000,805.000000,476.000000,64.000000,67.000000,26566.000000,18336.000000
0.000000,-25.022264,215.746292,216.342804,0.000000,0.000000,0.000000,50508.000000,25006.000000,15894.000000,805.000000,480.000000,65.000000,199.000000,26589.000000,18348.000000
0.000000,-25.016890,215.746292,216.342804,0.000000,0.000000,0.000000,50514.000000,25006.000000,15894.000000,805.000000,480.000000,65.000000,64.000000,26625.000000,18371.000000
0.000000,-25.018543,215.746292,216.342804,0.000000,0.000000,0.000000,50525.000000,25006.000000,15894.000000,805.000000,480.000000,67.000000,65.000000,26649.000000,18387.000000
0.000000,-25.020195,215.746292,216.342804,0.000000,0.000000,0.000000,50670.000000,25127.000000,15894.000000,808.000000,480.000000,133.000000,67.000000,26674.000000,18410.000000
0.000000,-25.020926,215.746292,216.342804,0.000000,0.000000,0.000000,50846.000000,25274.000000,15894.000000,812.000000,480.000000,32.000000,67.000000,26683.000000,18426.000000
0.000000,-25.021664,215.746292,216.342804,0.000000,0.000000,0.000000,50858.000000,25274.000000,15894.000000,812.000000,480.000000,96.000000,67.000000,26718.000000,18450.000000
0.000000,-25.021992,215.746292,216.342804,0.000000,0.000000,0.000000,50997.000000,25274.000000,16027.000000,812.000000,484.000000,97.000000,199.000000,26742.000000,18462.000000
0.000000,-25.016720,215.746292,216.290771,0.000000,0.000000,0.000000,51007.000000,25274.000000,16027.000000,812.000000,484.000000,99.000000,64.000000,26778.000000,18485.000000
0.000000,-25.012812,215.746292,216.222107,0.000000,0.000000,0.000000,51016.000000,25274.000000,16027.000000,812.000000,484.000000,99.000000,64.000000,26802.000000,18501.000000
0.000000,-25.006317,215.746292,216.098755,0.000000,0.000000,0.000000,51165.000000,25404.000000,16027.000000,815.000000,484.000000,199.000000,67.000000,26829.000000,18524.000000
0.000000,-25.010900,215.746292,216.012360,0.000000,0.000000,0.000000,51166.000000,25404.000000,16027.000000,815.000000,484.000000,64.000000,67.000000,26853.000000,18540.000000
0.000000,-25.008913,215.746292,215.829163,0.000000,0.000000,0.000000,51190.000000,25404.000000,16027.000000,815.000000,484.000000,99.000000,67.000000,26886.000000,18564.000000
0.000000,-25.006187,215.746292,215.672714,0.000000,0.000000,0.000000,51329.000000,25404.000000,16158.000000,815.000000,487.000000,99.000000,64.000000,26910.000000,18575.000000
0.000000,-24.989063,215.746292,215.452042,0.000000,0.000000,0.000000,51334.000000,25404.000000,16158.000000,815.000000,487.000000,99.000000,64.000000,26945.000000,18599.000000
0.000000,-24.967461,215.746292,215.266251,0.000000,0.000000,0.000000,51347.000000,25404.000000,16158.000000,815.000000,487.000000,99.000000,64.000000,26968.000000,18615.000000
0.000000,-24.914410,215.746292,214.985260,0.000000,0.000000,0.000000,51493.000000,25536.000000,16158.000000,819.000000,487.000000,199.000000,67.000000,26995.000000,18638.000000
0.000000,-24.876932,215.746292,214.778290,0.000000,0.000000,0.000000,51493.000000,25536.000000,16158.000000,819.000000,487.000000,199.000000,67.000000,27019.000000,18653.000000
0.000000,-24.790981,215.746292,214.483276,0.000000,0.000000,0.000000,51514.000000,25536.000000,16158.000000,819.000000,487.000000,67.000000,67.000000,27053.000000,18676.000000
0.000000,-24.721176,215.746292,214.270630,0.000000,0.000000,0.000000,51525.000000,25536.000000,16158.000000,819.000000,487.000000,67.000000,67.000000,27077.000000,18692.000000
0.000000,-24.608711,215.746292,213.915192,0.000000,0.000000,0.000000,51659.000000,25536.000000,16289.000000,819.000000,491.000000,67.000000,199.000000,27112.000000,18712.000000
0.000000,-24.521919,215.746292,213.700485,0.000000,0.000000,0.000000,51665.000000,25536.000000,16289.000000,819.000000,491.000000,67.000000,64.000000,27135.000000,18728.000000
0.000000,-24.362038,215.746292,213.354706,0.000000,0.000000,0.000000,51811.000000,25666.000000,16289.000000,823.000000,491.000000,64.000000,65.000000,27165.000000,18750.000000
0.000000,-24.233952,215.746292,213.133087,0.000000,0.000000,0.000000,51811.000000,25666.000000,16289.000000,823.000000,491.000000,64.000000,65.000000,27188.000000,18766.000000
0.000000,-24.025980,215.746292,212.756119,0.000000,0.000000,0.000000,51826.000000,25666.000000,16289.000000,823.000000,491.000000,64.000000,67.000000,27223.000000,18790.000000
0.000000,-23.873810,215.746292,212.495728,0.000000,0.000000,0.000000,51837.000000,25666.000000,16289.000000,823.000000,491.000000,65.000000,67.000000,27247.000000,18805.000000
0.000000,-23.628639,215.746292,212.136108,0.000000,0.000000,0.000000,51975.000000,25666.000000,16420.000000,823.000000,496.000000,67.000000,199.000000,27283.000000,18825.000000
0.000000,-23.466764,215.746292,211.906891,0.000000,0.000000,0.000000,52122.000000,25793.000000,16420.000000,828.000000,496.000000,133.000000,64.000000,27297.000000,18841.000000
0.000000,-23.175177,215.746292,211.578629,0.000000,0.000000,0.000000,52132.000000,25795.000000,16420.000000,830.000000,496.000000,64.000000,65.000000,27333.000000,18864.000000
0.000000,-22.967417,215.746292,211.340576,0.000000,0.000000,0.000000,52132.000000,25795.000000,16420.000000,830.000000,496.000000,64.000000,65.000000,27356.000000,18880.000000
0.000000,-22.642464,215.746292,211.002075,0.000000,0.000000,0.000000,52143.000000,25795.000000,16420.000000,830.000000,496.000000,64.000000,67.000000,27391.000000,18904.000000
0.000000,-22.405216,215.746292,210.784988,0.000000,0.000000,0.000000,52167.000000,25795.000000,16420.000000,830.000000,496.000000,67.000000,67.000000,27414.000000,18918.000000
0.000000,-22.042849,215.746292,210.485504,0.000000,0.000000,0.000000,52305.000000,25795.000000,16552.000000,830.000000,499.000000,67.000000,199.000000,27449.000000,18938.000000
0.000000,-21.801264,215.746292,210.289627,0.000000,0.000000,0.000000,52312.000000,25795.000000,16552.000000,830.000000,499.000000,67.000000,64.000000,27473.000000,18954.000000
0.000000,-21.417578,215.746292,210.017105,0.000000,0.000000,0.000000,52318.000000,25795.000000,16552.000000,830.000000,499.000000,67.000000,64.000000,27508.000000,18978.000000
0.000000,-21.172184,215.746292,209.839752,0.000000,0.000000,0.000000,52318.000000,25795.000000,16552.000000,830.000000,499.000000,67.000000,64.000000,27532.000000,18994.000000
0.000000,-20.790184,215.746292,209.540939,0.000000,0.000000,0.000000,52473.000000,25925.000000,16552.000000,834.000000,499.000000,65.000000,67.000000,27559.000000,19017.000000
0.000000,-20.505980,215.746292,209.387085,0.000000,0.000000,0.000000,52478.000000,25925.000000,16552.000000,834.000000,499.000000,67.000000,67.000000,27583.000000,19032.000000
0.000000,-20.071054,215.746292,209.133087,0.000000,0.000000,0.000000,52489.000000,25925.000000,16552.000000,834.000000,499.000000,67.000000,67.000000,27618.000000,19056.000000
0.000000,-19.778107,215.746292,208.976593,0.000000,0.000000,0.000000,52630.000000,25925.000000,16683.000000,834.000000,503.000000,67.000000,64.000000,27641.000000,19067.000000
0.000000,-19.312220,215.746292,208.751923,0.000000,0.000000,0.000000,52639.000000,25925.000000,16683.000000,834.000000,503.000000,67.000000,64.000000,27677.000000,19091.000000
0.000000,-18.985956,215.746292,208.614380,0.000000,0.000000,0.000000,52639.000000,25925.000000,16683.000000,834.000000,503.000000,67.000000,64.000000,27700.000000,19106.000000
0.000000,-18.464041,215.746292,208.408600,0.000000,0.000000,0.000000,52647.000000,25925.000000,16683.000000,834.000000,503.000000,67.000000,65.000000,27736.000000,19130.000000
0.000000,-18.120680,215.746292,208.276306,0.000000,0.000000,0.000000,52807.000000,26059.000000,16683.000000,838.000000,503.000000,99.000000,67.000000,27751.000000,19146.000000
0.000000,-17.560427,215.746292,208.077530,0.000000,0.000000,0.000000,52822.000000,26059.000000,16683.000000,838.000000,503.000000,99.000000,67.000000,27786.000000,19170.000000
0.000000,-17.190298,215.746292,207.977844,0.000000,0.000000,0.000000,52960.000000,26059.000000,16814.000000,838.000000,507.000000,99.000000,64.000000,27810.000000,19182.000000
0.000000,-16.627356,215.746292,207.806351,0.000000,0.000000,0.000000,53097.000000,26189.000000,16814.000000,841.000000,507.000000,199.000000,64.000000,27837.000000,19205.000000
0.000000,-16.253477,215.746292,207.711472,0.000000,0.000000,0.000000,53097.000000,26189.000000,16814.000000,841.000000,507.000000,199.000000,64.000000,27861.000000,19221.000000
0.000000,-15.695922,215.746292,207.565994,0.000000,0.000000,0.000000,53122.000000,26189.000000,16814.000000,841.000000,507.000000,67.000000,65.000000,27895.000000,19244.000000
0.000000,-15.337610,215.746292,207.484299,0.000000,0.000000,0.000000,53131.000000,26189.000000,16814.000000,841.000000,507.000000,67.000000,67.000000,27918.000000,19260.000000
0.000000,-14.811126,215.746292,207.383331,0.000000,0.000000,0.000000,53278.000000,26320.000000,16814.000000,845.000000,507.000000,199.000000,67.000000,27944.000000,19284.000000
0.000000,-14.435657,215.746292,207.306046,0.000000,0.000000,0.000000,53423.000000,26320.000000,16944.000000,845.000000,510.000000,64.000000,64.000000,27967.000000,19296.000000
0.000000,-13.860745,215.746292,207.230927,0.000000,0.000000,0.000000,53443.000000,26320.000000,16944.000000,845.000000,510.000000,67.000000,64.000000,28001.000000,19319.000000
0.000000,-13.474130,215.746292,207.166809,0.000000,0.000000,0.000000,53443.000000,26320.000000,16944.000000,845.000000,510.000000,67.000000,64.000000,28025.000000,19334.000000
0.000000,-12.909649,215.746292,207.108032,0.000000,0.000000,0.000000,53586.000000,26452.000000,16944.000000,850.000000,510.000000,199.000000,65.000000,28052.000000,19359.000000
0.000000,-12.494291,215.746292,207.083893,0.000000,0.000000,0.000000,53607.000000,26452.000000,16944.000000,850.000000,510.000000,65.000000,67.000000,28075.000000,19374.000000
0.000000,-11.858325,215.746292,207.055664,0.000000,0.000000,0.000000,53765.000000,26586.000000,16944.000000,856.000000,510.000000,231.000000,67.000000,28101.000000,19397.000000
0.000000,-11.411051,215.746292,207.036911,0.000000,0.000000,0.000000,53907.000000,26586.000000,17074.000000,856.000000,514.000000,97.000000,199.000000,28124.000000,19409.000000
0.000000,-10.741821,215.746292,207.028656,0.000000,0.000000,0.000000,53914.000000,26586.000000,17074.000000,856.000000,514.000000,99.000000,64.000000,28158.000000,19433.000000
0.000000,-10.275115,215.746292,207.055313,0.000000,0.000000,0.000000,53914.000000,26586.000000,17074.000000,856.000000,514.000000,99.000000,64.000000,28182.000000,19449.000000
0.000000,-9.532826,215.746292,207.067078,0.000000,0.000000,0.000000,53921.000000,26586.000000,17074.000000,856.000000,514.000000,99.000000,64.000000,28218.000000,19472.000000
0.000000,-9.016984,215.746292,207.069153,0.000000,0.000000,0.000000,53927.000000,26586.000000,17074.000000,856.000000,514.000000,99.000000,64.000000,28242.000000,19488.000000
0.000000,-8.223142,215.746292,207.104523,0.000000,0.000000,0.000000,53945.000000,26586.000000,17074.000000,856.000000,514.000000,99.000000,67.000000,28276.000000,19511.000000
0.000000,-7.681490,215.746292,207.110748,0.000000,0.000000,0.000000,54223.000000,26719.000000,17203.000000,859.000000,518.000000,64.000000,64.000000,28291.000000,19523.000000
0.000000,-6.866936,215.746292,207.176071,0.000000,0.000000,0.000000,54230.000000,26719.000000,17203.000000,859.000000,518.000000,64.000000,64.000000,28327.000000,19547.000000
0.000000,-6.317003,215.746292,207.220886,0.000000,0.000000,0.000000,54230.000000,26719.000000,17203.000000,859.000000,518.000000,64.000000,64.000000,28351.000000,19563.000000
0.000000,-5.462785,215.746292,207.292679,0.000000,0.000000,0.000000,54237.000000,26719.000000,17203.000000,859.000000,518.000000,64.000000,64.000000,28387.000000,19586.000000
0.000000,-4.886891,215.746292,207.347244,0.000000,0.000000,0.000000,54247.000000,26719.000000,17203.000000,859.000000,518.000000,67.000000,64.000000,28410.000000,19602.000000
0.000000,-4.025765,215.746292,207.451462,0.000000,0.000000,0.000000,54253.000000,26719.000000,17203.000000,859.000000,518.000000,67.000000,65.000000,28445.000000,19626.000000
0.000000,-3.434018,215.746292,207.516907,0.000000,0.000000,0.000000,54262.000000,26719.000000,17203.000000,859.000000,518.000000,67.000000,67.000000,28469.000000,19642.000000
0.000000,-2.532579,215.746292,207.632248,0.000000,0.000000,0.000000,54269.000000,26719.000000,17203.000000,859.000000,518.000000,67.000000,67.000000,28505.000000,19664.000000
0.000000,-1.922770,215.746292,207.740189,0.000000,0.000000,0.000000,54269.000000,26719.000000,17203.000000,859.000000,518.000000,67.000000,67.000000,28529.000000,19680.000000
0.000000,-1.011964,215.746292,207.902664,0.000000,0.000000,0.000000,54418.000000,26719.000000,17337.000000,859.000000,522.000000,67.000000,64.000000,28564.000000,19700.000000
0.000000,-0.488273,215.746292,208.006302,0.000000,0.000000,0.000000,54691.000000,26958.000000,17337.000000,865.000000,522.000000,133.000000,65.000000,28568.000000,19716.000000
0.000000,0.367321,215.746292,208.197098,0.000000,0.000000,0.000000,54904.000000,27115.000000,17337.000000,872.000000,522.000000,99.000000,67.000000,28584.000000,19740.000000
0.000000,0.871467,215.746292,208.354874,0.000000,0.000000,0.000000,55082.000000,27250.000000,17337.000000,878.000000,522.000000,99.000000,67.000000,28591.000000,19756.000000
0.000000,1.785251,215.746292,208.582458,0.000000,0.000000,0.000000,55522.000000,27522.000000,17468.000000,889.000000,526.000000,32.000000,199.000000,28608.000000,19775.000000
0.000000,2.431175,215.746292,208.746735,0.000000,0.000000,0.000000,55686.000000,27658.000000,17468.000000,894.000000,526.000000,231.000000,199.000000,28620.000000,19790.000000
0.000000,3.421700,215.746292,208.987747,0.000000,0.000000,0.000000,55693.000000,27658.000000,17468.000000,894.000000,526.000000,16416.000000,64.000000,28657.000000,19814.000000
0.000000,4.041317,215.746292,209.173874,0.000000,0.000000,0.000000,55867.000000,27789.000000,17468.000000,898.000000,526.000000,96.000000,65.000000,28669.000000,19830.000000
0.000000,4.968590,215.746292,209.442108,0.000000,0.000000,0.000000,56132.000000,27992.000000,17468.000000,906.000000,526.000000,133.000000,67.000000,28685.000000,19853.000000
0.000000,5.594335,215.746292,209.636276,0.000000,0.000000,0.000000,56331.000000,28148.000000,17468.000000,911.000000,526.000000,133.000000,67.000000,28695.000000,19869.000000
0.000000,6.584517,215.746292,209.949097,0.000000,0.000000,0.000000,56661.000000,28314.000000,17598.000000,917.000000,530.000000,16416.000000,199.000000,28714.000000,19887.000000
0.000000,7.256226,215.746292,210.184418,0.000000,0.000000,0.000000,56661.000000,28314.000000,17598.000000,917.000000,530.000000,16416.000000,199.000000,28738.000000,19903.000000
0.000000,8.284111,215.746292,210.504852,0.000000,0.000000,0.000000,56671.000000,28314.000000,17598.000000,917.000000,530.000000,16480.000000,64.000000,28774.000000,19927.000000
0.000000,8.959781,215.746292,210.750122,0.000000,0.000000,0.000000,56694.000000,28314.000000,17598.000000,917.000000,530.000000,16483.000000,64.000000,28793.000000,19942.000000
0.000000,9.911922,215.746292,211.103043,0.000000,0.000000,0.000000,56862.000000,28443.000000,17598.000000,920.000000,530.000000,99.000000,64.000000,28817.000000,19965.000000
0.000000,10.564673,215.746292,211.387329,0.000000,0.000000,0.000000,57033.000000,28577.000000,17598.000000,924.000000,530.000000,99.000000,65.000000,28829.000000,19981.000000
0.000000,11.523366,215.746292,211.809509,0.000000,0.000000,0.000000,57351.000000,28841.000000,17598.000000,932.000000,530.000000,99.000000,67.000000,28842.000000,20005.000000
0.000000,12.174214,215.746292,212.091644,0.000000,0.000000,0.000000,57517.000000,28973.000000,17598.000000,936.000000,530.000000,99.000000,67.000000,28852.000000,20021.000000
0.000000,13.324135,215.746292,212.448914,0.000000,0.000000,0.000000,57521.000000,28973.000000,17598.000000,936.000000,530.000000,99.000000,67.000000,28890.000000,20044.000000
0.000000,13.991407,215.746292,212.557388,0.000000,0.000000,0.000000,57834.000000,29102.000000,17727.000000,940.000000,533.000000,99.000000,64.000000,28899.000000,20054.000000
0.000000,15.016369,215.746292,212.905991,0.000000,0.000000,0.000000,58143.000000,29374.000000,17727.000000,951.000000,533.000000,231.000000,64.000000,28916.000000,20077.000000
0.000000,15.717659,215.746292,213.115692,0.000000,0.000000,0.000000,58319.000000,29503.000000,17727.000000,956.000000,533.000000,96.000000,67.000000,28928.000000,20093.000000
0.000000,16.817654,215.746292,213.554642,0.000000,0.000000,0.000000,58498.000000,29635.000000,17727.000000,962.000000,533.000000,16483.000000,67.000000,28944.000000,20117.000000
0.000000,17.656185,215.746292,213.901154,0.000000,0.000000,0.000000,58498.000000,29635.000000,17727.000000,962.000000,533.000000,16483.000000,67.000000,28968.000000,20133.000000
0.000000,18.810127,215.746292,214.253052,0.000000,0.000000,0.000000,58946.000000,29902.000000,17858.000000,970.000000,536.000000,33.000000,199.000000,28979.000000,20152.000000
0.000000,19.524216,215.746292,214.409225,0.000000,0.000000,0.000000,59119.000000,30034.000000,17858.000000,973.000000,536.000000,99.000000,64.000000,28991.000000,20168.000000
0.000000,20.706982,215.746292,214.587082,0.000000,0.000000,0.000000,59437.000000,30298.000000,17858.000000,980.000000,536.000000,64.000000,65.000000,29003.000000,20191.000000
0.000000,21.619131,215.746292,214.789642,0.000000,0.000000,0.000000,59475.000000,30298.000000,17858.000000,980.000000,536.000000,16483.000000,67.000000,29022.000000,20207.000000
0.000000,22.957705,215.746292,215.041214,0.000000,0.000000,0.000000,59620.000000,30429.000000,17858.000000,984.000000,536.000000,64.000000,67.000000,29051.000000,20230.000000
0.000000,23.855021,215.746292,215.206238,0.000000,0.000000,0.000000,59620.000000,30429.000000,17858.000000,984.000000,536.000000,64.000000,67.000000,29075.000000,20246.000000
0.000000,25.141001,215.746292,215.419479,0.000000,0.000000,0.000000,59760.000000,30429.000000,17989.000000,984.000000,540.000000,64.000000,64.000000,29110.000000,20265.000000
0.000000,25.988798,215.746292,215.511185,0.000000,0.000000,0.000000,59785.000000,30429.000000,17989.000000,984.000000,540.000000,99.000000,64.000000,29130.000000,20281.000000
0.000000,27.322828,215.746292,215.647064,0.000000,0.000000,0.000000,59922.000000,30560.000000,17989.000000,988.000000,540.000000,199.000000,65.000000,29160.000000,20305.000000
0.000000,28.185127,215.746292,215.744293,0.000000,0.000000,0.000000,59938.000000,30560.000000,17989.000000,988.000000,540.000000,64.000000,67.000000,29182.000000,20320.000000
0.000000,29.364199,215.746292,215.862656,0.000000,0.000000,0.000000,59950.000000,30560.000000,17989.000000,988.000000,540.000000,65.000000,67.000000,29218.000000,20344.000000
0.000000,30.054865,215.746292,215.906265,0.000000,0.000000,0.000000,59950.000000,30560.000000,17989.000000,988.000000,540.000000,65.000000,67.000000,29241.000000,20359.000000
0.000000,30.967630,215.746292,215.966537,0.000000,0.000000,0.000000,60103.000000,30560.000000,18120.000000,988.000000,543.000000,67.000000,199.000000,29275.000000,20378.000000
0.000000,31.486246,215.746292,215.954224,0.000000,0.000000,0.000000,60239.000000,30693.000000,18120.000000,992.000000,543.000000,199.000000,64.000000,29293.000000,20394.000000
0.000000,32.126534,215.746292,215.948776,0.000000,0.000000,0.000000,60265.000000,30693.000000,18120.000000,992.000000,543.000000,67.000000,65.000000,29325.000000,20418.000000
0.000000,32.462311,215.746292,215.947830,0.000000,0.000000,0.000000,60280.000000,30693.000000,18120.000000,992.000000,543.000000,67.000000,67.000000,29348.000000,20434.000000
0.000000,32.833569,215.746292,215.919281,0.000000,0.000000,0.000000,60424.000000,30823.000000,18120.000000,997.000000,543.000000,199.000000,67.000000,29374.000000,20458.000000
0.000000,32.966549,215.746292,215.937195,0.000000,0.000000,0.000000,60424.000000,30823.000000,18120.000000,997.000000,543.000000,199.000000,67.000000,29398.000000,20474.000000
0.000000,33.025639,215.746292,215.945099,0.000000,0.000000,0.000000,60560.000000,30823.000000,18250.000000,997.000000,546.000000,64.000000,199.000000,29433.000000,20492.000000
0.000000,32.975792,215.746292,215.946487,0.000000,0.000000,0.000000,60574.000000,30823.000000,18250.000000,997.000000,546.000000,64.000000,64.000000,29457.000000,20508.000000
0.000000,32.809879,215.746292,215.929535,0.000000,0.000000,0.000000,60591.000000,30823.000000,18250.000000,997.000000,546.000000,67.000000,65.000000,29492.000000,20532.000000
0.000000,32.644566,215.746292,215.912781,0.000000,0.000000,0.000000,60739.000000,30954.000000,18250.000000,1001.000000,546.000000,199.000000,67.000000,29507.000000,20548.000000
0.000000,32.293797,215.746292,215.870911,0.000000,0.000000,0.000000,60763.000000,30954.000000,18250.000000,1001.000000,546.000000,99.000000,67.000000,29541.000000,20571.000000
0.000000,32.020222,215.746292,215.835419,0.000000,0.000000,0.000000,60763.000000,30954.000000,18250.000000,1001.000000,546.000000,99.000000,67.000000,29565.000000,20587.000000
0.000000,31.540243,215.746292,215.767731,0.000000,0.000000,0.000000,60901.000000,30954.000000,18380.000000,1001.000000,549.000000,99.000000,64.000000,29600.000000,20606.000000
0.000000,31.204525,215.746292,215.742020,0.000000,0.000000,0.000000,61051.000000,31089.000000,18380.000000,1004.000000,549.000000,64.000000,64.000000,29614.000000,20622.000000
0.000000,30.579624,215.746292,215.696228,0.000000,0.000000,0.000000,61065.000000,31089.000000,18380.000000,1004.000000,549.000000,97.000000,65.000000,29648.000000,20645.000000
0.000000,30.109037,215.746292,215.688141,0.000000,0.000000,0.000000,61115.000000,31107.000000,18380.000000,1006.000000,549.000000,133.000000,67.000000,29672.000000,20661.000000
0.000000,29.403196,215.746292,215.656464,0.000000,0.000000,0.000000,61409.000000,31349.000000,18380.000000,1014.000000,549.000000,32.000000,67.000000,29688.000000,20684.000000
0.000000,28.884979,215.746292,215.645706,0.000000,0.000000,0.000000,61578.000000,31478.000000,18380.000000,1021.000000,549.000000,99.000000,67.000000,29695.000000,20700.000000
0.000000,27.971891,215.746292,215.640976,0.000000,0.000000,0.000000,61864.000000,31611.000000,18509.000000,1024.000000,553.000000,64.000000,199.000000,29728.000000,20719.000000
0.000000,27.354502,215.746292,215.640137,0.000000,0.000000,0.000000,62037.000000,31741.000000,18509.000000,1028.000000,553.000000,199.000000,64.000000,29738.000000,20734.000000
0.000000,26.344973,215.746292,215.639771,0.000000,0.000000,0.000000,62244.000000,31879.000000,18509.000000,1033.000000,553.000000,231.000000,65.000000,29750.000000,20758.000000
0.000000,25.660938,215.746292,215.639709,0.000000,0.000000,0.000000,62444.000000,32045.000000,18509.000000,1040.000000,553.000000,231.000000,67.000000,29758.000000,20773.000000
0.000000,24.650099,215.746292,215.611542,0.000000,0.000000,0.000000,62712.000000,32276.000000,18509.000000,1045.000000,553.000000,135.000000,67.000000,29772.000000,20797.000000
0.000000,23.818413,215.746292,215.583832,0.000000,0.000000,0.000000,62712.000000,32276.000000,18509.000000,1045.000000,553.000000,135.000000,67.000000,29796.000000,20813.000000
0.000000,22.718758,215.746292,215.506668,0.000000,0.000000,0.000000,63045.000000,32407.000000,18639.000000,1049.000000,560.000000,99.000000,199.000000,29810.000000,20832.000000
0.000000,24.010771,215.746292,215.479279,0.000000,0.000000,0.000000,63215.000000,32537.000000,18639.000000,1053.000000,560.000000,99.000000,64.000000,29821.000000,20848.000000
0.000000,24.010765,215.746292,215.387054,0.000000,0.000000,0.000000,63532.000000,32803.000000,18639.000000,1065.000000,560.000000,35.000000,64.000000,29828.000000,20871.000000
0.000000,22.085394,215.746292,215.334274,0.000000,0.000000,0.000000,63684.000000,32932.000000,18639.000000,1069.000000,560.000000,16448.000000,67.000000,29841.000000,20887.000000
0.000000,21.822973,215.746292,215.217911,0.000000,0.000000,0.000000,63720.000000,32932.000000,18639.000000,1069.000000,560.000000,16483.000000,67.000000,29873.000000,20910.000000
0.000000,21.511818,215.746292,215.160873,0.000000,0.000000,0.000000,63887.000000,33066.000000,18639.000000,1073.000000,560.000000,99.000000,67.000000,29883.000000,20925.000000
0.000000,20.944229,215.746292,215.105225,0.000000,0.000000,0.000000,64210.000000,33330.000000,18639.000000,1079.000000,560.000000,99.000000,67.000000,29889.000000,20949.000000
0.000000,20.502863,215.746292,215.064072,0.000000,0.000000,0.000000,64510.000000,33464.000000,18771.000000,1082.000000,563.000000,99.000000,199.000000,29898.000000,20959.000000
0.000000,19.771595,215.746292,214.998535,0.000000,0.000000,0.000000,64659.000000,33598.000000,18771.000000,1086.000000,563.000000,16416.000000,64.000000,29923.000000,20983.000000
0.000000,19.265368,215.746292,214.958862,0.000000,0.000000,0.000000,64694.000000,33598.000000,18771.000000,1086.000000,563.000000,16483.000000,65.000000,29940.000000,20999.000000
0.000000,18.579317,215.746292,214.941360,0.000000,0.000000,0.000000,65013.000000,33863.000000,18771.000000,1097.000000,563.000000,33.000000,67.000000,29950.000000,21023.000000
0.000000,18.122486,215.746292,214.938263,0.000000,0.000000,0.000000,65180.000000,34000.000000,18771.000000,1105.000000,563.000000,99.000000,67.000000,29962.000000,21038.000000
0.000000,17.758820,215.746292,214.908783,0.000000,0.000000,0.000000,65500.000000,34271.000000,18771.000000,1117.000000,563.000000,231.000000,67.000000,29968.000000,21061.000000
0.000000,10.081277,215.746292,214.926544,0.000000,0.000000,0.000000,65637.000000,34271.000000,18905.000000,1117.000000,567.000000,16416.000000,199.000000,29994.000000,21073.000000
0.000000,9.953962,215.746292,214.934372,0.000000,0.000000,0.000000,65807.000000,34404.000000,18905.000000,1120.000000,567.000000,231.000000,64.000000,30020.000000,21097.000000
0.000000,9.850253,215.746292,214.953339,0.000000,0.000000,0.000000,65982.000000,34536.000000,18905.000000,1123.000000,567.000000,32.000000,65.000000,30028.000000,21112.000000
0.000000,9.688623,215.746292,214.974625,0.000000,0.000000,0.000000,66286.000000,34775.000000,18905.000000,1130.000000,567.000000,133.000000,67.000000,30038.000000,21136.000000
0.000000,9.591006,215.746292,214.978378,0.000000,0.000000,0.000000,66471.000000,34930.000000,18905.000000,1136.000000,567.000000,199.000000,67.000000,30047.000000,21152.000000
0.000000,9.461560,215.746292,214.980026,0.000000,0.000000,0.000000,66609.000000,34930.000000,19036.000000,1136.000000,571.000000,16448.000000,199.000000,30083.000000,21172.000000
0.000000,9.396947,215.746292,214.980316,0.000000,0.000000,0.000000,66784.000000,35060.000000,19036.000000,1140.000000,571.000000,96.000000,64.000000,30089.000000,21187.000000
0.000000,9.315066,215.746292,214.980453,0.000000,0.000000,0.000000,67091.000000,35313.000000,19036.000000,1151.000000,571.000000,133.000000,64.000000,30098.000000,21211.000000
0.000000,9.278921,215.746292,214.998047,0.000000,0.000000,0.000000,67247.000000,35431.000000,19036.000000,1157.000000,571.000000,133.000000,75.000000,30111.000000,21226.000000
0.000000,9.249196,215.746292,215.018723,0.000000,0.000000,0.000000,67449.000000,35596.000000,19036.000000,1163.000000,571.000000,135.000000,75.000000,30135.000000,21250.000000
0.000000,9.255726,215.746292,215.022369,0.000000,0.000000,0.000000,67449.000000,35596.000000,19036.000000,1163.000000,571.000000,135.000000,75.000000,30158.000000,21266.000000
0.000000,9.274441,215.746292,215.023987,0.000000,0.000000,0.000000,67469.000000,35596.000000,19036.000000,1163.000000,571.000000,64.000000,75.000000,30193.000000,21289.000000
0.000000,9.298347,215.746292,215.024277,0.000000,0.000000,0.000000,67776.000000,35725.000000,19170.000000,1169.000000,574.000000,99.000000,199.000000,30199.000000,21301.000000
0.000000,9.352496,215.746292,215.024399,0.000000,0.000000,0.000000,68091.000000,35983.000000,19170.000000,1179.000000,574.000000,64.000000,64.000000,30211.000000,21325.000000
0.000000,9.422300,215.746292,215.024414,0.000000,0.000000,0.000000,68254.000000,36103.000000,19170.000000,1182.000000,574.000000,133.000000,65.000000,30222.000000,21340.000000
0.000000,9.542566,215.746292,215.024414,0.000000,0.000000,0.000000,68439.000000,36248.000000,19170.000000,1187.000000,574.000000,16448.000000,67.000000,30246.000000,21364.000000
0.000000,9.639392,215.746292,215.024414,0.000000,0.000000,0.000000,68439.000000,36248.000000,19170.000000,1187.000000,574.000000,16448.000000,67.000000,30270.000000,21380.000000
0.000000,9.764439,215.746292,215.024414,0.000000,0.000000,0.000000,68640.000000,36383.000000,19170.000000,1193.000000,574.000000,99.000000,67.000000,30286.000000,21403.000000
0.000000,9.879432,215.746292,215.024414,0.000000,0.000000,0.000000,68944.000000,36518.000000,19302.000000,1197.000000,578.000000,99.000000,199.000000,30295.000000,21414.000000
0.000000,10.018357,215.746292,215.024414,0.000000,0.000000,0.000000,69258.000000,36785.000000,19302.000000,1204.000000,578.000000,99.000000,64.000000,30306.000000,21438.000000
0.000000,10.141684,215.746292,215.024414,0.000000,0.000000,0.000000,69409.000000,36914.000000,19302.000000,1208.000000,578.000000,135.000000,65.000000,30320.000000,21453.000000
0.000000,10.346070,215.746292,215.024414,0.000000,0.000000,0.000000,69447.000000,36914.000000,19302.000000,1208.000000,578.000000,99.000000,67.000000,30348.000000,21476.000000
0.000000,10.450626,215.746292,215.024414,0.000000,0.000000,0.000000,69644.000000,37072.000000,19302.000000,1215.000000,578.000000,133.000000,67.000000,30354.000000,21492.000000
0.000000,12.102686,215.746292,215.024414,0.000000,0.000000,0.000000,69934.000000,37309.000000,19302.000000,1225.000000,578.000000,33.000000,67.000000,30368.000000,21516.000000
0.000000,12.127056,215.746292,215.024414,0.000000,0.000000,0.000000,70239.000000,37444.000000,19431.000000,1229.000000,582.000000,99.000000,64.000000,30377.000000,21527.000000
0.000000,12.256966,215.746292,215.024414,0.000000,0.000000,0.000000,70384.000000,37573.000000,19431.000000,1235.000000,582.000000,135.000000,64.000000,30406.000000,21551.000000
0.000000,12.379253,215.746292,215.024414,0.000000,0.000000,0.000000,70419.000000,37573.000000,19431.000000,1235.000000,582.000000,99.000000,64.000000,30424.000000,21567.000000
0.000000,12.557877,215.746292,215.024414,0.000000,0.000000,0.000000,70733.000000,37836.000000,19431.000000,1241.000000,582.000000,231.000000,67.000000,30436.000000,21590.000000
0.000000,12.694262,215.746292,215.024414,0.000000,0.000000,0.000000,70899.000000,37968.000000,19431.000000,1245.000000,582.000000,32.000000,67.000000,30449.000000,21605.000000
0.000000,12.910533,215.746292,215.024414,0.000000,0.000000,0.000000,71102.000000,38101.000000,19431.000000,1249.000000,582.000000,99.000000,67.000000,30465.000000,21629.000000
0.000000,13.065387,215.746292,215.024414,0.000000,0.000000,0.000000,71239.000000,38101.000000,19561.000000,1249.000000,586.000000,16483.000000,64.000000,30489.000000,21640.000000
0.000000,13.273271,215.746292,215.024414,0.000000,0.000000,0.000000,71411.000000,38232.000000,19561.000000,1253.000000,586.000000,99.000000,64.000000,30509.000000,21664.000000
0.000000,13.412826,215.746292,215.024414,0.000000,0.000000,0.000000,71622.000000,38409.000000,19561.000000,1259.000000,586.000000,133.000000,64.000000,30517.000000,21680.000000
0.000000,13.630571,215.746292,215.024414,0.000000,0.000000,0.000000,71908.000000,38636.000000,19561.000000,1269.000000,586.000000,99.000000,67.000000,30531.000000,21704.000000
0.000000,13.780726,215.746292,215.024414,0.000000,0.000000,0.000000,72073.000000,38769.000000,19561.000000,1276.000000,586.000000,99.000000,67.000000,30544.000000,21720.000000
0.000000,14.023417,215.746292,215.024414,0.000000,0.000000,0.000000,72078.000000,38769.000000,19561.000000,1276.000000,586.000000,99.000000,67.000000,30580.000000,21743.000000
0.000000,14.168709,215.746292,215.024414,0.000000,0.000000,0.000000,72250.000000,38904.000000,19561.000000,1280.000000,586.000000,99.000000,67.000000,30593.000000,21758.000000
0.000000,14.391591,215.746292,215.024414,0.000000,0.000000,0.000000,72694.000000,39170.000000,19697.000000,1287.000000,590.000000,32.000000,199.000000,30605.000000,21776.000000
0.000000,14.524671,215.746292,215.024414,0.000000,0.000000,0.000000,72865.000000,39300.000000,19697.000000,1291.000000,590.000000,99.000000,64.000000,30616.000000,21792.000000
0.000000,14.732581,215.746292,215.024414,0.000000,0.000000,0.000000,73040.000000,39431.000000,19697.000000,1297.000000,590.000000,99.000000,65.000000,30637.000000,21816.000000
0.000000,14.887408,215.746292,215.024414,0.000000,0.000000,0.000000,73040.000000,39431.000000,19697.000000,1297.000000,590.000000,99.000000,65.000000,30661.000000,21832.000000
0.000000,15.082725,215.746292,215.024414,0.000000,0.000000,0.000000,73359.000000,39704.000000,19697.000000,1307.000000,590.000000,231.000000,67.000000,30669.000000,21855.000000
0.000000,15.219137,215.746292,215.024414,0.000000,0.000000,0.000000,73537.000000,39839.000000,19697.000000,1311.000000,590.000000,33.000000,67.000000,30679.000000,21871.000000
0.000000,16.881369,215.746292,215.024414,0.000000,0.000000,0.000000,73986.000000,40108.000000,19829.000000,1317.000000,593.000000,231.000000,199.000000,30686.000000,21889.000000
0.000000,16.931137,215.746292,215.024414,0.000000,0.000000,0.000000,74019.000000,40108.000000,19829.000000,1317.000000,593.000000,99.000000,64.000000,30704.000000,21905.000000
0.000000,17.067223,215.746292,215.024414,0.000000,0.000000,0.000000,74165.000000,40240.000000,19829.000000,1320.000000,593.000000,96.000000,64.000000,30729.000000,21929.000000
0.000000,17.174183,215.746292,215.024414,0.000000,0.000000,0.000000,74329.000000,40371.000000,19829.000000,1324.000000,593.000000,96.000000,64.000000,30743.000000,21944.000000
0.000000,17.381439,215.746292,215.024414,0.000000,0.000000,0.000000,74529.000000,40508.000000,19829.000000,1329.000000,593.000000,99.000000,67.000000,30764.000000,21968.000000
0.000000,17.531702,215.746292,215.024414,0.000000,0.000000,0.000000,74726.000000,40666.000000,19829.000000,1334.000000,593.000000,133.000000,67.000000,30774.000000,21984.000000
0.000000,17.790211,215.746292,215.024414,0.000000,0.000000,0.000000,74982.000000,40770.000000,19960.000000,1338.000000,596.000000,16483.000000,199.000000,30802.000000,22002.000000
0.000000,17.978014,215.746292,215.024414,0.000000,0.000000,0.000000,75097.000000,40869.000000,19960.000000,1341.000000,596.000000,133.000000,64.000000,30820.000000,22019.000000
0.000000,18.277313,215.746292,215.024414,0.000000,0.000000,0.000000,75329.000000,41040.000000,19960.000000,1351.000000,596.000000,99.000000,65.000000,30833.000000,22042.000000
0.000000,18.478258,215.746292,215.024414,0.000000,0.000000,0.000000,75498.000000,41174.000000,19960.000000,1354.000000,596.000000,99.000000,65.000000,30842.000000,22058.000000
0.000000,18.681442,215.746292,215.024414,0.000000,0.000000,0.000000,75823.000000,41440.000000,19960.000000,1363.000000,596.000000,99.000000,67.000000,30850.000000,22082.000000
0.000000,19.598900,215.746292,215.024414,0.000000,0.000000,0.000000,75833.000000,41440.000000,19960.000000,1363.000000,596.000000,16483.000000,67.000000,30873.000000,22098.000000
0.000000,19.753563,215.746292,215.024414,0.000000,0.000000,0.000000,76110.000000,41571.000000,20091.000000,1367.000000,600.000000,64.000000,64.000000,30901.000000,22117.000000
0.000000,19.937021,215.746292,215.024414,0.000000,0.000000,0.000000,76137.000000,41571.000000,20091.000000,1367.000000,600.000000,99.000000,64.000000,30924.000000,22132.000000
0.000000,20.226648,215.746292,215.024414,0.000000,0.000000,0.000000,76448.000000,41838.000000,20091.000000,1374.000000,600.000000,231.000000,65.000000,30939.000000,22157.000000
0.000000,20.454149,215.746292,215.024414,0.000000,0.000000,0.000000,76616.000000,41967.000000,20091.000000,1379.000000,600.000000,96.000000,65.000000,30947.000000,22172.000000
0.000000,20.831804,215.746292,215.024414,0.000000,0.000000,0.000000,76815.000000,42104.000000,20091.000000,1383.000000,600.000000,103.000000,67.000000,30971.000000,22195.000000
0.000000,21.111870,215.746292,215.024414,0.000000,0.000000,0.000000,76948.000000,42232.000000,20091.000000,1389.000000,600.000000,135.000000,67.000000,30989.000000,22211.000000
0.000000,21.522036,215.746292,215.024414,0.000000,0.000000,0.000000,77238.000000,42347.000000,20221.000000,1394.000000,604.000000,133.000000,64.000000,31012.000000,22231.000000
0.000000,21.785927,215.746292,215.024414,0.000000,0.000000,0.000000,77403.000000,42477.000000,20221.000000,1399.000000,604.000000,133.000000,64.000000,31024.000000,22247.000000
0.000000,22.188116,215.746292,215.024414,0.000000,0.000000,0.000000,77624.000000,42632.000000,20221.000000,1404.000000,604.000000,99.000000,65.000000,31034.000000,22271.000000
0.000000,22.496212,215.746292,215.024414,0.000000,0.000000,0.000000,77822.000000,42797.000000,20221.000000,1410.000000,604.000000,133.000000,65.000000,31044.000000,22287.000000
0.000000,22.986319,215.746292,215.024414,0.000000,0.000000,0.000000,77924.000000,42893.000000,20221.000000,1414.000000,604.000000,135.000000,67.000000,31074.000000,22309.000000
0.000000,23.289442,215.746292,215.024414,0.000000,0.000000,0.000000,78100.000000,43029.000000,20221.000000,1419.000000,604.000000,231.000000,67.000000,31081.000000,22325.000000
0.000000,23.795805,215.746292,215.024414,0.000000,0.000000,0.000000,78299.000000,43165.000000,20221.000000,1423.000000,604.000000,99.000000,67.000000,31100.000000,22349.000000
0.000000,24.127752,215.746292,215.024414,0.000000,0.000000,0.000000,78656.000000,43361.000000,20353.000000,1430.000000,609.000000,133.000000,199.000000,31105.000000,22360.000000
0.000000,24.669386,215.746292,215.024414,0.000000,0.000000,0.000000,78888.000000,43564.000000,20353.000000,1437.000000,609.000000,135.000000,64.000000,31127.000000,22383.000000
0.000000,25.074007,215.746292,215.024414,0.000000,0.000000,0.000000,78888.000000,43564.000000,20353.000000,1437.000000,609.000000,135.000000,64.000000,31151.000000,22399.000000
0.000000,25.660284,215.746292,215.024414,0.000000,0.000000,0.000000,78906.000000,43564.000000,20353.000000,1437.000000,609.000000,96.000000,65.000000,31184.000000,22423.000000
0.000000,26.058237,215.746292,215.024414,0.000000,0.000000,0.000000,78919.000000,43564.000000,20353.000000,1437.000000,609.000000,97.000000,67.000000,31207.000000,22438.000000
0.000000,26.667927,215.746292,215.024414,0.000000,0.000000,0.000000,78926.000000,43564.000000,20353.000000,1437.000000,609.000000,99.000000,67.000000,31243.000000,22462.000000
0.000000,27.097710,215.746292,215.024414,0.000000,0.000000,0.000000,78933.000000,43564.000000,20353.000000,1437.000000,609.000000,99.000000,67.000000,31267.000000,22478.000000
0.000000,27.789499,215.746292,215.024414,0.000000,0.000000,0.000000,79077.000000,43564.000000,20484.000000,1437.000000,614.000000,99.000000,64.000000,31303.000000,22497.000000
0.000000,28.261684,215.746292,215.024414,0.000000,0.000000,0.000000,79077.000000,43564.000000,20484.000000,1437.000000,614.000000,99.000000,64.000000,31326.000000,22513.000000
0.000000,28.963882,215.746292,215.024414,0.000000,0.000000,0.000000,79235.000000,43699.000000,20484.000000,1441.000000,614.000000,67.000000,64.000000,31352.000000,22537.000000
0.000000,29.420658,215.746292,215.024414,0.000000,0.000000,0.000000,79246.000000,43699.000000,20484.000000,1441.000000,614.000000,67.000000,65.000000,31375.000000,22552.000000
0.000000,30.017971,215.746292,215.024414,0.000000,0.000000,0.000000,79257.000000,43699.000000,20484.000000,1441.000000,614.000000,67.000000,67.000000,31411.000000,22576.000000
0.000000,30.351995,215.746292,215.024414,0.000000,0.000000,0.000000,79394.000000,43829.000000,20484.000000,1444.000000,614.000000,199.000000,67.000000,31427.000000,22591.000000
0.000000,30.732273,215.746292,215.024414,0.000000,0.000000,0.000000,79557.000000,43829.000000,20615.000000,1444.000000,618.000000,67.000000,199.000000,31457.000000,22610.000000
0.000000,30.903656,215.746292,215.024414,0.000000,0.000000,0.000000,79557.000000,43829.000000,20615.000000,1444.000000,618.000000,67.000000,199.000000,31481.000000,22626.000000
0.000000,31.069246,215.746292,215.024414,0.000000,0.000000,0.000000,79565.000000,43829.000000,20615.000000,1444.000000,618.000000,67.000000,64.000000,31517.000000,22650.000000
0.000000,31.116129,215.746292,215.024414,0.000000,0.000000,0.000000,79703.000000,43960.000000,20615.000000,1448.000000,618.000000,64.000000,64.000000,31533.000000,22665.000000
0.000000,31.075558,215.746292,214.989975,0.000000,0.000000,0.000000,79716.000000,43960.000000,20615.000000,1448.000000,618.000000,64.000000,67.000000,31568.000000,22689.000000
0.000000,30.954582,215.746292,214.966309,0.000000,0.000000,0.000000,79730.000000,43960.000000,20615.000000,1448.000000,618.000000,65.000000,67.000000,31590.000000,22705.000000
0.000000,30.645720,215.746292,214.942963,0.000000,0.000000,0.000000,79872.000000,43960.000000,20746.000000,1448.000000,621.000000,67.000000,199.000000,31626.000000,22723.000000
0.000000,30.369152,215.746292,214.938858,0.000000,0.000000,0.000000,79872.000000,43960.000000,20746.000000,1448.000000,621.000000,67.000000,199.000000,31650.000000,22738.000000
0.000000,29.843473,215.746292,214.937042,0.000000,0.000000,0.000000,79880.000000,43960.000000,20746.000000,1448.000000,621.000000,67.000000,64.000000,31685.000000,22762.000000
0.000000,29.441477,215.746292,214.936707,0.000000,0.000000,0.000000,79888.000000,43960.000000,20746.000000,1448.000000,621.000000,67.000000,64.000000,31709.000000,22778.000000
0.000000,28.833698,215.746292,214.936569,0.000000,0.000000,0.000000,80053.000000,44093.000000,20746.000000,1451.000000,621.000000,99.000000,67.000000,31735.000000,22802.000000
0.000000,28.402441,215.746292,214.936554,0.000000,0.000000,0.000000,80201.000000,44222.000000,20746.000000,1455.000000,621.000000,135.000000,67.000000,31749.000000,22818.000000
0.000000,27.684095,215.746292,214.964661,0.000000,0.000000,0.000000,80375.000000,44356.000000,20746.000000,1462.000000,621.000000,199.000000,67.000000,31776.000000,22842.000000
0.000000,27.136452,215.746292,214.974777,0.000000,0.000000,0.000000,80375.000000,44356.000000,20746.000000,1462.000000,621.000000,199.000000,67.000000,31799.000000,22857.000000
0.000000,26.303577,215.746292,214.979248,0.000000,0.000000,0.000000,80706.000000,44485.000000,20877.000000,1469.000000,624.000000,99.000000,64.000000,31820.000000,22876.000000
0.000000,25.742218,215.746292,214.980042,0.000000,0.000000,0.000000,80879.000000,44618.000000,20877.000000,1472.000000,624.000000,99.000000,64.000000,31828.000000,22892.000000
0.000000,24.812466,215.746292,214.980377,0.000000,0.000000,0.000000,81193.000000,44887.000000,20877.000000,1482.000000,624.000000,99.000000,65.000000,31837.000000,22916.000000
0.000000,24.089722,215.746292,214.980453,0.000000,0.000000,0.000000,81345.000000,45016.000000,20877.000000,1486.000000,624.000000,135.000000,67.000000,31853.000000,22931.000000
0.000000,22.963232,215.746292,214.980469,0.000000,0.000000,0.000000,81382.000000,45016.000000,20877.000000,1486.000000,624.000000,99.000000,67.000000,31882.000000,22955.000000
0.000000,22.264887,215.746292,214.980469,0.000000,0.000000,0.000000,81548.000000,45152.000000,20877.000000,1492.000000,624.000000,99.000000,67.000000,31893.000000,22971.000000
0.000000,21.117552,215.746292,214.980469,0.000000,0.000000,0.000000,81985.000000,45416.000000,21006.000000,1499.000000,628.000000,64.000000,64.000000,31908.000000,22989.000000
0.000000,20.481497,215.746292,214.980469,0.000000,0.000000,0.000000,82164.000000,45547.000000,21006.000000,1505.000000,628.000000,99.000000,64.000000,31912.000000,23004.000000
0.000000,19.227720,215.746292,214.980469,0.000000,0.000000,0.000000,82479.000000,45806.000000,21006.000000,1512.000000,628.000000,135.000000,67.000000,31926.000000,23027.000000
0.000000,18.494158,215.746292,214.980469,0.000000,0.000000,0.000000,82653.000000,45941.000000,21006.000000,1517.000000,628.000000,231.000000,67.000000,31934.000000,23043.000000
0.000000,18.556181,215.746292,214.980469,0.000000,0.000000,0.000000,82832.000000,46075.000000,21006.000000,1521.000000,628.000000,16417.000000,67.000000,31953.000000,23067.000000
0.000000,18.342937,215.746292,214.980469,0.000000,0.000000,0.000000,82832.000000,46075.000000,21006.000000,1521.000000,628.000000,16417.000000,67.000000,31977.000000,23083.000000
0.000000,17.722319,215.746292,214.952347,0.000000,0.000000,0.000000,83277.000000,46336.000000,21139.000000,1529.000000,632.000000,64.000000,199.000000,31990.000000,23103.000000
0.000000,17.092493,215.746292,214.942230,0.000000,0.000000,0.000000,83451.000000,46465.000000,21139.000000,1534.000000,632.000000,96.000000,64.000000,31998.000000,23118.000000
0.000000,15.950486,215.746292,214.937759,0.000000,0.000000,0.000000,83647.000000,46601.000000,21139.000000,1539.000000,632.000000,99.000000,65.000000,32020.000000,23142.000000
0.000000,15.113925,215.746292,214.936966,0.000000,0.000000,0.000000,83799.000000,46733.000000,21139.000000,1543.000000,632.000000,16417.000000,67.000000,32037.000000,23157.000000
0.000000,13.704283,215.746292,214.936630,0.000000,0.000000,0.000000,83896.000000,46803.000000,21139.000000,1545.000000,632.000000,133.000000,67.000000,32067.000000,23181.000000
0.000000,12.758712,215.746292,214.954147,0.000000,0.000000,0.000000,84063.000000,46933.000000,21139.000000,1550.000000,632.000000,133.000000,67.000000,32080.000000,23197.000000
0.000000,11.346966,215.746292,214.974792,0.000000,0.000000,0.000000,84443.000000,47128.000000,21272.000000,1560.000000,636.000000,99.000000,199.000000,32095.000000,23215.000000
0.000000,10.431311,215.746292,214.978424,0.000000,0.000000,0.000000,84618.000000,47260.000000,21272.000000,1564.000000,636.000000,99.000000,64.000000,32101.000000,23231.000000
0.000000,8.940253,215.746292,214.980042,0.000000,0.000000,0.000000,84768.000000,47393.000000,21272.000000,1567.000000,636.000000,16417.000000,65.000000,32127.000000,23255.000000
0.000000,7.958482,215.746292,214.980331,0.000000,0.000000,0.000000,84865.000000,47465.000000,21272.000000,1570.000000,636.000000,133.000000,67.000000,32147.000000,23271.000000
0.000000,6.558921,215.746292,214.980453,0.000000,0.000000,0.000000,85115.000000,47653.000000,21272.000000,1578.000000,636.000000,99.000000,67.000000,32163.000000,23293.000000
0.000000,5.599881,215.746292,214.998047,0.000000,0.000000,0.000000,85286.000000,47782.000000,21272.000000,1585.000000,636.000000,99.000000,67.000000,32171.000000,23309.000000
0.000000,4.229116,215.746292,215.018723,0.000000,0.000000,0.000000,85732.000000,48049.000000,21403.000000,1593.000000,640.000000,32.000000,199.000000,32183.000000,23328.000000
0.000000,3.279830,215.746292,215.050507,0.000000,0.000000,0.000000,85737.000000,48049.000000,21403.000000,1593.000000,640.000000,16416.000000,64.000000,32209.000000,23344.000000
0.000000,1.934282,215.746292,215.064499,0.000000,0.000000,0.000000,85749.000000,48049.000000,21403.000000,1593.000000,640.000000,16483.000000,64.000000,32245.000000,23368.000000
0.000000,1.073023,215.746292,215.066971,0.000000,0.000000,0.000000,85768.000000,48049.000000,21403.000000,1593.000000,640.000000,16483.000000,67.000000,32269.000000,23384.000000
0.000000,-0.172695,215.746292,215.033615,0.000000,0.000000,0.000000,85779.000000,48049.000000,21403.000000,1593.000000,640.000000,16483.000000,67.000000,32305.000000,23407.000000
0.000000,-0.991416,215.746292,215.027725,0.000000,0.000000,0.000000,85779.000000,48049.000000,21403.000000,1593.000000,640.000000,16483.000000,67.000000,32328.000000,23423.000000
0.000000,-2.204594,215.746292,215.025131,0.000000,0.000000,0.000000,86047.000000,48180.000000,21533.000000,1596.000000,644.000000,199.000000,64.000000,32357.000000,23442.000000
0.000000,-3.014846,215.746292,215.024689,0.000000,0.000000,0.000000,86060.000000,48180.000000,21533.000000,1596.000000,644.000000,64.000000,64.000000,32380.000000,23458.000000
0.000000,-4.232887,215.746292,215.024475,0.000000,0.000000,0.000000,86068.000000,48180.000000,21533.000000,1596.000000,644.000000,65.000000,64.000000,32416.000000,23481.000000
0.000000,-5.060050,215.746292,215.024445,0.000000,0.000000,0.000000,86082.000000,48180.000000,21533.000000,1596.000000,644.000000,67.000000,65.000000,32439.000000,23497.000000
0.000000,-6.277490,215.746292,215.024445,0.000000,0.000000,0.000000,86088.000000,48180.000000,21533.000000,1596.000000,644.000000,67.000000,67.000000,32474.000000,23521.000000
0.000000,-7.079436,215.746292,215.024445,0.000000,0.000000,0.000000,86088.000000,48180.000000,21533.000000,1596.000000,644.000000,67.000000,67.000000,32498.000000,23537.000000
0.000000,-8.276933,215.746292,215.024445,0.000000,0.000000,0.000000,86107.000000,48180.000000,21533.000000,1596.000000,644.000000,67.000000,67.000000,32534.000000,23561.000000
0.000000,-9.079398,215.746292,215.024445,0.000000,0.000000,0.000000,86374.000000,48312.000000,21666.000000,1600.000000,647.000000,199.000000,199.000000,32552.000000,23571.000000
0.000000,-10.308750,215.746292,215.024445,0.000000,0.000000,0.000000,86384.000000,48312.000000,21666.000000,1600.000000,647.000000,64.000000,64.000000,32587.000000,23595.000000
0.000000,-11.143946,215.746292,215.024445,0.000000,0.000000,0.000000,86390.000000,48312.000000,21666.000000,1600.000000,647.000000,64.000000,64.000000,32610.000000,23611.000000
0.000000,-12.379253,215.746292,215.024445,0.000000,0.000000,0.000000,86397.000000,48312.000000,21666.000000,1600.000000,647.000000,65.000000,65.000000,32646.000000,23635.000000
0.000000,-13.201827,215.746292,215.024445,0.000000,0.000000,0.000000,86397.000000,48312.000000,21666.000000,1600.000000,647.000000,65.000000,65.000000,32670.000000,23651.000000
0.000000,-14.427846,215.746292,215.024445,0.000000,0.000000,0.000000,86420.000000,48312.000000,21666.000000,1600.000000,647.000000,67.000000,67.000000,32705.000000,23674.000000
0.000000,-15.230694,215.746292,215.024445,0.000000,0.000000,0.000000,86560.000000,48312.000000,21798.000000,1600.000000,653.000000,67.000000,199.000000,32729.000000,23686.000000
0.000000,-16.430458,215.746292,215.024445,0.000000,0.000000,0.000000,86570.000000,48312.000000,21798.000000,1600.000000,653.000000,67.000000,64.000000,32764.000000,23710.000000
0.000000,-17.160440,215.746292,215.024445,0.000000,0.000000,0.000000,86719.000000,48446.000000,21798.000000,1604.000000,653.000000,65.000000,65.000000,32776.000000,23725.000000
0.000000,-18.354959,215.746292,215.024445,0.000000,0.000000,0.000000,86736.000000,48446.000000,21798.000000,1604.000000,653.000000,67.000000,67.000000,32814.000000,23749.000000
0.000000,-19.007706,215.746292,215.024445,0.000000,0.000000,0.000000,86736.000000,48446.000000,21798.000000,1604.000000,653.000000,67.000000,67.000000,32837.000000,23764.000000
0.000000,-19.621796,215.746292,215.024445,0.000000,0.000000,0.000000,86745.000000,48446.000000,21798.000000,1604.000000,653.000000,67.000000,67.000000,32873.000000,23788.000000
0.000000,-19.874212,215.746292,215.052551,0.000000,0.000000,0.000000,86755.000000,48446.000000,21798.000000,1604.000000,653.000000,67.000000,67.000000,32896.000000,23804.000000
0.000000,-20.089882,215.746292,215.145111,0.000000,0.000000,0.000000,87042.000000,48579.000000,21931.000000,1607.000000,657.000000,99.000000,199.000000,32921.000000,23823.000000
0.000000,-20.170204,215.746292,215.208496,0.000000,0.000000,0.000000,87186.000000,48708.000000,21931.000000,1612.000000,657.000000,135.000000,64.000000,32939.000000,23839.000000
0.000000,-20.250910,215.746292,215.282150,0.000000,0.000000,0.000000,87353.000000,48837.000000,21931.000000,1617.000000,657.000000,135.000000,65.000000,32960.000000,23862.000000
0.000000,-20.310961,215.746292,215.342209,0.000000,0.000000,0.000000,87378.000000,48837.000000,21931.000000,1617.000000,657.000000,99.000000,65.000000,32982.000000,23878.000000
0.000000,-20.371258,215.746292,215.386276,0.000000,0.000000,0.000000,87529.000000,48972.000000,21931.000000,1621.000000,657.000000,64.000000,67.000000,33009.000000,23902.000000
0.000000,-20.391312,215.746292,215.407822,0.000000,0.000000,0.000000,87544.000000,48972.000000,21931.000000,1621.000000,657.000000,65.000000,67.000000,33033.000000,23918.000000
0.000000,-20.384892,215.746292,215.445450,0.000000,0.000000,0.000000,87681.000000,48972.000000,22062.000000,1621.000000,660.000000,65.000000,64.000000,33068.000000,23937.000000
0.000000,-20.358963,215.746292,215.474823,0.000000,0.000000,0.000000,87690.000000,48972.000000,22062.000000,1621.000000,660.000000,67.000000,64.000000,33092.000000,23953.000000
0.000000,-20.349894,215.746292,215.466248,0.000000,0.000000,0.000000,87706.000000,48972.000000,22062.000000,1621.000000,660.000000,67.000000,65.000000,33126.000000,23977.000000
0.000000,-20.345903,215.746292,215.464722,0.000000,0.000000,0.000000,87706.000000,48972.000000,22062.000000,1621.000000,660.000000,67.000000,65.000000,33150.000000,23993.000000
0.000000,-20.383224,215.746292,215.464050,0.000000,0.000000,0.000000,87867.000000,49103.000000,22062.000000,1625.000000,660.000000,99.000000,67.000000,33173.000000,24015.000000
0.000000,-20.399944,215.746292,215.453400,0.000000,0.000000,0.000000,87879.000000,49103.000000,22062.000000,1625.000000,660.000000,99.000000,67.000000,33197.000000,24031.000000
0.000000,-20.408960,215.746292,215.461609,0.000000,0.000000,0.000000,88153.000000,49234.000000,22193.000000,1630.000000,664.000000,64.000000,199.000000,33226.000000,24050.000000
0.000000,-20.412949,215.746292,215.463058,0.000000,0.000000,0.000000,88162.000000,49234.000000,22193.000000,1630.000000,664.000000,64.000000,64.000000,33249.000000,24066.000000
0.000000,-20.421692,215.746292,215.463699,0.000000,0.000000,0.000000,88171.000000,49234.000000,22193.000000,1630.000000,664.000000,65.000000,64.000000,33284.000000,24090.000000
0.000000,-20.427731,215.746292,215.463806,0.000000,0.000000,0.000000,88171.000000,49234.000000,22193.000000,1630.000000,664.000000,65.000000,64.000000,33308.000000,24106.000000
0.000000,-20.426037,215.746292,215.463867,0.000000,0.000000,0.000000,88185.000000,49234.000000,22193.000000,1630.000000,664.000000,67.000000,67.000000,33344.000000,24129.000000
0.000000,-20.425272,215.746292,215.446304,0.000000,0.000000,0.000000,88195.000000,49234.000000,22193.000000,1630.000000,664.000000,67.000000,67.000000,33367.000000,24144.000000
0.000000,-20.429287,215.746292,215.425629,0.000000,0.000000,0.000000,88202.000000,49234.000000,22193.000000,1630.000000,664.000000,67.000000,67.000000,33402.000000,24168.000000
0.000000,-20.427620,215.746292,215.421982,0.000000,0.000000,0.000000,88473.000000,49364.000000,22323.000000,1634.000000,668.000000,199.000000,64.000000,33420.000000,24180.000000
0.000000,-20.425955,215.746292,215.420364,0.000000,0.000000,0.000000,88501.000000,49364.000000,22323.000000,1634.000000,668.000000,67.000000,64.000000,33454.000000,24203.000000
0.000000,-20.431828,215.746292,215.420090,0.000000,0.000000,0.000000,88501.000000,49364.000000,22323.000000,1634.000000,668.000000,67.000000,64.000000,33478.000000,24219.000000
0.000000,-20.428522,215.746292,215.419968,0.000000,0.000000,0.000000,88647.000000,49494.000000,22323.000000,1641.000000,668.000000,199.000000,65.000000,33505.000000,24243.000000
0.000000,-20.427074,215.746292,215.419952,0.000000,0.000000,0.000000,88658.000000,49494.000000,22323.000000,1641.000000,668.000000,64.000000,67.000000,33528.000000,24259.000000
0.000000,-20.425627,215.746292,215.430481,0.000000,0.000000,0.000000,88666.000000,49494.000000,22323.000000,1641.000000,668.000000,64.000000,67.000000,33564.000000,24282.000000
0.000000,-20.424971,215.746292,215.423737,0.000000,0.000000,0.000000,88810.000000,49494.000000,22454.000000,1641.000000,673.000000,65.000000,199.000000,33586.000000,24292.000000
0.000000,-20.424343,215.746292,215.420761,0.000000,0.000000,0.000000,88890.000000,49551.000000,22454.000000,1643.000000,673.000000,133.000000,64.000000,33619.000000,24315.000000
0.000000,-20.424042,215.746292,215.420242,0.000000,0.000000,0.000000,88968.000000,49628.000000,22454.000000,1647.000000,673.000000,64.000000,64.000000,33638.000000,24331.000000
0.000000,-20.423769,215.746292,215.443909,0.000000,0.000000,0.000000,88980.000000,49628.000000,22454.000000,1647.000000,673.000000,64.000000,65.000000,33673.000000,24355.000000
0.000000,-20.423658,215.746292,215.456696,0.000000,0.000000,0.000000,89140.000000,49761.000000,22454.000000,1654.000000,673.000000,199.000000,67.000000,33689.000000,24370.000000
0.000000,-20.423523,215.746292,215.451782,0.000000,0.000000,0.000000,89150.000000,49761.000000,22454.000000,1654.000000,673.000000,64.000000,67.000000,33725.000000,24394.000000
0.000000,-20.423468,215.746292,215.459518,0.000000,0.000000,0.000000,89295.000000,49761.000000,22584.000000,1654.000000,677.000000,65.000000,199.000000,33748.000000,24405.000000
0.000000,-20.423414,215.746292,215.452393,0.000000,0.000000,0.000000,89302.000000,49761.000000,22584.000000,1654.000000,677.000000,67.000000,64.000000,33783.000000,24428.000000
0.000000,-20.423414,215.746292,215.449188,0.000000,0.000000,0.000000,89302.000000,49761.000000,22584.000000,1654.000000,677.000000,67.000000,64.000000,33806.000000,24444.000000
0.000000,-20.423414,215.746292,215.450165,0.000000,0.000000,0.000000,89309.000000,49761.000000,22584.000000,1654.000000,677.000000,67.000000,64.000000,33842.000000,24468.000000
0.000000,-20.423414,215.746292,215.441360,0.000000,0.000000,0.000000,89316.000000,49761.000000,22584.000000,1654.000000,677.000000,67.000000,64.000000,33866.000000,24483.000000
0.000000,-20.423414,215.746292,215.459015,0.000000,0.000000,0.000000,89469.000000,49894.000000,22584.000000,1658.000000,677.000000,199.000000,67.000000,33896.000000,24507.000000
0.000000,-20.423414,215.746292,215.444550,0.000000,0.000000,0.000000,89476.000000,49894.000000,22584.000000,1658.000000,677.000000,64.000000,67.000000,33919.000000,24523.000000
0.000000,-20.423414,215.746292,215.459717,0.000000,0.000000,0.000000,89615.000000,49894.000000,22713.000000,1658.000000,681.000000,64.000000,64.000000,33955.000000,24541.000000
0.000000,-20.423414,215.746292,215.462372,0.000000,0.000000,0.000000,89615.000000,49894.000000,22713.000000,1658.000000,681.000000,64.000000,64.000000,33979.000000,24556.000000
0.000000,-20.433767,215.746292,215.457230,0.000000,0.000000,0.000000,89621.000000,49894.000000,22713.000000,1658.000000,681.000000,65.000000,64.000000,34015.000000,24579.000000
0.000000,-20.430872,215.746292,215.461487,0.000000,0.000000,0.000000,89627.000000,49894.000000,22713.000000,1658.000000,681.000000,67.000000,64.000000,34038.000000,24595.000000
0.000000,-20.427977,215.746292,215.463364,0.000000,0.000000,0.000000,89633.000000,49894.000000,22713.000000,1658.000000,681.000000,67.000000,64.000000,34072.000000,24619.000000
0.000000,-20.426664,215.746292,215.463684,0.000000,0.000000,0.000000,89640.000000,49894.000000,22713.000000,1658.000000,681.000000,67.000000,65.000000,34096.000000,24635.000000
0.000000,-20.425381,215.746292,215.463837,0.000000,0.000000,0.000000,89657.000000,49894.000000,22713.000000,1658.000000,681.000000,67.000000,67.000000,34132.000000,24659.000000
0.000000,-20.424807,215.746292,215.463867,0.000000,0.000000,0.000000,89657.000000,49894.000000,22713.000000,1658.000000,681.000000,67.000000,67.000000,34156.000000,24674.000000
0.000000,-20.424232,215.746292,215.463867,0.000000,0.000000,0.000000,89797.000000,49894.000000,22842.000000,1658.000000,685.000000,67.000000,64.000000,34192.000000,24693.000000
0.000000,-20.423986,215.746292,215.463867,0.000000,0.000000,0.000000,89944.000000,50026.000000,22842.000000,1662.000000,685.000000,64.000000,64.000000,34207.000000,24708.000000
0.000000,-20.429314,215.746292,215.457550,0.000000,0.000000,0.000000,89951.000000,50026.000000,22842.000000,1662.000000,685.000000,64.000000,65.000000,34243.000000,24732.000000
0.000000,-20.427649,215.746292,215.461594,0.000000,0.000000,0.000000,89966.000000,50026.000000,22842.000000,1662.000000,685.000000,65.000000,67.000000,34267.000000,24747.000000
0.000000,-20.425982,215.746292,215.463394,0.000000,0.000000,0.000000,89972.000000,50026.000000,22842.000000,1662.000000,685.000000,67.000000,67.000000,34302.000000,24771.000000
0.000000,-20.425243,215.746292,215.453156,0.000000,0.000000,0.000000,89972.000000,50026.000000,22842.000000,1662.000000,685.000000,67.000000,67.000000,34325.000000,24787.000000
0.000000,-20.424505,215.746292,215.461563,0.000000,0.000000,0.000000,90110.000000,50026.000000,22971.000000,1662.000000,689.000000,67.000000,199.000000,34360.000000,24807.000000
0.000000,-20.424179,215.746292,215.463043,0.000000,0.000000,0.000000,90127.000000,50026.000000,22971.000000,1662.000000,689.000000,67.000000,64.000000,34384.000000,24823.000000
0.000000,-20.423851,215.746292,215.463699,0.000000,0.000000,0.000000,90266.000000,50158.000000,22971.000000,1666.000000,689.000000,199.000000,65.000000,34413.000000,24846.000000
0.000000,-20.423714,215.746292,215.446228,0.000000,0.000000,0.000000,90277.000000,50158.000000,22971.000000,1666.000000,689.000000,64.000000,67.000000,34437.000000,24861.000000
0.000000,-20.430162,215.746292,215.460068,0.000000,0.000000,0.000000,90297.000000,50158.000000,22971.000000,1666.000000,689.000000,67.000000,67.000000,34473.000000,24885.000000
0.000000,-20.428249,215.746292,215.462509,0.000000,0.000000,0.000000,90297.000000,50158.000000,22971.000000,1666.000000,689.000000,67.000000,67.000000,34496.000000,24901.000000
0.000000,-20.426336,215.746292,215.463577,0.000000,0.000000,0.000000,90589.000000,50291.000000,23100.000000,1670.000000,694.000000,65.000000,64.000000,34521.000000,24920.000000
0.000000,-20.425516,215.746292,215.463776,0.000000,0.000000,0.000000,90598.000000,50291.000000,23100.000000,1670.000000,694.000000,67.000000,64.000000,34544.000000,24936.000000
0.000000,-20.424669,215.746292,215.463852,0.000000,0.000000,0.000000,90768.000000,50425.000000,23100.000000,1676.000000,694.000000,99.000000,64.000000,34570.000000,24960.000000
0.000000,-20.424314,215.746292,215.463867,0.000000,0.000000,0.000000,90921.000000,50556.000000,23100.000000,1682.000000,694.000000,199.000000,67.000000,34589.000000,24976.000000
0.000000,-20.428686,215.746292,215.457550,0.000000,0.000000,0.000000,90941.000000,50556.000000,23100.000000,1682.000000,694.000000,97.000000,67.000000,34622.000000,24999.000000
0.000000,-20.427212,215.746292,215.461594,0.000000,0.000000,0.000000,90941.000000,50556.000000,23100.000000,1682.000000,694.000000,97.000000,67.000000,34646.000000,25015.000000
0.000000,-20.425735,215.746292,215.445801,0.000000,0.000000,0.000000,91322.000000,50748.000000,23232.000000,1691.000000,698.000000,133.000000,199.000000,34658.000000,25034.000000
0.000000,-20.425079,215.746292,215.457382,0.000000,0.000000,0.000000,91402.000000,50822.000000,23232.000000,1695.000000,698.000000,64.000000,64.000000,34678.000000,25050.000000
0.000000,-20.424397,215.746292,215.462479,0.000000,0.000000,0.000000,91411.000000,50822.000000,23232.000000,1695.000000,698.000000,64.000000,65.000000,34713.000000,25074.000000
0.000000,-20.424097,215.746292,215.463379,0.000000,0.000000,0.000000,91436.000000,50822.000000,23232.000000,1695.000000,698.000000,67.000000,67.000000,34733.000000,25090.000000
0.000000,-20.423796,215.746292,215.463776,0.000000,0.000000,0.000000,91582.000000,50957.000000,23232.000000,1699.000000,698.000000,231.000000,67.000000,34760.000000,25113.000000
0.000000,-20.423658,215.746292,215.463837,0.000000,0.000000,0.000000,91741.000000,51087.000000,23232.000000,1703.000000,698.000000,64.000000,67.000000,34773.000000,25128.000000
0.000000,-20.423523,215.746292,215.463867,0.000000,0.000000,0.000000,91882.000000,51087.000000,23361.000000,1703.000000,701.000000,96.000000,64.000000,34809.000000,25148.000000
0.000000,-20.423468,215.746292,215.463867,0.000000,0.000000,0.000000,91894.000000,51087.000000,23361.000000,1703.000000,701.000000,97.000000,64.000000,34832.000000,25164.000000
0.000000,-20.423414,215.746292,215.463867,0.000000,0.000000,0.000000,92055.000000,51216.000000,23361.000000,1709.000000,701.000000,96.000000,65.000000,34859.000000,25188.000000
0.000000,-20.423414,215.746292,215.463867,0.000000,0.000000,0.000000,92090.000000,51216.000000,23361.000000,1709.000000,701.000000,99.000000,67.000000,34881.000000,25204.000000
0.000000,-20.423414,215.746292,215.463867,0.000000,0.000000,0.000000,92240.000000,51349.000000,23361.000000,1713.000000,701.000000,96.000000,67.000000,34905.000000,25227.000000
0.000000,-20.423414,215.746292,215.463867,0.000000,0.000000,0.000000,92257.000000,51349.000000,23361.000000,1713.000000,701.000000,99.000000,67.000000,34927.000000,25243.000000
0.000000,-20.423414,215.746292,215.457550,0.000000,0.000000,0.000000,92535.000000,51481.000000,23493.000000,1716.000000,705.000000,96.000000,199.000000,34953.000000,25261.000000
0.000000,-20.428988,215.746292,215.461594,0.000000,0.000000,0.000000,92545.000000,51481.000000,23493.000000,1716.000000,705.000000,97.000000,64.000000,34977.000000,25277.000000
0.000000,-20.426828,215.746292,215.463394,0.000000,0.000000,0.000000,92557.000000,51481.000000,23493.000000,1716.000000,705.000000,99.000000,65.000000,35013.000000,25300.000000
0.000000,-20.425873,215.746292,215.463699,0.000000,0.000000,0.000000,92707.000000,51611.000000,23493.000000,1720.000000,705.000000,199.000000,67.000000,35028.000000,25316.000000
0.000000,-20.424889,215.746292,215.463837,0.000000,0.000000,0.000000,92882.000000,51748.000000,23493.000000,1727.000000,705.000000,231.000000,67.000000,35050.000000,25340.000000
0.000000,-20.430052,215.746292,215.463867,0.000000,0.000000,0.000000,92901.000000,51748.000000,23493.000000,1727.000000,705.000000,99.000000,67.000000,35069.000000,25356.000000
0.000000,-20.434069,215.746292,215.463867,0.000000,0.000000,0.000000,93334.000000,52013.000000,23625.000000,1737.000000,709.000000,199.000000,199.000000,35086.000000,25376.000000
0.000000,-20.431091,215.746292,215.463867,0.000000,0.000000,0.000000,93361.000000,52013.000000,23625.000000,1737.000000,709.000000,99.000000,64.000000,35107.000000,25391.000000
0.000000,-20.434669,215.746292,215.463867,0.000000,0.000000,0.000000,93508.000000,52144.000000,23625.000000,1741.000000,709.000000,64.000000,65.000000,35136.000000,25414.000000
0.000000,-20.431528,215.746292,215.463867,0.000000,0.000000,0.000000,93521.000000,52144.000000,23625.000000,1741.000000,709.000000,64.000000,67.000000,35159.000000,25430.000000
0.000000,-20.428358,215.746292,215.463867,0.000000,0.000000,0.000000,93543.000000,52144.000000,23625.000000,1741.000000,709.000000,99.000000,67.000000,35192.000000,25454.000000
0.000000,-20.426966,215.746292,215.463867,0.000000,0.000000,0.000000,93543.000000,52144.000000,23625.000000,1741.000000,709.000000,99.000000,67.000000,35216.000000,25469.000000
0.000000,-20.425571,215.746292,215.463867,0.000000,0.000000,0.000000,93832.000000,52273.000000,23758.000000,1746.000000,712.000000,97.000000,199.000000,35243.000000,25489.000000
0.000000,-20.424971,215.746292,215.463867,0.000000,0.000000,0.000000,94001.000000,52409.000000,23758.000000,1753.000000,712.000000,96.000000,64.000000,35253.000000,25505.000000
0.000000,-20.429943,215.746292,215.463867,0.000000,0.000000,0.000000,94006.000000,52409.000000,23758.000000,1753.000000,712.000000,97.000000,64.000000,35289.000000,25529.000000
0.000000,-20.428112,215.746292,215.463867,0.000000,0.000000,0.000000,94023.000000,52409.000000,23758.000000,1753.000000,712.000000,99.000000,67.000000,35312.000000,25544.000000
0.000000,-20.431883,215.746292,215.463867,0.000000,0.000000,0.000000,94030.000000,52409.000000,23758.000000,1753.000000,712.000000,99.000000,67.000000,35347.000000,25568.000000
0.000000,-20.435106,215.746292,215.463867,0.000000,0.000000,0.000000,94030.000000,52409.000000,23758.000000,1753.000000,712.000000,99.000000,67.000000,35371.000000,25583.000000
0.000000,-20.435326,215.746292,215.463867,0.000000,0.000000,0.000000,94042.000000,52409.000000,23758.000000,1753.000000,712.000000,99.000000,67.000000,35406.000000,25607.000000
0.000000,-20.438576,215.746292,215.463867,0.000000,0.000000,0.000000,94314.000000,52539.000000,23891.000000,1758.000000,717.000000,64.000000,199.000000,35423.000000,25619.000000
0.000000,-20.432703,215.746292,215.463867,0.000000,0.000000,0.000000,94333.000000,52539.000000,23891.000000,1758.000000,717.000000,67.000000,64.000000,35457.000000,25642.000000
0.000000,-20.430107,215.746292,215.463867,0.000000,0.000000,0.000000,94454.000000,52641.000000,23891.000000,1761.000000,717.000000,133.000000,65.000000,35475.000000,25658.000000
0.000000,-20.427485,215.746292,215.463867,0.000000,0.000000,0.000000,94497.000000,52672.000000,23891.000000,1764.000000,717.000000,96.000000,67.000000,35511.000000,25682.000000
0.000000,-20.426336,215.746292,215.463867,0.000000,0.000000,0.000000,94497.000000,52672.000000,23891.000000,1764.000000,717.000000,96.000000,67.000000,35534.000000,25697.000000
0.000000,-20.425190,215.746292,215.463867,0.000000,0.000000,0.000000,94525.000000,52672.000000,23891.000000,1764.000000,717.000000,99.000000,67.000000,35569.000000,25721.000000
0.000000,-20.424669,215.746292,215.463867,0.000000,0.000000,0.000000,94809.000000,52801.000000,24024.000000,1767.000000,721.000000,97.000000,199.000000,35584.000000,25733.000000
0.000000,-20.424179,215.746292,215.463867,0.000000,0.000000,0.000000,94834.000000,52801.000000,24024.000000,1767.000000,721.000000,99.000000,64.000000,35619.000000,25756.000000
0.000000,-20.429560,215.746292,215.463867,0.000000,0.000000,0.000000,94972.000000,52932.000000,24024.000000,1771.000000,721.000000,199.000000,65.000000,35636.000000,25772.000000
0.000000,-20.427156,215.746292,215.463867,0.000000,0.000000,0.000000,94988.000000,52932.000000,24024.000000,1771.000000,721.000000,72.000000,67.000000,35672.000000,25796.000000
0.000000,-20.426090,215.746292,215.463867,0.000000,0.000000,0.000000,94988.000000,52932.000000,24024.000000,1771.000000,721.000000,72.000000,67.000000,35695.000000,25812.000000
0.000000,-20.429779,215.746292,215.463867,0.000000,0.000000,0.000000,95006.000000,52932.000000,24024.000000,1771.000000,721.000000,75.000000,67.000000,35731.000000,25834.000000
0.000000,-20.428003,215.746292,215.463867,0.000000,0.000000,0.000000,95145.000000,52932.000000,24155.000000,1771.000000,724.000000,75.000000,199.000000,35755.000000,25846.000000
0.000000,-20.426201,215.746292,215.463867,0.000000,0.000000,0.000000,95157.000000,52932.000000,24155.000000,1771.000000,724.000000,75.000000,64.000000,35790.000000,25870.000000
0.000000,-20.425407,215.746292,215.463867,0.000000,0.000000,0.000000,95302.000000,53066.000000,24155.000000,1774.000000,724.000000,64.000000,64.000000,35806.000000,25886.000000
0.000000,-20.424616,215.746292,215.463867,0.000000,0.000000,0.000000,95316.000000,53066.000000,24155.000000,1774.000000,724.000000,65.000000,67.000000,35842.000000,25910.000000
0.000000,-20.424261,215.746292,215.463867,0.000000,0.000000,0.000000,95316.000000,53066.000000,24155.000000,1774.000000,724.000000,65.000000,67.000000,35866.000000,25926.000000
0.000000,-20.423904,215.746292,215.463867,0.000000,0.000000,0.000000,95608.000000,53197.000000,24286.000000,1780.000000,729.000000,199.000000,199.000000,35893.000000,25945.000000
0.000000,-20.423740,215.746292,215.463867,0.000000,0.000000,0.000000,95615.000000,53197.000000,24286.000000,1780.000000,729.000000,64.000000,64.000000,35917.000000,25961.000000
0.000000,-20.430189,215.746292,215.463867,0.000000,0.000000,0.000000,95631.000000,53197.000000,24286.000000,1780.000000,729.000000,65.000000,64.000000,35950.000000,25984.000000
0.000000,-20.428276,215.746292,215.463867,0.000000,0.000000,0.000000,95743.000000,53284.000000,24286.000000,1783.000000,729.000000,133.000000,67.000000,35966.000000,26000.000000
0.000000,-20.426365,215.746292,215.463867,0.000000,0.000000,0.000000,95980.000000,53458.000000,24286.000000,1792.000000,729.000000,99.000000,67.000000,35980.000000,26023.000000
0.000000,-20.425516,215.746292,215.463867,0.000000,0.000000,0.000000,96125.000000,53591.000000,24286.000000,1798.000000,729.000000,199.000000,67.000000,35995.000000,26039.000000
0.000000,-20.424669,215.746292,215.463867,0.000000,0.000000,0.000000,96454.000000,53724.000000,24417.000000,1802.000000,736.000000,99.000000,199.000000,36013.000000,26059.000000
0.000000,-20.424314,215.746292,215.463867,0.000000,0.000000,0.000000,96620.000000,53858.000000,24417.000000,1805.000000,736.000000,99.000000,64.000000,36026.000000,26075.000000
0.000000,-20.423933,215.746292,215.463867,0.000000,0.000000,0.000000,96928.000000,54119.000000,24417.000000,1814.000000,736.000000,199.000000,64.000000,36041.000000,26099.000000
0.000000,-20.429369,215.746292,215.463867,0.000000,0.000000,0.000000,96963.000000,54119.000000,24417.000000,1814.000000,736.000000,99.000000,65.000000,36061.000000,26113.000000
0.000000,-20.439232,215.746292,215.463867,0.000000,0.000000,0.000000,97113.000000,54254.000000,24417.000000,1818.000000,736.000000,33.000000,67.000000,36085.000000,26137.000000
0.000000,-20.434834,215.746292,215.463867,0.000000,0.000000,0.000000,97270.000000,54388.000000,24417.000000,1823.000000,736.000000,231.000000,67.000000,36102.000000,26153.000000
0.000000,-20.430380,215.746292,215.463867,0.000000,0.000000,0.000000,97301.000000,54388.000000,24417.000000,1823.000000,736.000000,99.000000,67.000000,36132.000000,26177.000000
0.000000,-20.428413,215.746292,215.463867,0.000000,0.000000,0.000000,97584.000000,54525.000000,24547.000000,1829.000000,741.000000,97.000000,64.000000,36145.000000,26187.000000
0.000000,-20.426445,215.746292,215.463867,0.000000,0.000000,0.000000,97740.000000,54654.000000,24547.000000,1835.000000,741.000000,96.000000,64.000000,36171.000000,26211.000000
0.000000,-20.425571,215.746292,215.463867,0.000000,0.000000,0.000000,97771.000000,54654.000000,24547.000000,1835.000000,741.000000,99.000000,64.000000,36192.000000,26227.000000
0.000000,-20.431309,215.746292,215.463867,0.000000,0.000000,0.000000,98084.000000,54918.000000,24547.000000,1841.000000,741.000000,199.000000,67.000000,36210.000000,26250.000000
0.000000,-20.429096,215.746292,215.463867,0.000000,0.000000,0.000000,98248.000000,55048.000000,24547.000000,1845.000000,741.000000,64.000000,67.000000,36225.000000,26266.000000
0.000000,-20.432457,215.746292,215.463867,0.000000,0.000000,0.000000,98445.000000,55184.000000,24547.000000,1852.000000,741.000000,99.000000,67.000000,36248.000000,26289.000000
0.000000,-20.429916,215.746292,215.463867,0.000000,0.000000,0.000000,98583.000000,55184.000000,24679.000000,1852.000000,744.000000,16483.000000,199.000000,36272.000000,26301.000000
0.000000,-20.437729,215.746292,215.463867,0.000000,0.000000,0.000000,98755.000000,55313.000000,24679.000000,1857.000000,744.000000,99.000000,64.000000,36292.000000,26325.000000
0.000000,-20.433741,215.746292,215.463867,0.000000,0.000000,0.000000,98927.000000,55449.000000,24679.000000,1861.000000,744.000000,99.000000,65.000000,36302.000000,26341.000000
0.000000,-20.429724,215.746292,215.463867,0.000000,0.000000,0.000000,99240.000000,55713.000000,24679.000000,1869.000000,744.000000,32.000000,67.000000,36315.000000,26363.000000
0.000000,-20.427948,215.746292,215.463867,0.000000,0.000000,0.000000,99404.000000,55844.000000,24679.000000,1873.000000,744.000000,32.000000,67.000000,36329.000000,26379.000000
0.000000,-20.426172,215.746292,215.463867,0.000000,0.000000,0.000000,99411.000000,55844.000000,24679.000000,1873.000000,744.000000,16416.000000,67.000000,36366.000000,26403.000000
0.000000,-20.431965,215.746292,215.463867,0.000000,0.000000,0.000000,99582.000000,55975.000000,24679.000000,1877.000000,744.000000,32.000000,67.000000,36378.000000,26419.000000
0.000000,-20.433413,215.746292,215.463867,0.000000,0.000000,0.000000,99873.000000,56107.000000,24811.000000,1883.000000,748.000000,96.000000,199.000000,36400.000000,26439.000000
0.000000,-20.430626,215.746292,215.463867,0.000000,0.000000,0.000000,99906.000000,56107.000000,24811.000000,1883.000000,748.000000,99.000000,64.000000,36418.000000,26455.000000
0.000000,-20.434397,215.746292,215.463867,0.000000,0.000000,0.000000,100214.000000,56378.000000,24811.000000,1892.000000,748.000000,231.000000,65.000000,36434.000000,26478.000000
0.000000,-20.437922,215.746292,215.463867,0.000000,0.000000,0.000000,100377.000000,56512.000000,24811.000000,1895.000000,748.000000,231.000000,65.000000,36449.000000,26494.000000
0.000000,-20.432293,215.746292,215.463867,0.000000,0.000000,0.000000,100555.000000,56645.000000,24811.000000,1899.000000,748.000000,96.000000,67.000000,36471.000000,26517.000000
0.000000,-20.429806,215.746292,215.463867,0.000000,0.000000,0.000000,100565.000000,56645.000000,24811.000000,1899.000000,748.000000,96.000000,67.000000,36495.000000,26533.000000
0.000000,-20.427294,215.746292,215.463867,0.000000,0.000000,0.000000,100709.000000,56645.000000,24942.000000,1899.000000,751.000000,99.000000,199.000000,36529.000000,26552.000000
0.000000,-20.431774,215.746292,215.463867,0.000000,0.000000,0.000000,100852.000000,56773.000000,24942.000000,1904.000000,751.000000,133.000000,64.000000,36547.000000,26568.000000
0.000000,-20.428522,215.746292,215.463867,0.000000,0.000000,0.000000,101052.000000,56910.000000,24942.000000,1912.000000,751.000000,99.000000,64.000000,36562.000000,26592.000000
0.000000,-20.427074,215.746292,215.463867,0.000000,0.000000,0.000000,101215.000000,57040.000000,24942.000000,1915.000000,751.000000,99.000000,64.000000,36576.000000,26608.000000
0.000000,-20.436008,215.746292,215.463867,0.000000,0.000000,0.000000,101535.000000,57299.000000,24942.000000,1924.000000,751.000000,96.000000,67.000000,36584.000000,26631.000000
0.000000,-20.432484,215.746292,215.463867,0.000000,0.000000,0.000000,101541.000000,57299.000000,24942.000000,1924.000000,751.000000,16480.000000,67.000000,36610.000000,26646.000000
0.000000,-20.428959,215.746292,215.463867,0.000000,0.000000,0.000000,101710.000000,57434.000000,24942.000000,1929.000000,751.000000,231.000000,67.000000,36635.000000,26670.000000
0.000000,-20.439587,215.746292,215.463867,0.000000,0.000000,0.000000,102008.000000,57568.000000,25075.000000,1932.000000,755.000000,231.000000,199.000000,36647.000000,26681.000000
0.000000,-20.433331,215.746292,215.463867,0.000000,0.000000,0.000000,102207.000000,57700.000000,25075.000000,1935.000000,755.000000,99.000000,64.000000,36659.000000,26705.000000
0.000000,-20.430544,215.746292,215.463867,0.000000,0.000000,0.000000,102370.000000,57832.000000,25075.000000,1939.000000,755.000000,99.000000,64.000000,36670.000000,26720.000000
0.000000,-20.427731,215.746292,215.463867,0.000000,0.000000,0.000000,102378.000000,57832.000000,25075.000000,1939.000000,755.000000,16483.000000,65.000000,36706.000000,26744.000000
0.000000,-20.426500,215.746292,215.463867,0.000000,0.000000,0.000000,102586.000000,58005.000000,25075.000000,1945.000000,755.000000,133.000000,67.000000,36714.000000,26760.000000
0.000000,-20.425272,215.746292,215.463867,0.000000,0.000000,0.000000,102871.000000,58232.000000,25075.000000,1952.000000,755.000000,99.000000,67.000000,36728.000000,26783.000000
0.000000,-20.431309,215.746292,215.463867,0.000000,0.000000,0.000000,103155.000000,58365.000000,25208.000000,1956.000000,759.000000,64.000000,199.000000,36744.000000,26795.000000
0.000000,-20.434834,215.746292,215.463867,0.000000,0.000000,0.000000,103182.000000,58365.000000,25208.000000,1956.000000,759.000000,99.000000,64.000000,36779.000000,26818.000000
0.000000,-20.431637,215.746292,215.463867,0.000000,0.000000,0.000000,103182.000000,58365.000000,25208.000000,1956.000000,759.000000,99.000000,64.000000,36803.000000,26834.000000
0.000000,-20.428413,215.746292,215.463867,0.000000,0.000000,0.000000,103325.000000,58498.000000,25208.000000,1961.000000,759.000000,199.000000,65.000000,36830.000000,26858.000000
0.000000,-20.432592,215.746292,215.463867,0.000000,0.000000,0.000000,103342.000000,58498.000000,25208.000000,1961.000000,759.000000,97.000000,67.000000,36852.000000,26874.000000
0.000000,-20.435598,215.746292,215.463867,0.000000,0.000000,0.000000,103518.000000,58628.000000,25208.000000,1967.000000,759.000000,99.000000,67.000000,36873.000000,26896.000000
0.000000,-20.432211,215.746292,215.463867,0.000000,0.000000,0.000000,103676.000000,58762.000000,25208.000000,1971.000000,759.000000,32.000000,67.000000,36885.000000,26912.000000
0.000000,-20.428795,215.746292,215.463867,0.000000,0.000000,0.000000,103832.000000,58762.000000,25341.000000,1971.000000,763.000000,99.000000,64.000000,36923.000000,26930.000000
0.000000,-20.427265,215.746292,215.463867,0.000000,0.000000,0.000000,103972.000000,58893.000000,25341.000000,1975.000000,763.000000,199.000000,64.000000,36938.000000,26946.000000
0.000000,-20.430517,215.746292,215.463867,0.000000,0.000000,0.000000,103997.000000,58893.000000,25341.000000,1975.000000,763.000000,99.000000,64.000000,36971.000000,26970.000000
0.000000,-20.434124,215.746292,215.463867,0.000000,0.000000,0.000000,104143.000000,59024.000000,25341.000000,1979.000000,763.000000,199.000000,65.000000,36987.000000,26986.000000
0.000000,-20.436554,215.746292,215.463867,0.000000,0.000000,0.000000,104155.000000,59024.000000,25341.000000,1979.000000,763.000000,64.000000,67.000000,37022.000000,27009.000000
0.000000,-20.432867,215.746292,215.463867,0.000000,0.000000,0.000000,104177.000000,59024.000000,25341.000000,1979.000000,763.000000,99.000000,67.000000,37045.000000,27025.000000
0.000000,-20.433931,215.746292,215.463867,0.000000,0.000000,0.000000,104316.000000,59024.000000,25475.000000,1979.000000,767.000000,99.000000,199.000000,37080.000000,27044.000000
0.000000,-20.430981,215.746292,215.463867,0.000000,0.000000,0.000000,104316.000000,59024.000000,25475.000000,1979.000000,767.000000,99.000000,199.000000,37104.000000,27060.000000
0.000000,-20.428030,215.746292,215.463867,0.000000,0.000000,0.000000,104464.000000,59156.000000,25475.000000,1983.000000,767.000000,64.000000,64.000000,37132.000000,27083.000000
0.000000,-20.426720,215.746292,215.463867,0.000000,0.000000,0.000000,104471.000000,59156.000000,25475.000000,1983.000000,767.000000,64.000000,65.000000,37155.000000,27099.000000
0.000000,-20.425407,215.746292,215.463867,0.000000,0.000000,0.000000,104485.000000,59156.000000,25475.000000,1983.000000,767.000000,65.000000,67.000000,37191.000000,27123.000000
0.000000,-20.424833,215.746292,215.463867,0.000000,0.000000,0.000000,104501.000000,59156.000000,25475.000000,1983.000000,767.000000,67.000000,67.000000,37213.000000,27139.000000
0.000000,-20.424261,215.746292,215.463867,0.000000,0.000000,0.000000,104776.000000,59287.000000,25607.000000,1987.000000,770.000000,199.000000,199.000000,37240.000000,27159.000000
0.000000,-20.429615,215.746292,215.463867,0.000000,0.000000,0.000000,104778.000000,59287.000000,25607.000000,1987.000000,770.000000,64.000000,199.000000,37264.000000,27174.000000
0.000000,-20.431938,215.746292,215.463867,0.000000,0.000000,0.000000,104785.000000,59287.000000,25607.000000,1987.000000,770.000000,64.000000,64.000000,37300.000000,27197.000000
0.000000,-20.429560,215.746292,215.463867,0.000000,0.000000,0.000000,104810.000000,59287.000000,25607.000000,1987.000000,770.000000,75.000000,65.000000,37323.000000,27213.000000
0.000000,-20.439341,215.746292,215.463867,0.000000,0.000000,0.000000,104971.000000,59418.000000,25607.000000,1990.000000,770.000000,97.000000,67.000000,37349.000000,27237.000000
0.000000,-20.434889,215.746292,215.463867,0.000000,0.000000,0.000000,104980.000000,59418.000000,25607.000000,1990.000000,770.000000,99.000000,67.000000,37372.000000,27253.000000
0.000000,-20.430435,215.746292,215.463867,0.000000,0.000000,0.000000,105128.000000,59418.000000,25738.000000,1990.000000,773.000000,99.000000,199.000000,37407.000000,27272.000000
0.000000,-20.428467,215.746292,215.463867,0.000000,0.000000,0.000000,105128.000000,59418.000000,25738.000000,1990.000000,773.000000,99.000000,199.000000,37431.000000,27288.000000
0.000000,-20.426500,215.746292,215.463867,0.000000,0.000000,0.000000,105270.000000,59551.000000,25738.000000,1995.000000,773.000000,64.000000,64.000000,37459.000000,27312.000000
0.000000,-20.432211,215.746292,215.463867,0.000000,0.000000,0.000000,105289.000000,59551.000000,25738.000000,1995.000000,773.000000,99.000000,64.000000,37483.000000,27327.000000
0.000000,-20.428795,215.746292,215.463867,0.000000,0.000000,0.000000,105302.000000,59551.000000,25738.000000,1995.000000,773.000000,99.000000,67.000000,37518.000000,27351.000000
0.000000,-20.432867,215.746292,215.463867,0.000000,0.000000,0.000000,105448.000000,59684.000000,25738.000000,1999.000000,773.000000,199.000000,67.000000,37533.000000,27366.000000
0.000000,-20.433931,215.746292,215.463867,0.000000,0.000000,0.000000,105600.000000,59684.000000,25867.000000,1999.000000,777.000000,99.000000,64.000000,37569.000000,27386.000000
0.000000,-20.430981,215.746292,215.463867,0.000000,0.000000,0.000000,105600.000000,59684.000000,25867.000000,1999.000000,777.000000,99.000000,64.000000,37592.000000,27402.000000
0.000000,-20.428030,215.746292,215.463867,0.000000,0.000000,0.000000,105914.000000,59945.000000,25867.000000,2006.000000,777.000000,64.000000,64.000000,37604.000000,27425.000000
0.000000,-20.426720,215.746292,215.463867,0.000000,0.000000,0.000000,105942.000000,59945.000000,25867.000000,2006.000000,777.000000,99.000000,64.000000,37622.000000,27441.000000
0.000000,-20.425407,215.746292,215.463867,0.000000,0.000000,0.000000,105958.000000,59945.000000,25867.000000,2006.000000,777.000000,99.000000,67.000000,37658.000000,27464.000000
0.000000,-20.424833,215.746292,215.463867,0.000000,0.000000,0.000000,106104.000000,60080.000000,25867.000000,2010.000000,777.000000,64.000000,67.000000,37674.000000,27480.000000
0.000000,-20.424261,215.746292,215.463867,0.000000,0.000000,0.000000,106246.000000,60080.000000,25998.000000,2010.000000,781.000000,65.000000,64.000000,37709.000000,27499.000000
0.000000,-20.424015,215.746292,215.463867,0.000000,0.000000,0.000000,106246.000000,60080.000000,25998.000000,2010.000000,781.000000,65.000000,64.000000,37733.000000,27515.000000
0.000000,-20.423740,215.746292,215.463867,0.000000,0.000000,0.000000,106267.000000,60080.000000,25998.000000,2010.000000,781.000000,67.000000,64.000000,37767.000000,27538.000000
0.000000,-20.423632,215.746292,215.463867,0.000000,0.000000,0.000000,106405.000000,60211.000000,25998.000000,2014.000000,781.000000,199.000000,65.000000,37784.000000,27554.000000
0.000000,-20.429123,215.746292,215.463867,0.000000,0.000000,0.000000,106434.000000,60211.000000,25998.000000,2014.000000,781.000000,99.000000,67.000000,37814.000000,27578.000000
0.000000,-20.427511,215.746292,215.463867,0.000000,0.000000,0.000000,106580.000000,60343.000000,25998.000000,2018.000000,781.000000,199.000000,67.000000,37829.000000,27594.000000
0.000000,-20.425900,215.746292,215.463867,0.000000,0.000000,0.000000,106613.000000,60343.000000,25998.000000,2018.000000,781.000000,99.000000,67.000000,37861.000000,27616.000000
0.000000,-20.431774,215.746292,215.463867,0.000000,0.000000,0.000000,106778.000000,60473.000000,25998.000000,2022.000000,781.000000,99.000000,67.000000,37872.000000,27632.000000
0.000000,-20.428522,215.746292,215.463867,0.000000,0.000000,0.000000,107059.000000,60607.000000,26131.000000,2026.000000,785.000000,96.000000,199.000000,37899.000000,27651.000000
0.000000,-20.427074,215.746292,215.463867,0.000000,0.000000,0.000000,107072.000000,60607.000000,26131.000000,2026.000000,785.000000,99.000000,64.000000,37921.000000,27667.000000
0.000000,-20.425627,215.746292,215.463867,0.000000,0.000000,0.000000,107243.000000,60736.000000,26131.000000,2030.000000,785.000000,99.000000,65.000000,37948.000000,27691.000000
0.000000,-20.424971,215.746292,215.463867,0.000000,0.000000,0.000000,107415.000000,60867.000000,26131.000000,2037.000000,785.000000,99.000000,67.000000,37959.000000,27707.000000
0.000000,-20.424343,215.746292,215.463867,0.000000,0.000000,0.000000,107593.000000,60998.000000,26131.000000,2042.000000,785.000000,99.000000,67.000000,37983.000000,27730.000000
0.000000,-20.424042,215.746292,215.463867,0.000000,0.000000,0.000000,107597.000000,60998.000000,26131.000000,2042.000000,785.000000,99.000000,67.000000,38007.000000,27745.000000
0.000000,-20.429369,215.746292,215.463867,0.000000,0.000000,0.000000,107738.000000,61132.000000,26131.000000,2046.000000,785.000000,64.000000,67.000000,38035.000000,27769.000000
0.000000,-20.427702,215.746292,215.463867,0.000000,0.000000,0.000000,108034.000000,61262.000000,26265.000000,2051.000000,790.000000,199.000000,199.000000,38048.000000,27781.000000
0.000000,-20.426037,215.746292,215.463867,0.000000,0.000000,0.000000,108228.000000,61391.000000,26265.000000,2055.000000,790.000000,99.000000,64.000000,38067.000000,27804.000000
0.000000,-20.430872,215.746292,215.463867,0.000000,0.000000,0.000000,108398.000000,61526.000000,26265.000000,2059.000000,790.000000,99.000000,65.000000,38080.000000,27820.000000
0.000000,-20.427977,215.746292,215.463867,0.000000,0.000000,0.000000,108713.000000,61795.000000,26265.000000,2067.000000,790.000000,231.000000,67.000000,38093.000000,27844.000000
0.000000,-20.438877,215.746292,215.463867,0.000000,0.000000,0.000000,108884.000000,61929.000000,26265.000000,2071.000000,790.000000,33.000000,67.000000,38098.000000,27860.000000
0.000000,-20.445078,215.746292,215.463867,0.000000,0.000000,0.000000,108892.000000,61929.000000,26265.000000,2071.000000,790.000000,65569.000000,67.000000,38135.000000,27883.000000
0.000000,-20.444641,215.746292,215.463867,0.000000,0.000000,0.000000,109195.000000,62061.000000,26398.000000,2078.000000,793.000000,99.000000,199.000000,38145.000000,27894.000000
0.000000,-20.436419,215.746292,215.463867,0.000000,0.000000,0.000000,109440.000000,62252.000000,26398.000000,2087.000000,793.000000,133.000000,64.000000,38167.000000,27918.000000
0.000000,-20.444969,215.746292,215.463867,0.000000,0.000000,0.000000,109622.000000,62400.000000,26398.000000,2093.000000,793.000000,133.000000,65.000000,38176.000000,27934.000000
0.000000,-20.436609,215.746292,215.463867,0.000000,0.000000,0.000000,109700.000000,62456.000000,26398.000000,2094.000000,793.000000,99.000000,67.000000,38207.000000,27957.000000
0.000000,-20.432920,215.746292,215.463867,0.000000,0.000000,0.000000,109700.000000,62456.000000,26398.000000,2094.000000,793.000000,99.000000,67.000000,38230.000000,27973.000000
0.000000,-20.429205,215.746292,215.463867,0.000000,0.000000,0.000000,110021.000000,62725.000000,26398.000000,2103.000000,793.000000,33.000000,67.000000,38237.000000,27997.000000
0.000000,-20.439779,215.746292,215.463867,0.000000,0.000000,0.000000,110198.000000,62859.000000,26398.000000,2109.000000,793.000000,99.000000,67.000000,38244.000000,28012.000000
0.000000,-20.433439,215.746292,215.463867,0.000000,0.000000,0.000000,110637.000000,63121.000000,26531.000000,2116.000000,797.000000,199.000000,199.000000,38257.000000,28032.000000
0.000000,-20.436255,215.746292,215.463867,0.000000,0.000000,0.000000,110670.000000,63121.000000,26531.000000,2116.000000,797.000000,99.000000,64.000000,38276.000000,28048.000000
0.000000,-20.431282,215.746292,215.463867,0.000000,0.000000,0.000000,110842.000000,63252.000000,26531.000000,2120.000000,797.000000,99.000000,65.000000,38298.000000,28071.000000
0.000000,-20.441280,215.746292,215.463867,0.000000,0.000000,0.000000,111009.000000,63388.000000,26531.000000,2124.000000,797.000000,99.000000,65.000000,38307.000000,28087.000000
0.000000,-20.434341,215.746292,215.463867,0.000000,0.000000,0.000000,111313.000000,63655.000000,26531.000000,2131.000000,797.000000,199.000000,67.000000,38325.000000,28111.000000
0.000000,-20.431309,215.746292,215.463867,0.000000,0.000000,0.000000,111322.000000,63655.000000,26531.000000,2131.000000,797.000000,64.000000,67.000000,38348.000000,28127.000000
0.000000,-20.428223,215.746292,215.463867,0.000000,0.000000,0.000000,111328.000000,63655.000000,26531.000000,2131.000000,797.000000,64.000000,67.000000,38384.000000,28149.000000
0.000000,-20.433439,215.746292,215.463867,0.000000,0.000000,0.000000,111532.000000,63697.000000,26667.000000,2133.000000,800.000000,133.000000,64.000000,38399.000000,28160.000000
0.000000,-20.429533,215.746292,215.463867,0.000000,0.000000,0.000000,111790.000000,63919.000000,26667.000000,2139.000000,800.000000,96.000000,64.000000,38416.000000,28184.000000
0.000000,-20.434397,215.746292,215.463867,0.000000,0.000000,0.000000,111790.000000,63919.000000,26667.000000,2139.000000,800.000000,96.000000,64.000000,38441.000000,28200.000000
0.000000,-20.430107,215.746292,215.463867,0.000000,0.000000,0.000000,111809.000000,63919.000000,26667.000000,2139.000000,800.000000,97.000000,75.000000,38477.000000,28224.000000
0.000000,-20.428223,215.746292,215.463867,0.000000,0.000000,0.000000,111983.000000,64049.000000,26667.000000,2145.000000,800.000000,99.000000,75.000000,38487.000000,28240.000000
0.000000,-20.426336,215.746292,215.463867,0.000000,0.000000,0.000000,112295.000000,64179.000000,26798.000000,2149.000000,804.000000,99.000000,199.000000,38509.000000,28259.000000
0.000000,-20.432102,215.746292,215.463867,0.000000,0.000000,0.000000,112462.000000,64312.000000,26798.000000,2153.000000,804.000000,99.000000,64.000000,38521.000000,28274.000000
0.000000,-20.428713,215.746292,215.463867,0.000000,0.000000,0.000000,112742.000000,64547.000000,26798.000000,2161.000000,804.000000,133.000000,64.000000,38538.000000,28298.000000
0.000000,-20.427212,215.746292,215.463867,0.000000,0.000000,0.000000,112775.000000,64579.000000,26798.000000,2162.000000,804.000000,64.000000,64.000000,38560.000000,28314.000000
0.000000,-20.425735,215.746292,215.463867,0.000000,0.000000,0.000000,112787.000000,64579.000000,26798.000000,2162.000000,804.000000,64.000000,67.000000,38595.000000,28337.000000
0.000000,-20.425079,215.746292,215.463867,0.000000,0.000000,0.000000,112800.000000,64579.000000,26798.000000,2162.000000,804.000000,65.000000,67.000000,38619.000000,28353.000000
0.000000,-20.435762,215.746292,215.463867,0.000000,0.000000,0.000000,112943.000000,64579.000000,26929.000000,2162.000000,808.000000,67.000000,199.000000,38654.000000,28373.000000
0.000000,-20.438904,215.746292,215.463867,0.000000,0.000000,0.000000,113083.000000,64705.000000,26929.000000,2167.000000,808.000000,133.000000,64.000000,38672.000000,28389.000000
0.000000,-20.432867,215.746292,215.463867,0.000000,0.000000,0.000000,113121.000000,64716.000000,26929.000000,2169.000000,808.000000,99.000000,64.000000,38703.000000,28412.000000
0.000000,-20.430216,215.746292,215.463867,0.000000,0.000000,0.000000,113121.000000,64716.000000,26929.000000,2169.000000,808.000000,99.000000,64.000000,38727.000000,28427.000000
0.000000,-20.434151,215.746292,215.463867,0.000000,0.000000,0.000000,113265.000000,64847.000000,26929.000000,2174.000000,808.000000,64.000000,67.000000,38754.000000,28451.000000
0.000000,-20.431145,215.746292,215.463867,0.000000,0.000000,0.000000,113435.000000,64977.000000,26929.000000,2177.000000,808.000000,199.000000,67.000000,38769.000000,28467.000000
0.000000,-20.428141,215.746292,215.463867,0.000000,0.000000,0.000000,113476.000000,64977.000000,26929.000000,2177.000000,808.000000,99.000000,67.000000,38799.000000,28491.000000
0.000000,-20.439013,215.746292,215.463867,0.000000,0.000000,0.000000,113747.000000,65110.000000,27063.000000,2181.000000,811.000000,96.000000,199.000000,38813.000000,28502.000000
0.000000,-20.445160,215.746292,215.463867,0.000000,0.000000,0.000000,113767.000000,65110.000000,27063.000000,2181.000000,811.000000,99.000000,64.000000,38845.000000,28526.000000
0.000000,-20.439095,215.746292,215.463867,0.000000,0.000000,0.000000,113767.000000,65110.000000,27063.000000,2181.000000,811.000000,99.000000,64.000000,38869.000000,28542.000000
0.000000,-20.438604,215.746292,215.463867,0.000000,0.000000,0.000000,114081.000000,65370.000000,27063.000000,2188.000000,811.000000,96.000000,65.000000,38878.000000,28565.000000
0.000000,-20.434368,215.746292,215.463867,0.000000,0.000000,0.000000,114255.000000,65502.000000,27063.000000,2192.000000,811.000000,32.000000,67.000000,38889.000000,28581.000000
0.000000,-20.435707,215.746292,215.463867,0.000000,0.000000,0.000000,114455.000000,65639.000000,27063.000000,2198.000000,811.000000,103.000000,67.000000,38909.000000,28604.000000
0.000000,-20.432264,215.746292,215.463867,0.000000,0.000000,0.000000,114732.000000,65773.000000,27196.000000,2201.000000,815.000000,16417.000000,199.000000,38924.000000,28615.000000
0.000000,-20.439177,215.746292,215.463867,0.000000,0.000000,0.000000,114858.000000,65879.000000,27196.000000,2203.000000,815.000000,133.000000,64.000000,38952.000000,28639.000000
0.000000,-20.434778,215.746292,215.463867,0.000000,0.000000,0.000000,115016.000000,66005.000000,27196.000000,2207.000000,815.000000,133.000000,64.000000,38966.000000,28655.000000
0.000000,-20.430380,215.746292,215.463867,0.000000,0.000000,0.000000,115066.000000,66037.000000,27196.000000,2210.000000,815.000000,97.000000,65.000000,38997.000000,28678.000000
0.000000,-20.428413,215.746292,215.463867,0.000000,0.000000,0.000000,115242.000000,66168.000000,27196.000000,2216.000000,815.000000,99.000000,67.000000,39003.000000,28693.000000
0.000000,-20.426445,215.746292,215.463867,0.000000,0.000000,0.000000,115508.000000,66384.000000,27196.000000,2226.000000,815.000000,133.000000,67.000000,39021.000000,28717.000000
0.000000,-20.425571,215.746292,215.463867,0.000000,0.000000,0.000000,115590.000000,66432.000000,27196.000000,2228.000000,815.000000,99.000000,67.000000,39037.000000,28733.000000
0.000000,-20.435080,215.746292,215.463867,0.000000,0.000000,0.000000,115866.000000,66569.000000,27330.000000,2234.000000,819.000000,231.000000,199.000000,39061.000000,28753.000000
0.000000,-20.431828,215.746292,215.463867,0.000000,0.000000,0.000000,116033.000000,66701.000000,27330.000000,2237.000000,819.000000,32.000000,199.000000,39070.000000,28769.000000
0.000000,-20.428522,215.746292,215.463867,0.000000,0.000000,0.000000,116242.000000,66851.000000,27330.000000,2241.000000,819.000000,239.000000,64.000000,39089.000000,28792.000000
0.000000,-20.427074,215.746292,215.463867,0.000000,0.000000,0.000000,116362.000000,66962.000000,27330.000000,2243.000000,819.000000,64.000000,65.000000,39107.000000,28808.000000
0.000000,-20.425627,215.746292,215.463867,0.000000,0.000000,0.000000,116397.000000,66962.000000,27330.000000,2243.000000,819.000000,99.000000,67.000000,39133.000000,28831.000000
0.000000,-20.424971,215.746292,215.463867,0.000000,0.000000,0.000000,116537.000000,67093.000000,27330.000000,2247.000000,819.000000,199.000000,67.000000,39150.000000,28847.000000
0.000000,-20.430927,215.746292,215.463867,0.000000,0.000000,0.000000,116680.000000,67093.000000,27463.000000,2247.000000,822.000000,64.000000,199.000000,39186.000000,28866.000000
0.000000,-20.428823,215.746292,215.463867,0.000000,0.000000,0.000000,116680.000000,67093.000000,27463.000000,2247.000000,822.000000,64.000000,199.000000,39210.000000,28882.000000
0.000000,-20.426691,215.746292,215.463867,0.000000,0.000000,0.000000,116715.000000,67093.000000,27463.000000,2247.000000,822.000000,99.000000,64.000000,39243.000000,28906.000000
0.000000,-20.425762,215.746292,215.463867,0.000000,0.000000,0.000000,116886.000000,67228.000000,27463.000000,2250.000000,822.000000,99.000000,65.000000,39257.000000,28922.000000
0.000000,-20.424833,215.746292,215.463867,0.000000,0.000000,0.000000,117201.000000,67494.000000,27463.000000,2256.000000,822.000000,32.000000,67.000000,39269.000000,28945.000000
0.000000,-20.424425,215.746292,215.463867,0.000000,0.000000,0.000000,117375.000000,67626.000000,27463.000000,2259.000000,822.000000,99.000000,67.000000,39275.000000,28960.000000
0.000000,-20.424015,215.746292,215.463867,0.000000,0.000000,0.000000,117659.000000,67759.000000,27594.000000,2263.000000,826.000000,32.000000,199.000000,39305.000000,28980.000000
0.000000,-20.423822,215.746292,215.463867,0.000000,0.000000,0.000000,117661.000000,67759.000000,27594.000000,2263.000000,826.000000,96.000000,199.000000,39330.000000,28996.000000
0.000000,-20.430216,215.746292,215.463867,0.000000,0.000000,0.000000,117685.000000,67759.000000,27594.000000,2263.000000,826.000000,99.000000,64.000000,39361.000000,29020.000000
0.000000,-20.428305,215.746292,215.463867,0.000000,0.000000,0.000000,117833.000000,67892.000000,27594.000000,2267.000000,826.000000,64.000000,65.000000,39376.000000,29036.000000
0.000000,-20.431992,215.746292,215.463867,0.000000,0.000000,0.000000,117863.000000,67892.000000,27594.000000,2267.000000,826.000000,99.000000,67.000000,39407.000000,29059.000000
0.000000,-20.429588,215.746292,215.463867,0.000000,0.000000,0.000000,118010.000000,68021.000000,27594.000000,2270.000000,826.000000,96.000000,67.000000,39419.000000,29075.000000
0.000000,-20.427183,215.746292,215.463867,0.000000,0.000000,0.000000,118156.000000,68021.000000,27725.000000,2270.000000,831.000000,97.000000,199.000000,39455.000000,29093.000000
0.000000,-20.426119,215.746292,215.463867,0.000000,0.000000,0.000000,118156.000000,68021.000000,27725.000000,2270.000000,831.000000,97.000000,199.000000,39479.000000,29109.000000
0.000000,-20.437237,215.746292,215.463867,0.000000,0.000000,0.000000,118310.000000,68151.000000,27725.000000,2276.000000,831.000000,64.000000,64.000000,39506.000000,29132.000000
0.000000,-20.433386,215.746292,215.463867,0.000000,0.000000,0.000000,118323.000000,68151.000000,27725.000000,2276.000000,831.000000,96.000000,64.000000,39529.000000,29148.000000
0.000000,-20.436090,215.746292,215.463867,0.000000,0.000000,0.000000,118353.000000,68151.000000,27725.000000,2276.000000,831.000000,99.000000,67.000000,39565.000000,29172.000000
0.000000,-20.432539,215.746292,215.463867,0.000000,0.000000,0.000000,118502.000000,68281.000000,27725.000000,2279.000000,831.000000,96.000000,67.000000,39578.000000,29188.000000
0.000000,-20.428988,215.746292,215.463867,0.000000,0.000000,0.000000,118657.000000,68281.000000,27856.000000,2279.000000,834.000000,99.000000,199.000000,39616.000000,29207.000000
0.000000,-20.427429,215.746292,215.463867,0.000000,0.000000,0.000000,118657.000000,68281.000000,27856.000000,2279.000000,834.000000,99.000000,199.000000,39639.000000,29222.000000
0.000000,-20.442812,215.746292,215.463867,0.000000,0.000000,0.000000,118797.000000,68411.000000,27856.000000,2283.000000,834.000000,199.000000,64.000000,39666.000000,29246.000000
0.000000,-20.437401,215.746292,215.463867,0.000000,0.000000,0.000000,118810.000000,68411.000000,27856.000000,2283.000000,834.000000,64.000000,65.000000,39689.000000,29261.000000
0.000000,-20.438549,215.746292,215.463867,0.000000,0.000000,0.000000,118835.000000,68411.000000,27856.000000,2283.000000,834.000000,67.000000,67.000000,39720.000000,29285.000000
0.000000,-20.434315,215.746292,215.463867,0.000000,0.000000,0.000000,118984.000000,68411.000000,27987.000000,2283.000000,839.000000,67.000000,199.000000,39742.000000,29295.000000
0.000000,-20.430080,215.746292,215.463867,0.000000,0.000000,0.000000,119133.000000,68546.000000,27987.000000,2287.000000,839.000000,97.000000,64.000000,39766.000000,29319.000000
0.000000,-20.433796,215.746292,215.463867,0.000000,0.000000,0.000000,119133.000000,68546.000000,27987.000000,2287.000000,839.000000,97.000000,64.000000,39794.000000,29335.000000
0.000000,-20.435352,215.746292,215.463867,0.000000,0.000000,0.000000,119449.000000,68812.000000,27987.000000,2297.000000,839.000000,199.000000,65.000000,39800.000000,29359.000000
0.000000,-20.432020,215.746292,215.463867,0.000000,0.000000,0.000000,119455.000000,68812.000000,27987.000000,2297.000000,839.000000,64.000000,67.000000,39824.000000,29374.000000
0.000000,-20.440872,215.746292,215.463867,0.000000,0.000000,0.000000,119475.000000,68812.000000,27987.000000,2297.000000,839.000000,97.000000,67.000000,39856.000000,29397.000000
0.000000,-20.436008,215.746292,215.463867,0.000000,0.000000,0.000000,119592.000000,68907.000000,27987.000000,2299.000000,839.000000,133.000000,67.000000,39874.000000,29413.000000
0.000000,-20.431118,215.746292,215.463867,0.000000,0.000000,0.000000,119832.000000,68976.000000,28118.000000,2302.000000,843.000000,133.000000,64.000000,39902.000000,29432.000000
0.000000,-20.428959,215.746292,215.463867,0.000000,0.000000,0.000000,119929.000000,69073.000000,28118.000000,2306.000000,843.000000,199.000000,64.000000,39920.000000,29448.000000
0.000000,-20.426802,215.746292,215.463867,0.000000,0.000000,0.000000,119944.000000,69073.000000,28118.000000,2306.000000,843.000000,96.000000,64.000000,39954.000000,29472.000000
0.000000,-20.425844,215.746292,215.463867,0.000000,0.000000,0.000000,120114.000000,69202.000000,28118.000000,2312.000000,843.000000,97.000000,65.000000,39965.000000,29487.000000
0.000000,-20.435215,215.746292,215.463867,0.000000,0.000000,0.000000,120122.000000,69202.000000,28118.000000,2312.000000,843.000000,99.000000,67.000000,40001.000000,29510.000000
0.000000,-20.431910,215.746292,215.463867,0.000000,0.000000,0.000000,120214.000000,69273.000000,28118.000000,2314.000000,843.000000,133.000000,67.000000,40019.000000,29526.000000
0.000000,-20.440790,215.746292,215.463867,0.000000,0.000000,0.000000,120443.000000,69466.000000,28118.000000,2318.000000,843.000000,199.000000,67.000000,40035.000000,29550.000000
0.000000,-20.435953,215.746292,215.463867,0.000000,0.000000,0.000000,120443.000000,69466.000000,28118.000000,2318.000000,843.000000,199.000000,67.000000,40059.000000,29566.000000
0.000000,-20.431091,215.746292,215.463867,0.000000,0.000000,0.000000,120581.000000,69466.000000,28252.000000,2318.000000,847.000000,64.000000,199.000000,40095.000000,29585.000000
0.000000,-20.428932,215.746292,215.463867,0.000000,0.000000,0.000000,120591.000000,69466.000000,28252.000000,2318.000000,847.000000,65.000000,64.000000,40118.000000,29601.000000
0.000000,-20.426773,215.746292,215.463867,0.000000,0.000000,0.000000,120615.000000,69466.000000,28252.000000,2318.000000,847.000000,67.000000,65.000000,40150.000000,29625.000000
0.000000,-20.432402,215.746292,215.463867,0.000000,0.000000,0.000000,120760.000000,69598.000000,28252.000000,2322.000000,847.000000,64.000000,67.000000,40165.000000,29640.000000
0.000000,-20.428905,215.746292,215.463867,0.000000,0.000000,0.000000,120916.000000,69598.000000,28383.000000,2322.000000,851.000000,99.000000,199.000000,40198.000000,29659.000000
0.000000,-20.427347,215.746292,215.463867,0.000000,0.000000,0.000000,120916.000000,69598.000000,28383.000000,2322.000000,851.000000,99.000000,199.000000,40222.000000,29675.000000
0.000000,-20.425791,215.746292,215.463867,0.000000,0.000000,0.000000,120927.000000,69598.000000,28383.000000,2322.000000,851.000000,99.000000,64.000000,40257.000000,29699.000000
0.000000,-20.430708,215.746292,215.463867,0.000000,0.000000,0.000000,121065.000000,69728.000000,28383.000000,2326.000000,851.000000,199.000000,64.000000,40274.000000,29715.000000
0.000000,-20.434479,215.746292,215.463867,0.000000,0.000000,0.000000,121085.000000,69728.000000,28383.000000,2326.000000,851.000000,65.000000,67.000000,40309.000000,29739.000000
0.000000,-20.431391,215.746292,215.463867,0.000000,0.000000,0.000000,121097.000000,69728.000000,28383.000000,2326.000000,851.000000,67.000000,67.000000,40333.000000,29754.000000
0.000000,-20.428276,215.746292,215.463867,0.000000,0.000000,0.000000,121342.000000,69822.000000,28514.000000,2330.000000,855.000000,133.000000,199.000000,40363.000000,29773.000000
0.000000,-20.426910,215.746292,215.463867,0.000000,0.000000,0.000000,121378.000000,69858.000000,28514.000000,2332.000000,855.000000,199.000000,199.000000,40384.000000,29789.000000
0.000000,-20.432102,215.746292,215.463867,0.000000,0.000000,0.000000,121388.000000,69858.000000,28514.000000,2332.000000,855.000000,64.000000,64.000000,40419.000000,29813.000000
0.000000,-20.436255,215.746292,215.463867,0.000000,0.000000,0.000000,121396.000000,69858.000000,28514.000000,2332.000000,855.000000,64.000000,64.000000,40443.000000,29829.000000
0.000000,-20.431282,215.746292,215.463867,0.000000,0.000000,0.000000,121421.000000,69858.000000,28514.000000,2332.000000,855.000000,67.000000,67.000000,40476.000000,29852.000000
0.000000,-20.441280,215.746292,215.463867,0.000000,0.000000,0.000000,121573.000000,69992.000000,28514.000000,2335.000000,855.000000,199.000000,67.000000,40490.000000,29868.000000
0.000000,-20.445707,215.746292,215.463867,0.000000,0.000000,0.000000,121713.000000,69992.000000,28647.000000,2335.000000,859.000000,64.000000,199.000000,40527.000000,29888.000000
0.000000,-20.445078,215.746292,215.463867,0.000000,0.000000,0.000000,121713.000000,69992.000000,28647.000000,2335.000000,859.000000,64.000000,199.000000,40550.000000,29904.000000
0.000000,-20.441444,215.746292,215.463867,0.000000,0.000000,0.000000,121726.000000,69992.000000,28647.000000,2335.000000,859.000000,67.000000,64.000000,40586.000000,29927.000000
0.000000,-20.436419,215.746292,215.463867,0.000000,0.000000,0.000000,121736.000000,69992.000000,28647.000000,2335.000000,859.000000,67.000000,65.000000,40610.000000,29942.000000
0.000000,-20.437948,215.746292,215.463867,0.000000,0.000000,0.000000,121743.000000,69992.000000,28647.000000,2335.000000,859.000000,67.000000,65.000000,40646.000000,29966.000000
0.000000,-20.433905,215.746292,215.463867,0.000000,0.000000,0.000000,121889.000000,70123.000000,28647.000000,2340.000000,859.000000,64.000000,67.000000,40661.000000,29982.000000
0.000000,-20.435434,215.746292,215.463867,0.000000,0.000000,0.000000,121899.000000,70123.000000,28647.000000,2340.000000,859.000000,64.000000,67.000000,40697.000000,30006.000000
0.000000,-20.432074,215.746292,215.463867,0.000000,0.000000,0.000000,121899.000000,70123.000000,28647.000000,2340.000000,859.000000,64.000000,67.000000,40721.000000,30022.000000
0.000000,-20.433468,215.746292,215.463867,0.000000,0.000000,0.000000,122199.000000,70253.000000,28783.000000,2344.000000,862.000000,64.000000,199.000000,40747.000000,30041.000000
0.000000,-20.430653,215.746292,215.463867,0.000000,0.000000,0.000000,122220.000000,70253.000000,28783.000000,2344.000000,862.000000,99.000000,64.000000,40769.000000,30056.000000
0.000000,-20.427839,215.746292,215.463867,0.000000,0.000000,0.000000,122384.000000,70385.000000,28783.000000,2347.000000,862.000000,99.000000,67.000000,40794.000000,30080.000000
0.000000,-20.426582,215.746292,215.463867,0.000000,0.000000,0.000000,122531.000000,70513.000000,28783.000000,2352.000000,862.000000,133.000000,67.000000,40810.000000,30096.000000
0.000000,-20.430927,215.746292,215.463867,0.000000,0.000000,0.000000,122554.000000,70514.000000,28783.000000,2353.000000,862.000000,97.000000,67.000000,40844.000000,30119.000000
0.000000,-20.428823,215.746292,215.463867,0.000000,0.000000,0.000000,122554.000000,70514.000000,28783.000000,2353.000000,862.000000,97.000000,67.000000,40868.000000,30135.000000
0.000000,-20.426691,215.746292,215.463867,0.000000,0.000000,0.000000,122693.000000,70514.000000,28914.000000,2353.000000,866.000000,99.000000,199.000000,40903.000000,30155.000000
0.000000,-20.432346,215.746292,215.463867,0.000000,0.000000,0.000000,122708.000000,70514.000000,28914.000000,2353.000000,866.000000,99.000000,64.000000,40925.000000,30171.000000
0.000000,-20.433632,215.746292,215.463867,0.000000,0.000000,0.000000,122852.000000,70647.000000,28914.000000,2357.000000,866.000000,64.000000,64.000000,40952.000000,30195.000000
0.000000,-20.442974,215.746292,215.463867,0.000000,0.000000,0.000000,122868.000000,70647.000000,28914.000000,2357.000000,866.000000,65.000000,67.000000,40976.000000,30210.000000
0.000000,-20.435379,215.746292,215.463867,0.000000,0.000000,0.000000,122876.000000,70647.000000,28914.000000,2357.000000,866.000000,67.000000,67.000000,41011.000000,30233.000000
0.000000,-20.432047,215.746292,215.463867,0.000000,0.000000,0.000000,122876.000000,70647.000000,28914.000000,2357.000000,866.000000,67.000000,67.000000,41035.000000,30249.000000
0.000000,-20.435270,215.746292,215.463867,0.000000,0.000000,0.000000,123162.000000,70780.000000,29045.000000,2361.000000,870.000000,64.000000,64.000000,41061.000000,30269.000000
0.000000,-20.431938,215.746292,215.463867,0.000000,0.000000,0.000000,123191.000000,70780.000000,29045.000000,2361.000000,870.000000,99.000000,64.000000,41077.000000,30285.000000
0.000000,-20.434233,215.746292,215.463867,0.000000,0.000000,0.000000,123328.000000,70913.000000,29045.000000,2365.000000,870.000000,199.000000,64.000000,41107.000000,30308.000000
0.000000,-20.431200,215.746292,215.463867,0.000000,0.000000,0.000000,123352.000000,70913.000000,29045.000000,2365.000000,870.000000,99.000000,67.000000,41130.000000,30324.000000
0.000000,-20.433767,215.746292,215.463867,0.000000,0.000000,0.000000,123480.000000,71020.000000,29045.000000,2367.000000,870.000000,133.000000,67.000000,41159.000000,30347.000000
0.000000,-20.430872,215.746292,215.463867,0.000000,0.000000,0.000000,123503.000000,71043.000000,29045.000000,2368.000000,870.000000,199.000000,67.000000,41181.000000,30363.000000
0.000000,-20.427977,215.746292,215.463867,0.000000,0.000000,0.000000,123510.000000,71043.000000,29045.000000,2368.000000,870.000000,64.000000,67.000000,41217.000000,30387.000000
0.000000,-20.426664,215.746292,215.463867,0.000000,0.000000,0.000000,123654.000000,71043.000000,29180.000000,2368.000000,874.000000,64.000000,199.000000,41240.000000,30397.000000
0.000000,-20.425381,215.746292,215.463867,0.000000,0.000000,0.000000,123826.000000,71178.000000,29180.000000,2373.000000,874.000000,99.000000,64.000000,41263.000000,30421.000000
0.000000,-20.424807,215.746292,215.463867,0.000000,0.000000,0.000000,123996.000000,71310.000000,29180.000000,2379.000000,874.000000,99.000000,65.000000,41274.000000,30437.000000
0.000000,-20.435598,215.746292,215.463867,0.000000,0.000000,0.000000,124151.000000,71446.000000,29180.000000,2384.000000,874.000000,231.000000,67.000000,41299.000000,30461.000000
0.000000,-20.437811,215.746292,215.463867,0.000000,0.000000,0.000000,124312.000000,71577.000000,29180.000000,2388.000000,874.000000,64.000000,67.000000,41312.000000,30476.000000
0.000000,-20.436993,215.746292,215.463867,0.000000,0.000000,0.000000,124348.000000,71577.000000,29180.000000,2388.000000,874.000000,99.000000,67.000000,41345.000000,30499.000000
0.000000,-20.433193,215.746292,215.463867,0.000000,0.000000,0.000000,124637.000000,71712.000000,29311.000000,2391.000000,878.000000,99.000000,199.000000,41360.000000,30511.000000
0.000000,-20.440735,215.746292,215.463867,0.000000,0.000000,0.000000,124807.000000,71845.000000,29311.000000,2394.000000,878.000000,99.000000,64.000000,41382.000000,30535.000000
0.000000,-20.435900,215.746292,215.463867,0.000000,0.000000,0.000000,124973.000000,71977.000000,29311.000000,2398.000000,878.000000,99.000000,64.000000,41395.000000,30551.000000
0.000000,-20.431036,215.746292,215.463867,0.000000,0.000000,0.000000,125120.000000,72112.000000,29311.000000,2402.000000,878.000000,231.000000,67.000000,41421.000000,30574.000000
0.000000,-20.428905,215.746292,215.463867,0.000000,0.000000,0.000000,125288.000000,72245.000000,29311.000000,2406.000000,878.000000,33.000000,67.000000,41430.000000,30590.000000
0.000000,-20.426746,215.746292,215.463867,0.000000,0.000000,0.000000,125311.000000,72245.000000,29311.000000,2406.000000,878.000000,99.000000,67.000000,41468.000000,30614.000000
0.000000,-20.425791,215.746292,215.463867,0.000000,0.000000,0.000000,125479.000000,72381.000000,29311.000000,2411.000000,878.000000,99.000000,67.000000,41479.000000,30629.000000
0.000000,-20.424833,215.746292,215.463867,0.000000,0.000000,0.000000,125772.000000,72516.000000,29444.000000,2416.000000,882.000000,99.000000,199.000000,41501.000000,30649.000000
0.000000,-20.424425,215.746292,215.463867,0.000000,0.000000,0.000000,125781.000000,72516.000000,29444.000000,2416.000000,882.000000,99.000000,64.000000,41524.000000,30664.000000
0.000000,-20.428768,215.746292,215.463867,0.000000,0.000000,0.000000,125926.000000,72645.000000,29444.000000,2421.000000,882.000000,64.000000,65.000000,41551.000000,30688.000000
0.000000,-20.433849,215.746292,215.463867,0.000000,0.000000,0.000000,125926.000000,72645.000000,29444.000000,2421.000000,882.000000,64.000000,65.000000,41575.000000,30704.000000
0.000000,-20.436390,215.746292,215.463867,0.000000,0.000000,0.000000,125960.000000,72645.000000,29444.000000,2421.000000,882.000000,99.000000,67.000000,41605.000000,30728.000000
0.000000,-20.439341,215.746292,215.463867,0.000000,0.000000,0.000000,126106.000000,72774.000000,29444.000000,2426.000000,882.000000,64.000000,67.000000,41623.000000,30743.000000
0.000000,-20.433167,215.746292,215.463867,0.000000,0.000000,0.000000,126404.000000,72904.000000,29575.000000,2430.000000,885.000000,199.000000,199.000000,41646.000000,30762.000000
0.000000,-20.430435,215.746292,215.463867,0.000000,0.000000,0.000000,126563.000000,73023.000000,29575.000000,2434.000000,885.000000,133.000000,64.000000,41658.000000,30778.000000
0.000000,-20.427702,215.746292,215.463867,0.000000,0.000000,0.000000,126770.000000,73174.000000,29575.000000,2440.000000,885.000000,99.000000,64.000000,41676.000000,30802.000000
0.000000,-20.426500,215.746292,215.463867,0.000000,0.000000,0.000000,126773.000000,73174.000000,29575.000000,2440.000000,885.000000,99.000000,64.000000,41699.000000,30818.000000
0.000000,-20.436636,215.746292,215.463867,0.000000,0.000000,0.000000,126931.000000,73311.000000,29575.000000,2445.000000,885.000000,97.000000,67.000000,41725.000000,30841.000000
0.000000,-20.432949,215.746292,215.463867,0.000000,0.000000,0.000000,127094.000000,73445.000000,29575.000000,2451.000000,885.000000,96.000000,67.000000,41741.000000,30857.000000
0.000000,-20.433987,215.746292,215.463867,0.000000,0.000000,0.000000,127236.000000,73445.000000,29704.000000,2451.000000,890.000000,97.000000,64.000000,41776.000000,30877.000000
0.000000,-20.431009,215.746292,215.463867,0.000000,0.000000,0.000000,127256.000000,73445.000000,29704.000000,2451.000000,890.000000,99.000000,64.000000,41798.000000,30892.000000
0.000000,-20.439396,215.746292,215.463867,0.000000,0.000000,0.000000,127394.000000,73575.000000,29704.000000,2455.000000,890.000000,64.000000,64.000000,41826.000000,30916.000000
0.000000,-20.434942,215.746292,215.463867,0.000000,0.000000,0.000000,127394.000000,73575.000000,29704.000000,2455.000000,890.000000,64.000000,64.000000,41850.000000,30931.000000
0.000000,-20.437046,215.746292,215.463867,0.000000,0.000000,0.000000,127429.000000,73575.000000,29704.000000,2455.000000,890.000000,99.000000,67.000000,41880.000000,30955.000000
0.000000,-20.438850,215.746292,215.463867,0.000000,0.000000,0.000000,127600.000000,73711.000000,29704.000000,2459.000000,890.000000,99.000000,67.000000,41892.000000,30971.000000
0.000000,-20.439478,215.746292,215.463867,0.000000,0.000000,0.000000,127745.000000,73844.000000,29704.000000,2463.000000,890.000000,64.000000,67.000000,41921.000000,30995.000000
0.000000,-20.440598,215.746292,215.463867,0.000000,0.000000,0.000000,127905.000000,73844.000000,29839.000000,2463.000000,894.000000,99.000000,199.000000,41943.000000,31006.000000
0.000000,-20.445271,215.746292,215.463867,0.000000,0.000000,0.000000,128209.000000,74105.000000,29839.000000,2472.000000,894.000000,199.000000,64.000000,41958.000000,31029.000000
0.000000,-20.439205,215.746292,215.463867,0.000000,0.000000,0.000000,128209.000000,74105.000000,29839.000000,2472.000000,894.000000,199.000000,64.000000,41981.000000,31045.000000
0.000000,-20.433084,215.746292,215.463867,0.000000,0.000000,0.000000,128217.000000,74105.000000,29839.000000,2472.000000,894.000000,64.000000,65.000000,42016.000000,31069.000000
0.000000,-20.430380,215.746292,215.463867,0.000000,0.000000,0.000000,128236.000000,74105.000000,29839.000000,2472.000000,894.000000,65.000000,67.000000,42039.000000,31085.000000
0.000000,-20.427649,215.746292,215.463867,0.000000,0.000000,0.000000,128525.000000,74234.000000,29970.000000,2479.000000,898.000000,64.000000,199.000000,42066.000000,31104.000000
0.000000,-20.426445,215.746292,215.463867,0.000000,0.000000,0.000000,128531.000000,74234.000000,29970.000000,2479.000000,898.000000,64.000000,64.000000,42089.000000,31119.000000
0.000000,-20.436583,215.746292,215.463867,0.000000,0.000000,0.000000,128540.000000,74234.000000,29970.000000,2479.000000,898.000000,64.000000,64.000000,42125.000000,31143.000000
0.000000,-20.438494,215.746292,215.463867,0.000000,0.000000,0.000000,128540.000000,74234.000000,29970.000000,2479.000000,898.000000,64.000000,64.000000,42148.000000,31159.000000
0.000000,-20.432648,215.746292,215.463867,0.000000,0.000000,0.000000,128562.000000,74234.000000,29970.000000,2479.000000,898.000000,67.000000,67.000000,42184.000000,31182.000000
0.000000,-20.430052,215.746292,215.463867,0.000000,0.000000,0.000000,128575.000000,74234.000000,29970.000000,2479.000000,898.000000,67.000000,67.000000,42206.000000,31197.000000
0.000000,-20.427456,215.746292,215.463867,0.000000,0.000000,0.000000,128721.000000,74365.000000,29970.000000,2482.000000,898.000000,64.000000,67.000000,42233.000000,31221.000000
0.000000,-20.431910,215.746292,215.463867,0.000000,0.000000,0.000000,128866.000000,74365.000000,30102.000000,2482.000000,902.000000,67.000000,64.000000,42256.000000,31231.000000
0.000000,-20.433357,215.746292,215.463867,0.000000,0.000000,0.000000,128883.000000,74365.000000,30102.000000,2482.000000,902.000000,67.000000,64.000000,42290.000000,31255.000000
0.000000,-20.430571,215.746292,215.463867,0.000000,0.000000,0.000000,128883.000000,74365.000000,30102.000000,2482.000000,902.000000,67.000000,64.000000,42314.000000,31271.000000
0.000000,-20.427757,215.746292,215.463867,0.000000,0.000000,0.000000,129026.000000,74500.000000,30102.000000,2485.000000,902.000000,64.000000,65.000000,42342.000000,31294.000000
0.000000,-20.432129,215.746292,215.463867,0.000000,0.000000,0.000000,129036.000000,74500.000000,30102.000000,2485.000000,902.000000,64.000000,67.000000,42366.000000,31309.000000
0.000000,-20.435326,215.746292,215.463867,0.000000,0.000000,0.000000,129059.000000,74500.000000,30102.000000,2485.000000,902.000000,67.000000,67.000000,42398.000000,31333.000000
0.000000,-20.431992,215.746292,215.463867,0.000000,0.000000,0.000000,129210.000000,74632.000000,30102.000000,2489.000000,902.000000,97.000000,67.000000,42411.000000,31349.000000
0.000000,-20.428659,215.746292,215.463867,0.000000,0.000000,0.000000,129492.000000,74761.000000,30235.000000,2492.000000,906.000000,135.000000,199.000000,42437.000000,31369.000000
0.000000,-20.432785,215.746292,215.463867,0.000000,0.000000,0.000000,129494.000000,74761.000000,30235.000000,2492.000000,906.000000,64.000000,199.000000,42461.000000,31384.000000
0.000000,-20.429123,215.746292,215.463867,0.000000,0.000000,0.000000,129512.000000,74761.000000,30235.000000,2492.000000,906.000000,97.000000,64.000000,42495.000000,31408.000000
0.000000,-20.427511,215.746292,215.463867,0.000000,0.000000,0.000000,129670.000000,74894.000000,30235.000000,2496.000000,906.000000,96.000000,65.000000,42506.000000,31424.000000
0.000000,-20.437237,215.746292,215.463867,0.000000,0.000000,0.000000,129683.000000,74894.000000,30235.000000,2496.000000,906.000000,96.000000,67.000000,42542.000000,31447.000000
0.000000,-20.439970,215.746292,215.463867,0.000000,0.000000,0.000000,129710.000000,74894.000000,30235.000000,2496.000000,906.000000,107.000000,67.000000,42566.000000,31463.000000
0.000000,-20.440134,215.746292,215.463867,0.000000,0.000000,0.000000,129847.000000,74894.000000,30368.000000,2496.000000,910.000000,107.000000,199.000000,42602.000000,31482.000000
0.000000,-20.435490,215.746292,215.463867,0.000000,0.000000,0.000000,129847.000000,74894.000000,30368.000000,2496.000000,910.000000,107.000000,199.000000,42626.000000,31498.000000
0.000000,-20.430790,215.746292,215.463867,0.000000,0.000000,0.000000,129854.000000,74894.000000,30368.000000,2496.000000,910.000000,107.000000,64.000000,42661.000000,31522.000000
0.000000,-20.440899,215.746292,215.463867,0.000000,0.000000,0.000000,130004.000000,75028.000000,30368.000000,2499.000000,910.000000,65.000000,65.000000,42676.000000,31538.000000
0.000000,-20.445488,215.746292,215.463867,0.000000,0.000000,0.000000,130015.000000,75028.000000,30368.000000,2499.000000,910.000000,67.000000,67.000000,42712.000000,31561.000000
0.000000,-20.439341,215.746292,215.463867,0.000000,0.000000,0.000000,130031.000000,75028.000000,30368.000000,2499.000000,910.000000,67.000000,67.000000,42736.000000,31576.000000
0.000000,-20.439751,215.746292,215.463867,0.000000,0.000000,0.000000,130172.000000,75159.000000,30368.000000,2502.000000,910.000000,199.000000,67.000000,42763.000000,31600.000000
0.000000,-20.435188,215.746292,215.463867,0.000000,0.000000,0.000000,130172.000000,75159.000000,30368.000000,2502.000000,910.000000,199.000000,67.000000,42787.000000,31616.000000
0.000000,-20.437210,215.746292,215.463867,0.000000,0.000000,0.000000,130312.000000,75159.000000,30504.000000,2502.000000,914.000000,64.000000,199.000000,42823.000000,31635.000000
0.000000,-20.433357,215.746292,215.463867,0.000000,0.000000,0.000000,130330.000000,75159.000000,30504.000000,2502.000000,914.000000,67.000000,64.000000,42845.000000,31650.000000
0.000000,-20.436064,215.746292,215.463867,0.000000,0.000000,0.000000,130485.000000,75288.000000,30504.000000,2506.000000,914.000000,64.000000,67.000000,42870.000000,31674.000000
0.000000,-20.432539,215.746292,215.463867,0.000000,0.000000,0.000000,130504.000000,75288.000000,30504.000000,2506.000000,914.000000,97.000000,67.000000,42891.000000,31690.000000
0.000000,-20.441172,215.746292,215.463867,0.000000,0.000000,0.000000,130646.000000,75288.000000,30636.000000,2506.000000,918.000000,99.000000,199.000000,42926.000000,31710.000000
0.000000,-20.436226,215.746292,215.463867,0.000000,0.000000,0.000000,130646.000000,75288.000000,30636.000000,2506.000000,918.000000,99.000000,199.000000,42950.000000,31725.000000
0.000000,-20.431253,215.746292,215.463867,0.000000,0.000000,0.000000,130654.000000,75288.000000,30636.000000,2506.000000,918.000000,99.000000,64.000000,42985.000000,31748.000000
0.000000,-20.429041,215.746292,215.463867,0.000000,0.000000,0.000000,130664.000000,75288.000000,30636.000000,2506.000000,918.000000,99.000000,65.000000,43009.000000,31764.000000
0.000000,-20.426828,215.746292,215.463867,0.000000,0.000000,0.000000,130672.000000,75288.000000,30636.000000,2506.000000,918.000000,99.000000,67.000000,43045.000000,31788.000000
0.000000,-20.431446,215.746292,215.463867,0.000000,0.000000,0.000000,130821.000000,75421.000000,30636.000000,2509.000000,918.000000,65.000000,67.000000,43057.000000,31804.000000
0.000000,-20.434889,215.746292,215.463867,0.000000,0.000000,0.000000,130833.000000,75421.000000,30636.000000,2509.000000,918.000000,67.000000,67.000000,43094.000000,31828.000000
0.000000,-20.431692,215.746292,215.463867,0.000000,0.000000,0.000000,130833.000000,75421.000000,30636.000000,2509.000000,918.000000,67.000000,67.000000,43118.000000,31843.000000
0.000000,-20.435053,215.746292,215.463867,0.000000,0.000000,0.000000,130972.000000,75421.000000,30766.000000,2509.000000,921.000000,67.000000,199.000000,43151.000000,31862.000000
0.000000,-20.437401,215.746292,215.463867,0.000000,0.000000,0.000000,131117.000000,75552.000000,30766.000000,2513.000000,921.000000,199.000000,64.000000,43166.000000,31878.000000
0.000000,-20.443331,215.746292,215.463867,0.000000,0.000000,0.000000,131128.000000,75552.000000,30766.000000,2513.000000,921.000000,64.000000,65.000000,43200.000000,31902.000000
0.000000,-20.449968,215.746292,215.463867,0.000000,0.000000,0.000000,131148.000000,75552.000000,30766.000000,2513.000000,921.000000,67.000000,67.000000,43222.000000,31918.000000
0.000000,-20.444477,215.746292,215.463867,0.000000,0.000000,0.000000,131155.000000,75552.000000,30766.000000,2513.000000,921.000000,67.000000,67.000000,43258.000000,31941.000000
0.000000,-20.438604,215.746292,215.463867,0.000000,0.000000,0.000000,131155.000000,75552.000000,30766.000000,2513.000000,921.000000,67.000000,67.000000,43282.000000,31957.000000
0.000000,-20.432703,215.746292,215.463867,0.000000,0.000000,0.000000,131296.000000,75552.000000,30898.000000,2513.000000,925.000000,67.000000,199.000000,43317.000000,31977.000000
0.000000,-20.436691,215.746292,215.463867,0.000000,0.000000,0.000000,131306.000000,75552.000000,30898.000000,2513.000000,925.000000,67.000000,64.000000,43341.000000,31993.000000
0.000000,-20.442892,215.746292,215.463867,0.000000,0.000000,0.000000,131444.000000,75682.000000,30898.000000,2517.000000,925.000000,64.000000,64.000000,43370.000000,32016.000000
0.000000,-20.449669,215.746292,215.463867,0.000000,0.000000,0.000000,131465.000000,75682.000000,30898.000000,2517.000000,925.000000,65.000000,67.000000,43392.000000,32031.000000
0.000000,-20.449886,215.746292,215.463867,0.000000,0.000000,0.000000,131554.000000,75745.000000,30898.000000,2520.000000,925.000000,133.000000,67.000000,43423.000000,32055.000000
0.000000,-20.442511,215.746292,215.463867,0.000000,0.000000,0.000000,131629.000000,75818.000000,30898.000000,2524.000000,925.000000,64.000000,67.000000,43441.000000,32071.000000
0.000000,-20.435106,215.746292,215.463867,0.000000,0.000000,0.000000,131634.000000,75818.000000,30898.000000,2524.000000,925.000000,64.000000,67.000000,43477.000000,32095.000000
0.000000,-20.431828,215.746292,215.463867,0.000000,0.000000,0.000000,131784.000000,75818.000000,31028.000000,2524.000000,928.000000,67.000000,199.000000,43498.000000,32106.000000
0.000000,-20.435133,215.746292,215.463867,0.000000,0.000000,0.000000,131929.000000,75949.000000,31028.000000,2528.000000,928.000000,64.000000,64.000000,43526.000000,32129.000000
0.000000,-20.431856,215.746292,215.463867,0.000000,0.000000,0.000000,131940.000000,75949.000000,31028.000000,2528.000000,928.000000,65.000000,64.000000,43550.000000,32144.000000
0.000000,-20.428549,215.746292,215.463867,0.000000,0.000000,0.000000,131968.000000,75949.000000,31028.000000,2528.000000,928.000000,67.000000,67.000000,43582.000000,32168.000000
0.000000,-20.433685,215.746292,215.463867,0.000000,0.000000,0.000000,131968.000000,75949.000000,31028.000000,2528.000000,928.000000,67.000000,67.000000,43606.000000,32184.000000
0.000000,-20.429697,215.746292,215.463867,0.000000,0.000000,0.000000,132241.000000,76081.000000,31158.000000,2532.000000,932.000000,64.000000,199.000000,43635.000000,32202.000000
0.000000,-20.427921,215.746292,215.463867,0.000000,0.000000,0.000000,132250.000000,76081.000000,31158.000000,2532.000000,932.000000,64.000000,64.000000,43658.000000,32218.000000
0.000000,-20.431774,215.746292,215.463867,0.000000,0.000000,0.000000,132269.000000,76081.000000,31158.000000,2532.000000,932.000000,107.000000,64.000000,43692.000000,32242.000000
0.000000,-20.429451,215.746292,215.463867,0.000000,0.000000,0.000000,132285.000000,76081.000000,31158.000000,2532.000000,932.000000,107.000000,67.000000,43715.000000,32258.000000
0.000000,-20.427074,215.746292,215.463867,0.000000,0.000000,0.000000,132425.000000,76210.000000,31158.000000,2536.000000,932.000000,64.000000,67.000000,43745.000000,32281.000000
0.000000,-20.432621,215.746292,215.463867,0.000000,0.000000,0.000000,132425.000000,76210.000000,31158.000000,2536.000000,932.000000,64.000000,67.000000,43769.000000,32296.000000
0.000000,-20.435625,215.746292,215.463867,0.000000,0.000000,0.000000,132433.000000,76210.000000,31158.000000,2536.000000,932.000000,64.000000,67.000000,43805.000000,32320.000000
0.000000,-20.437811,215.746292,215.463867,0.000000,0.000000,0.000000,132578.000000,76210.000000,31290.000000,2536.000000,936.000000,65.000000,64.000000,43828.000000,32330.000000
0.000000,-20.438795,215.746292,215.463867,0.000000,0.000000,0.000000,132589.000000,76210.000000,31290.000000,2536.000000,936.000000,67.000000,64.000000,43863.000000,32354.000000
0.000000,-20.434505,215.746292,215.463867,0.000000,0.000000,0.000000,132607.000000,76210.000000,31290.000000,2536.000000,936.000000,67.000000,65.000000,43884.000000,32370.000000
0.000000,-20.440571,215.746292,215.463867,0.000000,0.000000,0.000000,132747.000000,76343.000000,31290.000000,2539.000000,936.000000,199.000000,67.000000,43912.000000,32393.000000
0.000000,-20.442373,215.746292,215.463867,0.000000,0.000000,0.000000,132747.000000,76343.000000,31290.000000,2539.000000,936.000000,199.000000,67.000000,43936.000000,32409.000000
0.000000,-20.435024,215.746292,215.463867,0.000000,0.000000,0.000000,132760.000000,76343.000000,31290.000000,2539.000000,936.000000,64.000000,67.000000,43971.000000,32433.000000
0.000000,-20.431774,215.746292,215.463867,0.000000,0.000000,0.000000,132899.000000,76343.000000,31421.000000,2539.000000,939.000000,65.000000,199.000000,43995.000000,32444.000000
0.000000,-20.435133,215.746292,215.463867,0.000000,0.000000,0.000000,132911.000000,76343.000000,31421.000000,2539.000000,939.000000,67.000000,64.000000,44031.000000,32467.000000
0.000000,-20.437456,215.746292,215.463867,0.000000,0.000000,0.000000,132917.000000,76343.000000,31421.000000,2539.000000,939.000000,67.000000,64.000000,44055.000000,32483.000000
0.000000,-20.444178,215.746292,215.463867,0.000000,0.000000,0.000000,132936.000000,76343.000000,31421.000000,2539.000000,939.000000,67.000000,67.000000,44090.000000,32507.000000
0.000000,-20.443985,215.746292,215.463867,0.000000,0.000000,0.000000,132936.000000,76343.000000,31421.000000,2539.000000,939.000000,67.000000,67.000000,44114.000000,32523.000000
0.000000,-20.436035,215.746292,215.463867,0.000000,0.000000,0.000000,132947.000000,76343.000000,31421.000000,2539.000000,939.000000,67.000000,67.000000,44148.000000,32547.000000
0.000000,-20.432510,215.746292,215.463867,0.000000,0.000000,0.000000,133211.000000,76474.000000,31551.000000,2542.000000,943.000000,199.000000,199.000000,44165.000000,32558.000000
0.000000,-20.440325,215.746292,215.463867,0.000000,0.000000,0.000000,133226.000000,76474.000000,31551.000000,2542.000000,943.000000,64.000000,64.000000,44199.000000,32581.000000
0.000000,-20.435625,215.746292,215.463867,0.000000,0.000000,0.000000,133237.000000,76474.000000,31551.000000,2542.000000,943.000000,65.000000,65.000000,44223.000000,32597.000000
0.000000,-20.435625,215.746292,215.463867,0.000000,0.000000,0.000000,133251.000000,76474.000000,31551.000000,2542.000000,943.000000,67.000000,67.000000,44258.000000,32621.000000
0.000000,-20.432211,215.746292,215.463867,0.000000,0.000000,0.000000,133251.000000,76474.000000,31551.000000,2542.000000,943.000000,67.000000,67.000000,44282.000000,32637.000000
0.000000,-20.434397,215.746292,215.463867,0.000000,0.000000,0.000000,133266.000000,76474.000000,31551.000000,2542.000000,943.000000,67.000000,67.000000,44318.000000,32660.000000
0.000000,-20.431309,215.746292,215.463867,0.000000,0.000000,0.000000,133547.000000,76603.000000,31683.000000,2547.000000,946.000000,64.000000,199.000000,44332.000000,32672.000000
0.000000,-20.428223,215.746292,215.463867,0.000000,0.000000,0.000000,133709.000000,76738.000000,31683.000000,2552.000000,946.000000,96.000000,64.000000,44357.000000,32696.000000
0.000000,-20.433439,215.746292,215.463867,0.000000,0.000000,0.000000,133719.000000,76738.000000,31683.000000,2552.000000,946.000000,96.000000,65.000000,44380.000000,32711.000000
0.000000,-20.429533,215.746292,215.463867,0.000000,0.000000,0.000000,133737.000000,76738.000000,31683.000000,2552.000000,946.000000,99.000000,67.000000,44416.000000,32735.000000
0.000000,-20.433413,215.746292,215.463867,0.000000,0.000000,0.000000,133737.000000,76738.000000,31683.000000,2552.000000,946.000000,99.000000,67.000000,44440.000000,32750.000000
0.000000,-20.435133,215.746292,215.463867,0.000000,0.000000,0.000000,133747.000000,76738.000000,31683.000000,2552.000000,946.000000,99.000000,67.000000,44476.000000,32774.000000
0.000000,-20.431856,215.746292,215.463867,0.000000,0.000000,0.000000,134028.000000,76867.000000,31814.000000,2556.000000,950.000000,64.000000,64.000000,44490.000000,32786.000000
0.000000,-20.428549,215.746292,215.463867,0.000000,0.000000,0.000000,134036.000000,76867.000000,31814.000000,2556.000000,950.000000,65.000000,64.000000,44525.000000,32810.000000
0.000000,-20.439314,215.746292,215.463867,0.000000,0.000000,0.000000,134049.000000,76867.000000,31814.000000,2556.000000,950.000000,67.000000,65.000000,44548.000000,32825.000000
0.000000,-20.433140,215.746292,215.463867,0.000000,0.000000,0.000000,134170.000000,76970.000000,31814.000000,2558.000000,950.000000,133.000000,67.000000,44576.000000,32848.000000
0.000000,-20.430407,215.746292,215.463867,0.000000,0.000000,0.000000,134197.000000,76997.000000,31814.000000,2559.000000,950.000000,199.000000,67.000000,44599.000000,32864.000000
0.000000,-20.432428,215.746292,215.463867,0.000000,0.000000,0.000000,134215.000000,76997.000000,31814.000000,2559.000000,950.000000,96.000000,67.000000,44633.000000,32888.000000
0.000000,-20.436501,215.746292,215.463867,0.000000,0.000000,0.000000,134363.000000,76997.000000,31945.000000,2559.000000,956.000000,99.000000,199.000000,44656.000000,32900.000000
0.000000,-20.431417,215.746292,215.463867,0.000000,0.000000,0.000000,134511.000000,77127.000000,31945.000000,2565.000000,956.000000,199.000000,64.000000,44684.000000,32924.000000
0.000000,-20.435762,215.746292,215.463867,0.000000,0.000000,0.000000,134528.000000,77127.000000,31945.000000,2565.000000,956.000000,96.000000,65.000000,44706.000000,32939.000000
0.000000,-20.435736,215.746292,215.463867,0.000000,0.000000,0.000000,134544.000000,77127.000000,31945.000000,2565.000000,956.000000,99.000000,67.000000,44742.000000,32963.000000
0.000000,-20.432293,215.746292,215.463867,0.000000,0.000000,0.000000,134544.000000,77127.000000,31945.000000,2565.000000,956.000000,99.000000,67.000000,44765.000000,32979.000000
0.000000,-20.428823,215.746292,215.463867,0.000000,0.000000,0.000000,134551.000000,77127.000000,31945.000000,2565.000000,956.000000,99.000000,67.000000,44801.000000,33002.000000
0.000000,-20.427294,215.746292,215.463867,0.000000,0.000000,0.000000,134692.000000,77127.000000,32074.000000,2565.000000,960.000000,99.000000,199.000000,44824.000000,33014.000000
0.000000,-20.425762,215.746292,215.463867,0.000000,0.000000,0.000000,134833.000000,77257.000000,32074.000000,2568.000000,960.000000,199.000000,64.000000,44853.000000,33037.000000
0.000000,-20.430681,215.746292,215.463867,0.000000,0.000000,0.000000,134858.000000,77257.000000,32074.000000,2568.000000,960.000000,67.000000,64.000000,44874.000000,33053.000000
0.000000,-20.433468,215.746292,215.463867,0.000000,0.000000,0.000000,134874.000000,77257.000000,32074.000000,2568.000000,960.000000,67.000000,67.000000,44909.000000,33077.000000
0.000000,-20.436255,215.746292,215.463867,0.000000,0.000000,0.000000,134874.000000,77257.000000,32074.000000,2568.000000,960.000000,67.000000,67.000000,44933.000000,33093.000000
0.000000,-20.448221,215.746292,215.463867,0.000000,0.000000,0.000000,134883.000000,77257.000000,32074.000000,2568.000000,960.000000,67.000000,67.000000,44969.000000,33116.000000
0.000000,-20.441309,215.746292,215.463867,0.000000,0.000000,0.000000,135018.000000,77388.000000,32074.000000,2572.000000,960.000000,199.000000,67.000000,44987.000000,33131.000000
0.000000,-20.439970,215.746292,215.463867,0.000000,0.000000,0.000000,135162.000000,77388.000000,32204.000000,2572.000000,963.000000,64.000000,199.000000,45021.000000,33151.000000
0.000000,-20.435352,215.746292,215.463867,0.000000,0.000000,0.000000,135168.000000,77388.000000,32204.000000,2572.000000,963.000000,65.000000,64.000000,45045.000000,33167.000000
0.000000,-20.430708,215.746292,215.463867,0.000000,0.000000,0.000000,135177.000000,77388.000000,32204.000000,2572.000000,963.000000,67.000000,72.000000,45080.000000,33191.000000
0.000000,-20.428686,215.746292,215.463867,0.000000,0.000000,0.000000,135177.000000,77388.000000,32204.000000,2572.000000,963.000000,67.000000,72.000000,45103.000000,33206.000000
0.000000,-20.433222,215.746292,215.463867,0.000000,0.000000,0.000000,135184.000000,77388.000000,32204.000000,2572.000000,963.000000,67.000000,72.000000,45139.000000,33230.000000
0.000000,-20.430489,215.746292,215.463867,0.000000,0.000000,0.000000,135209.000000,77388.000000,32204.000000,2572.000000,963.000000,67.000000,75.000000,45163.000000,33246.000000
0.000000,-20.427731,215.746292,215.463867,0.000000,0.000000,0.000000,135485.000000,77522.000000,32337.000000,2576.000000,967.000000,199.000000,64.000000,45191.000000,33265.000000
0.000000,-20.426500,215.746292,215.463867,0.000000,0.000000,0.000000,135493.000000,77522.000000,32337.000000,2576.000000,967.000000,64.000000,64.000000,45215.000000,33280.000000
0.000000,-20.430872,215.746292,215.463867,0.000000,0.000000,0.000000,135517.000000,77522.000000,32337.000000,2576.000000,967.000000,67.000000,67.000000,45248.000000,33303.000000
0.000000,-20.428795,215.746292,215.463867,0.000000,0.000000,0.000000,135517.000000,77522.000000,32337.000000,2576.000000,967.000000,67.000000,67.000000,45272.000000,33319.000000
0.000000,-20.432293,215.746292,215.463867,0.000000,0.000000,0.000000,135532.000000,77522.000000,32337.000000,2576.000000,967.000000,67.000000,67.000000,45306.000000,33343.000000
0.000000,-20.429806,215.746292,215.463867,0.000000,0.000000,0.000000,135800.000000,77653.000000,32467.000000,2579.000000,971.000000,199.000000,64.000000,45322.000000,33355.000000
0.000000,-20.433905,215.746292,215.463867,0.000000,0.000000,0.000000,135812.000000,77653.000000,32467.000000,2579.000000,971.000000,64.000000,64.000000,45357.000000,33378.000000
0.000000,-20.443167,215.746292,215.463867,0.000000,0.000000,0.000000,135824.000000,77653.000000,32467.000000,2579.000000,971.000000,65.000000,65.000000,45380.000000,33393.000000
0.000000,-20.442101,215.746292,215.463867,0.000000,0.000000,0.000000,135837.000000,77653.000000,32467.000000,2579.000000,971.000000,67.000000,67.000000,45416.000000,33418.000000
0.000000,-20.436882,215.746292,215.463867,0.000000,0.000000,0.000000,135837.000000,77653.000000,32467.000000,2579.000000,971.000000,67.000000,67.000000,45439.000000,33433.000000
0.000000,-20.431664,215.746292,215.463867,0.000000,0.000000,0.000000,135845.000000,77653.000000,32467.000000,2579.000000,971.000000,67.000000,67.000000,45475.000000,33457.000000
0.000000,-20.434942,215.746292,215.463867,0.000000,0.000000,0.000000,135990.000000,77653.000000,32598.000000,2579.000000,975.000000,67.000000,199.000000,45499.000000,33469.000000
0.000000,-20.440817,215.746292,215.463867,0.000000,0.000000,0.000000,136131.000000,77783.000000,32598.000000,2583.000000,975.000000,64.000000,64.000000,45526.000000,33492.000000
0.000000,-20.435953,215.746292,215.463867,0.000000,0.000000,0.000000,136140.000000,77783.000000,32598.000000,2583.000000,975.000000,64.000000,64.000000,45549.000000,33508.000000
0.000000,-20.431091,215.746292,215.463867,0.000000,0.000000,0.000000,136155.000000,77783.000000,32598.000000,2583.000000,975.000000,65.000000,67.000000,45582.000000,33532.000000
0.000000,-20.428932,215.746292,215.463867,0.000000,0.000000,0.000000,136155.000000,77783.000000,32598.000000,2583.000000,975.000000,65.000000,67.000000,45606.000000,33548.000000
0.000000,-20.426773,215.746292,215.463867,0.000000,0.000000,0.000000,136169.000000,77783.000000,32598.000000,2583.000000,975.000000,67.000000,67.000000,45642.000000,33570.000000
0.000000,-20.425817,215.746292,215.463867,0.000000,0.000000,0.000000,136315.000000,77913.000000,32598.000000,2587.000000,975.000000,64.000000,67.000000,45659.000000,33586.000000
0.000000,-20.424833,215.746292,215.463867,0.000000,0.000000,0.000000,136458.000000,77913.000000,32730.000000,2587.000000,979.000000,64.000000,64.000000,45694.000000,33605.000000
0.000000,-20.424425,215.746292,215.463867,0.000000,0.000000,0.000000,136474.000000,77913.000000,32730.000000,2587.000000,979.000000,67.000000,64.000000,45717.000000,33621.000000
0.000000,-20.428768,215.746292,215.463867,0.000000,0.000000,0.000000,136483.000000,77913.000000,32730.000000,2587.000000,979.000000,67.000000,65.000000,45753.000000,33645.000000
0.000000,-20.432838,215.746292,215.463867,0.000000,0.000000,0.000000,136483.000000,77913.000000,32730.000000,2587.000000,979.000000,67.000000,65.000000,45777.000000,33661.000000
0.000000,-20.429178,215.746292,215.463867,0.000000,0.000000,0.000000,136494.000000,77913.000000,32730.000000,2587.000000,979.000000,67.000000,67.000000,45812.000000,33684.000000
0.000000,-20.427567,215.746292,215.463867,0.000000,0.000000,0.000000,136650.000000,78044.000000,32730.000000,2591.000000,979.000000,65.000000,67.000000,45826.000000,33700.000000
0.000000,-20.430681,215.746292,215.463867,0.000000,0.000000,0.000000,136788.000000,78044.000000,32862.000000,2591.000000,982.000000,67.000000,199.000000,45860.000000,33719.000000
0.000000,-20.435244,215.746292,215.463867,0.000000,0.000000,0.000000,136894.000000,78131.000000,32862.000000,2594.000000,982.000000,133.000000,64.000000,45880.000000,33735.000000
0.000000,-20.430653,215.746292,215.463867,0.000000,0.000000,0.000000,136955.000000,78174.000000,32862.000000,2597.000000,982.000000,65.000000,65.000000,45913.000000,33758.000000
0.000000,-20.428631,215.746292,215.463867,0.000000,0.000000,0.000000,136955.000000,78174.000000,32862.000000,2597.000000,982.000000,65.000000,65.000000,45937.000000,33774.000000
0.000000,-20.433167,215.746292,215.463867,0.000000,0.000000,0.000000,136976.000000,78174.000000,32862.000000,2597.000000,982.000000,67.000000,75.000000,45973.000000,33798.000000
0.000000,-20.437019,215.746292,215.463867,0.000000,0.000000,0.000000,137122.000000,78305.000000,32862.000000,2600.000000,982.000000,199.000000,75.000000,45989.000000,33814.000000
0.000000,-20.438330,215.746292,215.463867,0.000000,0.000000,0.000000,137264.000000,78305.000000,32994.000000,2600.000000,986.000000,64.000000,199.000000,46024.000000,33833.000000
0.000000,-20.446363,215.746292,215.463867,0.000000,0.000000,0.000000,137333.000000,78347.000000,32994.000000,2602.000000,986.000000,133.000000,64.000000,46042.000000,33848.000000
0.000000,-20.437483,215.746292,215.463867,0.000000,0.000000,0.000000,137454.000000,78438.000000,32994.000000,2606.000000,986.000000,99.000000,65.000000,46069.000000,33872.000000
0.000000,-20.440134,215.746292,215.463867,0.000000,0.000000,0.000000,137454.000000,78438.000000,32994.000000,2606.000000,986.000000,99.000000,65.000000,46093.000000,33888.000000
0.000000,-20.433659,215.746292,215.463867,0.000000,0.000000,0.000000,137464.000000,78438.000000,32994.000000,2606.000000,986.000000,99.000000,67.000000,46128.000000,33912.000000
0.000000,-20.430790,215.746292,215.463867,0.000000,0.000000,0.000000,137629.000000,78571.000000,32994.000000,2610.000000,986.000000,99.000000,67.000000,46141.000000,33928.000000
0.000000,-20.427895,215.746292,215.463867,0.000000,0.000000,0.000000,137903.000000,78700.000000,33125.000000,2614.000000,989.000000,64.000000,199.000000,46170.000000,33946.000000
0.000000,-20.438822,215.746292,215.463867,0.000000,0.000000,0.000000,137916.000000,78700.000000,33125.000000,2614.000000,989.000000,97.000000,64.000000,46194.000000,33962.000000
0.000000,-20.432838,215.746292,215.463867,0.000000,0.000000,0.000000,137983.000000,78739.000000,33125.000000,2615.000000,989.000000,231.000000,64.000000,46223.000000,33985.000000
0.000000,-20.430216,215.746292,215.463867,0.000000,0.000000,0.000000,138170.000000,78895.000000,33125.000000,2621.000000,989.000000,133.000000,64.000000,46233.000000,34001.000000
0.000000,-20.427567,215.746292,215.463867,0.000000,0.000000,0.000000,138248.000000,78963.000000,33125.000000,2625.000000,989.000000,199.000000,67.000000,46263.000000,34024.000000
0.000000,-20.431992,215.746292,215.463867,0.000000,0.000000,0.000000,138282.000000,78963.000000,33125.000000,2625.000000,989.000000,99.000000,67.000000,46284.000000,34040.000000
0.000000,-20.428659,215.746292,215.463867,0.000000,0.000000,0.000000,138421.000000,78963.000000,33256.000000,2625.000000,994.000000,99.000000,199.000000,46320.000000,34060.000000
0.000000,-20.433767,215.746292,215.463867,0.000000,0.000000,0.000000,138568.000000,79096.000000,33256.000000,2629.000000,994.000000,97.000000,64.000000,46332.000000,34076.000000
0.000000,-20.429752,215.746292,215.463867,0.000000,0.000000,0.000000,138724.000000,79225.000000,33256.000000,2634.000000,994.000000,64.000000,64.000000,46357.000000,34099.000000
0.000000,-20.433577,215.746292,215.463867,0.000000,0.000000,0.000000,138725.000000,79225.000000,33256.000000,2634.000000,994.000000,64.000000,64.000000,46381.000000,34114.000000
0.000000,-20.440981,215.746292,215.463867,0.000000,0.000000,0.000000,138742.000000,79225.000000,33256.000000,2634.000000,994.000000,96.000000,67.000000,46416.000000,34138.000000
0.000000,-20.436090,215.746292,215.463867,0.000000,0.000000,0.000000,138759.000000,79225.000000,33256.000000,2634.000000,994.000000,99.000000,67.000000,46439.000000,34154.000000
0.000000,-20.448139,215.746292,215.463867,0.000000,0.000000,0.000000,138906.000000,79225.000000,33386.000000,2634.000000,998.000000,99.000000,199.000000,46473.000000,34174.000000
0.000000,-20.441254,215.746292,215.463867,0.000000,0.000000,0.000000,139052.000000,79360.000000,33386.000000,2637.000000,998.000000,97.000000,64.000000,46485.000000,34190.000000
0.000000,-20.440926,215.746292,215.463867,0.000000,0.000000,0.000000,139070.000000,79360.000000,33386.000000,2637.000000,998.000000,99.000000,64.000000,46524.000000,34213.000000
0.000000,-20.448248,215.746292,215.463867,0.000000,0.000000,0.000000,139070.000000,79360.000000,33386.000000,2637.000000,998.000000,99.000000,64.000000,46548.000000,34229.000000
0.000000,-20.450815,215.746292,215.463867,0.000000,0.000000,0.000000,139085.000000,79360.000000,33386.000000,2637.000000,998.000000,99.000000,67.000000,46583.000000,34252.000000
0.000000,-20.455379,215.746292,215.463867,0.000000,0.000000,0.000000,139257.000000,79493.000000,33386.000000,2641.000000,998.000000,99.000000,67.000000,46596.000000,34268.000000
0.000000,-20.443003,215.746292,215.463867,0.000000,0.000000,0.000000,139701.000000,79756.000000,33517.000000,2648.000000,1002.000000,99.000000,199.000000,46606.000000,34287.000000
0.000000,-20.444122,215.746292,215.463867,0.000000,0.000000,0.000000,139859.000000,79887.000000,33517.000000,2652.000000,1002.000000,96.000000,64.000000,46625.000000,34303.000000
0.000000,-20.436117,215.746292,215.463867,0.000000,0.000000,0.000000,139890.000000,79887.000000,33517.000000,2652.000000,1002.000000,99.000000,65.000000,46659.000000,34327.000000
0.000000,-20.439177,215.746292,215.463867,0.000000,0.000000,0.000000,140031.000000,80019.000000,33517.000000,2655.000000,1002.000000,64.000000,65.000000,46676.000000,34343.000000
0.000000,-20.438658,215.746292,215.463867,0.000000,0.000000,0.000000,140065.000000,80019.000000,33517.000000,2655.000000,1002.000000,99.000000,67.000000,46704.000000,34367.000000
0.000000,-20.434397,215.746292,215.463867,0.000000,0.000000,0.000000,140238.000000,80150.000000,33517.000000,2660.000000,1002.000000,99.000000,67.000000,46716.000000,34382.000000
0.000000,-20.442320,215.746292,215.463867,0.000000,0.000000,0.000000,140681.000000,80416.000000,33648.000000,2668.000000,1005.000000,33.000000,199.000000,46726.000000,34401.000000
0.000000,-20.437046,215.746292,215.463867,0.000000,0.000000,0.000000,140845.000000,80547.000000,33648.000000,2672.000000,1005.000000,96.000000,64.000000,46742.000000,34417.000000
0.000000,-20.436527,215.746292,215.463867,0.000000,0.000000,0.000000,140857.000000,80547.000000,33648.000000,2672.000000,1005.000000,97.000000,64.000000,46780.000000,34441.000000
0.000000,-20.438467,215.746292,215.463867,0.000000,0.000000,0.000000,140857.000000,80547.000000,33648.000000,2672.000000,1005.000000,97.000000,64.000000,46804.000000,34457.000000
0.000000,-20.443958,215.746292,215.463867,0.000000,0.000000,0.000000,140880.000000,80547.000000,33648.000000,2672.000000,1005.000000,99.000000,67.000000,46837.000000,34480.000000
0.000000,-20.450434,215.746292,215.463867,0.000000,0.000000,0.000000,141065.000000,80693.000000,33648.000000,2678.000000,1005.000000,133.000000,67.000000,46845.000000,34496.000000
0.000000,-20.456936,215.746292,215.463867,0.000000,0.000000,0.000000,141370.000000,80943.000000,33648.000000,2685.000000,1005.000000,99.000000,67.000000,46857.000000,34520.000000
0.000000,-20.447620,215.746292,215.463867,0.000000,0.000000,0.000000,141668.000000,81074.000000,33782.000000,2690.000000,1008.000000,99.000000,199.000000,46869.000000,34531.000000
0.000000,-20.438276,215.746292,215.463867,0.000000,0.000000,0.000000,141912.000000,81261.000000,33782.000000,2699.000000,1008.000000,133.000000,64.000000,46890.000000,34554.000000
0.000000,-20.434124,215.746292,215.463867,0.000000,0.000000,0.000000,142098.000000,81418.000000,33782.000000,2706.000000,1008.000000,133.000000,64.000000,46898.000000,34570.000000
0.000000,-20.429970,215.746292,215.463867,0.000000,0.000000,0.000000,142153.000000,81467.000000,33782.000000,2709.000000,1008.000000,135.000000,65.000000,46930.000000,34594.000000
0.000000,-20.440325,215.746292,215.463867,0.000000,0.000000,0.000000,142327.000000,81597.000000,33782.000000,2712.000000,1008.000000,199.000000,67.000000,46943.000000,34610.000000
0.000000,-20.439369,215.746292,215.463867,0.000000,0.000000,0.000000,142523.000000,81727.000000,33782.000000,2716.000000,1008.000000,99.000000,67.000000,46961.000000,34633.000000
0.000000,-20.440516,215.746292,215.463867,0.000000,0.000000,0.000000,142824.000000,81859.000000,33913.000000,2720.000000,1011.000000,99.000000,199.000000,46971.000000,34645.000000
0.000000,-20.433905,215.746292,215.463867,0.000000,0.000000,0.000000,143136.000000,82125.000000,33913.000000,2728.000000,1011.000000,96.000000,64.000000,46983.000000,34668.000000
0.000000,-20.443167,215.746292,215.463867,0.000000,0.000000,0.000000,143304.000000,82259.000000,33913.000000,2734.000000,1011.000000,33.000000,64.000000,46990.000000,34684.000000
0.000000,-20.441116,215.746292,215.463867,0.000000,0.000000,0.000000,143469.000000,82393.000000,33913.000000,2739.000000,1011.000000,96.000000,65.000000,47012.000000,34708.000000
0.000000,-20.436172,215.746292,215.463867,0.000000,0.000000,0.000000,143489.000000,82393.000000,33913.000000,2739.000000,1011.000000,99.000000,67.000000,47032.000000,34724.000000
0.000000,-20.435982,215.746292,215.463867,0.000000,0.000000,0.000000,143663.000000,82525.000000,33913.000000,2742.000000,1011.000000,99.000000,67.000000,47057.000000,34747.000000
0.000000,-20.438084,215.746292,215.463867,0.000000,0.000000,0.000000,143964.000000,82654.000000,34046.000000,2747.000000,1015.000000,99.000000,199.000000,47067.000000,34758.000000
0.000000,-20.444588,215.746292,215.463867,0.000000,0.000000,0.000000,144270.000000,82920.000000,34046.000000,2754.000000,1015.000000,231.000000,64.000000,47083.000000,34782.000000
0.000000,-20.438686,215.746292,215.463867,0.000000,0.000000,0.000000,144293.000000,82920.000000,34046.000000,2754.000000,1015.000000,99.000000,64.000000,47103.000000,34797.000000
0.000000,-20.438385,215.746292,215.463867,0.000000,0.000000,0.000000,144606.000000,83179.000000,34046.000000,2762.000000,1015.000000,96.000000,65.000000,47115.000000,34820.000000
0.000000,-20.434204,215.746292,215.463867,0.000000,0.000000,0.000000,144781.000000,83314.000000,34046.000000,2767.000000,1015.000000,33.000000,67.000000,47123.000000,34836.000000
0.000000,-20.440380,215.746292,215.463867,0.000000,0.000000,0.000000,144977.000000,83451.000000,34046.000000,2774.000000,1015.000000,103.000000,67.000000,47145.000000,34860.000000
0.000000,-20.435625,215.746292,215.463867,0.000000,0.000000,0.000000,145258.000000,83585.000000,34177.000000,2777.000000,1019.000000,16417.000000,199.000000,47159.000000,34872.000000
0.000000,-20.430872,215.746292,215.463867,0.000000,0.000000,0.000000,145381.000000,83687.000000,34177.000000,2781.000000,1019.000000,133.000000,64.000000,47187.000000,34896.000000
0.000000,-20.428795,215.746292,215.463867,0.000000,0.000000,0.000000,145547.000000,83821.000000,34177.000000,2787.000000,1019.000000,133.000000,64.000000,47199.000000,34911.000000
0.000000,-20.432293,215.746292,215.463867,0.000000,0.000000,0.000000,145766.000000,83987.000000,34177.000000,2796.000000,1019.000000,99.000000,65.000000,47218.000000,34934.000000
0.000000,-20.429806,215.746292,215.463867,0.000000,0.000000,0.000000,145941.000000,84119.000000,34177.000000,2801.000000,1019.000000,99.000000,67.000000,47225.000000,34950.000000
0.000000,-20.427294,215.746292,215.411850,0.000000,0.000000,0.000000,146089.000000,84252.000000,34177.000000,2805.000000,1019.000000,32.000000,67.000000,47252.000000,34974.000000
0.000000,-20.426201,215.746292,215.371323,0.000000,0.000000,0.000000,146230.000000,84252.000000,34308.000000,2805.000000,1023.000000,96.000000,199.000000,47276.000000,34986.000000
0.000000,-20.430681,215.746292,215.294815,0.000000,0.000000,0.000000,146255.000000,84252.000000,34308.000000,2805.000000,1023.000000,99.000000,64.000000,47311.000000,35009.000000
0.000000,-20.434259,215.746292,215.244812,0.000000,0.000000,0.000000,146255.000000,84252.000000,34308.000000,2805.000000,1023.000000,99.000000,64.000000,47335.000000,35025.000000
0.000000,-20.430052,215.746292,215.164139,0.000000,0.000000,0.000000,146398.000000,84384.000000,34308.000000,2809.000000,1023.000000,64.000000,64.000000,47362.000000,35049.000000
0.000000,-20.428194,215.746292,215.085266,0.000000,0.000000,0.000000,146433.000000,84384.000000,34308.000000,2809.000000,1023.000000,99.000000,67.000000,47380.000000,35064.000000
0.000000,-20.426310,215.746292,214.974991,0.000000,0.000000,0.000000,146583.000000,84514.000000,34308.000000,2814.000000,1023.000000,96.000000,67.000000,47408.000000,35087.000000
0.000000,-20.431091,215.746292,214.876556,0.000000,0.000000,0.000000,146721.000000,84514.000000,34441.000000,2814.000000,1026.000000,96.000000,199.000000,47432.000000,35099.000000
0.000000,-20.433685,215.746292,214.740051,0.000000,0.000000,0.000000,146751.000000,84514.000000,34441.000000,2814.000000,1026.000000,99.000000,64.000000,47464.000000,35123.000000
0.000000,-20.430817,215.746292,214.651352,0.000000,0.000000,0.000000,146945.000000,84679.000000,34441.000000,2819.000000,1026.000000,231.000000,64.000000,47473.000000,35139.000000
0.000000,-20.427921,215.746292,214.547287,0.000000,0.000000,0.000000,147052.000000,84779.000000,34441.000000,2821.000000,1026.000000,64.000000,65.000000,47503.000000,35162.000000
0.000000,-20.426664,215.746292,214.469452,0.000000,0.000000,0.000000,147223.000000,84910.000000,34441.000000,2825.000000,1026.000000,64.000000,67.000000,47513.000000,35178.000000
0.000000,-20.425381,215.746292,214.404633,0.000000,0.000000,0.000000,147393.000000,85042.000000,34441.000000,2829.000000,1026.000000,231.000000,67.000000,47539.000000,35201.000000
0.000000,-20.424807,215.746292,214.379425,0.000000,0.000000,0.000000,147559.000000,85042.000000,34572.000000,2829.000000,1030.000000,99.000000,199.000000,47558.000000,35212.000000
0.000000,-20.424232,215.746292,214.350739,0.000000,0.000000,0.000000,147863.000000,85304.000000,34572.000000,2838.000000,1030.000000,133.000000,64.000000,47578.000000,35236.000000
0.000000,-20.423986,215.746292,214.360031,0.000000,0.000000,0.000000,147898.000000,85305.000000,34572.000000,2839.000000,1030.000000,99.000000,64.000000,47594.000000,35252.000000
0.000000,-20.423714,215.746292,214.364120,0.000000,0.000000,0.000000,148036.000000,85437.000000,34572.000000,2843.000000,1030.000000,199.000000,64.000000,47624.000000,35275.000000
0.000000,-20.423605,215.746292,214.392975,0.000000,0.000000,0.000000,148050.000000,85437.000000,34572.000000,2843.000000,1030.000000,96.000000,65.000000,47646.000000,35291.000000
0.000000,-20.423494,215.746292,214.405685,0.000000,0.000000,0.000000,148074.000000,85437.000000,34572.000000,2843.000000,1030.000000,99.000000,67.000000,47680.000000,35315.000000
0.000000,-20.423441,215.746292,214.407928,0.000000,0.000000,0.000000,148220.000000,85570.000000,34572.000000,2847.000000,1030.000000,199.000000,67.000000,47695.000000,35330.000000
0.000000,-20.423414,215.746292,214.408920,0.000000,0.000000,0.000000,148548.000000,85702.000000,34707.000000,2850.000000,1033.000000,99.000000,199.000000,47708.000000,35348.000000
0.000000,-20.423414,215.746292,214.391510,0.000000,0.000000,0.000000,148548.000000,85702.000000,34707.000000,2850.000000,1033.000000,99.000000,199.000000,47732.000000,35364.000000
0.000000,-20.428988,215.746292,214.370911,0.000000,0.000000,0.000000,148688.000000,85837.000000,34707.000000,2854.000000,1033.000000,64.000000,64.000000,47760.000000,35388.000000
0.000000,-20.427429,215.746292,214.321579,0.000000,0.000000,0.000000,148863.000000,85971.000000,34707.000000,2857.000000,1033.000000,33.000000,65.000000,47767.000000,35404.000000
0.000000,-20.425873,215.746292,214.234879,0.000000,0.000000,0.000000,149078.000000,86118.000000,34707.000000,2863.000000,1033.000000,133.000000,67.000000,47787.000000,35428.000000
0.000000,-20.425161,215.746292,214.205811,0.000000,0.000000,0.000000,149297.000000,86298.000000,34707.000000,2869.000000,1033.000000,133.000000,67.000000,47792.000000,35443.000000
0.000000,-20.424452,215.746292,214.078384,0.000000,0.000000,0.000000,149658.000000,86496.000000,34840.000000,2876.000000,1036.000000,135.000000,199.000000,47811.000000,35462.000000
0.000000,-20.424150,215.746292,214.008850,0.000000,0.000000,0.000000,149658.000000,86496.000000,34840.000000,2876.000000,1036.000000,135.000000,199.000000,47834.000000,35478.000000
0.000000,-20.423851,215.746292,213.914902,0.000000,0.000000,0.000000,149852.000000,86627.000000,34840.000000,2879.000000,1036.000000,99.000000,64.000000,47856.000000,35502.000000
0.000000,-20.423714,215.746292,213.848038,0.000000,0.000000,0.000000,150023.000000,86758.000000,34840.000000,2884.000000,1036.000000,99.000000,65.000000,47868.000000,35518.000000
0.000000,-20.423550,215.746292,213.743057,0.000000,0.000000,0.000000,150338.000000,87018.000000,34840.000000,2893.000000,1036.000000,96.000000,67.000000,47880.000000,35541.000000
0.000000,-20.423494,215.746292,213.673676,0.000000,0.000000,0.000000,150370.000000,87018.000000,34840.000000,2893.000000,1036.000000,16483.000000,67.000000,47902.000000,35557.000000
0.000000,-20.417839,215.746292,213.567581,0.000000,0.000000,0.000000,150651.000000,87154.000000,34971.000000,2896.000000,1040.000000,97.000000,199.000000,47926.000000,35577.000000
0.000000,-20.419371,215.746292,213.498016,0.000000,0.000000,0.000000,150817.000000,87287.000000,34971.000000,2903.000000,1040.000000,99.000000,199.000000,47937.000000,35592.000000
0.000000,-20.403906,215.746292,213.402374,0.000000,0.000000,0.000000,151045.000000,87463.000000,34971.000000,2909.000000,1040.000000,133.000000,64.000000,47959.000000,35615.000000
0.000000,-20.397104,215.746292,213.343613,0.000000,0.000000,0.000000,151272.000000,87656.000000,34971.000000,2914.000000,1040.000000,133.000000,64.000000,47966.000000,35631.000000
0.000000,-20.378088,215.746292,213.283234,0.000000,0.000000,0.000000,151331.000000,87689.000000,34971.000000,2917.000000,1040.000000,99.000000,67.000000,47997.000000,35655.000000
0.000000,-20.366259,215.746292,213.244461,0.000000,0.000000,0.000000,151479.000000,87820.000000,34971.000000,2921.000000,1040.000000,64.000000,67.000000,48014.000000,35671.000000
0.000000,-20.330795,215.746292,213.175339,0.000000,0.000000,0.000000,151828.000000,87970.000000,35102.000000,2927.000000,1043.000000,133.000000,199.000000,48025.000000,35689.000000
0.000000,-20.307682,215.746292,213.149368,0.000000,0.000000,0.000000,152017.000000,88125.000000,35102.000000,2933.000000,1043.000000,133.000000,199.000000,48034.000000,35705.000000
0.000000,-20.277876,215.746292,213.120346,0.000000,0.000000,0.000000,152294.000000,88349.000000,35102.000000,2943.000000,1043.000000,99.000000,64.000000,48045.000000,35728.000000
0.000000,-20.245064,215.746292,213.101456,0.000000,0.000000,0.000000,152300.000000,88349.000000,35102.000000,2943.000000,1043.000000,16483.000000,64.000000,48068.000000,35744.000000
0.000000,-20.187717,215.746292,213.058670,0.000000,0.000000,0.000000,152449.000000,88478.000000,35102.000000,2946.000000,1043.000000,64.000000,67.000000,48096.000000,35768.000000
0.000000,-20.155533,215.746292,213.033554,0.000000,0.000000,0.000000,152600.000000,88478.000000,35233.000000,2946.000000,1047.000000,97.000000,199.000000,48118.000000,35779.000000
0.000000,-20.093079,215.746292,213.009552,0.000000,0.000000,0.000000,152609.000000,88478.000000,35233.000000,2946.000000,1047.000000,99.000000,64.000000,48154.000000,35803.000000
0.000000,-20.050568,215.746292,213.005310,0.000000,0.000000,0.000000,152609.000000,88478.000000,35233.000000,2946.000000,1047.000000,99.000000,64.000000,48178.000000,35819.000000
0.000000,-19.978714,215.746292,212.985855,0.000000,0.000000,0.000000,152782.000000,88614.000000,35233.000000,2952.000000,1047.000000,99.000000,64.000000,48202.000000,35843.000000
0.000000,-19.924755,215.746292,212.968658,0.000000,0.000000,0.000000,152937.000000,88748.000000,35233.000000,2956.000000,1047.000000,97.000000,67.000000,48217.000000,35858.000000
0.000000,-19.845825,215.746292,212.932953,0.000000,0.000000,0.000000,153113.000000,88884.000000,35233.000000,2963.000000,1047.000000,99.000000,67.000000,48237.000000,35881.000000
0.000000,-19.767769,215.746292,212.921494,0.000000,0.000000,0.000000,153285.000000,89020.000000,35233.000000,2969.000000,1047.000000,99.000000,67.000000,48250.000000,35897.000000
0.000000,-19.664635,215.746292,212.888306,0.000000,0.000000,0.000000,153729.000000,89287.000000,35364.000000,2976.000000,1052.000000,231.000000,64.000000,48262.000000,35916.000000
0.000000,-19.563711,215.746292,212.877304,0.000000,0.000000,0.000000,153898.000000,89419.000000,35364.000000,2980.000000,1052.000000,32.000000,64.000000,48271.000000,35932.000000
0.000000,-19.395224,215.746292,212.872437,0.000000,0.000000,0.000000,153903.000000,89419.000000,35364.000000,2980.000000,1052.000000,16417.000000,64.000000,48308.000000,35956.000000
0.000000,-19.290285,215.746292,212.871582,0.000000,0.000000,0.000000,154075.000000,89549.000000,35364.000000,2986.000000,1052.000000,99.000000,65.000000,48321.000000,35971.000000
0.000000,-19.114202,215.746292,212.871201,0.000000,0.000000,0.000000,154252.000000,89678.000000,35364.000000,2992.000000,1052.000000,107.000000,67.000000,48348.000000,35994.000000
0.000000,-18.995302,215.746292,212.871140,0.000000,0.000000,0.000000,154400.000000,89808.000000,35364.000000,2995.000000,1052.000000,199.000000,67.000000,48363.000000,36010.000000
0.000000,-18.784359,215.746292,212.871109,0.000000,0.000000,0.000000,154558.000000,89808.000000,35494.000000,2995.000000,1056.000000,99.000000,64.000000,48396.000000,36029.000000
0.000000,-18.628439,215.746292,212.871109,0.000000,0.000000,0.000000,154558.000000,89808.000000,35494.000000,2995.000000,1056.000000,99.000000,64.000000,48420.000000,36045.000000
0.000000,-18.407415,215.746292,212.871109,0.000000,0.000000,0.000000,154874.000000,90076.000000,35494.000000,3002.000000,1056.000000,33.000000,64.000000,48431.000000,36068.000000
0.000000,-18.234146,215.746292,212.871109,0.000000,0.000000,0.000000,155038.000000,90209.000000,35494.000000,3005.000000,1056.000000,96.000000,64.000000,48447.000000,36084.000000
0.000000,-17.954218,215.746292,212.871109,0.000000,0.000000,0.000000,155067.000000,90209.000000,35494.000000,3005.000000,1056.000000,99.000000,67.000000,48478.000000,36108.000000
0.000000,-17.766989,215.746292,212.871109,0.000000,0.000000,0.000000,155213.000000,90340.000000,35494.000000,3009.000000,1056.000000,199.000000,67.000000,48493.000000,36123.000000
0.000000,-17.466652,215.746292,212.871109,0.000000,0.000000,0.000000,155377.000000,90340.000000,35625.000000,3009.000000,1059.000000,99.000000,199.000000,48521.000000,36142.000000
0.000000,-17.242977,215.746292,212.871109,0.000000,0.000000,0.000000,155511.000000,90470.000000,35625.000000,3015.000000,1059.000000,199.000000,199.000000,48538.000000,36158.000000
0.000000,-16.911221,215.746292,212.871109,0.000000,0.000000,0.000000,155526.000000,90470.000000,35625.000000,3015.000000,1059.000000,96.000000,64.000000,48571.000000,36182.000000
0.000000,-16.683147,215.746292,212.881638,0.000000,0.000000,0.000000,155542.000000,90470.000000,35625.000000,3015.000000,1059.000000,99.000000,64.000000,48593.000000,36198.000000
0.000000,-16.334644,215.746292,212.873383,0.000000,0.000000,0.000000,155692.000000,90602.000000,35625.000000,3020.000000,1059.000000,199.000000,67.000000,48619.000000,36221.000000
0.000000,-16.083647,215.746292,212.871918,0.000000,0.000000,0.000000,155722.000000,90602.000000,35625.000000,3020.000000,1059.000000,99.000000,67.000000,48640.000000,36237.000000
0.000000,-15.703698,215.746292,212.871277,0.000000,0.000000,0.000000,155997.000000,90734.000000,35756.000000,3025.000000,1063.000000,199.000000,199.000000,48666.000000,36256.000000
0.000000,-15.426092,215.746292,212.871170,0.000000,0.000000,0.000000,155997.000000,90734.000000,35756.000000,3025.000000,1063.000000,199.000000,199.000000,48690.000000,36272.000000
0.000000,-14.996582,215.746292,212.871109,0.000000,0.000000,0.000000,156021.000000,90734.000000,35756.000000,3025.000000,1063.000000,99.000000,64.000000,48721.000000,36296.000000
0.000000,-14.712501,215.746292,212.881638,0.000000,0.000000,0.000000,156167.000000,90863.000000,35756.000000,3031.000000,1063.000000,64.000000,64.000000,48739.000000,36312.000000
0.000000,-14.239934,215.746292,212.907837,0.000000,0.000000,0.000000,156195.000000,90863.000000,35756.000000,3031.000000,1063.000000,99.000000,67.000000,48773.000000,36335.000000
0.000000,-13.911702,215.746292,212.912445,0.000000,0.000000,0.000000,156210.000000,90863.000000,35756.000000,3031.000000,1063.000000,99.000000,67.000000,48797.000000,36351.000000
0.000000,-13.418426,215.746292,212.914490,0.000000,0.000000,0.000000,156487.000000,90998.000000,35890.000000,3035.000000,1067.000000,199.000000,199.000000,48821.000000,36371.000000
0.000000,-13.055497,215.746292,212.914841,0.000000,0.000000,0.000000,156506.000000,90998.000000,35890.000000,3035.000000,1067.000000,99.000000,199.000000,48840.000000,36387.000000
0.000000,-12.519655,215.746292,212.915009,0.000000,0.000000,0.000000,156651.000000,91129.000000,35890.000000,3039.000000,1067.000000,64.000000,64.000000,48869.000000,36409.000000
0.000000,-12.155633,215.746292,212.915024,0.000000,0.000000,0.000000,156674.000000,91129.000000,35890.000000,3039.000000,1067.000000,99.000000,65.000000,48891.000000,36425.000000
0.000000,-11.595777,215.746292,212.915024,0.000000,0.000000,0.000000,156688.000000,91129.000000,35890.000000,3039.000000,1067.000000,99.000000,67.000000,48926.000000,36449.000000
0.000000,-11.258419,215.746292,212.915024,0.000000,0.000000,0.000000,156834.000000,91261.000000,35890.000000,3043.000000,1067.000000,199.000000,67.000000,48941.000000,36465.000000
0.000000,-10.700885,215.746292,212.915024,0.000000,0.000000,0.000000,156985.000000,91261.000000,36023.000000,3043.000000,1072.000000,99.000000,64.000000,48976.000000,36485.000000
0.000000,-10.323804,215.746292,212.915024,0.000000,0.000000,0.000000,156985.000000,91261.000000,36023.000000,3043.000000,1072.000000,99.000000,64.000000,49000.000000,36500.000000
0.000000,-9.748238,215.746292,212.915024,0.000000,0.000000,0.000000,157003.000000,91261.000000,36023.000000,3043.000000,1072.000000,99.000000,64.000000,49032.000000,36524.000000
0.000000,-9.389626,215.746292,212.932617,0.000000,0.000000,0.000000,157150.000000,91397.000000,36023.000000,3046.000000,1072.000000,96.000000,65.000000,49047.000000,36540.000000
0.000000,-8.811846,215.746292,212.953293,0.000000,0.000000,0.000000,157166.000000,91397.000000,36023.000000,3046.000000,1072.000000,99.000000,67.000000,49082.000000,36563.000000
0.000000,-7.783957,215.746292,212.958557,0.000000,0.000000,0.000000,157319.000000,91528.000000,36023.000000,3050.000000,1072.000000,64.000000,67.000000,49133.000000,36602.000000
0.000000,-7.361687,215.746292,212.976410,0.000000,0.000000,0.000000,157319.000000,91528.000000,36023.000000,3050.000000,1072.000000,64.000000,67.000000,49157.000000,36618.000000
0.000000,-6.730742,215.746292,212.997208,0.000000,0.000000,0.000000,157462.000000,91528.000000,36158.000000,3050.000000,1077.000000,64.000000,64.000000,49192.000000,36637.000000
0.000000,-6.314647,215.746292,213.000870,0.000000,0.000000,0.000000,157478.000000,91528.000000,36158.000000,3050.000000,1077.000000,67.000000,64.000000,49216.000000,36653.000000
0.000000,-5.690969,215.746292,213.036942,0.000000,0.000000,0.000000,157632.000000,91658.000000,36158.000000,3054.000000,1077.000000,64.000000,67.000000,49241.000000,36676.000000
0.000000,-5.246350,215.746292,213.071426,0.000000,0.000000,0.000000,157668.000000,91658.000000,36158.000000,3054.000000,1077.000000,99.000000,67.000000,49257.000000,36691.000000
0.000000,-4.558441,215.746292,213.104218,0.000000,0.000000,0.000000,157938.000000,91790.000000,36290.000000,3057.000000,1081.000000,199.000000,199.000000,49286.000000,36711.000000
0.000000,-4.093250,215.746292,213.123779,0.000000,0.000000,0.000000,157938.000000,91790.000000,36290.000000,3057.000000,1081.000000,199.000000,199.000000,49309.000000,36727.000000
0.000000,-3.392446,215.746292,213.149979,0.000000,0.000000,0.000000,157960.000000,91790.000000,36290.000000,3057.000000,1081.000000,99.000000,64.000000,49342.000000,36751.000000
0.000000,-2.920562,215.746292,213.168381,0.000000,0.000000,0.000000,157971.000000,91790.000000,36290.000000,3057.000000,1081.000000,99.000000,65.000000,49366.000000,36767.000000
0.000000,-2.235821,215.746292,213.210938,0.000000,0.000000,0.000000,158143.000000,91927.000000,36290.000000,3063.000000,1081.000000,99.000000,67.000000,49385.000000,36790.000000
0.000000,-1.782980,215.746292,213.246567,0.000000,0.000000,0.000000,158290.000000,92061.000000,36290.000000,3069.000000,1081.000000,231.000000,75.000000,49399.000000,36806.000000
0.000000,-1.050510,215.746292,213.290405,0.000000,0.000000,0.000000,158450.000000,92061.000000,36418.000000,3069.000000,1084.000000,99.000000,64.000000,49432.000000,36825.000000
0.000000,-0.573599,215.746292,213.320877,0.000000,0.000000,0.000000,158641.000000,92221.000000,36418.000000,3077.000000,1084.000000,133.000000,64.000000,49438.000000,36841.000000
0.000000,0.125375,215.746292,213.375351,0.000000,0.000000,0.000000,158941.000000,92460.000000,36418.000000,3086.000000,1084.000000,99.000000,64.000000,49446.000000,36864.000000
0.000000,0.671817,215.746292,213.418259,0.000000,0.000000,0.000000,159113.000000,92595.000000,36418.000000,3089.000000,1084.000000,99.000000,64.000000,49458.000000,36880.000000
0.000000,1.494964,215.746292,213.499756,0.000000,0.000000,0.000000,159263.000000,92729.000000,36418.000000,3092.000000,1084.000000,16416.000000,67.000000,49483.000000,36904.000000
0.000000,2.056187,215.746292,213.547409,0.000000,0.000000,0.000000,159296.000000,92729.000000,36418.000000,3092.000000,1084.000000,16483.000000,67.000000,49502.000000,36920.000000
0.000000,2.833081,215.746292,213.620468,0.000000,0.000000,0.000000,159615.000000,92989.000000,36418.000000,3102.000000,1084.000000,99.000000,67.000000,49510.000000,36943.000000
0.000000,3.354880,215.746292,213.675247,0.000000,0.000000,0.000000,159780.000000,93118.000000,36418.000000,3108.000000,1084.000000,99.000000,67.000000,49523.000000,36958.000000
0.000000,3.558665,215.746292,213.779556,0.000000,0.000000,0.000000,160207.000000,93364.000000,36550.000000,3119.000000,1087.000000,133.000000,199.000000,49534.000000,36978.000000
0.000000,1.900213,215.746292,213.862595,0.000000,0.000000,0.000000,160230.000000,93383.000000,36550.000000,3121.000000,1087.000000,135.000000,64.000000,49557.000000,36994.000000
0.000000,2.148204,215.746292,213.981735,0.000000,0.000000,0.000000,160405.000000,93516.000000,36550.000000,3125.000000,1087.000000,231.000000,64.000000,49576.000000,37018.000000
0.000000,2.443650,215.746292,214.076019,0.000000,0.000000,0.000000,160576.000000,93647.000000,36550.000000,3128.000000,1087.000000,231.000000,67.000000,49590.000000,37034.000000
0.000000,3.001212,215.746292,214.228241,0.000000,0.000000,0.000000,160792.000000,93787.000000,36550.000000,3132.000000,1087.000000,231.000000,67.000000,49602.000000,37057.000000
0.000000,3.385616,215.746292,214.333511,0.000000,0.000000,0.000000,161031.000000,93993.000000,36550.000000,3138.000000,1087.000000,133.000000,67.000000,49607.000000,37073.000000
0.000000,4.070301,215.746292,214.455414,0.000000,0.000000,0.000000,161209.000000,94036.000000,36680.000000,3141.000000,1091.000000,135.000000,199.000000,49640.000000,37091.000000
0.000000,4.515302,215.746292,214.482086,0.000000,0.000000,0.000000,161377.000000,94166.000000,36680.000000,3146.000000,1091.000000,199.000000,64.000000,49656.000000,37107.000000
0.000000,5.187310,215.746292,214.557114,0.000000,0.000000,0.000000,161580.000000,94295.000000,36680.000000,3150.000000,1091.000000,99.000000,64.000000,49672.000000,37129.000000
0.000000,5.583051,215.746292,214.620636,0.000000,0.000000,0.000000,161753.000000,94429.000000,36680.000000,3155.000000,1091.000000,103.000000,65.000000,49678.000000,37145.000000
0.000000,8.586395,215.746292,214.735413,0.000000,0.000000,0.000000,162068.000000,94697.000000,36680.000000,3163.000000,1091.000000,99.000000,67.000000,49688.000000,37169.000000
0.000000,8.784497,215.746292,214.779755,0.000000,0.000000,0.000000,162234.000000,94831.000000,36680.000000,3167.000000,1091.000000,99.000000,67.000000,49700.000000,37185.000000
0.000000,9.201385,215.746292,214.861877,0.000000,0.000000,0.000000,162524.000000,95060.000000,36680.000000,3174.000000,1091.000000,133.000000,67.000000,49719.000000,37209.000000
0.000000,9.544862,215.746292,214.909668,0.000000,0.000000,0.000000,162690.000000,95092.000000,36814.000000,3175.000000,1095.000000,135.000000,199.000000,49740.000000,37220.000000
0.000000,10.097041,215.746292,214.948303,0.000000,0.000000,0.000000,162828.000000,95186.000000,36814.000000,3178.000000,1095.000000,133.000000,64.000000,49768.000000,37243.000000
0.000000,10.442485,215.746292,214.968903,0.000000,0.000000,0.000000,163037.000000,95360.000000,36814.000000,3185.000000,1095.000000,231.000000,65.000000,49773.000000,37259.000000
0.000000,11.012123,215.746292,215.006088,0.000000,0.000000,0.000000,163240.000000,95496.000000,36814.000000,3189.000000,1095.000000,99.000000,67.000000,49793.000000,37283.000000
0.000000,11.391690,215.746292,215.017822,0.000000,0.000000,0.000000,163416.000000,95636.000000,36814.000000,3195.000000,1095.000000,133.000000,67.000000,49803.000000,37299.000000
0.000000,12.001872,215.746292,215.023010,0.000000,0.000000,0.000000,163542.000000,95756.000000,36814.000000,3201.000000,1095.000000,135.000000,67.000000,49833.000000,37322.000000
0.000000,12.365511,215.746292,215.023926,0.000000,0.000000,0.000000,163849.000000,95889.000000,36946.000000,3204.000000,1099.000000,231.000000,199.000000,49841.000000,37334.000000
0.000000,12.933619,215.746292,215.024323,0.000000,0.000000,0.000000,164077.000000,96052.000000,36946.000000,3208.000000,1099.000000,231.000000,64.000000,49856.000000,37358.000000
0.000000,13.277997,215.746292,215.024384,0.000000,0.000000,0.000000,164313.000000,96251.000000,36946.000000,3213.000000,1099.000000,133.000000,65.000000,49862.000000,37373.000000
0.000000,13.866405,215.746292,215.024414,0.000000,0.000000,0.000000,164521.000000,96416.000000,36946.000000,3218.000000,1099.000000,16448.000000,67.000000,49882.000000,37396.000000
0.000000,14.324355,215.746292,215.024414,0.000000,0.000000,0.000000,164521.000000,96416.000000,36946.000000,3218.000000,1099.000000,16448.000000,67.000000,49906.000000,37412.000000
0.000000,14.943990,215.746292,215.024414,0.000000,0.000000,0.000000,164727.000000,96552.000000,36946.000000,3222.000000,1099.000000,99.000000,67.000000,49924.000000,37436.000000
0.000000,15.349785,215.746292,215.024414,0.000000,0.000000,0.000000,165048.000000,96709.000000,37080.000000,3227.000000,1103.000000,231.000000,199.000000,49933.000000,37448.000000
0.000000,15.973681,215.746292,215.024414,0.000000,0.000000,0.000000,165342.000000,96953.000000,37080.000000,3236.000000,1103.000000,99.000000,64.000000,49944.000000,37472.000000
0.000000,16.414419,215.746292,215.052536,0.000000,0.000000,0.000000,165493.000000,97082.000000,37080.000000,3243.000000,1103.000000,135.000000,65.000000,49961.000000,37487.000000
0.000000,17.065720,215.746292,215.064957,0.000000,0.000000,0.000000,165529.000000,97082.000000,37080.000000,3243.000000,1103.000000,99.000000,67.000000,49994.000000,37510.000000
0.000000,17.432146,215.746292,215.067139,0.000000,0.000000,0.000000,165701.000000,97215.000000,37080.000000,3247.000000,1103.000000,99.000000,67.000000,50000.000000,37526.000000
0.000000,18.412632,215.746292,215.068115,0.000000,0.000000,0.000000,166013.000000,97480.000000,37080.000000,3254.000000,1103.000000,32.000000,67.000000,50014.000000,37550.000000
0.000000,18.485798,215.746292,215.068268,0.000000,0.000000,0.000000,166318.000000,97611.000000,37210.000000,3260.000000,1107.000000,99.000000,64.000000,50020.000000,37560.000000
0.000000,19.626467,215.746292,215.085938,0.000000,0.000000,0.000000,166468.000000,97741.000000,37210.000000,3264.000000,1107.000000,16448.000000,64.000000,50046.000000,37583.000000
0.000000,19.799543,215.746292,215.102829,0.000000,0.000000,0.000000,166503.000000,97741.000000,37210.000000,3264.000000,1107.000000,16483.000000,65.000000,50065.000000,37599.000000
0.000000,20.166515,215.746292,215.110260,0.000000,0.000000,0.000000,166824.000000,98013.000000,37210.000000,3275.000000,1107.000000,33.000000,67.000000,50071.000000,37623.000000
0.000000,20.528215,215.746292,215.129166,0.000000,0.000000,0.000000,166995.000000,98147.000000,37210.000000,3281.000000,1107.000000,99.000000,67.000000,50079.000000,37638.000000
0.000000,21.213585,215.746292,215.150421,0.000000,0.000000,0.000000,167270.000000,98373.000000,37210.000000,3288.000000,1107.000000,133.000000,67.000000,50100.000000,37661.000000
0.000000,21.733307,215.746292,215.171738,0.000000,0.000000,0.000000,167445.000000,98412.000000,37341.000000,3291.000000,1110.000000,135.000000,199.000000,50122.000000,37673.000000
0.000000,22.497114,215.746292,215.211639,0.000000,0.000000,0.000000,167621.000000,98545.000000,37341.000000,3294.000000,1110.000000,33.000000,64.000000,50140.000000,37697.000000
0.000000,22.992548,215.746292,215.250031,0.000000,0.000000,0.000000,167800.000000,98676.000000,37341.000000,3298.000000,1110.000000,99.000000,64.000000,50146.000000,37713.000000
0.000000,23.782965,215.746292,215.325577,0.000000,0.000000,0.000000,168119.000000,98936.000000,37341.000000,3308.000000,1110.000000,99.000000,65.000000,50157.000000,37737.000000
0.000000,24.417953,215.746292,215.375412,0.000000,0.000000,0.000000,168290.000000,99071.000000,37341.000000,3314.000000,1110.000000,99.000000,65.000000,50165.000000,37752.000000
0.000000,25.448629,215.746292,215.462357,0.000000,0.000000,0.000000,168300.000000,99071.000000,37341.000000,3314.000000,1110.000000,16483.000000,67.000000,50201.000000,37775.000000
0.000000,26.128944,215.746292,215.509048,0.000000,0.000000,0.000000,168314.000000,99071.000000,37341.000000,3314.000000,1110.000000,16483.000000,67.000000,50223.000000,37791.000000
0.000000,27.093176,215.746292,215.622696,0.000000,0.000000,0.000000,168589.000000,99202.000000,37473.000000,3317.000000,1114.000000,64.000000,199.000000,50251.000000,37810.000000
0.000000,27.805920,215.746292,215.689789,0.000000,0.000000,0.000000,168599.000000,99202.000000,37473.000000,3317.000000,1114.000000,65.000000,64.000000,50275.000000,37826.000000
0.000000,28.888641,215.746292,215.799545,0.000000,0.000000,0.000000,168708.000000,99288.000000,37473.000000,3319.000000,1114.000000,133.000000,65.000000,50304.000000,37849.000000
0.000000,29.613352,215.746292,215.883545,0.000000,0.000000,0.000000,168892.000000,99439.000000,37473.000000,3324.000000,1114.000000,133.000000,65.000000,50314.000000,37865.000000
0.000000,30.651896,215.746292,216.031250,0.000000,0.000000,0.000000,169088.000000,99600.000000,37473.000000,3330.000000,1114.000000,64.000000,67.000000,50332.000000,37889.000000
0.000000,31.443651,215.746292,216.107590,0.000000,0.000000,0.000000,169098.000000,99600.000000,37473.000000,3330.000000,1114.000000,64.000000,67.000000,50356.000000,37904.000000
0.000000,32.702374,215.746292,216.268784,0.000000,0.000000,0.000000,169263.000000,99600.000000,37604.000000,3330.000000,1120.000000,99.000000,199.000000,50387.000000,37921.000000
0.000000,33.512131,215.746292,216.379440,0.000000,0.000000,0.000000,169410.000000,99734.000000,37604.000000,3333.000000,1120.000000,33.000000,64.000000,50399.000000,37937.000000
0.000000,34.817383,215.746292,216.534210,0.000000,0.000000,0.000000,169602.000000,99868.000000,37604.000000,3338.000000,1120.000000,99.000000,64.000000,50425.000000,37961.000000
0.000000,35.728065,215.746292,216.615601,0.000000,0.000000,0.000000,169602.000000,99868.000000,37604.000000,3338.000000,1120.000000,99.000000,64.000000,50449.000000,37977.000000
0.000000,36.999710,215.746292,216.785599,0.000000,0.000000,0.000000,169924.000000,100133.000000,37604.000000,3345.000000,1120.000000,32.000000,67.000000,50459.000000,38001.000000
0.000000,37.885201,215.746292,216.885406,0.000000,0.000000,0.000000,170103.000000,100264.000000,37604.000000,3350.000000,1120.000000,99.000000,67.000000,50467.000000,38015.000000
0.000000,39.252388,215.746292,217.022491,0.000000,0.000000,0.000000,170529.000000,100507.000000,37735.000000,3362.000000,1124.000000,133.000000,199.000000,50482.000000,38035.000000
0.000000,40.177551,215.746292,217.111298,0.000000,0.000000,0.000000,170584.000000,100535.000000,37735.000000,3364.000000,1124.000000,99.000000,64.000000,50497.000000,38051.000000
0.000000,41.647842,215.746292,217.215408,0.000000,0.000000,0.000000,170730.000000,100670.000000,37735.000000,3368.000000,1124.000000,199.000000,64.000000,50524.000000,38075.000000
0.000000,42.604698,215.746292,217.293243,0.000000,0.000000,0.000000,170893.000000,100802.000000,37735.000000,3371.000000,1124.000000,199.000000,64.000000,50535.000000,38091.000000
0.000000,44.147392,215.746292,217.386215,0.000000,0.000000,0.000000,170905.000000,100802.000000,37735.000000,3371.000000,1124.000000,64.000000,67.000000,50571.000000,38114.000000
0.000000,45.158451,215.746292,217.439117,0.000000,0.000000,0.000000,170936.000000,100802.000000,37735.000000,3371.000000,1124.000000,99.000000,67.000000,50591.000000,38130.000000
0.000000,46.590031,215.746292,217.492935,0.000000,0.000000,0.000000,171071.000000,100802.000000,37867.000000,3371.000000,1128.000000,99.000000,199.000000,50625.000000,38150.000000
0.000000,47.498039,215.746292,217.516220,0.000000,0.000000,0.000000,171218.000000,100939.000000,37867.000000,3375.000000,1128.000000,199.000000,64.000000,50640.000000,38166.000000
0.000000,48.536171,215.746292,217.572174,0.000000,0.000000,0.000000,171231.000000,100939.000000,37867.000000,3375.000000,1128.000000,65.000000,65.000000,50677.000000,38188.000000
0.000000,48.919975,215.746292,217.629120,0.000000,0.000000,0.000000,171231.000000,100939.000000,37867.000000,3375.000000,1128.000000,65.000000,65.000000,50701.000000,38204.000000
0.000000,49.228645,215.746292,217.636642,0.000000,0.000000,0.000000,171551.000000,101204.000000,37867.000000,3385.000000,1128.000000,199.000000,67.000000,50709.000000,38228.000000
0.000000,49.323692,215.746292,217.606613,0.000000,0.000000,0.000000,171561.000000,101204.000000,37867.000000,3385.000000,1128.000000,96.000000,67.000000,50733.000000,38244.000000
0.000000,49.394455,215.746292,217.562881,0.000000,0.000000,0.000000,171705.000000,101204.000000,37996.000000,3385.000000,1132.000000,97.000000,64.000000,50768.000000,38262.000000
0.000000,49.444504,215.746292,217.523804,0.000000,0.000000,0.000000,171795.000000,101272.000000,37996.000000,3389.000000,1132.000000,133.000000,64.000000,50787.000000,38277.000000
0.000000,49.526958,215.746292,217.413498,0.000000,0.000000,0.000000,172053.000000,101472.000000,37996.000000,3400.000000,1132.000000,99.000000,65.000000,50799.000000,38301.000000
0.000000,49.563625,215.746292,217.375122,0.000000,0.000000,0.000000,172221.000000,101608.000000,37996.000000,3406.000000,1132.000000,99.000000,65.000000,50808.000000,38316.000000
0.000000,49.567284,215.746292,217.306152,0.000000,0.000000,0.000000,172228.000000,101608.000000,37996.000000,3406.000000,1132.000000,99.000000,67.000000,50842.000000,38340.000000
0.000000,49.543980,215.746292,217.269669,0.000000,0.000000,0.000000,172389.000000,101737.000000,37996.000000,3410.000000,1132.000000,99.000000,67.000000,50857.000000,38356.000000
0.000000,49.519363,215.746292,217.266510,0.000000,0.000000,0.000000,172534.000000,101737.000000,38126.000000,3410.000000,1135.000000,99.000000,64.000000,50893.000000,38375.000000
0.000000,49.515949,215.746292,217.283524,0.000000,0.000000,0.000000,172674.000000,101867.000000,38126.000000,3413.000000,1135.000000,64.000000,64.000000,50909.000000,38391.000000
0.000000,49.553051,215.746292,217.332077,0.000000,0.000000,0.000000,172690.000000,101867.000000,38126.000000,3413.000000,1135.000000,97.000000,64.000000,50942.000000,38415.000000
0.000000,49.576874,215.746292,217.335251,0.000000,0.000000,0.000000,172690.000000,101867.000000,38126.000000,3413.000000,1135.000000,97.000000,64.000000,50966.000000,38431.000000
0.000000,49.600834,215.746292,217.349579,0.000000,0.000000,0.000000,172705.000000,101867.000000,38126.000000,3413.000000,1135.000000,99.000000,67.000000,51002.000000,38453.000000
0.000000,49.611408,215.746292,217.352097,0.000000,0.000000,0.000000,172880.000000,101998.000000,38126.000000,3419.000000,1135.000000,99.000000,67.000000,51013.000000,38469.000000
0.000000,49.622009,215.746292,217.209778,0.000000,0.000000,0.000000,173169.000000,102131.000000,38257.000000,3422.000000,1139.000000,32.000000,199.000000,51042.000000,38489.000000
0.000000,49.626709,215.746292,217.150589,0.000000,0.000000,0.000000,173184.000000,102131.000000,38257.000000,3422.000000,1139.000000,99.000000,64.000000,51064.000000,38505.000000
0.000000,49.625832,215.746292,217.137421,0.000000,0.000000,0.000000,173193.000000,102131.000000,38257.000000,3422.000000,1139.000000,99.000000,65.000000,51100.000000,38529.000000
0.000000,49.629467,215.746292,217.135101,0.000000,0.000000,0.000000,173193.000000,102131.000000,38257.000000,3422.000000,1139.000000,99.000000,65.000000,51123.000000,38544.000000
0.000000,49.616161,215.746292,217.134079,0.000000,0.000000,0.000000,173205.000000,102131.000000,38257.000000,3422.000000,1139.000000,99.000000,67.000000,51159.000000,38568.000000
0.000000,49.610287,215.746292,217.162018,0.000000,0.000000,0.000000,173218.000000,102131.000000,38257.000000,3422.000000,1139.000000,99.000000,67.000000,51182.000000,38583.000000
0.000000,49.604359,215.746292,217.174332,0.000000,0.000000,0.000000,173509.000000,102264.000000,38388.000000,3427.000000,1143.000000,99.000000,199.000000,51204.000000,38602.000000
0.000000,49.549007,215.746292,217.158936,0.000000,0.000000,0.000000,173516.000000,102264.000000,38388.000000,3427.000000,1143.000000,99.000000,64.000000,51228.000000,38618.000000
0.000000,49.336040,215.746292,217.208130,0.000000,0.000000,0.000000,173659.000000,102394.000000,38388.000000,3430.000000,1143.000000,64.000000,64.000000,51255.000000,38641.000000
0.000000,49.162991,215.746292,217.216812,0.000000,0.000000,0.000000,173659.000000,102394.000000,38388.000000,3430.000000,1143.000000,64.000000,64.000000,51279.000000,38657.000000
0.000000,48.866344,215.746292,217.238205,0.000000,0.000000,0.000000,173664.000000,102394.000000,38388.000000,3430.000000,1143.000000,64.000000,65.000000,51314.000000,38681.000000
0.000000,48.639744,215.746292,217.255768,0.000000,0.000000,0.000000,173672.000000,102394.000000,38388.000000,3430.000000,1143.000000,64.000000,67.000000,51338.000000,38697.000000
0.000000,48.214386,215.746292,217.229050,0.000000,0.000000,0.000000,173686.000000,102394.000000,38388.000000,3430.000000,1143.000000,65.000000,67.000000,51373.000000,38720.000000
0.000000,47.875065,215.746292,217.224335,0.000000,0.000000,0.000000,173826.000000,102394.000000,38519.000000,3430.000000,1146.000000,67.000000,199.000000,51397.000000,38731.000000
0.000000,47.296436,215.746292,217.142105,0.000000,0.000000,0.000000,173832.000000,102394.000000,38519.000000,3430.000000,1146.000000,67.000000,64.000000,51433.000000,38755.000000
0.000000,46.864742,215.746292,217.119202,0.000000,0.000000,0.000000,173832.000000,102394.000000,38519.000000,3430.000000,1146.000000,67.000000,64.000000,51457.000000,38771.000000
0.000000,46.140060,215.746292,217.068054,0.000000,0.000000,0.000000,173843.000000,102394.000000,38519.000000,3430.000000,1146.000000,67.000000,64.000000,51492.000000,38795.000000
0.000000,45.594875,215.746292,217.025757,0.000000,0.000000,0.000000,173852.000000,102394.000000,38519.000000,3430.000000,1146.000000,67.000000,65.000000,51515.000000,38811.000000
0.000000,44.704464,215.746292,217.000763,0.000000,0.000000,0.000000,174000.000000,102524.000000,38519.000000,3433.000000,1146.000000,64.000000,67.000000,51544.000000,38834.000000
0.000000,44.069885,215.746292,217.001526,0.000000,0.000000,0.000000,174138.000000,102524.000000,38650.000000,3433.000000,1151.000000,64.000000,199.000000,51568.000000,38845.000000
0.000000,43.085026,215.746292,217.001862,0.000000,0.000000,0.000000,174156.000000,102524.000000,38650.000000,3433.000000,1151.000000,67.000000,64.000000,51601.000000,38868.000000
0.000000,42.417633,215.746292,217.001923,0.000000,0.000000,0.000000,174156.000000,102524.000000,38650.000000,3433.000000,1151.000000,67.000000,64.000000,51625.000000,38884.000000
0.000000,41.343956,215.746292,216.939377,0.000000,0.000000,0.000000,174164.000000,102524.000000,38650.000000,3433.000000,1151.000000,67.000000,64.000000,51661.000000,38907.000000
0.000000,40.579956,215.746292,216.905594,0.000000,0.000000,0.000000,174178.000000,102524.000000,38650.000000,3433.000000,1151.000000,67.000000,75.000000,51685.000000,38923.000000
0.000000,39.383636,215.746292,216.860199,0.000000,0.000000,0.000000,174189.000000,102524.000000,38650.000000,3433.000000,1151.000000,67.000000,75.000000,51721.000000,38947.000000
0.000000,38.602673,215.746292,216.838425,0.000000,0.000000,0.000000,174458.000000,102655.000000,38781.000000,3436.000000,1155.000000,199.000000,199.000000,51738.000000,38959.000000
0.000000,37.436432,215.746292,216.794373,0.000000,0.000000,0.000000,174516.000000,102679.000000,38781.000000,3437.000000,1155.000000,231.000000,64.000000,51764.000000,38983.000000
0.000000,36.679344,215.746292,216.786606,0.000000,0.000000,0.000000,174714.000000,102843.000000,38781.000000,3442.000000,1155.000000,133.000000,64.000000,51774.000000,38998.000000
0.000000,35.337704,215.746292,216.765594,0.000000,0.000000,0.000000,174981.000000,103054.000000,38781.000000,3451.000000,1155.000000,99.000000,64.000000,51784.000000,39021.000000
0.000000,34.369675,215.746292,216.748108,0.000000,0.000000,0.000000,175130.000000,103187.000000,38781.000000,3455.000000,1155.000000,199.000000,67.000000,51800.000000,39037.000000
0.000000,32.874630,215.746292,216.740402,0.000000,0.000000,0.000000,175142.000000,103187.000000,38781.000000,3455.000000,1155.000000,64.000000,67.000000,51835.000000,39061.000000
0.000000,31.850183,215.746292,216.739044,0.000000,0.000000,0.000000,175303.000000,103187.000000,38913.000000,3455.000000,1159.000000,99.000000,199.000000,51858.000000,39072.000000
0.000000,31.042801,215.746292,216.720871,0.000000,0.000000,0.000000,175620.000000,103446.000000,38913.000000,3467.000000,1159.000000,99.000000,64.000000,51864.000000,39095.000000
0.000000,29.954451,215.746292,216.703888,0.000000,0.000000,0.000000,175790.000000,103583.000000,38913.000000,3475.000000,1159.000000,99.000000,64.000000,51871.000000,39111.000000
0.000000,27.999634,215.746292,216.668274,0.000000,0.000000,0.000000,176111.000000,103851.000000,38913.000000,3484.000000,1159.000000,33.000000,65.000000,51876.000000,39135.000000
0.000000,27.614647,215.746292,216.611130,0.000000,0.000000,0.000000,176119.000000,103851.000000,38913.000000,3484.000000,1159.000000,16417.000000,67.000000,51902.000000,39150.000000
0.000000,26.704729,215.746292,216.510422,0.000000,0.000000,0.000000,176296.000000,103984.000000,38913.000000,3490.000000,1159.000000,99.000000,67.000000,51926.000000,39174.000000
0.000000,26.100666,215.746292,216.505081,0.000000,0.000000,0.000000,176600.000000,104116.000000,39044.000000,3493.000000,1162.000000,99.000000,199.000000,51934.000000,39185.000000
0.000000,24.764273,215.746292,216.498077,0.000000,0.000000,0.000000,176911.000000,104382.000000,39044.000000,3502.000000,1162.000000,231.000000,64.000000,51948.000000,39209.000000
0.000000,23.910635,215.746292,216.454941,0.000000,0.000000,0.000000,177082.000000,104512.000000,39044.000000,3505.000000,1162.000000,16480.000000,64.000000,51956.000000,39225.000000
0.000000,22.542137,215.746292,216.373352,0.000000,0.000000,0.000000,177088.000000,104512.000000,39044.000000,3505.000000,1162.000000,16480.000000,64.000000,51995.000000,39249.000000
0.000000,21.726395,215.746292,216.353790,0.000000,0.000000,0.000000,177258.000000,104649.000000,39044.000000,3510.000000,1162.000000,231.000000,67.000000,52009.000000,39264.000000
0.000000,20.530592,215.746292,216.293137,0.000000,0.000000,0.000000,177455.000000,104785.000000,39044.000000,3516.000000,1162.000000,99.000000,67.000000,52030.000000,39287.000000
0.000000,19.791512,215.746292,216.268646,0.000000,0.000000,0.000000,177628.000000,104920.000000,39044.000000,3520.000000,1162.000000,99.000000,67.000000,52038.000000,39303.000000
0.000000,18.682535,215.746292,216.229752,0.000000,0.000000,0.000000,178061.000000,105183.000000,39176.000000,3527.000000,1169.000000,135.000000,199.000000,52050.000000,39323.000000
0.000000,17.960257,215.746292,216.217728,0.000000,0.000000,0.000000,178061.000000,105183.000000,39176.000000,3527.000000,1169.000000,135.000000,199.000000,52073.000000,39339.000000
0.000000,17.040913,215.746292,216.212418,0.000000,0.000000,0.000000,178299.000000,105353.000000,39176.000000,3534.000000,1169.000000,133.000000,64.000000,52085.000000,39362.000000
0.000000,16.545450,215.746292,216.211472,0.000000,0.000000,0.000000,178523.000000,105539.000000,39176.000000,3542.000000,1169.000000,133.000000,64.000000,52089.000000,39378.000000
0.000000,15.729380,215.746292,216.176605,0.000000,0.000000,0.000000,178759.000000,105706.000000,39176.000000,3549.000000,1169.000000,99.000000,67.000000,52100.000000,39402.000000
0.000000,15.272248,215.746292,216.170456,0.000000,0.000000,0.000000,178902.000000,105835.000000,39176.000000,3556.000000,1169.000000,135.000000,67.000000,52116.000000,39417.000000
0.000000,14.692147,215.746292,216.167755,0.000000,0.000000,0.000000,178936.000000,105835.000000,39176.000000,3556.000000,1169.000000,99.000000,67.000000,52149.000000,39441.000000
0.000000,14.401864,215.746292,216.167282,0.000000,0.000000,0.000000,179103.000000,105971.000000,39176.000000,3561.000000,1169.000000,99.000000,67.000000,52160.000000,39456.000000
0.000000,14.062486,215.746292,216.201508,0.000000,0.000000,0.000000,179553.000000,106239.000000,39308.000000,3570.000000,1173.000000,99.000000,199.000000,52167.000000,39476.000000
0.000000,13.881349,215.746292,216.207550,0.000000,0.000000,0.000000,179724.000000,106372.000000,39308.000000,3573.000000,1173.000000,99.000000,64.000000,52178.000000,39492.000000
0.000000,13.682426,215.746292,216.210236,0.000000,0.000000,0.000000,179873.000000,106501.000000,39308.000000,3576.000000,1173.000000,135.000000,64.000000,52204.000000,39516.000000
0.000000,13.594590,215.746292,216.210693,0.000000,0.000000,0.000000,179910.000000,106501.000000,39308.000000,3576.000000,1173.000000,99.000000,67.000000,52225.000000,39532.000000
0.000000,13.531096,215.746292,216.210892,0.000000,0.000000,0.000000,180226.000000,106761.000000,39308.000000,3584.000000,1173.000000,96.000000,67.000000,52231.000000,39555.000000
0.000000,13.531096,215.746292,216.210938,0.000000,0.000000,0.000000,180401.000000,106897.000000,39308.000000,3591.000000,1173.000000,99.000000,67.000000,52236.000000,39570.000000
0.000000,5.448660,215.746292,216.245407,0.000000,0.000000,0.000000,180699.000000,107146.000000,39308.000000,3601.000000,1173.000000,133.000000,67.000000,52251.000000,39594.000000
0.000000,5.479642,215.746292,216.251480,0.000000,0.000000,0.000000,180848.000000,107162.000000,39440.000000,3602.000000,1178.000000,135.000000,199.000000,52274.000000,39605.000000
0.000000,5.576849,215.746292,216.271744,0.000000,0.000000,0.000000,181022.000000,107296.000000,39440.000000,3605.000000,1178.000000,231.000000,64.000000,52295.000000,39628.000000
0.000000,5.675423,215.746292,216.289093,0.000000,0.000000,0.000000,181196.000000,107428.000000,39440.000000,3608.000000,1178.000000,32.000000,65.000000,52306.000000,39644.000000
0.000000,7.745267,215.746292,216.296738,0.000000,0.000000,0.000000,181519.000000,107695.000000,39440.000000,3618.000000,1178.000000,231.000000,67.000000,52312.000000,39668.000000
0.000000,7.794038,215.746292,216.298096,0.000000,0.000000,0.000000,181688.000000,107826.000000,39440.000000,3621.000000,1178.000000,32.000000,67.000000,52323.000000,39683.000000
0.000000,7.967225,215.746292,216.298676,0.000000,0.000000,0.000000,181697.000000,107826.000000,39440.000000,3621.000000,1178.000000,16416.000000,67.000000,52360.000000,39707.000000
0.000000,8.112953,215.746292,216.298782,0.000000,0.000000,0.000000,181998.000000,107962.000000,39569.000000,3625.000000,1183.000000,231.000000,64.000000,52374.000000,39717.000000
0.000000,8.327175,215.746292,216.298828,0.000000,0.000000,0.000000,182281.000000,108191.000000,39569.000000,3633.000000,1183.000000,133.000000,64.000000,52386.000000,39741.000000
0.000000,8.513749,215.746292,216.298828,0.000000,0.000000,0.000000,182467.000000,108341.000000,39569.000000,3639.000000,1183.000000,133.000000,64.000000,52399.000000,39757.000000
0.000000,8.834987,215.746292,216.326950,0.000000,0.000000,0.000000,182661.000000,108498.000000,39569.000000,3643.000000,1183.000000,16416.000000,67.000000,52421.000000,39781.000000
0.000000,9.083332,215.746292,216.337097,0.000000,0.000000,0.000000,182661.000000,108498.000000,39569.000000,3643.000000,1183.000000,16416.000000,67.000000,52444.000000,39797.000000
0.000000,9.444076,215.746292,216.341553,0.000000,0.000000,0.000000,182871.000000,108637.000000,39569.000000,3649.000000,1183.000000,133.000000,67.000000,52463.000000,39820.000000
0.000000,9.701710,215.746292,216.342346,0.000000,0.000000,0.000000,183064.000000,108796.000000,39569.000000,3656.000000,1183.000000,133.000000,67.000000,52475.000000,39835.000000
0.000000,10.098790,215.746292,216.342697,0.000000,0.000000,0.000000,183487.000000,109026.000000,39700.000000,3666.000000,1187.000000,99.000000,64.000000,52484.000000,39855.000000
0.000000,10.405438,215.746292,216.342758,0.000000,0.000000,0.000000,183634.000000,109161.000000,39700.000000,3670.000000,1187.000000,16416.000000,64.000000,52502.000000,39871.000000
0.000000,10.878525,215.746292,216.342773,0.000000,0.000000,0.000000,183669.000000,109161.000000,39700.000000,3670.000000,1187.000000,16483.000000,65.000000,52533.000000,39894.000000
0.000000,11.170528,215.746292,216.342773,0.000000,0.000000,0.000000,183881.000000,109343.000000,39700.000000,3676.000000,1187.000000,133.000000,65.000000,52539.000000,39910.000000
0.000000,11.616758,215.746292,216.342773,0.000000,0.000000,0.000000,184166.000000,109565.000000,39700.000000,3685.000000,1187.000000,99.000000,67.000000,52545.000000,39934.000000
0.000000,11.871661,215.746292,216.342773,0.000000,0.000000,0.000000,184380.000000,109738.000000,39700.000000,3689.000000,1187.000000,231.000000,67.000000,52551.000000,39950.000000
0.000000,15.529883,215.746292,216.342773,0.000000,0.000000,0.000000,184627.000000,109830.000000,39834.000000,3691.000000,1190.000000,16483.000000,199.000000,52573.000000,39969.000000
0.000000,15.597557,215.746292,216.370895,0.000000,0.000000,0.000000,184775.000000,109967.000000,39834.000000,3696.000000,1190.000000,231.000000,64.000000,52586.000000,39984.000000
0.000000,15.801233,215.746292,216.383316,0.000000,0.000000,0.000000,184976.000000,110106.000000,39834.000000,3702.000000,1190.000000,231.000000,65.000000,52604.000000,40008.000000
0.000000,17.111588,215.746292,216.413635,0.000000,0.000000,0.000000,185142.000000,110242.000000,39834.000000,3707.000000,1190.000000,231.000000,65.000000,52614.000000,40024.000000
0.000000,17.221338,215.746292,216.427002,0.000000,0.000000,0.000000,185460.000000,110511.000000,39834.000000,3717.000000,1190.000000,99.000000,67.000000,52626.000000,40048.000000
0.000000,17.462143,215.746292,216.429352,0.000000,0.000000,0.000000,185473.000000,110511.000000,39834.000000,3717.000000,1190.000000,16483.000000,67.000000,52649.000000,40064.000000
0.000000,17.908100,215.746292,216.458527,0.000000,0.000000,0.000000,185778.000000,110646.000000,39967.000000,3720.000000,1193.000000,99.000000,199.000000,52668.000000,40083.000000
0.000000,18.259554,215.746292,216.468826,0.000000,0.000000,0.000000,185947.000000,110781.000000,39967.000000,3724.000000,1193.000000,99.000000,64.000000,52678.000000,40098.000000
0.000000,18.821297,215.746292,216.473389,0.000000,0.000000,0.000000,186260.000000,111048.000000,39967.000000,3731.000000,1193.000000,33.000000,65.000000,52692.000000,40122.000000
0.000000,19.224878,215.746292,216.474167,0.000000,0.000000,0.000000,186429.000000,111179.000000,39967.000000,3735.000000,1193.000000,99.000000,65.000000,52700.000000,40138.000000
0.000000,19.838640,215.746292,216.474533,0.000000,0.000000,0.000000,186745.000000,111440.000000,39967.000000,3743.000000,1193.000000,64.000000,67.000000,52711.000000,40162.000000
0.000000,20.322136,215.746292,216.474594,0.000000,0.000000,0.000000,186753.000000,111440.000000,39967.000000,3743.000000,1193.000000,16448.000000,67.000000,52735.000000,40177.000000
0.000000,21.032146,215.746292,216.474609,0.000000,0.000000,0.000000,186766.000000,111440.000000,39967.000000,3743.000000,1193.000000,16448.000000,67.000000,52770.000000,40201.000000
0.000000,21.494905,215.746292,216.492188,0.000000,0.000000,0.000000,186933.000000,111441.000000,40097.000000,3744.000000,1197.000000,16487.000000,64.000000,52789.000000,40211.000000
0.000000,22.125141,215.746292,216.512863,0.000000,0.000000,0.000000,187244.000000,111708.000000,40097.000000,3752.000000,1197.000000,33.000000,64.000000,52800.000000,40234.000000
0.000000,22.599676,215.746292,216.516510,0.000000,0.000000,0.000000,187410.000000,111843.000000,40097.000000,3756.000000,1197.000000,33.000000,64.000000,52812.000000,40250.000000
0.000000,23.305344,215.746292,216.518112,0.000000,0.000000,0.000000,187734.000000,112107.000000,40097.000000,3763.000000,1197.000000,231.000000,67.000000,52821.000000,40273.000000
0.000000,23.857769,215.746292,216.518402,0.000000,0.000000,0.000000,187741.000000,112107.000000,40097.000000,3763.000000,1197.000000,16416.000000,67.000000,52846.000000,40289.000000
0.000000,24.661819,215.746292,216.518524,0.000000,0.000000,0.000000,187885.000000,112107.000000,40228.000000,3763.000000,1202.000000,16481.000000,199.000000,52879.000000,40307.000000
0.000000,25.191486,215.746292,216.518539,0.000000,0.000000,0.000000,187894.000000,112107.000000,40228.000000,3763.000000,1202.000000,16483.000000,64.000000,52903.000000,40323.000000
0.000000,25.984827,215.746292,216.518539,0.000000,0.000000,0.000000,187906.000000,112107.000000,40228.000000,3763.000000,1202.000000,16483.000000,64.000000,52939.000000,40346.000000
0.000000,26.519794,215.746292,216.518539,0.000000,0.000000,0.000000,187906.000000,112107.000000,40228.000000,3763.000000,1202.000000,16483.000000,64.000000,52963.000000,40361.000000
0.000000,27.302452,215.746292,216.518539,0.000000,0.000000,0.000000,188090.000000,112240.000000,40228.000000,3767.000000,1202.000000,99.000000,67.000000,52989.000000,40385.000000
0.000000,27.874193,215.746292,216.518539,0.000000,0.000000,0.000000,188229.000000,112371.000000,40228.000000,3770.000000,1202.000000,199.000000,67.000000,53007.000000,40401.000000
0.000000,28.771162,215.746292,216.518539,0.000000,0.000000,0.000000,188370.000000,112371.000000,40359.000000,3770.000000,1208.000000,64.000000,199.000000,53041.000000,40420.000000
0.000000,29.336782,215.746292,216.529099,0.000000,0.000000,0.000000,188381.000000,112371.000000,40359.000000,3770.000000,1208.000000,65.000000,64.000000,53064.000000,40435.000000
0.000000,30.097338,215.746292,216.527161,0.000000,0.000000,0.000000,188392.000000,112371.000000,40359.000000,3770.000000,1208.000000,67.000000,64.000000,53100.000000,40459.000000
0.000000,30.525673,215.746292,216.521652,0.000000,0.000000,0.000000,188392.000000,112371.000000,40359.000000,3770.000000,1208.000000,67.000000,64.000000,53124.000000,40475.000000
0.000000,31.044275,215.746292,216.529770,0.000000,0.000000,0.000000,188409.000000,112371.000000,40359.000000,3770.000000,1208.000000,67.000000,67.000000,53159.000000,40499.000000
0.000000,31.299807,215.746292,216.522598,0.000000,0.000000,0.000000,188419.000000,112371.000000,40359.000000,3770.000000,1208.000000,67.000000,67.000000,53183.000000,40514.000000
0.000000,31.562141,215.746292,216.519424,0.000000,0.000000,0.000000,188559.000000,112502.000000,40359.000000,3774.000000,1208.000000,64.000000,67.000000,53210.000000,40537.000000
0.000000,31.661779,215.746292,216.518875,0.000000,0.000000,0.000000,188701.000000,112502.000000,40494.000000,3774.000000,1212.000000,96.000000,199.000000,53233.000000,40547.000000
0.000000,31.713934,215.746292,216.518631,0.000000,0.000000,0.000000,188714.000000,112502.000000,40494.000000,3774.000000,1212.000000,99.000000,64.000000,53267.000000,40571.000000
0.000000,31.666315,215.746292,216.518585,0.000000,0.000000,0.000000,188714.000000,112502.000000,40494.000000,3774.000000,1212.000000,99.000000,64.000000,53290.000000,40587.000000
0.000000,31.469059,215.746292,216.518570,0.000000,0.000000,0.000000,188723.000000,112502.000000,40494.000000,3774.000000,1212.000000,99.000000,65.000000,53326.000000,40610.000000
0.000000,31.263279,215.746292,216.518570,0.000000,0.000000,0.000000,188737.000000,112502.000000,40494.000000,3774.000000,1212.000000,99.000000,67.000000,53350.000000,40626.000000
0.000000,30.852102,215.746292,216.518570,0.000000,0.000000,0.000000,188891.000000,112639.000000,40494.000000,3778.000000,1212.000000,65.000000,67.000000,53378.000000,40650.000000
0.000000,30.525837,215.746292,216.518570,0.000000,0.000000,0.000000,189153.000000,112749.000000,40626.000000,3780.000000,1215.000000,133.000000,199.000000,53392.000000,40661.000000
0.000000,29.972509,215.746292,216.518570,0.000000,0.000000,0.000000,189370.000000,112905.000000,40626.000000,3786.000000,1215.000000,99.000000,64.000000,53407.000000,40685.000000
0.000000,29.550541,215.746292,216.490448,0.000000,0.000000,0.000000,189533.000000,113041.000000,40626.000000,3791.000000,1215.000000,99.000000,64.000000,53420.000000,40700.000000
0.000000,28.897192,215.746292,216.478043,0.000000,0.000000,0.000000,189849.000000,113312.000000,40626.000000,3800.000000,1215.000000,97.000000,65.000000,53430.000000,40724.000000
0.000000,28.379736,215.746292,216.475861,0.000000,0.000000,0.000000,189857.000000,113312.000000,40626.000000,3800.000000,1215.000000,97.000000,67.000000,53457.000000,40740.000000
0.000000,27.615330,215.746292,216.474884,0.000000,0.000000,0.000000,190038.000000,113447.000000,40626.000000,3803.000000,1215.000000,99.000000,67.000000,53477.000000,40764.000000
0.000000,27.105551,215.746292,216.492294,0.000000,0.000000,0.000000,190338.000000,113578.000000,40757.000000,3809.000000,1221.000000,99.000000,199.000000,53490.000000,40774.000000
0.000000,26.318468,215.746292,216.478455,0.000000,0.000000,0.000000,190616.000000,113800.000000,40757.000000,3820.000000,1221.000000,133.000000,64.000000,53507.000000,40796.000000
0.000000,25.692986,215.746292,216.447876,0.000000,0.000000,0.000000,190816.000000,113968.000000,40757.000000,3827.000000,1221.000000,135.000000,64.000000,53515.000000,40812.000000
0.000000,24.613789,215.746292,216.382370,0.000000,0.000000,0.000000,190821.000000,113968.000000,40757.000000,3828.000000,1221.000000,16448.000000,64.000000,53551.000000,40836.000000
0.000000,23.937956,215.746292,216.339462,0.000000,0.000000,0.000000,190994.000000,114102.000000,40757.000000,3832.000000,1221.000000,32.000000,65.000000,53560.000000,40852.000000
0.000000,22.899002,215.746292,216.290039,0.000000,0.000000,0.000000,191198.000000,114235.000000,40757.000000,3837.000000,1221.000000,99.000000,67.000000,53582.000000,40876.000000
0.000000,22.206284,215.746292,216.267548,0.000000,0.000000,0.000000,191500.000000,114370.000000,40886.000000,3840.000000,1224.000000,99.000000,64.000000,53594.000000,40887.000000
0.000000,21.086325,215.746292,216.223175,0.000000,0.000000,0.000000,191673.000000,114506.000000,40886.000000,3845.000000,1224.000000,16483.000000,64.000000,53615.000000,40911.000000
0.000000,20.290825,215.746292,216.187225,0.000000,0.000000,0.000000,191673.000000,114506.000000,40886.000000,3845.000000,1224.000000,16483.000000,64.000000,53639.000000,40927.000000
0.000000,19.203323,215.746292,216.153793,0.000000,0.000000,0.000000,191990.000000,114771.000000,40886.000000,3855.000000,1224.000000,99.000000,65.000000,53648.000000,40950.000000
0.000000,18.520031,215.746292,216.134125,0.000000,0.000000,0.000000,192172.000000,114900.000000,40886.000000,3859.000000,1224.000000,99.000000,67.000000,53654.000000,40966.000000
0.000000,17.520201,215.746292,216.091003,0.000000,0.000000,0.000000,192494.000000,115165.000000,40886.000000,3869.000000,1224.000000,99.000000,67.000000,53661.000000,40989.000000
0.000000,16.835297,215.746292,216.055267,0.000000,0.000000,0.000000,192780.000000,115294.000000,41019.000000,3875.000000,1229.000000,135.000000,64.000000,53678.000000,40999.000000
0.000000,15.866393,215.746292,216.067642,0.000000,0.000000,0.000000,192812.000000,115294.000000,41019.000000,3875.000000,1229.000000,99.000000,64.000000,53708.000000,41023.000000
0.000000,15.267986,215.746292,216.074997,0.000000,0.000000,0.000000,192977.000000,115428.000000,41019.000000,3879.000000,1229.000000,99.000000,64.000000,53721.000000,41039.000000
0.000000,14.464838,215.746292,216.078232,0.000000,0.000000,0.000000,193290.000000,115697.000000,41019.000000,3887.000000,1229.000000,231.000000,65.000000,53734.000000,41062.000000
0.000000,13.912276,215.746292,216.078796,0.000000,0.000000,0.000000,193459.000000,115830.000000,41019.000000,3890.000000,1229.000000,231.000000,67.000000,53747.000000,41077.000000
0.000000,13.121586,215.746292,216.107178,0.000000,0.000000,0.000000,193490.000000,115830.000000,41019.000000,3890.000000,1229.000000,16483.000000,67.000000,53778.000000,41101.000000
0.000000,12.685683,215.746292,216.117340,0.000000,0.000000,0.000000,193636.000000,115960.000000,41019.000000,3893.000000,1229.000000,64.000000,67.000000,53792.000000,41117.000000
0.000000,12.081840,215.746292,216.121811,0.000000,0.000000,0.000000,193799.000000,115960.000000,41151.000000,3893.000000,1234.000000,99.000000,199.000000,53829.000000,41136.000000
0.000000,11.770301,215.746292,216.122604,0.000000,0.000000,0.000000,193969.000000,116098.000000,41151.000000,3900.000000,1234.000000,103.000000,199.000000,53836.000000,41151.000000
0.000000,8.526235,215.746292,216.122971,0.000000,0.000000,0.000000,194285.000000,116368.000000,41151.000000,3910.000000,1234.000000,33.000000,64.000000,53848.000000,41175.000000
0.000000,8.500854,215.746292,216.123032,0.000000,0.000000,0.000000,194466.000000,116504.000000,41151.000000,3917.000000,1234.000000,99.000000,67.000000,53858.000000,41191.000000
0.000000,8.430612,215.746292,216.123047,0.000000,0.000000,0.000000,194619.000000,116633.000000,41151.000000,3922.000000,1234.000000,135.000000,67.000000,53887.000000,41214.000000
0.000000,8.389576,215.746292,216.123047,0.000000,0.000000,0.000000,194780.000000,116633.000000,41284.000000,3922.000000,1238.000000,99.000000,64.000000,53909.000000,41226.000000
0.000000,8.340563,215.746292,216.123047,0.000000,0.000000,0.000000,195071.000000,116875.000000,41284.000000,3927.000000,1238.000000,133.000000,64.000000,53929.000000,41249.000000
0.000000,8.318925,215.746292,216.123047,0.000000,0.000000,0.000000,195222.000000,116992.000000,41284.000000,3931.000000,1238.000000,133.000000,64.000000,53940.000000,41265.000000
0.000000,8.309390,215.746292,216.123047,0.000000,0.000000,0.000000,195449.000000,117157.000000,41284.000000,3941.000000,1238.000000,99.000000,65.000000,53958.000000,41289.000000
0.000000,8.320783,215.746292,216.123047,0.000000,0.000000,0.000000,195457.000000,117157.000000,41284.000000,3941.000000,1238.000000,16483.000000,67.000000,53981.000000,41305.000000
0.000000,8.345399,215.746292,216.123047,0.000000,0.000000,0.000000,195633.000000,117290.000000,41284.000000,3945.000000,1238.000000,99.000000,67.000000,54001.000000,41329.000000
0.000000,8.365588,215.746292,216.140625,0.000000,0.000000,0.000000,195934.000000,117421.000000,41415.000000,3949.000000,1241.000000,99.000000,199.000000,54014.000000,41339.000000
0.000000,8.418044,215.746292,216.161316,0.000000,0.000000,0.000000,196247.000000,117691.000000,41415.000000,3956.000000,1241.000000,33.000000,64.000000,54025.000000,41363.000000
0.000000,8.484653,215.746292,216.164963,0.000000,0.000000,0.000000,196417.000000,117825.000000,41415.000000,3962.000000,1241.000000,99.000000,64.000000,54033.000000,41379.000000
0.000000,8.644779,215.746292,216.148987,0.000000,0.000000,0.000000,196423.000000,117825.000000,41415.000000,3962.000000,1241.000000,99.000000,64.000000,54071.000000,41403.000000
0.000000,8.759198,215.746292,216.142944,0.000000,0.000000,0.000000,196579.000000,117955.000000,41415.000000,3965.000000,1241.000000,64.000000,67.000000,54086.000000,41419.000000
0.000000,8.960252,215.746292,216.127350,0.000000,0.000000,0.000000,196753.000000,118091.000000,41415.000000,3971.000000,1241.000000,231.000000,67.000000,54109.000000,41442.000000
0.000000,9.095900,215.746292,216.124603,0.000000,0.000000,0.000000,197059.000000,118224.000000,41544.000000,3975.000000,1245.000000,33.000000,64.000000,54117.000000,41453.000000
0.000000,9.326378,215.746292,216.123398,0.000000,0.000000,0.000000,197278.000000,118386.000000,41544.000000,3981.000000,1245.000000,133.000000,64.000000,54137.000000,41477.000000
0.000000,9.477762,215.746292,216.123184,0.000000,0.000000,0.000000,197466.000000,118542.000000,41544.000000,3987.000000,1245.000000,133.000000,64.000000,54149.000000,41492.000000
0.000000,9.770832,215.746292,216.123093,0.000000,0.000000,0.000000,197548.000000,118618.000000,41544.000000,3991.000000,1245.000000,135.000000,64.000000,54180.000000,41514.000000
0.000000,9.962022,215.746292,216.123077,0.000000,0.000000,0.000000,197730.000000,118747.000000,41544.000000,3996.000000,1245.000000,96.000000,67.000000,54189.000000,41530.000000
0.000000,10.262468,215.746292,216.123077,0.000000,0.000000,0.000000,198021.000000,118973.000000,41544.000000,4003.000000,1245.000000,133.000000,67.000000,54197.000000,41554.000000
0.000000,10.461910,215.746292,216.123077,0.000000,0.000000,0.000000,198358.000000,119145.000000,41678.000000,4009.000000,1250.000000,199.000000,199.000000,54205.000000,41566.000000
0.000000,10.857624,215.746292,216.123077,0.000000,0.000000,0.000000,198528.000000,119277.000000,41678.000000,4012.000000,1250.000000,16416.000000,64.000000,54230.000000,41590.000000
0.000000,11.132854,215.746292,216.123077,0.000000,0.000000,0.000000,198528.000000,119277.000000,41678.000000,4012.000000,1250.000000,16416.000000,64.000000,54254.000000,41605.000000
0.000000,11.535370,215.746292,216.123077,0.000000,0.000000,0.000000,198729.000000,119407.000000,41678.000000,4016.000000,1250.000000,99.000000,65.000000,54274.000000,41628.000000
0.000000,11.800846,215.746292,216.123077,0.000000,0.000000,0.000000,198945.000000,119587.000000,41678.000000,4021.000000,1250.000000,231.000000,67.000000,54281.000000,41644.000000
0.000000,12.196969,215.746292,216.123077,0.000000,0.000000,0.000000,199220.000000,119815.000000,41678.000000,4029.000000,1250.000000,35.000000,67.000000,54297.000000,41668.000000
0.000000,12.491760,215.746292,216.123077,0.000000,0.000000,0.000000,199501.000000,119944.000000,41808.000000,4033.000000,1254.000000,135.000000,64.000000,54311.000000,41679.000000
0.000000,12.934111,215.746292,216.123077,0.000000,0.000000,0.000000,199533.000000,119944.000000,41808.000000,4033.000000,1254.000000,99.000000,64.000000,54344.000000,41702.000000
0.000000,13.219449,215.746292,216.123077,0.000000,0.000000,0.000000,199697.000000,120074.000000,41808.000000,4037.000000,1254.000000,99.000000,64.000000,54357.000000,41718.000000
0.000000,13.635216,215.746292,216.123077,0.000000,0.000000,0.000000,200015.000000,120343.000000,41808.000000,4045.000000,1254.000000,33.000000,65.000000,54367.000000,41742.000000
0.000000,13.745592,215.746292,216.123077,0.000000,0.000000,0.000000,200192.000000,120475.000000,41808.000000,4048.000000,1254.000000,99.000000,67.000000,54373.000000,41758.000000
0.000000,17.066730,215.746292,216.123077,0.000000,0.000000,0.000000,200345.000000,120604.000000,41808.000000,4054.000000,1254.000000,135.000000,67.000000,54401.000000,41781.000000
0.000000,17.226393,215.746292,216.123077,0.000000,0.000000,0.000000,200509.000000,120604.000000,41939.000000,4054.000000,1258.000000,99.000000,199.000000,54421.000000,41792.000000
0.000000,17.563011,215.746292,216.123077,0.000000,0.000000,0.000000,200825.000000,120874.000000,41939.000000,4062.000000,1258.000000,33.000000,64.000000,54430.000000,41816.000000
0.000000,17.876654,215.746292,216.123077,0.000000,0.000000,0.000000,200988.000000,121004.000000,41939.000000,4066.000000,1258.000000,96.000000,64.000000,54446.000000,41832.000000
0.000000,19.744184,215.746292,216.123077,0.000000,0.000000,0.000000,201272.000000,121230.000000,41939.000000,4074.000000,1258.000000,133.000000,64.000000,54460.000000,41856.000000
0.000000,19.862518,215.746292,216.123077,0.000000,0.000000,0.000000,201318.000000,121266.000000,41939.000000,4076.000000,1258.000000,135.000000,67.000000,54482.000000,41871.000000
0.000000,20.195257,215.746292,216.123077,0.000000,0.000000,0.000000,201494.000000,121396.000000,41939.000000,4080.000000,1258.000000,199.000000,67.000000,54505.000000,41894.000000
0.000000,20.484720,215.746292,216.123077,0.000000,0.000000,0.000000,201801.000000,121525.000000,42071.000000,4083.000000,1261.000000,96.000000,199.000000,54511.000000,41906.000000
0.000000,20.779211,215.746292,216.140640,0.000000,0.000000,0.000000,202105.000000,121769.000000,42071.000000,4091.000000,1261.000000,133.000000,64.000000,54521.000000,41930.000000
0.000000,22.626423,215.746292,216.157516,0.000000,0.000000,0.000000,202284.000000,121917.000000,42071.000000,4100.000000,1261.000000,133.000000,64.000000,54531.000000,41946.000000
0.000000,22.930941,215.746292,216.164963,0.000000,0.000000,0.000000,202291.000000,121918.000000,42071.000000,4101.000000,1261.000000,135.000000,65.000000,54566.000000,41969.000000
0.000000,23.215212,215.746292,216.183853,0.000000,0.000000,0.000000,202464.000000,122047.000000,42071.000000,4104.000000,1261.000000,135.000000,67.000000,54579.000000,41985.000000
0.000000,23.790232,215.746292,216.205109,0.000000,0.000000,0.000000,202661.000000,122181.000000,42071.000000,4112.000000,1261.000000,99.000000,67.000000,54598.000000,42009.000000
0.000000,24.183105,215.746292,216.236969,0.000000,0.000000,0.000000,202967.000000,122314.000000,42203.000000,4115.000000,1265.000000,99.000000,207.000000,54609.000000,42021.000000
0.000000,24.942785,215.746292,216.279160,0.000000,0.000000,0.000000,203141.000000,122447.000000,42203.000000,4119.000000,1265.000000,16483.000000,64.000000,54632.000000,42044.000000
0.000000,25.482206,215.746292,216.309341,0.000000,0.000000,0.000000,203141.000000,122447.000000,42203.000000,4119.000000,1265.000000,16483.000000,64.000000,54655.000000,42059.000000
0.000000,26.297541,215.746292,216.335556,0.000000,0.000000,0.000000,203282.000000,122577.000000,42203.000000,4122.000000,1265.000000,64.000000,64.000000,54684.000000,42083.000000
0.000000,26.845621,215.746292,216.368301,0.000000,0.000000,0.000000,203326.000000,122577.000000,42203.000000,4122.000000,1265.000000,99.000000,67.000000,54705.000000,42099.000000
0.000000,27.685215,215.746292,216.410873,0.000000,0.000000,0.000000,203488.000000,122710.000000,42203.000000,4126.000000,1265.000000,99.000000,67.000000,54727.000000,42123.000000
0.000000,28.299440,215.746292,216.423553,0.000000,0.000000,0.000000,203627.000000,122710.000000,42334.000000,4126.000000,1271.000000,99.000000,199.000000,54751.000000,42134.000000
0.000000,29.204304,215.746292,216.463593,0.000000,0.000000,0.000000,203771.000000,122841.000000,42334.000000,4130.000000,1271.000000,64.000000,64.000000,54776.000000,42157.000000
0.000000,29.808640,215.746292,216.488220,0.000000,0.000000,0.000000,203934.000000,122976.000000,42334.000000,4135.000000,1271.000000,32.000000,64.000000,54789.000000,42172.000000
0.000000,30.814207,215.746292,216.511993,0.000000,0.000000,0.000000,203956.000000,122976.000000,42334.000000,4135.000000,1271.000000,99.000000,64.000000,54822.000000,42196.000000
0.000000,31.465534,215.746292,216.516190,0.000000,0.000000,0.000000,204102.000000,123105.000000,42334.000000,4139.000000,1271.000000,64.000000,65.000000,54838.000000,42212.000000
0.000000,32.542873,215.746292,216.552505,0.000000,0.000000,0.000000,204115.000000,123105.000000,42334.000000,4139.000000,1271.000000,64.000000,67.000000,54874.000000,42235.000000
0.000000,33.310066,215.746292,216.558914,0.000000,0.000000,0.000000,204281.000000,123105.000000,42465.000000,4139.000000,1275.000000,99.000000,199.000000,54892.000000,42246.000000
0.000000,34.447212,215.746292,216.561722,0.000000,0.000000,0.000000,204431.000000,123240.000000,42465.000000,4142.000000,1275.000000,33.000000,64.000000,54916.000000,42270.000000
0.000000,35.175392,215.746292,216.562225,0.000000,0.000000,0.000000,204597.000000,123374.000000,42465.000000,4145.000000,1275.000000,33.000000,64.000000,54926.000000,42286.000000
0.000000,36.341198,215.746292,216.528000,0.000000,0.000000,0.000000,204872.000000,123591.000000,42465.000000,4154.000000,1275.000000,133.000000,65.000000,54941.000000,42309.000000
0.000000,37.101452,215.746292,216.521957,0.000000,0.000000,0.000000,205083.000000,123764.000000,42465.000000,4162.000000,1275.000000,135.000000,67.000000,54946.000000,42324.000000
0.000000,38.425468,215.746292,216.519287,0.000000,0.000000,0.000000,205282.000000,123900.000000,42465.000000,4168.000000,1275.000000,99.000000,67.000000,54964.000000,42348.000000
0.000000,39.292248,215.746292,216.518814,0.000000,0.000000,0.000000,205428.000000,124035.000000,42465.000000,4174.000000,1275.000000,16416.000000,67.000000,54979.000000,42364.000000
0.000000,40.710659,215.746292,216.518616,0.000000,0.000000,0.000000,205584.000000,124035.000000,42598.000000,4174.000000,1279.000000,16483.000000,199.000000,55014.000000,42384.000000
0.000000,41.623199,215.746292,216.518570,0.000000,0.000000,0.000000,205752.000000,124166.000000,42598.000000,4178.000000,1279.000000,107.000000,199.000000,55022.000000,42400.000000
0.000000,42.935062,215.746292,216.518570,0.000000,0.000000,0.000000,206061.000000,124432.000000,42598.000000,4189.000000,1279.000000,96.000000,64.000000,55033.000000,42423.000000
0.000000,43.747799,215.746292,216.518570,0.000000,0.000000,0.000000,206226.000000,124564.000000,42598.000000,4192.000000,1279.000000,199.000000,65.000000,55049.000000,42438.000000
0.000000,44.767326,215.746292,216.518570,0.000000,0.000000,0.000000,206447.000000,124718.000000,42598.000000,4197.000000,1279.000000,133.000000,67.000000,55066.000000,42462.000000
0.000000,45.311886,215.746292,216.529099,0.000000,0.000000,0.000000,206574.000000,124825.000000,42598.000000,4201.000000,1279.000000,99.000000,67.000000,55082.000000,42478.000000
0.000000,45.954880,215.746292,216.520844,0.000000,0.000000,0.000000,206584.000000,124825.000000,42598.000000,4201.000000,1279.000000,99.000000,67.000000,55118.000000,42501.000000
0.000000,46.233524,215.746292,216.519379,0.000000,0.000000,0.000000,206584.000000,124825.000000,42598.000000,4201.000000,1279.000000,99.000000,67.000000,55142.000000,42517.000000
0.000000,46.471104,215.746292,216.518738,0.000000,0.000000,0.000000,206730.000000,124825.000000,42731.000000,4201.000000,1283.000000,99.000000,199.000000,55175.000000,42536.000000
0.000000,46.531319,215.746292,216.518631,0.000000,0.000000,0.000000,206879.000000,124959.000000,42731.000000,4204.000000,1283.000000,97.000000,64.000000,55189.000000,42552.000000
0.000000,46.456268,215.746292,216.518570,0.000000,0.000000,0.000000,207051.000000,125090.000000,42731.000000,4210.000000,1283.000000,99.000000,65.000000,55211.000000,42575.000000
0.000000,46.278713,215.746292,216.508011,0.000000,0.000000,0.000000,207223.000000,125219.000000,42731.000000,4213.000000,1283.000000,99.000000,67.000000,55226.000000,42590.000000
0.000000,45.845024,215.746292,216.516281,0.000000,0.000000,0.000000,207442.000000,125379.000000,42731.000000,4221.000000,1283.000000,133.000000,67.000000,55248.000000,42614.000000
0.000000,45.419476,215.746292,216.517731,0.000000,0.000000,0.000000,207546.000000,125479.000000,42731.000000,4225.000000,1283.000000,96.000000,67.000000,55266.000000,42630.000000
0.000000,44.664001,215.746292,216.518372,0.000000,0.000000,0.000000,207686.000000,125479.000000,42863.000000,4225.000000,1287.000000,96.000000,199.000000,55302.000000,42648.000000
0.000000,44.089611,215.746292,216.518494,0.000000,0.000000,0.000000,207707.000000,125479.000000,42863.000000,4225.000000,1287.000000,99.000000,64.000000,55322.000000,42663.000000
0.000000,43.161140,215.746292,216.494644,0.000000,0.000000,0.000000,207874.000000,125608.000000,42863.000000,4228.000000,1287.000000,99.000000,65.000000,55347.000000,42687.000000
0.000000,42.423042,215.746292,216.481842,0.000000,0.000000,0.000000,207885.000000,125608.000000,42863.000000,4228.000000,1287.000000,99.000000,67.000000,55371.000000,42703.000000
0.000000,41.289261,215.746292,216.493744,0.000000,0.000000,0.000000,208035.000000,125739.000000,42863.000000,4232.000000,1287.000000,96.000000,67.000000,55396.000000,42726.000000
0.000000,40.430866,215.746292,216.499069,0.000000,0.000000,0.000000,208192.000000,125871.000000,42863.000000,4235.000000,1287.000000,231.000000,67.000000,55408.000000,42742.000000
0.000000,39.103981,215.746292,216.496765,0.000000,0.000000,0.000000,208330.000000,125871.000000,42994.000000,4235.000000,1291.000000,64.000000,64.000000,55444.000000,42761.000000
0.000000,38.226437,215.746292,216.482605,0.000000,0.000000,0.000000,208489.000000,125993.000000,42994.000000,4239.000000,1291.000000,133.000000,64.000000,55460.000000,42777.000000
0.000000,36.867996,215.746292,216.476349,0.000000,0.000000,0.000000,208667.000000,126129.000000,42994.000000,4246.000000,1291.000000,133.000000,65.000000,55483.000000,42801.000000
0.000000,36.003513,215.746292,216.475250,0.000000,0.000000,0.000000,208837.000000,126261.000000,42994.000000,4251.000000,1291.000000,199.000000,67.000000,55490.000000,42817.000000
0.000000,34.386013,215.746292,216.474762,0.000000,0.000000,0.000000,208866.000000,126261.000000,42994.000000,4251.000000,1291.000000,99.000000,67.000000,55524.000000,42840.000000
0.000000,33.301598,215.746292,216.446548,0.000000,0.000000,0.000000,208866.000000,126261.000000,42994.000000,4251.000000,1291.000000,99.000000,67.000000,55548.000000,42855.000000
0.000000,31.793793,215.746292,216.444656,0.000000,0.000000,0.000000,209187.000000,126533.000000,42994.000000,4261.000000,1291.000000,33.000000,67.000000,55556.000000,42879.000000
0.000000,30.758364,215.746292,216.435699,0.000000,0.000000,0.000000,209490.000000,126665.000000,43126.000000,4264.000000,1295.000000,99.000000,199.000000,55566.000000,42890.000000
0.000000,29.257307,215.746292,216.431778,0.000000,0.000000,0.000000,209809.000000,126927.000000,43126.000000,4271.000000,1295.000000,96.000000,64.000000,55574.000000,42914.000000
0.000000,28.181852,215.746292,216.431076,0.000000,0.000000,0.000000,209967.000000,127056.000000,43126.000000,4277.000000,1295.000000,135.000000,65.000000,55584.000000,42929.000000
0.000000,26.341854,215.746292,216.396317,0.000000,0.000000,0.000000,210006.000000,127056.000000,43126.000000,4277.000000,1295.000000,99.000000,67.000000,55614.000000,42953.000000
0.000000,25.429094,215.746292,216.390182,0.000000,0.000000,0.000000,210214.000000,127232.000000,43126.000000,4284.000000,1295.000000,133.000000,67.000000,55618.000000,42969.000000
0.000000,25.429094,215.746292,216.353027,0.000000,0.000000,0.000000,210501.000000,127461.000000,43126.000000,4292.000000,1295.000000,99.000000,67.000000,55625.000000,42992.000000
0.000000,23.500277,215.746292,216.318344,0.000000,0.000000,0.000000,210674.000000,127595.000000,43126.000000,4295.000000,1295.000000,99.000000,67.000000,55634.000000,43008.000000
0.000000,22.689697,215.746292,216.274918,0.000000,0.000000,0.000000,210952.000000,127727.000000,43260.000000,4299.000000,1298.000000,16417.000000,199.000000,55661.000000,43026.000000
0.000000,21.998810,215.746292,216.233978,0.000000,0.000000,0.000000,211087.000000,127840.000000,43260.000000,4303.000000,1298.000000,133.000000,64.000000,55676.000000,43042.000000
0.000000,20.806997,215.746292,216.163895,0.000000,0.000000,0.000000,211306.000000,127996.000000,43260.000000,4309.000000,1298.000000,99.000000,65.000000,55688.000000,43066.000000
0.000000,19.796457,215.746292,216.120178,0.000000,0.000000,0.000000,211518.000000,128172.000000,43260.000000,4314.000000,1298.000000,133.000000,65.000000,55695.000000,43082.000000
0.000000,18.395666,215.746292,216.042282,0.000000,0.000000,0.000000,211800.000000,128390.000000,43260.000000,4324.000000,1298.000000,99.000000,67.000000,55705.000000,43104.000000
0.000000,17.292919,215.746292,215.963898,0.000000,0.000000,0.000000,211806.000000,128390.000000,43260.000000,4324.000000,1298.000000,16483.000000,67.000000,55729.000000,43120.000000
0.000000,15.735445,215.746292,215.916428,0.000000,0.000000,0.000000,212109.000000,128527.000000,43391.000000,4329.000000,1303.000000,99.000000,199.000000,55751.000000,43138.000000
0.000000,14.685017,215.746292,215.862335,0.000000,0.000000,0.000000,212282.000000,128661.000000,43391.000000,4333.000000,1303.000000,99.000000,64.000000,55760.000000,43154.000000
0.000000,13.825232,215.746292,215.797455,0.000000,0.000000,0.000000,212603.000000,128926.000000,43391.000000,4341.000000,1303.000000,99.000000,64.000000,55768.000000,43178.000000
0.000000,6.950155,215.746292,215.752716,0.000000,0.000000,0.000000,212770.000000,129057.000000,43391.000000,4345.000000,1303.000000,99.000000,64.000000,55777.000000,43193.000000
0.000000,6.326149,215.746292,215.680954,0.000000,0.000000,0.000000,212779.000000,129057.000000,43391.000000,4345.000000,1303.000000,16483.000000,67.000000,55813.000000,43217.000000
0.000000,5.826288,215.746292,215.654526,0.000000,0.000000,0.000000,212989.000000,129221.000000,43391.000000,4351.000000,1303.000000,133.000000,67.000000,55820.000000,43233.000000
0.000000,5.020927,215.746292,215.614746,0.000000,0.000000,0.000000,213409.000000,129447.000000,43522.000000,4358.000000,1306.000000,99.000000,199.000000,55828.000000,43252.000000
0.000000,-0.122762,215.746292,215.584991,0.000000,0.000000,0.000000,213584.000000,129584.000000,43522.000000,4365.000000,1306.000000,103.000000,64.000000,55835.000000,43268.000000
0.000000,-0.261186,215.746292,215.558945,0.000000,0.000000,0.000000,213878.000000,129848.000000,43522.000000,4375.000000,1306.000000,135.000000,64.000000,55848.000000,43291.000000
0.000000,-0.603789,215.746292,215.554352,0.000000,0.000000,0.000000,213878.000000,129848.000000,43522.000000,4375.000000,1306.000000,135.000000,64.000000,55871.000000,43307.000000
0.000000,-1.225172,215.746292,215.517883,0.000000,0.000000,0.000000,213897.000000,129848.000000,43522.000000,4375.000000,1306.000000,64.000000,67.000000,55905.000000,43331.000000
0.000000,-1.639737,215.746292,215.511444,0.000000,0.000000,0.000000,214069.000000,129979.000000,43522.000000,4379.000000,1306.000000,199.000000,67.000000,55919.000000,43347.000000
0.000000,-2.314533,215.746292,215.480484,0.000000,0.000000,0.000000,214381.000000,130111.000000,43653.000000,4383.000000,1310.000000,32.000000,199.000000,55940.000000,43366.000000
0.000000,-2.767265,215.746292,215.469864,0.000000,0.000000,0.000000,214550.000000,130241.000000,43653.000000,4387.000000,1310.000000,96.000000,64.000000,55951.000000,43381.000000
0.000000,-3.445257,215.746292,215.413147,0.000000,0.000000,0.000000,214745.000000,130377.000000,43653.000000,4392.000000,1310.000000,99.000000,65.000000,55974.000000,43405.000000
0.000000,-3.893044,215.746292,215.389359,0.000000,0.000000,0.000000,214910.000000,130511.000000,43653.000000,4396.000000,1310.000000,99.000000,65.000000,55986.000000,43421.000000
0.000000,-4.560408,215.746292,215.378876,0.000000,0.000000,0.000000,215047.000000,130640.000000,43653.000000,4399.000000,1310.000000,135.000000,67.000000,56015.000000,43445.000000
0.000000,-4.977241,215.746292,215.377029,0.000000,0.000000,0.000000,215061.000000,130640.000000,43653.000000,4399.000000,1310.000000,64.000000,67.000000,56038.000000,43460.000000
0.000000,-5.561741,215.746292,215.376221,0.000000,0.000000,0.000000,215355.000000,130767.000000,43783.000000,4402.000000,1314.000000,133.000000,64.000000,56067.000000,43479.000000
0.000000,-5.912621,215.746292,215.376068,0.000000,0.000000,0.000000,215528.000000,130907.000000,43783.000000,4408.000000,1314.000000,32.000000,64.000000,56076.000000,43495.000000
0.000000,-6.435814,215.746292,215.376007,0.000000,0.000000,0.000000,215595.000000,130938.000000,43783.000000,4410.000000,1314.000000,133.000000,64.000000,56108.000000,43518.000000
0.000000,-6.758062,215.746292,215.376007,0.000000,0.000000,0.000000,215698.000000,131037.000000,43783.000000,4413.000000,1314.000000,96.000000,64.000000,56126.000000,43534.000000
0.000000,-7.221559,215.746292,215.376007,0.000000,0.000000,0.000000,215727.000000,131037.000000,43783.000000,4413.000000,1314.000000,99.000000,67.000000,56160.000000,43557.000000
0.000000,-7.509656,215.746292,215.376007,0.000000,0.000000,0.000000,215732.000000,131037.000000,43783.000000,4413.000000,1314.000000,99.000000,67.000000,56184.000000,43573.000000
0.000000,-7.907529,215.746292,215.358429,0.000000,0.000000,0.000000,215881.000000,131166.000000,43783.000000,4418.000000,1314.000000,64.000000,67.000000,56210.000000,43597.000000
0.000000,-8.174999,215.746292,215.341537,0.000000,0.000000,0.000000,216026.000000,131166.000000,43913.000000,4418.000000,1318.000000,65.000000,64.000000,56234.000000,43607.000000
0.000000,-8.536398,215.746292,215.334091,0.000000,0.000000,0.000000,216151.000000,131271.000000,43913.000000,4420.000000,1318.000000,133.000000,64.000000,56260.000000,43631.000000
0.000000,-8.775701,215.746292,215.304657,0.000000,0.000000,0.000000,216177.000000,131297.000000,43913.000000,4421.000000,1318.000000,199.000000,64.000000,56281.000000,43645.000000
0.000000,-9.107948,215.746292,215.291672,0.000000,0.000000,0.000000,216189.000000,131297.000000,43913.000000,4421.000000,1318.000000,64.000000,65.000000,56316.000000,43669.000000
0.000000,-9.310614,215.746292,215.271805,0.000000,0.000000,0.000000,216201.000000,131297.000000,43913.000000,4421.000000,1318.000000,65.000000,67.000000,56340.000000,43685.000000
0.000000,-9.601279,215.746292,215.250122,0.000000,0.000000,0.000000,216210.000000,131297.000000,43913.000000,4421.000000,1318.000000,67.000000,67.000000,56375.000000,43709.000000
0.000000,-9.770204,215.746292,215.218170,0.000000,0.000000,0.000000,216477.000000,131412.000000,44043.000000,4424.000000,1322.000000,133.000000,199.000000,56391.000000,43720.000000
0.000000,-10.019177,215.746292,215.175964,0.000000,0.000000,0.000000,216527.000000,131432.000000,44043.000000,4427.000000,1322.000000,99.000000,64.000000,56423.000000,43744.000000
0.000000,-10.169687,215.746292,215.135223,0.000000,0.000000,0.000000,216696.000000,131567.000000,44043.000000,4432.000000,1322.000000,99.000000,64.000000,56429.000000,43760.000000
0.000000,-10.396231,215.746292,215.054688,0.000000,0.000000,0.000000,216857.000000,131700.000000,44043.000000,4435.000000,1322.000000,99.000000,64.000000,56451.000000,43784.000000
0.000000,-10.540648,215.746292,215.035309,0.000000,0.000000,0.000000,217017.000000,131834.000000,44043.000000,4439.000000,1322.000000,97.000000,67.000000,56463.000000,43799.000000
0.000000,-10.751455,215.746292,214.964203,0.000000,0.000000,0.000000,217173.000000,131965.000000,44043.000000,4445.000000,1322.000000,64.000000,67.000000,56488.000000,43822.000000
0.000000,-10.888278,215.746292,214.928909,0.000000,0.000000,0.000000,217333.000000,131965.000000,44172.000000,4445.000000,1326.000000,99.000000,64.000000,56510.000000,43834.000000
0.000000,-11.077884,215.746292,214.872299,0.000000,0.000000,0.000000,217624.000000,132207.000000,44172.000000,4452.000000,1326.000000,133.000000,64.000000,56529.000000,43858.000000
0.000000,-11.202904,215.746292,214.857147,0.000000,0.000000,0.000000,217747.000000,132300.000000,44172.000000,4458.000000,1326.000000,133.000000,64.000000,56545.000000,43874.000000
0.000000,-11.373850,215.746292,214.816025,0.000000,0.000000,0.000000,217975.000000,132490.000000,44172.000000,4466.000000,1326.000000,64.000000,64.000000,56569.000000,43898.000000
0.000000,-11.483296,215.746292,214.808762,0.000000,0.000000,0.000000,218148.000000,132625.000000,44172.000000,4470.000000,1326.000000,231.000000,65.000000,56579.000000,43913.000000
0.000000,-11.656319,215.746292,214.805573,0.000000,0.000000,0.000000,218321.000000,132758.000000,44172.000000,4474.000000,1326.000000,231.000000,67.000000,56602.000000,43936.000000
0.000000,-11.767132,215.746292,214.805008,0.000000,0.000000,0.000000,218355.000000,132758.000000,44172.000000,4474.000000,1326.000000,99.000000,67.000000,56625.000000,43952.000000
0.000000,-11.917233,215.746292,214.804764,0.000000,0.000000,0.000000,218662.000000,132889.000000,44305.000000,4478.000000,1330.000000,99.000000,199.000000,56648.000000,43971.000000
0.000000,-12.016625,215.746292,214.804718,0.000000,0.000000,0.000000,218662.000000,132889.000000,44305.000000,4478.000000,1330.000000,99.000000,199.000000,56672.000000,43987.000000
0.000000,-12.161835,215.746292,214.804718,0.000000,0.000000,0.000000,218819.000000,133019.000000,44305.000000,4482.000000,1330.000000,99.000000,64.000000,56698.000000,44010.000000
0.000000,-12.254343,215.746292,214.804718,0.000000,0.000000,0.000000,218968.000000,133149.000000,44305.000000,4486.000000,1330.000000,64.000000,65.000000,56713.000000,44026.000000
0.000000,-12.396411,215.746292,214.804718,0.000000,0.000000,0.000000,218984.000000,133149.000000,44305.000000,4486.000000,1330.000000,96.000000,67.000000,56747.000000,44050.000000
0.000000,-12.496979,215.746292,214.804718,0.000000,0.000000,0.000000,218999.000000,133149.000000,44305.000000,4486.000000,1330.000000,99.000000,67.000000,56771.000000,44065.000000
0.000000,-12.629348,215.746292,214.804718,0.000000,0.000000,0.000000,219139.000000,133149.000000,44435.000000,4486.000000,1333.000000,99.000000,64.000000,56807.000000,44084.000000
0.000000,-12.714042,215.746292,214.804718,0.000000,0.000000,0.000000,219139.000000,133149.000000,44435.000000,4486.000000,1333.000000,99.000000,64.000000,56829.000000,44100.000000
0.000000,-12.848269,215.746292,214.804718,0.000000,0.000000,0.000000,219287.000000,133282.000000,44435.000000,4489.000000,1333.000000,64.000000,64.000000,56859.000000,44124.000000
0.000000,-12.938783,215.746292,214.804718,0.000000,0.000000,0.000000,219298.000000,133282.000000,44435.000000,4489.000000,1333.000000,96.000000,64.000000,56882.000000,44140.000000
0.000000,-13.053284,215.746292,214.780792,0.000000,0.000000,0.000000,219311.000000,133282.000000,44435.000000,4489.000000,1333.000000,97.000000,67.000000,56918.000000,44164.000000
0.000000,-13.142295,215.746292,214.767960,0.000000,0.000000,0.000000,219323.000000,133282.000000,44435.000000,4489.000000,1333.000000,99.000000,67.000000,56942.000000,44179.000000
0.000000,-13.258299,215.746292,214.762314,0.000000,0.000000,0.000000,219467.000000,133282.000000,44566.000000,4489.000000,1337.000000,99.000000,199.000000,56975.000000,44198.000000
0.000000,-13.339195,215.746292,214.761307,0.000000,0.000000,0.000000,219467.000000,133282.000000,44566.000000,4489.000000,1337.000000,99.000000,199.000000,56999.000000,44213.000000
0.000000,-13.440474,215.746292,214.760880,0.000000,0.000000,0.000000,219606.000000,133413.000000,44566.000000,4494.000000,1337.000000,199.000000,64.000000,57025.000000,44237.000000
0.000000,-13.513010,215.746292,214.760788,0.000000,0.000000,0.000000,219629.000000,133413.000000,44566.000000,4494.000000,1337.000000,67.000000,64.000000,57046.000000,44253.000000
0.000000,-13.609426,215.746292,214.760773,0.000000,0.000000,0.000000,219639.000000,133413.000000,44566.000000,4494.000000,1337.000000,67.000000,67.000000,57081.000000,44276.000000
0.000000,-13.666061,215.746292,214.760773,0.000000,0.000000,0.000000,219653.000000,133413.000000,44566.000000,4494.000000,1337.000000,67.000000,67.000000,57105.000000,44292.000000
0.000000,-13.747696,215.746292,214.760773,0.000000,0.000000,0.000000,219804.000000,133545.000000,44566.000000,4498.000000,1337.000000,97.000000,67.000000,57131.000000,44316.000000
0.000000,-13.809140,215.746292,214.760773,0.000000,0.000000,0.000000,219957.000000,133676.000000,44566.000000,4501.000000,1337.000000,199.000000,67.000000,57144.000000,44332.000000
0.000000,-13.898643,215.746292,214.760773,0.000000,0.000000,0.000000,220093.000000,133676.000000,44700.000000,4501.000000,1341.000000,64.000000,199.000000,57180.000000,44351.000000
0.000000,-13.960388,215.746292,214.760773,0.000000,0.000000,0.000000,220118.000000,133676.000000,44700.000000,4501.000000,1341.000000,99.000000,64.000000,57201.000000,44366.000000
0.000000,-14.053742,215.746292,214.760773,0.000000,0.000000,0.000000,220268.000000,133809.000000,44700.000000,4505.000000,1341.000000,32.000000,65.000000,57229.000000,44390.000000
0.000000,-14.102428,215.746292,214.760773,0.000000,0.000000,0.000000,220282.000000,133809.000000,44700.000000,4505.000000,1341.000000,97.000000,67.000000,57252.000000,44406.000000
0.000000,-14.179664,215.746292,214.760773,0.000000,0.000000,0.000000,220294.000000,133809.000000,44700.000000,4505.000000,1341.000000,99.000000,67.000000,57288.000000,44430.000000
0.000000,-14.229989,215.746292,214.760773,0.000000,0.000000,0.000000,220294.000000,133809.000000,44700.000000,4505.000000,1341.000000,99.000000,67.000000,57311.000000,44445.000000
0.000000,-14.304930,215.746292,214.760773,0.000000,0.000000,0.000000,220578.000000,133940.000000,44833.000000,4509.000000,1344.000000,64.000000,199.000000,57341.000000,44465.000000
0.000000,-14.363669,215.746292,214.760773,0.000000,0.000000,0.000000,220601.000000,133940.000000,44833.000000,4509.000000,1344.000000,99.000000,64.000000,57363.000000,44480.000000
0.000000,-14.437080,215.746292,214.760773,0.000000,0.000000,0.000000,220774.000000,134072.000000,44833.000000,4512.000000,1344.000000,99.000000,65.000000,57382.000000,44504.000000
0.000000,-14.489154,215.746292,214.760773,0.000000,0.000000,0.000000,220927.000000,134202.000000,44833.000000,4515.000000,1344.000000,97.000000,67.000000,57397.000000,44520.000000
0.000000,-14.558439,215.746292,214.760773,0.000000,0.000000,0.000000,221034.000000,134281.000000,44833.000000,4519.000000,1344.000000,133.000000,67.000000,57423.000000,44543.000000
0.000000,-14.614392,215.746292,214.760773,0.000000,0.000000,0.000000,221095.000000,134331.000000,44833.000000,4522.000000,1344.000000,96.000000,67.000000,57445.000000,44559.000000
0.000000,-14.686191,215.746292,214.760773,0.000000,0.000000,0.000000,221422.000000,134465.000000,44966.000000,4525.000000,1348.000000,99.000000,199.000000,57463.000000,44578.000000
0.000000,-14.724495,215.746292,214.760773,0.000000,0.000000,0.000000,221593.000000,134596.000000,44966.000000,4528.000000,1348.000000,99.000000,64.000000,57474.000000,44594.000000
0.000000,-14.795174,215.746292,214.726303,0.000000,0.000000,0.000000,221907.000000,134858.000000,44966.000000,4536.000000,1348.000000,97.000000,65.000000,57483.000000,44617.000000
0.000000,-14.838832,215.746292,214.720215,0.000000,0.000000,0.000000,222020.000000,134943.000000,44966.000000,4539.000000,1348.000000,133.000000,67.000000,57504.000000,44632.000000
0.000000,-14.904047,215.746292,214.717545,0.000000,0.000000,0.000000,222101.000000,134988.000000,44966.000000,4542.000000,1348.000000,99.000000,67.000000,57533.000000,44656.000000
0.000000,-14.941886,215.746292,214.688950,0.000000,0.000000,0.000000,222244.000000,135121.000000,44966.000000,4546.000000,1348.000000,32.000000,67.000000,57549.000000,44672.000000
0.000000,-15.006035,215.746292,214.676331,0.000000,0.000000,0.000000,222254.000000,135121.000000,44966.000000,4546.000000,1348.000000,96.000000,67.000000,57584.000000,44696.000000
0.000000,-15.040951,215.746292,214.674103,0.000000,0.000000,0.000000,222541.000000,135253.000000,45100.000000,4554.000000,1352.000000,199.000000,199.000000,57598.000000,44707.000000
0.000000,-15.090402,215.746292,214.621109,0.000000,0.000000,0.000000,222546.000000,135253.000000,45100.000000,4554.000000,1352.000000,64.000000,64.000000,57633.000000,44731.000000
0.000000,-15.119717,215.746292,214.597977,0.000000,0.000000,0.000000,222583.000000,135253.000000,45100.000000,4554.000000,1352.000000,99.000000,65.000000,57650.000000,44747.000000
0.000000,-15.172691,215.746292,214.553329,0.000000,0.000000,0.000000,222730.000000,135385.000000,45100.000000,4557.000000,1352.000000,96.000000,67.000000,57679.000000,44770.000000
0.000000,-15.210121,215.746292,214.527878,0.000000,0.000000,0.000000,222730.000000,135385.000000,45100.000000,4557.000000,1352.000000,96.000000,67.000000,57703.000000,44786.000000
0.000000,-15.262113,215.746292,214.486145,0.000000,0.000000,0.000000,222891.000000,135514.000000,45100.000000,4563.000000,1352.000000,64.000000,67.000000,57729.000000,44809.000000
0.000000,-15.292548,215.746292,214.465012,0.000000,0.000000,0.000000,223032.000000,135514.000000,45232.000000,4563.000000,1356.000000,64.000000,199.000000,57753.000000,44820.000000
0.000000,-15.340086,215.746292,214.421249,0.000000,0.000000,0.000000,223061.000000,135514.000000,45232.000000,4563.000000,1356.000000,99.000000,64.000000,57786.000000,44844.000000
0.000000,-15.361069,215.746292,214.413528,0.000000,0.000000,0.000000,223203.000000,135648.000000,45232.000000,4566.000000,1356.000000,64.000000,64.000000,57802.000000,44860.000000
0.000000,-15.382160,215.746292,214.410126,0.000000,0.000000,0.000000,223218.000000,135648.000000,45232.000000,4566.000000,1356.000000,65.000000,67.000000,57838.000000,44883.000000
0.000000,-15.398061,215.746292,214.427094,0.000000,0.000000,0.000000,223218.000000,135648.000000,45232.000000,4566.000000,1356.000000,65.000000,67.000000,57862.000000,44898.000000
0.000000,-15.417076,215.746292,214.447510,0.000000,0.000000,0.000000,223376.000000,135778.000000,45232.000000,4573.000000,1356.000000,199.000000,67.000000,57887.000000,44922.000000
0.000000,-15.428905,215.746292,214.451111,0.000000,0.000000,0.000000,223518.000000,135778.000000,45363.000000,4573.000000,1360.000000,64.000000,64.000000,57911.000000,44933.000000
0.000000,-15.440790,215.746292,214.452698,0.000000,0.000000,0.000000,223527.000000,135778.000000,45363.000000,4573.000000,1360.000000,64.000000,64.000000,57945.000000,44957.000000
0.000000,-15.446035,215.746292,214.452988,0.000000,0.000000,0.000000,223614.000000,135839.000000,45363.000000,4575.000000,1360.000000,133.000000,65.000000,57963.000000,44973.000000
0.000000,-15.451309,215.746292,214.453110,0.000000,0.000000,0.000000,223855.000000,136045.000000,45363.000000,4584.000000,1360.000000,199.000000,67.000000,57983.000000,44996.000000
0.000000,-15.453631,215.746292,214.435547,0.000000,0.000000,0.000000,223855.000000,136045.000000,45363.000000,4584.000000,1360.000000,199.000000,67.000000,58007.000000,45012.000000
0.000000,-15.462538,215.746292,214.414886,0.000000,0.000000,0.000000,224055.000000,136179.000000,45363.000000,4587.000000,1360.000000,99.000000,67.000000,58026.000000,45035.000000
0.000000,-15.461745,215.746292,214.393661,0.000000,0.000000,0.000000,224351.000000,136311.000000,45494.000000,4590.000000,1363.000000,99.000000,64.000000,58036.000000,45046.000000
0.000000,-15.465707,215.746292,214.371384,0.000000,0.000000,0.000000,224521.000000,136445.000000,45494.000000,4594.000000,1363.000000,99.000000,64.000000,58057.000000,45069.000000
0.000000,-15.470625,215.746292,214.367447,0.000000,0.000000,0.000000,224668.000000,136575.000000,45494.000000,4598.000000,1363.000000,96.000000,65.000000,58072.000000,45085.000000
0.000000,-15.466390,215.746292,214.365723,0.000000,0.000000,0.000000,224868.000000,136706.000000,45494.000000,4602.000000,1363.000000,99.000000,67.000000,58089.000000,45109.000000
0.000000,-15.471116,215.746292,214.365417,0.000000,0.000000,0.000000,225000.000000,136836.000000,45494.000000,4606.000000,1363.000000,199.000000,67.000000,58105.000000,45125.000000
0.000000,-15.478028,215.746292,214.365280,0.000000,0.000000,0.000000,225010.000000,136836.000000,45494.000000,4606.000000,1363.000000,96.000000,67.000000,58141.000000,45148.000000
0.000000,-15.485105,215.746292,214.365265,0.000000,0.000000,0.000000,225308.000000,136966.000000,45626.000000,4609.000000,1366.000000,199.000000,199.000000,58155.000000,45159.000000
0.000000,-15.481853,215.746292,214.365265,0.000000,0.000000,0.000000,225320.000000,136966.000000,45626.000000,4609.000000,1366.000000,96.000000,64.000000,58191.000000,45183.000000
0.000000,-15.482290,215.746292,214.365265,0.000000,0.000000,0.000000,225354.000000,136966.000000,45626.000000,4609.000000,1366.000000,99.000000,65.000000,58209.000000,45199.000000
0.000000,-15.485761,215.746292,214.365265,0.000000,0.000000,0.000000,225669.000000,137232.000000,45626.000000,4618.000000,1366.000000,33.000000,67.000000,58219.000000,45223.000000
0.000000,-15.490705,215.746292,214.365265,0.000000,0.000000,0.000000,225672.000000,137232.000000,45626.000000,4618.000000,1366.000000,97.000000,67.000000,58244.000000,45239.000000
0.000000,-15.495678,215.746292,214.365265,0.000000,0.000000,0.000000,225829.000000,137364.000000,45626.000000,4621.000000,1366.000000,199.000000,67.000000,58270.000000,45262.000000
0.000000,-15.497890,215.746292,214.365265,0.000000,0.000000,0.000000,225970.000000,137364.000000,45758.000000,4621.000000,1370.000000,64.000000,199.000000,58293.000000,45274.000000
0.000000,-15.517070,215.746292,214.347672,0.000000,0.000000,0.000000,226004.000000,137364.000000,45758.000000,4621.000000,1370.000000,99.000000,64.000000,58328.000000,45298.000000
0.000000,-15.532124,215.746292,214.330795,0.000000,0.000000,0.000000,226152.000000,137496.000000,45758.000000,4625.000000,1370.000000,96.000000,65.000000,58340.000000,45313.000000
0.000000,-15.555046,215.746292,214.323349,0.000000,0.000000,0.000000,226344.000000,137630.000000,45758.000000,4631.000000,1370.000000,99.000000,67.000000,58360.000000,45336.000000
0.000000,-15.571738,215.746292,214.322037,0.000000,0.000000,0.000000,226344.000000,137630.000000,45758.000000,4631.000000,1370.000000,99.000000,67.000000,58384.000000,45352.000000
0.000000,-15.608512,215.746292,214.349579,0.000000,0.000000,0.000000,226487.000000,137765.000000,45758.000000,4635.000000,1370.000000,64.000000,67.000000,58413.000000,45376.000000
0.000000,-15.621599,215.746292,214.359604,0.000000,0.000000,0.000000,226789.000000,137898.000000,45886.000000,4638.000000,1376.000000,231.000000,64.000000,58424.000000,45388.000000
0.000000,-15.660887,215.746292,214.364029,0.000000,0.000000,0.000000,226961.000000,138030.000000,45886.000000,4641.000000,1376.000000,199.000000,64.000000,58451.000000,45412.000000
0.000000,-15.684819,215.746292,214.364807,0.000000,0.000000,0.000000,226971.000000,138030.000000,45886.000000,4641.000000,1376.000000,64.000000,64.000000,58475.000000,45427.000000
0.000000,-15.728833,215.746292,214.399612,0.000000,0.000000,0.000000,226990.000000,138030.000000,45886.000000,4641.000000,1376.000000,65.000000,67.000000,58510.000000,45450.000000
0.000000,-15.758285,215.746292,214.405731,0.000000,0.000000,0.000000,226990.000000,138030.000000,45886.000000,4641.000000,1376.000000,65.000000,67.000000,58534.000000,45466.000000
0.000000,-15.807845,215.746292,214.391571,0.000000,0.000000,0.000000,227167.000000,138165.000000,45886.000000,4645.000000,1376.000000,99.000000,67.000000,58552.000000,45490.000000
0.000000,-15.851940,215.746292,214.374725,0.000000,0.000000,0.000000,227305.000000,138165.000000,46015.000000,4645.000000,1380.000000,99.000000,64.000000,58576.000000,45502.000000
0.000000,-15.922865,215.746292,214.367294,0.000000,0.000000,0.000000,227314.000000,138165.000000,46015.000000,4645.000000,1380.000000,99.000000,64.000000,58612.000000,45525.000000
0.000000,-15.983845,215.746292,214.365982,0.000000,0.000000,0.000000,227453.000000,138298.000000,46015.000000,4649.000000,1380.000000,199.000000,65.000000,58630.000000,45541.000000
0.000000,-16.065098,215.746292,214.365387,0.000000,0.000000,0.000000,227485.000000,138298.000000,46015.000000,4649.000000,1380.000000,67.000000,67.000000,58660.000000,45565.000000
0.000000,-16.129793,215.746292,214.365295,0.000000,0.000000,0.000000,227485.000000,138298.000000,46015.000000,4649.000000,1380.000000,67.000000,67.000000,58683.000000,45580.000000
0.000000,-16.241343,215.746292,214.365265,0.000000,0.000000,0.000000,227640.000000,138428.000000,46015.000000,4653.000000,1380.000000,97.000000,67.000000,58710.000000,45604.000000
0.000000,-16.318087,215.746292,214.365265,0.000000,0.000000,0.000000,227926.000000,138559.000000,46145.000000,4659.000000,1383.000000,96.000000,64.000000,58723.000000,45615.000000
0.000000,-16.439911,215.746292,214.365265,0.000000,0.000000,0.000000,228096.000000,138693.000000,46145.000000,4662.000000,1383.000000,231.000000,64.000000,58747.000000,45639.000000
0.000000,-16.533730,215.746292,214.365265,0.000000,0.000000,0.000000,228263.000000,138826.000000,46145.000000,4667.000000,1383.000000,231.000000,64.000000,58757.000000,45655.000000
0.000000,-16.687273,215.746292,214.365265,0.000000,0.000000,0.000000,228276.000000,138826.000000,46145.000000,4667.000000,1383.000000,64.000000,67.000000,58792.000000,45679.000000
0.000000,-16.798822,215.746292,214.365265,0.000000,0.000000,0.000000,228276.000000,138826.000000,46145.000000,4667.000000,1383.000000,64.000000,67.000000,58816.000000,45694.000000
0.000000,-16.980970,215.746292,214.365265,0.000000,0.000000,0.000000,228291.000000,138826.000000,46145.000000,4667.000000,1383.000000,67.000000,67.000000,58852.000000,45717.000000
0.000000,-17.102959,215.746292,214.365265,0.000000,0.000000,0.000000,228440.000000,138957.000000,46145.000000,4671.000000,1383.000000,199.000000,67.000000,58865.000000,45733.000000
0.000000,-17.296825,215.746292,214.365265,0.000000,0.000000,0.000000,228582.000000,138957.000000,46276.000000,4671.000000,1387.000000,64.000000,64.000000,58900.000000,45753.000000
0.000000,-17.446516,215.746292,214.365265,0.000000,0.000000,0.000000,228602.000000,138957.000000,46276.000000,4671.000000,1387.000000,67.000000,64.000000,58921.000000,45769.000000
0.000000,-17.670792,215.746292,214.365265,0.000000,0.000000,0.000000,228748.000000,139089.000000,46276.000000,4675.000000,1387.000000,199.000000,65.000000,58948.000000,45792.000000
0.000000,-17.838652,215.746292,214.365265,0.000000,0.000000,0.000000,228749.000000,139089.000000,46276.000000,4675.000000,1387.000000,64.000000,65.000000,58972.000000,45808.000000
0.000000,-18.105740,215.746292,214.365265,0.000000,0.000000,0.000000,228765.000000,139089.000000,46276.000000,4675.000000,1387.000000,64.000000,67.000000,59008.000000,45832.000000
0.000000,-18.287039,215.746292,214.365265,0.000000,0.000000,0.000000,228784.000000,139089.000000,46276.000000,4675.000000,1387.000000,67.000000,67.000000,59031.000000,45848.000000
0.000000,-18.579809,215.746292,214.365265,0.000000,0.000000,0.000000,228919.000000,139089.000000,46406.000000,4675.000000,1390.000000,67.000000,199.000000,59067.000000,45867.000000
0.000000,-18.770317,215.746292,214.365265,0.000000,0.000000,0.000000,228931.000000,139089.000000,46406.000000,4675.000000,1390.000000,67.000000,64.000000,59091.000000,45882.000000
0.000000,-19.068741,215.746292,214.365265,0.000000,0.000000,0.000000,229079.000000,139219.000000,46406.000000,4678.000000,1390.000000,64.000000,65.000000,59116.000000,45906.000000
0.000000,-19.275505,215.746292,214.365265,0.000000,0.000000,0.000000,229080.000000,139219.000000,46406.000000,4678.000000,1390.000000,64.000000,65.000000,59142.000000,45922.000000
0.000000,-19.582508,215.746292,214.365265,0.000000,0.000000,0.000000,229092.000000,139219.000000,46406.000000,4678.000000,1390.000000,65.000000,67.000000,59177.000000,45946.000000
0.000000,-19.775229,215.746292,214.365265,0.000000,0.000000,0.000000,229249.000000,139350.000000,46406.000000,4681.000000,1390.000000,64.000000,67.000000,59192.000000,45962.000000
0.000000,-20.109825,215.746292,214.365265,0.000000,0.000000,0.000000,229389.000000,139350.000000,46538.000000,4681.000000,1393.000000,64.000000,199.000000,59228.000000,45981.000000
0.000000,-20.326971,215.746292,214.365265,0.000000,0.000000,0.000000,229413.000000,139350.000000,46538.000000,4681.000000,1393.000000,99.000000,64.000000,59251.000000,45996.000000
0.000000,-20.643755,215.746292,214.365265,0.000000,0.000000,0.000000,229556.000000,139483.000000,46538.000000,4685.000000,1393.000000,199.000000,64.000000,59279.000000,46020.000000
0.000000,-20.871256,215.746292,214.365265,0.000000,0.000000,0.000000,229556.000000,139483.000000,46538.000000,4685.000000,1393.000000,199.000000,64.000000,59303.000000,46036.000000
0.000000,-21.213448,215.746292,214.365265,0.000000,0.000000,0.000000,229567.000000,139483.000000,46538.000000,4685.000000,1393.000000,64.000000,67.000000,59338.000000,46059.000000
0.000000,-21.453569,215.746292,214.365265,0.000000,0.000000,0.000000,229737.000000,139612.000000,46538.000000,4689.000000,1393.000000,64.000000,67.000000,59351.000000,46075.000000
0.000000,-21.808466,215.746292,214.365265,0.000000,0.000000,0.000000,229878.000000,139612.000000,46668.000000,4689.000000,1396.000000,64.000000,64.000000,59387.000000,46095.000000
0.000000,-22.047632,215.746292,214.365265,0.000000,0.000000,0.000000,229889.000000,139612.000000,46668.000000,4689.000000,1396.000000,65.000000,64.000000,59408.000000,46111.000000
0.000000,-22.397530,215.746292,214.365265,0.000000,0.000000,0.000000,229996.000000,139696.000000,46668.000000,4693.000000,1396.000000,133.000000,64.000000,59439.000000,46134.000000
0.000000,-22.639318,215.746292,214.365265,0.000000,0.000000,0.000000,230061.000000,139742.000000,46668.000000,4695.000000,1396.000000,99.000000,64.000000,59458.000000,46149.000000
0.000000,-23.028419,215.746292,214.399689,0.000000,0.000000,0.000000,230067.000000,139742.000000,46668.000000,4695.000000,1396.000000,99.000000,67.000000,59494.000000,46173.000000
0.000000,-23.282694,215.746292,214.405777,0.000000,0.000000,0.000000,230080.000000,139742.000000,46668.000000,4695.000000,1396.000000,99.000000,67.000000,59517.000000,46189.000000
0.000000,-23.655350,215.746292,214.408447,0.000000,0.000000,0.000000,230230.000000,139875.000000,46668.000000,4698.000000,1396.000000,64.000000,67.000000,59545.000000,46213.000000
0.000000,-23.919569,215.746292,214.408936,0.000000,0.000000,0.000000,230370.000000,139875.000000,46802.000000,4698.000000,1401.000000,65.000000,199.000000,59569.000000,46225.000000
0.000000,-24.318644,215.746292,214.409134,0.000000,0.000000,0.000000,230385.000000,139875.000000,46802.000000,4698.000000,1401.000000,67.000000,64.000000,59605.000000,46248.000000
0.000000,-24.587288,215.746292,214.409180,0.000000,0.000000,0.000000,230385.000000,139875.000000,46802.000000,4698.000000,1401.000000,67.000000,64.000000,59629.000000,46264.000000
0.000000,-24.981226,215.746292,214.409180,0.000000,0.000000,0.000000,230398.000000,139875.000000,46802.000000,4698.000000,1401.000000,67.000000,67.000000,59664.000000,46287.000000
0.000000,-25.223560,215.746292,214.426758,0.000000,0.000000,0.000000,230405.000000,139875.000000,46802.000000,4698.000000,1401.000000,67.000000,67.000000,59687.000000,46303.000000
0.000000,-25.508736,215.746292,214.465012,0.000000,0.000000,0.000000,230682.000000,140004.000000,46933.000000,4703.000000,1405.000000,64.000000,199.000000,59717.000000,46322.000000
0.000000,-25.622499,215.746292,214.485535,0.000000,0.000000,0.000000,230689.000000,140004.000000,46933.000000,4703.000000,1405.000000,64.000000,64.000000,59741.000000,46337.000000
0.000000,-25.724596,215.746292,214.512161,0.000000,0.000000,0.000000,230697.000000,140004.000000,46933.000000,4703.000000,1405.000000,64.000000,64.000000,59777.000000,46361.000000
0.000000,-25.766260,215.746292,214.530624,0.000000,0.000000,0.000000,230697.000000,140004.000000,46933.000000,4703.000000,1405.000000,64.000000,64.000000,59800.000000,46377.000000
0.000000,-25.808088,215.746292,214.566910,0.000000,0.000000,0.000000,230704.000000,140004.000000,46933.000000,4703.000000,1405.000000,65.000000,65.000000,59835.000000,46401.000000
0.000000,-25.833170,215.746292,214.596054,0.000000,0.000000,0.000000,230711.000000,140004.000000,46933.000000,4703.000000,1405.000000,67.000000,67.000000,59859.000000,46416.000000
0.000000,-25.849207,215.746292,214.621811,0.000000,0.000000,0.000000,230731.000000,140004.000000,46933.000000,4703.000000,1405.000000,99.000000,67.000000,59894.000000,46439.000000
0.000000,-25.862867,215.746292,214.626358,0.000000,0.000000,0.000000,230871.000000,140004.000000,47065.000000,4703.000000,1411.000000,99.000000,199.000000,59918.000000,46451.000000
0.000000,-25.867430,215.746292,214.617828,0.000000,0.000000,0.000000,231016.000000,140135.000000,47065.000000,4707.000000,1411.000000,64.000000,64.000000,59944.000000,46475.000000
0.000000,-25.876036,215.746292,214.624924,0.000000,0.000000,0.000000,231017.000000,140135.000000,47065.000000,4707.000000,1411.000000,64.000000,64.000000,59969.000000,46491.000000
0.000000,-25.875544,215.746292,214.645630,0.000000,0.000000,0.000000,231036.000000,140135.000000,47065.000000,4707.000000,1411.000000,67.000000,67.000000,60005.000000,46514.000000
0.000000,-25.875298,215.746292,214.663055,0.000000,0.000000,0.000000,231048.000000,140135.000000,47065.000000,4707.000000,1411.000000,67.000000,67.000000,60029.000000,46530.000000
0.000000,-25.892017,215.746292,214.688309,0.000000,0.000000,0.000000,231327.000000,140266.000000,47196.000000,4711.000000,1415.000000,199.000000,64.000000,60058.000000,46550.000000
0.000000,-25.899395,215.746292,214.724136,0.000000,0.000000,0.000000,231355.000000,140266.000000,47196.000000,4711.000000,1415.000000,67.000000,64.000000,60076.000000,46565.000000
0.000000,-25.889860,215.746292,214.804871,0.000000,0.000000,0.000000,231502.000000,140400.000000,47196.000000,4715.000000,1415.000000,32.000000,65.000000,60102.000000,46589.000000
0.000000,-25.892263,215.746292,214.861008,0.000000,0.000000,0.000000,231663.000000,140530.000000,47196.000000,4719.000000,1415.000000,64.000000,65.000000,60114.000000,46604.000000
0.000000,-25.892099,215.746292,214.885773,0.000000,0.000000,0.000000,231671.000000,140530.000000,47196.000000,4719.000000,1415.000000,64.000000,67.000000,60150.000000,46628.000000
0.000000,-25.887264,215.746292,214.890137,0.000000,0.000000,0.000000,231684.000000,140530.000000,47196.000000,4719.000000,1415.000000,64.000000,67.000000,60174.000000,46644.000000
0.000000,-25.887156,215.746292,214.863937,0.000000,0.000000,0.000000,231826.000000,140530.000000,47327.000000,4719.000000,1420.000000,65.000000,199.000000,60209.000000,46664.000000
0.000000,-25.889313,215.746292,214.854141,0.000000,0.000000,0.000000,231930.000000,140613.000000,47327.000000,4723.000000,1420.000000,133.000000,64.000000,60226.000000,46680.000000
0.000000,-25.895050,215.746292,214.877960,0.000000,0.000000,0.000000,232020.000000,140660.000000,47327.000000,4725.000000,1420.000000,99.000000,65.000000,60255.000000,46702.000000
0.000000,-25.889395,215.746292,214.887314,0.000000,0.000000,0.000000,232182.000000,140795.000000,47327.000000,4729.000000,1420.000000,99.000000,65.000000,60269.000000,46718.000000
0.000000,-25.888494,215.746292,214.919586,0.000000,0.000000,0.000000,232364.000000,140930.000000,47327.000000,4732.000000,1420.000000,99.000000,67.000000,60290.000000,46742.000000
0.000000,-25.884668,215.746292,214.930435,0.000000,0.000000,0.000000,232512.000000,141064.000000,47327.000000,4735.000000,1420.000000,96.000000,67.000000,60303.000000,46758.000000
0.000000,-25.893028,215.746292,214.963333,0.000000,0.000000,0.000000,232657.000000,141064.000000,47460.000000,4735.000000,1424.000000,99.000000,199.000000,60335.000000,46778.000000
0.000000,-25.887947,215.746292,214.974304,0.000000,0.000000,0.000000,232802.000000,141195.000000,47460.000000,4740.000000,1424.000000,199.000000,64.000000,60350.000000,46793.000000
0.000000,-25.882811,215.746292,214.979141,0.000000,0.000000,0.000000,232980.000000,141329.000000,47460.000000,4746.000000,1424.000000,32.000000,65.000000,60376.000000,46817.000000
0.000000,-25.886171,215.746292,214.979996,0.000000,0.000000,0.000000,232980.000000,141329.000000,47460.000000,4746.000000,1424.000000,32.000000,65.000000,60400.000000,46833.000000
0.000000,-25.887346,215.746292,214.980377,0.000000,0.000000,0.000000,233151.000000,141459.000000,47460.000000,4750.000000,1424.000000,96.000000,67.000000,60427.000000,46856.000000
0.000000,-25.883848,215.746292,214.980438,0.000000,0.000000,0.000000,233168.000000,141459.000000,47460.000000,4750.000000,1424.000000,96.000000,67.000000,60451.000000,46871.000000
0.000000,-25.880325,215.746292,214.980469,0.000000,0.000000,0.000000,233454.000000,141588.000000,47591.000000,4754.000000,1428.000000,96.000000,199.000000,60475.000000,46890.000000
0.000000,-25.890953,215.746292,214.980469,0.000000,0.000000,0.000000,233469.000000,141588.000000,47591.000000,4754.000000,1428.000000,97.000000,64.000000,60497.000000,46906.000000
0.000000,-25.896881,215.746292,214.980469,0.000000,0.000000,0.000000,233586.000000,141682.000000,47591.000000,4756.000000,1428.000000,133.000000,64.000000,60525.000000,46930.000000
0.000000,-25.896336,215.746292,214.980469,0.000000,0.000000,0.000000,233633.000000,141719.000000,47591.000000,4757.000000,1428.000000,96.000000,64.000000,60544.000000,46946.000000
0.000000,-25.900160,215.746292,214.980469,0.000000,0.000000,0.000000,233654.000000,141719.000000,47591.000000,4757.000000,1428.000000,99.000000,67.000000,60580.000000,46968.000000
0.000000,-25.893084,215.746292,214.980469,0.000000,0.000000,0.000000,233797.000000,141849.000000,47591.000000,4761.000000,1428.000000,64.000000,67.000000,60595.000000,46984.000000
0.000000,-25.885981,215.746292,214.980469,0.000000,0.000000,0.000000,233828.000000,141849.000000,47591.000000,4761.000000,1428.000000,99.000000,67.000000,60625.000000,47008.000000
0.000000,-25.882837,215.746292,214.980469,0.000000,0.000000,0.000000,234105.000000,141985.000000,47721.000000,4765.000000,1432.000000,32.000000,64.000000,60637.000000,47019.000000
0.000000,-25.885298,215.746292,214.980469,0.000000,0.000000,0.000000,234300.000000,142116.000000,47721.000000,4768.000000,1432.000000,99.000000,64.000000,60656.000000,47043.000000
0.000000,-25.882347,215.746292,214.980469,0.000000,0.000000,0.000000,234454.000000,142248.000000,47721.000000,4771.000000,1432.000000,99.000000,64.000000,60669.000000,47058.000000
0.000000,-25.891607,215.746292,214.980469,0.000000,0.000000,0.000000,234468.000000,142248.000000,47721.000000,4771.000000,1432.000000,99.000000,65.000000,60705.000000,47082.000000
0.000000,-25.886909,215.746292,214.980469,0.000000,0.000000,0.000000,234644.000000,142384.000000,47721.000000,4776.000000,1432.000000,99.000000,67.000000,60718.000000,47098.000000
0.000000,-25.886963,215.746292,214.980469,0.000000,0.000000,0.000000,234842.000000,142541.000000,47721.000000,4781.000000,1432.000000,133.000000,67.000000,60740.000000,47121.000000
0.000000,-25.883575,215.746292,214.980469,0.000000,0.000000,0.000000,235132.000000,142662.000000,47854.000000,4787.000000,1436.000000,133.000000,199.000000,60753.000000,47133.000000
0.000000,-25.880161,215.746292,214.980469,0.000000,0.000000,0.000000,235428.000000,142907.000000,47854.000000,4797.000000,1436.000000,99.000000,64.000000,60765.000000,47156.000000
0.000000,-25.884232,215.746292,214.980469,0.000000,0.000000,0.000000,235596.000000,143042.000000,47854.000000,4803.000000,1436.000000,99.000000,64.000000,60776.000000,47172.000000
0.000000,-25.890924,215.746292,214.980469,0.000000,0.000000,0.000000,235604.000000,143042.000000,47854.000000,4803.000000,1436.000000,16483.000000,65.000000,60809.000000,47196.000000
0.000000,-25.886417,215.746292,214.980469,0.000000,0.000000,0.000000,235778.000000,143172.000000,47854.000000,4806.000000,1436.000000,99.000000,67.000000,60824.000000,47212.000000
0.000000,-25.892263,215.746292,214.980469,0.000000,0.000000,0.000000,236094.000000,143433.000000,47854.000000,4814.000000,1436.000000,96.000000,67.000000,60837.000000,47234.000000
0.000000,-25.887402,215.746292,214.980469,0.000000,0.000000,0.000000,236393.000000,143562.000000,47986.000000,4818.000000,1439.000000,96.000000,199.000000,60848.000000,47246.000000
0.000000,-25.889095,215.746292,214.980469,0.000000,0.000000,0.000000,236558.000000,143691.000000,47986.000000,4823.000000,1439.000000,16448.000000,64.000000,60876.000000,47270.000000
0.000000,-25.890707,215.746292,214.980469,0.000000,0.000000,0.000000,236558.000000,143691.000000,47986.000000,4823.000000,1439.000000,16448.000000,64.000000,60899.000000,47286.000000
0.000000,-25.894886,215.746292,214.980469,0.000000,0.000000,0.000000,236726.000000,143821.000000,47986.000000,4828.000000,1439.000000,199.000000,65.000000,60922.000000,47310.000000
0.000000,-25.895870,215.746292,214.980469,0.000000,0.000000,0.000000,236900.000000,143952.000000,47986.000000,4831.000000,1439.000000,199.000000,67.000000,60932.000000,47325.000000
0.000000,-25.887701,215.746292,214.980469,0.000000,0.000000,0.000000,237091.000000,144086.000000,47986.000000,4835.000000,1439.000000,99.000000,67.000000,60948.000000,47349.000000
0.000000,-25.884094,215.746292,214.980469,0.000000,0.000000,0.000000,237397.000000,144220.000000,48117.000000,4838.000000,1444.000000,99.000000,199.000000,60953.000000,47361.000000
0.000000,-25.885242,215.746292,214.980469,0.000000,0.000000,0.000000,237709.000000,144481.000000,48117.000000,4845.000000,1444.000000,64.000000,64.000000,60966.000000,47384.000000
0.000000,-25.882318,215.746292,214.980469,0.000000,0.000000,0.000000,237877.000000,144618.000000,48117.000000,4851.000000,1444.000000,231.000000,64.000000,60974.000000,47399.000000
0.000000,-25.891581,215.746292,214.980469,0.000000,0.000000,0.000000,237884.000000,144618.000000,48117.000000,4851.000000,1444.000000,4128.000000,64.000000,61013.000000,47423.000000
0.000000,-25.892509,215.746292,214.980469,0.000000,0.000000,0.000000,238048.000000,144739.000000,48117.000000,4855.000000,1444.000000,133.000000,67.000000,61029.000000,47439.000000
0.000000,-25.892237,215.746292,214.980469,0.000000,0.000000,0.000000,238253.000000,144887.000000,48117.000000,4862.000000,1444.000000,99.000000,67.000000,61045.000000,47463.000000
0.000000,-25.892975,215.746292,214.980469,0.000000,0.000000,0.000000,238549.000000,145020.000000,48248.000000,4866.000000,1448.000000,99.000000,199.000000,61051.000000,47475.000000
0.000000,-25.898138,215.746292,214.980469,0.000000,0.000000,0.000000,238693.000000,145150.000000,48248.000000,4869.000000,1448.000000,199.000000,64.000000,61077.000000,47498.000000
0.000000,-25.898220,215.746292,214.980469,0.000000,0.000000,0.000000,238693.000000,145150.000000,48248.000000,4869.000000,1448.000000,199.000000,64.000000,61101.000000,47513.000000
0.000000,-25.901361,215.746292,214.980469,0.000000,0.000000,0.000000,238726.000000,145150.000000,48248.000000,4869.000000,1448.000000,99.000000,65.000000,61130.000000,47537.000000
0.000000,-25.899559,215.746292,214.980469,0.000000,0.000000,0.000000,238739.000000,145150.000000,48248.000000,4869.000000,1448.000000,99.000000,67.000000,61153.000000,47553.000000
0.000000,-25.894751,215.746292,214.980469,0.000000,0.000000,0.000000,238885.000000,145284.000000,48248.000000,4873.000000,1448.000000,64.000000,67.000000,61181.000000,47576.000000
0.000000,-25.901388,215.746292,214.980469,0.000000,0.000000,0.000000,239033.000000,145284.000000,48379.000000,4873.000000,1452.000000,99.000000,199.000000,61204.000000,47588.000000
0.000000,-25.903275,215.746292,214.980469,0.000000,0.000000,0.000000,239040.000000,145284.000000,48379.000000,4873.000000,1452.000000,99.000000,64.000000,61240.000000,47612.000000
0.000000,-25.895351,215.746292,214.980469,0.000000,0.000000,0.000000,239040.000000,145284.000000,48379.000000,4873.000000,1452.000000,99.000000,64.000000,61263.000000,47628.000000
0.000000,-25.892128,215.746292,214.980469,0.000000,0.000000,0.000000,239049.000000,145284.000000,48379.000000,4873.000000,1452.000000,99.000000,65.000000,61298.000000,47651.000000
0.000000,-25.887291,215.746292,214.980469,0.000000,0.000000,0.000000,239200.000000,145413.000000,48379.000000,4876.000000,1452.000000,64.000000,67.000000,61313.000000,47666.000000
0.000000,-25.889013,215.746292,214.980469,0.000000,0.000000,0.000000,239210.000000,145413.000000,48379.000000,4876.000000,1452.000000,65.000000,67.000000,61349.000000,47690.000000
0.000000,-25.897236,215.746292,214.980469,0.000000,0.000000,0.000000,239227.000000,145413.000000,48379.000000,4876.000000,1452.000000,67.000000,67.000000,61371.000000,47706.000000
0.000000,-25.899914,215.746292,214.980469,0.000000,0.000000,0.000000,239366.000000,145413.000000,48513.000000,4876.000000,1456.000000,67.000000,199.000000,61406.000000,47726.000000
0.000000,-25.898520,215.746292,214.980469,0.000000,0.000000,0.000000,239366.000000,145413.000000,48513.000000,4876.000000,1456.000000,67.000000,199.000000,61430.000000,47742.000000
0.000000,-25.894121,215.746292,214.980469,0.000000,0.000000,0.000000,239505.000000,145544.000000,48513.000000,4880.000000,1456.000000,64.000000,64.000000,61458.000000,47765.000000
0.000000,-25.895325,215.746292,214.980469,0.000000,0.000000,0.000000,239524.000000,145544.000000,48513.000000,4880.000000,1456.000000,65.000000,65.000000,61480.000000,47781.000000
0.000000,-25.897728,215.746292,214.980469,0.000000,0.000000,0.000000,239542.000000,145544.000000,48513.000000,4880.000000,1456.000000,67.000000,67.000000,61512.000000,47804.000000
0.000000,-25.896936,215.746292,214.980469,0.000000,0.000000,0.000000,239688.000000,145677.000000,48513.000000,4883.000000,1456.000000,199.000000,67.000000,61527.000000,47820.000000
0.000000,-25.905296,215.746292,214.980469,0.000000,0.000000,0.000000,239834.000000,145677.000000,48645.000000,4883.000000,1460.000000,65.000000,64.000000,61562.000000,47839.000000
0.000000,-25.908985,215.746292,214.980469,0.000000,0.000000,0.000000,239834.000000,145677.000000,48645.000000,4883.000000,1460.000000,65.000000,64.000000,61586.000000,47854.000000
0.000000,-25.895761,215.746292,214.980469,0.000000,0.000000,0.000000,239847.000000,145677.000000,48645.000000,4883.000000,1460.000000,67.000000,64.000000,61621.000000,47878.000000
0.000000,-25.896498,215.746292,214.980469,0.000000,0.000000,0.000000,239859.000000,145677.000000,48645.000000,4883.000000,1460.000000,67.000000,65.000000,61645.000000,47894.000000
0.000000,-25.894669,215.746292,214.980469,0.000000,0.000000,0.000000,240007.000000,145812.000000,48645.000000,4887.000000,1460.000000,64.000000,67.000000,61672.000000,47918.000000
0.000000,-25.901335,215.746292,214.980469,0.000000,0.000000,0.000000,240020.000000,145812.000000,48645.000000,4887.000000,1460.000000,65.000000,67.000000,61696.000000,47933.000000
0.000000,-25.908028,215.746292,214.980469,0.000000,0.000000,0.000000,240220.000000,145857.000000,48776.000000,4888.000000,1466.000000,231.000000,199.000000,61728.000000,47950.000000
0.000000,-25.905378,215.746292,214.980469,0.000000,0.000000,0.000000,240317.000000,145947.000000,48776.000000,4890.000000,1466.000000,97.000000,199.000000,61746.000000,47966.000000
0.000000,-25.904913,215.746292,214.980469,0.000000,0.000000,0.000000,240327.000000,145947.000000,48776.000000,4890.000000,1466.000000,99.000000,64.000000,61781.000000,47990.000000
0.000000,-25.896526,215.746292,214.980469,0.000000,0.000000,0.000000,240483.000000,146081.000000,48776.000000,4893.000000,1466.000000,96.000000,64.000000,61795.000000,48006.000000
0.000000,-25.905077,215.746292,214.980469,0.000000,0.000000,0.000000,240495.000000,146081.000000,48776.000000,4893.000000,1466.000000,97.000000,67.000000,61831.000000,48029.000000
0.000000,-25.903246,215.746292,214.980469,0.000000,0.000000,0.000000,240513.000000,146081.000000,48776.000000,4893.000000,1466.000000,99.000000,67.000000,61855.000000,48045.000000
0.000000,-25.898821,215.746292,214.980469,0.000000,0.000000,0.000000,240662.000000,146215.000000,48776.000000,4898.000000,1466.000000,199.000000,67.000000,61881.000000,48068.000000
0.000000,-25.897728,215.746292,214.980469,0.000000,0.000000,0.000000,240664.000000,146215.000000,48776.000000,4898.000000,1466.000000,96.000000,67.000000,61907.000000,48084.000000
0.000000,-25.893602,215.746292,214.980469,0.000000,0.000000,0.000000,240990.000000,146349.000000,48908.000000,4902.000000,1470.000000,99.000000,64.000000,61926.000000,48103.000000
0.000000,-25.900570,215.746292,214.980469,0.000000,0.000000,0.000000,241135.000000,146482.000000,48908.000000,4906.000000,1470.000000,96.000000,64.000000,61942.000000,48118.000000
0.000000,-25.900951,215.746292,214.980469,0.000000,0.000000,0.000000,241304.000000,146615.000000,48908.000000,4910.000000,1470.000000,231.000000,65.000000,61969.000000,48142.000000
0.000000,-25.893658,215.746292,214.980469,0.000000,0.000000,0.000000,241483.000000,146748.000000,48908.000000,4913.000000,1470.000000,33.000000,67.000000,61978.000000,48158.000000
0.000000,-25.892920,215.746292,214.980469,0.000000,0.000000,0.000000,241773.000000,146983.000000,48908.000000,4921.000000,1470.000000,133.000000,67.000000,61991.000000,48182.000000
0.000000,-25.900051,215.746292,214.980469,0.000000,0.000000,0.000000,241915.000000,147092.000000,48908.000000,4927.000000,1470.000000,133.000000,67.000000,62003.000000,48197.000000
0.000000,-25.895870,215.746292,214.980469,0.000000,0.000000,0.000000,242100.000000,147142.000000,49039.000000,4930.000000,1473.000000,135.000000,199.000000,62036.000000,48216.000000
0.000000,-25.896580,215.746292,214.980469,0.000000,0.000000,0.000000,242125.000000,147142.000000,49039.000000,4930.000000,1473.000000,99.000000,64.000000,62057.000000,48232.000000
0.000000,-25.893740,215.746292,214.980469,0.000000,0.000000,0.000000,242279.000000,147271.000000,49039.000000,4934.000000,1473.000000,96.000000,64.000000,62083.000000,48256.000000
0.000000,-25.894068,215.746292,214.980469,0.000000,0.000000,0.000000,242316.000000,147271.000000,49039.000000,4934.000000,1473.000000,99.000000,67.000000,62104.000000,48272.000000
0.000000,-25.896963,215.746292,214.980469,0.000000,0.000000,0.000000,242758.000000,147538.000000,49170.000000,4942.000000,1476.000000,231.000000,199.000000,62118.000000,48291.000000
0.000000,-25.902973,215.746292,214.980469,0.000000,0.000000,0.000000,242921.000000,147669.000000,49170.000000,4945.000000,1476.000000,199.000000,199.000000,62132.000000,48306.000000
0.000000,-25.902428,215.746292,214.980469,0.000000,0.000000,0.000000,243113.000000,147801.000000,49170.000000,4949.000000,1476.000000,99.000000,64.000000,62152.000000,48331.000000
0.000000,-25.906935,215.746292,214.980469,0.000000,0.000000,0.000000,243270.000000,147931.000000,49170.000000,4954.000000,1476.000000,96.000000,64.000000,62166.000000,48346.000000
0.000000,-25.899231,215.746292,214.980469,0.000000,0.000000,0.000000,243442.000000,148062.000000,49170.000000,4958.000000,1476.000000,96.000000,67.000000,62193.000000,48370.000000
0.000000,-25.892427,215.746292,214.980469,0.000000,0.000000,0.000000,243476.000000,148062.000000,49170.000000,4958.000000,1476.000000,99.000000,67.000000,62210.000000,48385.000000
0.000000,-25.895952,215.746292,214.980469,0.000000,0.000000,0.000000,243780.000000,148191.000000,49304.000000,4963.000000,1480.000000,99.000000,199.000000,62233.000000,48404.000000
0.000000,-25.902264,215.746292,214.980469,0.000000,0.000000,0.000000,243919.000000,148325.000000,49304.000000,4967.000000,1480.000000,231.000000,199.000000,62250.000000,48420.000000
0.000000,-25.897236,215.746292,214.980469,0.000000,0.000000,0.000000,243929.000000,148325.000000,49304.000000,4967.000000,1480.000000,96.000000,64.000000,62285.000000,48444.000000
0.000000,-25.903193,215.746292,214.980469,0.000000,0.000000,0.000000,243941.000000,148325.000000,49304.000000,4967.000000,1480.000000,99.000000,64.000000,62309.000000,48459.000000
0.000000,-25.904394,215.746292,214.980469,0.000000,0.000000,0.000000,243954.000000,148325.000000,49304.000000,4967.000000,1480.000000,99.000000,67.000000,62344.000000,48482.000000
0.000000,-25.901745,215.746292,214.980469,0.000000,0.000000,0.000000,244101.000000,148456.000000,49304.000000,4971.000000,1480.000000,199.000000,67.000000,62360.000000,48498.000000
0.000000,-25.908274,215.746292,214.980469,0.000000,0.000000,0.000000,244355.000000,148541.000000,49436.000000,4974.000000,1484.000000,133.000000,199.000000,62389.000000,48518.000000
0.000000,-25.911142,215.746292,214.980469,0.000000,0.000000,0.000000,244564.000000,148720.000000,49436.000000,4980.000000,1484.000000,231.000000,199.000000,62394.000000,48534.000000
0.000000,-25.902674,215.746292,214.980469,0.000000,0.000000,0.000000,244734.000000,148853.000000,49436.000000,4984.000000,1484.000000,96.000000,64.000000,62420.000000,48558.000000
0.000000,-25.907125,215.746292,214.980469,0.000000,0.000000,0.000000,244902.000000,148983.000000,49436.000000,4987.000000,1484.000000,64.000000,65.000000,62431.000000,48573.000000
0.000000,-25.904968,215.746292,214.980469,0.000000,0.000000,0.000000,244926.000000,148983.000000,49436.000000,4987.000000,1484.000000,99.000000,67.000000,62465.000000,48596.000000
0.000000,-25.902182,215.746292,214.980469,0.000000,0.000000,0.000000,244949.000000,148983.000000,49436.000000,4987.000000,1484.000000,99.000000,67.000000,62485.000000,48612.000000
0.000000,-25.908520,215.746292,214.980469,0.000000,0.000000,0.000000,245216.000000,149115.000000,49565.000000,4990.000000,1488.000000,199.000000,64.000000,62512.000000,48631.000000
0.000000,-25.904749,215.746292,214.980469,0.000000,0.000000,0.000000,245216.000000,149115.000000,49565.000000,4990.000000,1488.000000,199.000000,64.000000,62536.000000,48646.000000
0.000000,-25.906881,215.746292,214.980469,0.000000,0.000000,0.000000,245389.000000,149247.000000,49565.000000,4994.000000,1488.000000,199.000000,65.000000,62588.000000,48686.000000
0.000000,-25.906662,215.746292,214.980469,0.000000,0.000000,0.000000,245406.000000,149247.000000,49565.000000,4994.000000,1488.000000,96.000000,67.000000,62622.000000,48710.000000
0.000000,-25.909994,215.746292,214.980469,0.000000,0.000000,0.000000,245419.000000,149247.000000,49565.000000,4994.000000,1488.000000,99.000000,67.000000,62646.000000,48726.000000
0.000000,-25.913328,215.746292,214.980469,0.000000,0.000000,0.000000,245567.000000,149376.000000,49565.000000,4998.000000,1488.000000,135.000000,67.000000,62672.000000,48748.000000
0.000000,-25.908218,215.746292,214.980469,0.000000,0.000000,0.000000,245598.000000,149376.000000,49565.000000,4998.000000,1488.000000,99.000000,67.000000,62686.000000,48764.000000
0.000000,-25.907482,215.746292,214.980469,0.000000,0.000000,0.000000,246036.000000,149643.000000,49698.000000,5006.000000,1492.000000,33.000000,199.000000,62701.000000,48782.000000
0.000000,-25.910568,215.746292,214.980469,0.000000,0.000000,0.000000,246208.000000,149775.000000,49698.000000,5010.000000,1492.000000,99.000000,64.000000,62710.000000,48798.000000
0.000000,-25.901470,215.746292,214.980469,0.000000,0.000000,0.000000,246477.000000,149988.000000,49698.000000,5021.000000,1492.000000,133.000000,65.000000,62731.000000,48822.000000
0.000000,-25.900623,215.746292,214.980469,0.000000,0.000000,0.000000,246557.000000,150035.000000,49698.000000,5023.000000,1492.000000,16483.000000,67.000000,62745.000000,48837.000000
0.000000,-25.907591,215.746292,214.980469,0.000000,0.000000,0.000000,246837.000000,150170.000000,49828.000000,5027.000000,1496.000000,231.000000,199.000000,62771.000000,48856.000000
0.000000,-25.910679,215.746292,214.980469,0.000000,0.000000,0.000000,247007.000000,150304.000000,49828.000000,5030.000000,1496.000000,33.000000,199.000000,62778.000000,48873.000000
0.000000,-25.903383,215.746292,214.980469,0.000000,0.000000,0.000000,247186.000000,150436.000000,49828.000000,5034.000000,1496.000000,99.000000,64.000000,62796.000000,48896.000000
0.000000,-25.907618,215.746292,214.980469,0.000000,0.000000,0.000000,247359.000000,150570.000000,49828.000000,5039.000000,1496.000000,99.000000,64.000000,62804.000000,48911.000000
0.000000,-25.911880,215.746292,214.980469,0.000000,0.000000,0.000000,247507.000000,150702.000000,49828.000000,5043.000000,1496.000000,96.000000,67.000000,62834.000000,48935.000000
0.000000,-25.913765,215.746292,214.980469,0.000000,0.000000,0.000000,247521.000000,150702.000000,49828.000000,5043.000000,1496.000000,97.000000,67.000000,62857.000000,48951.000000
0.000000,-25.909065,215.746292,214.980469,0.000000,0.000000,0.000000,247581.000000,150732.000000,49828.000000,5044.000000,1496.000000,231.000000,67.000000,62889.000000,48975.000000
0.000000,-25.906115,215.746292,214.980469,0.000000,0.000000,0.000000,247815.000000,150936.000000,49828.000000,5050.000000,1496.000000,133.000000,67.000000,62896.000000,48991.000000
0.000000,-25.904367,215.746292,214.980469,0.000000,0.000000,0.000000,248170.000000,151094.000000,49962.000000,5057.000000,1500.000000,99.000000,199.000000,62908.000000,49010.000000
0.000000,-25.902727,215.746292,214.980469,0.000000,0.000000,0.000000,248341.000000,151223.000000,49962.000000,5061.000000,1500.000000,99.000000,64.000000,62917.000000,49025.000000
0.000000,-25.904121,215.746292,214.980469,0.000000,0.000000,0.000000,248487.000000,151356.000000,49962.000000,5064.000000,1500.000000,96.000000,65.000000,62946.000000,49049.000000
0.000000,-25.908165,215.746292,214.980469,0.000000,0.000000,0.000000,248521.000000,151356.000000,49962.000000,5064.000000,1500.000000,99.000000,67.000000,62966.000000,49065.000000
0.000000,-25.900023,215.746292,214.980469,0.000000,0.000000,0.000000,248825.000000,151621.000000,49962.000000,5072.000000,1500.000000,64.000000,67.000000,62984.000000,49089.000000
0.000000,-25.899586,215.746292,214.980469,0.000000,0.000000,0.000000,248825.000000,151621.000000,49962.000000,5072.000000,1500.000000,64.000000,67.000000,63008.000000,49104.000000
0.000000,-25.902182,215.746292,214.980469,0.000000,0.000000,0.000000,248965.000000,151621.000000,50094.000000,5072.000000,1504.000000,64.000000,199.000000,63043.000000,49124.000000
0.000000,-25.906744,215.746292,214.980469,0.000000,0.000000,0.000000,248980.000000,151621.000000,50094.000000,5072.000000,1504.000000,67.000000,64.000000,63066.000000,49140.000000
0.000000,-25.911333,215.746292,214.980469,0.000000,0.000000,0.000000,249134.000000,151754.000000,50094.000000,5075.000000,1504.000000,64.000000,65.000000,63094.000000,49163.000000
0.000000,-25.907755,215.746292,214.980469,0.000000,0.000000,0.000000,249147.000000,151754.000000,50094.000000,5075.000000,1504.000000,64.000000,67.000000,63118.000000,49179.000000
0.000000,-25.905378,215.746292,214.980469,0.000000,0.000000,0.000000,249246.000000,151826.000000,50094.000000,5079.000000,1504.000000,133.000000,67.000000,63145.000000,49202.000000
0.000000,-25.903465,215.746292,214.980469,0.000000,0.000000,0.000000,249307.000000,151883.000000,50094.000000,5081.000000,1504.000000,64.000000,67.000000,63166.000000,49218.000000
0.000000,-25.909311,215.746292,214.980469,0.000000,0.000000,0.000000,249453.000000,151883.000000,50225.000000,5081.000000,1508.000000,64.000000,64.000000,63201.000000,49238.000000
0.000000,-25.905296,215.746292,214.980469,0.000000,0.000000,0.000000,249481.000000,151883.000000,50225.000000,5081.000000,1508.000000,99.000000,64.000000,63223.000000,49254.000000
0.000000,-25.910433,215.746292,214.980469,0.000000,0.000000,0.000000,249633.000000,152019.000000,50225.000000,5085.000000,1508.000000,33.000000,67.000000,63249.000000,49277.000000
0.000000,-25.900515,215.746292,214.980469,0.000000,0.000000,0.000000,249674.000000,152031.000000,50225.000000,5087.000000,1508.000000,133.000000,67.000000,63270.000000,49292.000000
0.000000,-25.902756,215.746292,214.980469,0.000000,0.000000,0.000000,249975.000000,152288.000000,50225.000000,5097.000000,1508.000000,32.000000,67.000000,63286.000000,49316.000000
0.000000,-25.907154,215.746292,214.980469,0.000000,0.000000,0.000000,250142.000000,152419.000000,50225.000000,5100.000000,1508.000000,99.000000,67.000000,63294.000000,49332.000000
0.000000,-25.901253,215.746292,214.980469,0.000000,0.000000,0.000000,250544.000000,152636.000000,50355.000000,5106.000000,1512.000000,133.000000,64.000000,63313.000000,49352.000000
0.000000,-25.893875,215.746292,214.980469,0.000000,0.000000,0.000000,250752.000000,152809.000000,50355.000000,5111.000000,1512.000000,135.000000,64.000000,63322.000000,49367.000000
0.000000,-25.903439,215.746292,214.980469,0.000000,0.000000,0.000000,250945.000000,152938.000000,50355.000000,5115.000000,1512.000000,99.000000,65.000000,63344.000000,49391.000000
0.000000,-25.907673,215.746292,214.980469,0.000000,0.000000,0.000000,251121.000000,153072.000000,50355.000000,5121.000000,1512.000000,99.000000,67.000000,63351.000000,49407.000000
0.000000,-25.911907,215.746292,214.980469,0.000000,0.000000,0.000000,251265.000000,153203.000000,50355.000000,5124.000000,1512.000000,32.000000,67.000000,63380.000000,49430.000000
0.000000,-25.908192,215.746292,214.980469,0.000000,0.000000,0.000000,251272.000000,153203.000000,50355.000000,5124.000000,1512.000000,32.000000,67.000000,63403.000000,49446.000000
0.000000,-25.912235,215.746292,214.980469,0.000000,0.000000,0.000000,251425.000000,153203.000000,50485.000000,5124.000000,1515.000000,99.000000,199.000000,63439.000000,49465.000000
0.000000,-25.914011,215.746292,214.980469,0.000000,0.000000,0.000000,251566.000000,153334.000000,50485.000000,5129.000000,1515.000000,199.000000,64.000000,63457.000000,49481.000000
0.000000,-25.915813,215.746292,214.980469,0.000000,0.000000,0.000000,251595.000000,153334.000000,50485.000000,5129.000000,1515.000000,99.000000,64.000000,63489.000000,49505.000000
0.000000,-25.916607,215.746292,214.980469,0.000000,0.000000,0.000000,251740.000000,153467.000000,50485.000000,5133.000000,1515.000000,199.000000,65.000000,63503.000000,49521.000000
0.000000,-25.912645,215.746292,214.980469,0.000000,0.000000,0.000000,251757.000000,153467.000000,50485.000000,5133.000000,1515.000000,96.000000,67.000000,63539.000000,49544.000000
0.000000,-25.914312,215.746292,214.980469,0.000000,0.000000,0.000000,251757.000000,153467.000000,50485.000000,5133.000000,1515.000000,96.000000,67.000000,63563.000000,49559.000000
0.000000,-25.911224,215.746292,214.980469,0.000000,0.000000,0.000000,251772.000000,153467.000000,50485.000000,5133.000000,1515.000000,99.000000,67.000000,63599.000000,49583.000000
0.000000,-25.906689,215.746292,214.980469,0.000000,0.000000,0.000000,251905.000000,153467.000000,50615.000000,5133.000000,1520.000000,99.000000,199.000000,63622.000000,49594.000000
0.000000,-25.906525,215.746292,214.980469,0.000000,0.000000,0.000000,251919.000000,153467.000000,50615.000000,5133.000000,1520.000000,99.000000,64.000000,63657.000000,49618.000000
0.000000,-25.909914,215.746292,214.980469,0.000000,0.000000,0.000000,251925.000000,153467.000000,50615.000000,5133.000000,1520.000000,99.000000,65.000000,63681.000000,49633.000000
0.000000,-25.913301,215.746292,214.980469,0.000000,0.000000,0.000000,252068.000000,153598.000000,50615.000000,5136.000000,1520.000000,199.000000,67.000000,63708.000000,49657.000000
0.000000,-25.914776,215.746292,214.980469,0.000000,0.000000,0.000000,252068.000000,153598.000000,50615.000000,5136.000000,1520.000000,199.000000,67.000000,63732.000000,49673.000000
0.000000,-25.905897,215.746292,214.980469,0.000000,0.000000,0.000000,252279.000000,153743.000000,50615.000000,5143.000000,1520.000000,231.000000,67.000000,63749.000000,49697.000000
0.000000,-25.909449,215.746292,214.980469,0.000000,0.000000,0.000000,252574.000000,153868.000000,50747.000000,5147.000000,1524.000000,133.000000,199.000000,63764.000000,49708.000000
0.000000,-25.913000,215.746292,214.980469,0.000000,0.000000,0.000000,252880.000000,154135.000000,50747.000000,5159.000000,1524.000000,97.000000,64.000000,63778.000000,49731.000000
0.000000,-25.914558,215.746292,214.980469,0.000000,0.000000,0.000000,253042.000000,154265.000000,50747.000000,5163.000000,1524.000000,96.000000,65.000000,63789.000000,49747.000000
0.000000,-25.903931,215.746292,214.980469,0.000000,0.000000,0.000000,253243.000000,154398.000000,50747.000000,5166.000000,1524.000000,99.000000,67.000000,63811.000000,49771.000000
0.000000,-25.908028,215.746292,214.980469,0.000000,0.000000,0.000000,253407.000000,154532.000000,50747.000000,5169.000000,1524.000000,99.000000,67.000000,63823.000000,49787.000000
0.000000,-25.906498,215.746292,214.980469,0.000000,0.000000,0.000000,253717.000000,154793.000000,50747.000000,5176.000000,1524.000000,96.000000,67.000000,63837.000000,49810.000000
0.000000,-25.904257,215.746292,214.980469,0.000000,0.000000,0.000000,253883.000000,154793.000000,50881.000000,5176.000000,1527.000000,107.000000,8.000000,63857.000000,49822.000000
0.000000,-25.899448,215.746292,214.980469,0.000000,0.000000,0.000000,254048.000000,154927.000000,50881.000000,5180.000000,1527.000000,99.000000,72.000000,63879.000000,49845.000000
0.000000,-25.904778,215.746292,214.980469,0.000000,0.000000,0.000000,254197.000000,155061.000000,50881.000000,5184.000000,1527.000000,97.000000,73.000000,63891.000000,49861.000000
0.000000,-25.905378,215.746292,214.980469,0.000000,0.000000,0.000000,254217.000000,155061.000000,50881.000000,5184.000000,1527.000000,99.000000,75.000000,63928.000000,49885.000000
0.000000,-25.909065,215.746292,214.980469,0.000000,0.000000,0.000000,254217.000000,155061.000000,50881.000000,5184.000000,1527.000000,99.000000,75.000000,63952.000000,49900.000000
0.000000,-25.912783,215.746292,214.980469,0.000000,0.000000,0.000000,254498.000000,155194.000000,51012.000000,5189.000000,1531.000000,64.000000,199.000000,63980.000000,49919.000000
0.000000,-25.908821,215.746292,214.980469,0.000000,0.000000,0.000000,254533.000000,155194.000000,51012.000000,5189.000000,1531.000000,99.000000,64.000000,64004.000000,49935.000000
0.000000,-25.912619,215.746292,214.980469,0.000000,0.000000,0.000000,254678.000000,155328.000000,51012.000000,5192.000000,1531.000000,96.000000,65.000000,64031.000000,49959.000000
0.000000,-25.907700,215.746292,214.980469,0.000000,0.000000,0.000000,254689.000000,155328.000000,51012.000000,5192.000000,1531.000000,97.000000,67.000000,64055.000000,49974.000000
0.000000,-25.905323,215.746292,214.980469,0.000000,0.000000,0.000000,254704.000000,155328.000000,51012.000000,5192.000000,1531.000000,99.000000,67.000000,64091.000000,49997.000000
0.000000,-25.909012,215.746292,214.980469,0.000000,0.000000,0.000000,254704.000000,155328.000000,51012.000000,5192.000000,1531.000000,99.000000,67.000000,64115.000000,50013.000000
0.000000,-25.907125,215.746292,214.980469,0.000000,0.000000,0.000000,254875.000000,155458.000000,51012.000000,5196.000000,1531.000000,99.000000,67.000000,64135.000000,50037.000000
0.000000,-25.910322,215.746292,214.980469,0.000000,0.000000,0.000000,255012.000000,155458.000000,51145.000000,5196.000000,1535.000000,99.000000,64.000000,64158.000000,50047.000000
0.000000,-25.902182,215.746292,214.980469,0.000000,0.000000,0.000000,255157.000000,155587.000000,51145.000000,5200.000000,1535.000000,64.000000,64.000000,64185.000000,50071.000000
0.000000,-25.906744,215.746292,214.980469,0.000000,0.000000,0.000000,255168.000000,155587.000000,51145.000000,5200.000000,1535.000000,65.000000,65.000000,64209.000000,50086.000000
0.000000,-25.905733,215.746292,214.980469,0.000000,0.000000,0.000000,255262.000000,155655.000000,51145.000000,5202.000000,1535.000000,133.000000,67.000000,64238.000000,50109.000000
0.000000,-25.909311,215.746292,214.980469,0.000000,0.000000,0.000000,255326.000000,155719.000000,51145.000000,5204.000000,1535.000000,199.000000,67.000000,64258.000000,50125.000000
0.000000,-25.912918,215.746292,214.980469,0.000000,0.000000,0.000000,255339.000000,155719.000000,51145.000000,5204.000000,1535.000000,64.000000,67.000000,64293.000000,50149.000000
0.000000,-25.914530,215.746292,214.980469,0.000000,0.000000,0.000000,255488.000000,155719.000000,51276.000000,5204.000000,1539.000000,99.000000,199.000000,64313.000000,50160.000000
0.000000,-25.916115,215.746292,214.980469,0.000000,0.000000,0.000000,255639.000000,155848.000000,51276.000000,5211.000000,1539.000000,96.000000,64.000000,64342.000000,50184.000000
0.000000,-25.916824,215.746292,214.980469,0.000000,0.000000,0.000000,255660.000000,155848.000000,51276.000000,5211.000000,1539.000000,99.000000,65.000000,64363.000000,50200.000000
0.000000,-25.907154,215.746292,214.980469,0.000000,0.000000,0.000000,255810.000000,155981.000000,51276.000000,5215.000000,1539.000000,199.000000,67.000000,64389.000000,50224.000000
0.000000,-25.910351,215.746292,214.980469,0.000000,0.000000,0.000000,255825.000000,155981.000000,51276.000000,5215.000000,1539.000000,99.000000,67.000000,64410.000000,50240.000000
0.000000,-25.906963,215.746292,214.980469,0.000000,0.000000,0.000000,255841.000000,155981.000000,51276.000000,5215.000000,1539.000000,99.000000,67.000000,64443.000000,50262.000000
0.000000,-25.910213,215.746292,214.980469,0.000000,0.000000,0.000000,255981.000000,156111.000000,51276.000000,5218.000000,1539.000000,64.000000,67.000000,64461.000000,50278.000000
0.000000,-25.913465,215.746292,214.980469,0.000000,0.000000,0.000000,256142.000000,156111.000000,51409.000000,5218.000000,1543.000000,99.000000,64.000000,64492.000000,50297.000000
0.000000,-25.914913,215.746292,214.980469,0.000000,0.000000,0.000000,256287.000000,156241.000000,51409.000000,5221.000000,1543.000000,96.000000,64.000000,64506.000000,50313.000000
0.000000,-25.916361,215.746292,214.980469,0.000000,0.000000,0.000000,256416.000000,156341.000000,51409.000000,5224.000000,1543.000000,133.000000,65.000000,64533.000000,50337.000000
0.000000,-25.917017,215.746292,214.980469,0.000000,0.000000,0.000000,256449.000000,156373.000000,51409.000000,5228.000000,1543.000000,64.000000,65.000000,64555.000000,50352.000000
0.000000,-25.912045,215.746292,214.980469,0.000000,0.000000,0.000000,256489.000000,156373.000000,51409.000000,5228.000000,1543.000000,99.000000,67.000000,64586.000000,50376.000000
0.000000,-25.908274,215.746292,214.980469,0.000000,0.000000,0.000000,256632.000000,156507.000000,51409.000000,5231.000000,1543.000000,64.000000,67.000000,64603.000000,50391.000000
0.000000,-25.905678,215.746292,214.980469,0.000000,0.000000,0.000000,256933.000000,156640.000000,51539.000000,5235.000000,1547.000000,231.000000,64.000000,64626.000000,50411.000000
0.000000,-25.909285,215.746292,214.980469,0.000000,0.000000,0.000000,257099.000000,156771.000000,51539.000000,5238.000000,1547.000000,199.000000,64.000000,64642.000000,50427.000000
0.000000,-25.912891,215.746292,214.980469,0.000000,0.000000,0.000000,257273.000000,156902.000000,51539.000000,5243.000000,1547.000000,96.000000,64.000000,64657.000000,50450.000000
0.000000,-25.914503,215.746292,214.980469,0.000000,0.000000,0.000000,257274.000000,156902.000000,51539.000000,5243.000000,1547.000000,96.000000,64.000000,64682.000000,50466.000000
0.000000,-25.916088,215.746292,214.980469,0.000000,0.000000,0.000000,257301.000000,156902.000000,51539.000000,5243.000000,1547.000000,99.000000,67.000000,64716.000000,50490.000000
0.000000,-25.910213,215.746292,214.980469,0.000000,0.000000,0.000000,257472.000000,157032.000000,51539.000000,5246.000000,1547.000000,99.000000,67.000000,64729.000000,50506.000000
0.000000,-25.913465,215.746292,214.980469,0.000000,0.000000,0.000000,257639.000000,157162.000000,51539.000000,5250.000000,1547.000000,99.000000,67.000000,64751.000000,50528.000000
0.000000,-25.914913,215.746292,214.980469,0.000000,0.000000,0.000000,257914.000000,157294.000000,51672.000000,5254.000000,1551.000000,96.000000,199.000000,64763.000000,50538.000000
0.000000,-25.909750,215.746292,214.980469,0.000000,0.000000,0.000000,258154.000000,157474.000000,51672.000000,5260.000000,1551.000000,133.000000,64.000000,64775.000000,50562.000000
0.000000,-25.906635,215.746292,214.980469,0.000000,0.000000,0.000000,258304.000000,157593.000000,51672.000000,5263.000000,1551.000000,231.000000,64.000000,64791.000000,50578.000000
0.000000,-25.911280,215.746292,214.980469,0.000000,0.000000,0.000000,258432.000000,157693.000000,51672.000000,5265.000000,1551.000000,99.000000,65.000000,64818.000000,50602.000000
0.000000,-25.913301,215.746292,214.980469,0.000000,0.000000,0.000000,258601.000000,157823.000000,51672.000000,5270.000000,1551.000000,99.000000,67.000000,64827.000000,50617.000000
0.000000,-25.903166,215.746292,214.980469,0.000000,0.000000,0.000000,258749.000000,157956.000000,51672.000000,5275.000000,1551.000000,199.000000,67.000000,64855.000000,50641.000000
0.000000,-25.907454,215.746292,214.980469,0.000000,0.000000,0.000000,258910.000000,157956.000000,51804.000000,5275.000000,1554.000000,99.000000,199.000000,64875.000000,50651.000000
0.000000,-25.911772,215.746292,214.980469,0.000000,0.000000,0.000000,259063.000000,158089.000000,51804.000000,5278.000000,1554.000000,96.000000,64.000000,64900.000000,50675.000000
0.000000,-25.908054,215.746292,214.980469,0.000000,0.000000,0.000000,259080.000000,158089.000000,51804.000000,5278.000000,1554.000000,99.000000,64.000000,64925.000000,50691.000000
0.000000,-25.912153,215.746292,214.980469,0.000000,0.000000,0.000000,259252.000000,158226.000000,51804.000000,5283.000000,1554.000000,99.000000,65.000000,64943.000000,50714.000000
0.000000,-25.907372,215.746292,214.980469,0.000000,0.000000,0.000000,259390.000000,158357.000000,51804.000000,5286.000000,1554.000000,199.000000,67.000000,64960.000000,50730.000000
0.000000,-25.911743,215.746292,214.980469,0.000000,0.000000,0.000000,259402.000000,158357.000000,51804.000000,5286.000000,1554.000000,64.000000,67.000000,64995.000000,50754.000000
0.000000,-25.913656,215.746292,214.980469,0.000000,0.000000,0.000000,259546.000000,158357.000000,51933.000000,5286.000000,1559.000000,65.000000,64.000000,65017.000000,50765.000000
0.000000,-25.915569,215.746292,214.980469,0.000000,0.000000,0.000000,259563.000000,158357.000000,51933.000000,5286.000000,1559.000000,67.000000,64.000000,65053.000000,50788.000000
0.000000,-25.916416,215.746292,214.980469,0.000000,0.000000,0.000000,259563.000000,158357.000000,51933.000000,5286.000000,1559.000000,67.000000,64.000000,65077.000000,50803.000000
0.000000,-25.910679,215.746292,214.980469,0.000000,0.000000,0.000000,259706.000000,158487.000000,51933.000000,5290.000000,1559.000000,64.000000,65.000000,65104.000000,50827.000000
0.000000,-25.907290,215.746292,214.980469,0.000000,0.000000,0.000000,259735.000000,158487.000000,51933.000000,5290.000000,1559.000000,99.000000,67.000000,65122.000000,50843.000000
0.000000,-25.906061,215.746292,214.980469,0.000000,0.000000,0.000000,259899.000000,158619.000000,51933.000000,5293.000000,1559.000000,99.000000,67.000000,65145.000000,50867.000000
0.000000,-25.909557,215.746292,214.980469,0.000000,0.000000,0.000000,260038.000000,158619.000000,52064.000000,5293.000000,1562.000000,99.000000,199.000000,65168.000000,50877.000000
0.000000,-25.908329,215.746292,214.980469,0.000000,0.000000,0.000000,260180.000000,158749.000000,52064.000000,5297.000000,1562.000000,199.000000,64.000000,65198.000000,50901.000000
0.000000,-25.911198,215.746292,214.980469,0.000000,0.000000,0.000000,260186.000000,158749.000000,52064.000000,5297.000000,1562.000000,96.000000,64.000000,65221.000000,50916.000000
0.000000,-25.914093,215.746292,214.980469,0.000000,0.000000,0.000000,260197.000000,158749.000000,52064.000000,5297.000000,1562.000000,96.000000,64.000000,65256.000000,50940.000000
0.000000,-25.915350,215.746292,214.980469,0.000000,0.000000,0.000000,260209.000000,158749.000000,52064.000000,5297.000000,1562.000000,99.000000,65.000000,65280.000000,50956.000000
0.000000,-25.910023,215.746292,214.980469,0.000000,0.000000,0.000000,260382.000000,158879.000000,52064.000000,5301.000000,1562.000000,99.000000,67.000000,65303.000000,50979.000000
0.000000,-25.912399,215.746292,214.980469,0.000000,0.000000,0.000000,260537.000000,159012.000000,52064.000000,5309.000000,1562.000000,199.000000,67.000000,65318.000000,50995.000000
0.000000,-25.914804,215.746292,214.980469,0.000000,0.000000,0.000000,260679.000000,159012.000000,52197.000000,5309.000000,1567.000000,64.000000,199.000000,65352.000000,51015.000000
0.000000,-25.909285,215.746292,214.980469,0.000000,0.000000,0.000000,260679.000000,159012.000000,52197.000000,5309.000000,1567.000000,64.000000,199.000000,65376.000000,51031.000000
0.000000,-25.907290,215.746292,214.980469,0.000000,0.000000,0.000000,260841.000000,159143.000000,52197.000000,5312.000000,1567.000000,199.000000,64.000000,65400.000000,51055.000000
0.000000,-25.903849,215.746292,214.980469,0.000000,0.000000,0.000000,260852.000000,159143.000000,52197.000000,5312.000000,1567.000000,64.000000,65.000000,65424.000000,51069.000000
0.000000,-25.909557,215.746292,214.980469,0.000000,0.000000,0.000000,260860.000000,159143.000000,52197.000000,5312.000000,1567.000000,64.000000,67.000000,65460.000000,51093.000000
0.000000,-25.905487,215.746292,214.980469,0.000000,0.000000,0.000000,260880.000000,159143.000000,52197.000000,5312.000000,1567.000000,67.000000,67.000000,65484.000000,51109.000000
0.000000,-25.910568,215.746292,214.980469,0.000000,0.000000,0.000000,261154.000000,159270.000000,52329.000000,5317.000000,1573.000000,133.000000,199.000000,65513.000000,51129.000000
0.000000,-25.912809,215.746292,214.980469,0.000000,0.000000,0.000000,261160.000000,159272.000000,52329.000000,5318.000000,1573.000000,64.000000,199.000000,65537.000000,51145.000000
0.000000,-25.915049,215.746292,214.980469,0.000000,0.000000,0.000000,261171.000000,159272.000000,52329.000000,5318.000000,1573.000000,96.000000,64.000000,65573.000000,51168.000000
0.000000,-25.910433,215.746292,214.980469,0.000000,0.000000,0.000000,261186.000000,159272.000000,52329.000000,5318.000000,1573.000000,99.000000,65.000000,65596.000000,51184.000000
0.000000,-25.906990,215.746292,214.980469,0.000000,0.000000,0.000000,261199.000000,159272.000000,52329.000000,5318.000000,1573.000000,99.000000,67.000000,65630.000000,51207.000000
0.000000,-25.903629,215.746292,214.980469,0.000000,0.000000,0.000000,261207.000000,159272.000000,52329.000000,5318.000000,1573.000000,99.000000,67.000000,65654.000000,51223.000000
0.000000,-25.909422,215.746292,214.980469,0.000000,0.000000,0.000000,261350.000000,159272.000000,52460.000000,5318.000000,1576.000000,99.000000,199.000000,65690.000000,51242.000000
0.000000,-25.906361,215.746292,214.980469,0.000000,0.000000,0.000000,261350.000000,159272.000000,52460.000000,5318.000000,1576.000000,99.000000,199.000000,65714.000000,51258.000000
0.000000,-25.911116,215.746292,214.980469,0.000000,0.000000,0.000000,261486.000000,159404.000000,52460.000000,5322.000000,1576.000000,199.000000,64.000000,65744.000000,51282.000000
0.000000,-25.906607,215.746292,214.980469,0.000000,0.000000,0.000000,261508.000000,159404.000000,52460.000000,5322.000000,1576.000000,67.000000,64.000000,65766.000000,51298.000000
0.000000,-25.911251,215.746292,214.980469,0.000000,0.000000,0.000000,261520.000000,159404.000000,52460.000000,5322.000000,1576.000000,67.000000,67.000000,65801.000000,51322.000000
0.000000,-25.913301,215.746292,214.980469,0.000000,0.000000,0.000000,261664.000000,159534.000000,52460.000000,5326.000000,1576.000000,199.000000,67.000000,65817.000000,51337.000000
0.000000,-25.910597,215.746292,214.980469,0.000000,0.000000,0.000000,261691.000000,159534.000000,52460.000000,5326.000000,1576.000000,99.000000,67.000000,65850.000000,51360.000000
0.000000,-25.912836,215.746292,214.980469,0.000000,0.000000,0.000000,261691.000000,159534.000000,52460.000000,5326.000000,1576.000000,99.000000,67.000000,65873.000000,51376.000000
0.000000,-25.915077,215.746292,214.980469,0.000000,0.000000,0.000000,261829.000000,159534.000000,52594.000000,5326.000000,1581.000000,99.000000,199.000000,65908.000000,51396.000000
0.000000,-25.916088,215.746292,214.980469,0.000000,0.000000,0.000000,261838.000000,159534.000000,52594.000000,5326.000000,1581.000000,99.000000,64.000000,65932.000000,51412.000000
0.000000,-25.917070,215.746292,214.980469,0.000000,0.000000,0.000000,262005.000000,159663.000000,52594.000000,5330.000000,1581.000000,99.000000,65.000000,65958.000000,51435.000000
0.000000,-25.917509,215.746292,214.980469,0.000000,0.000000,0.000000,262153.000000,159792.000000,52594.000000,5335.000000,1581.000000,96.000000,67.000000,65972.000000,51451.000000
0.000000,-25.917946,215.746292,214.980469,0.000000,0.000000,0.000000,262346.000000,159925.000000,52594.000000,5339.000000,1581.000000,99.000000,67.000000,65994.000000,51475.000000
0.000000,-25.918137,215.746292,214.980469,0.000000,0.000000,0.000000,262512.000000,160059.000000,52594.000000,5343.000000,1581.000000,99.000000,67.000000,66005.000000,51491.000000
0.000000,-25.918327,215.746292,214.980469,0.000000,0.000000,0.000000,262952.000000,160325.000000,52727.000000,5350.000000,1585.000000,33.000000,199.000000,66017.000000,51509.000000
0.000000,-25.918438,215.746292,214.980469,0.000000,0.000000,0.000000,263118.000000,160459.000000,52727.000000,5354.000000,1585.000000,231.000000,64.000000,66032.000000,51525.000000
0.000000,-25.918520,215.746292,214.980469,0.000000,0.000000,0.000000,263287.000000,160589.000000,52727.000000,5357.000000,1585.000000,199.000000,65.000000,66059.000000,51549.000000
0.000000,-25.918573,215.746292,214.980469,0.000000,0.000000,0.000000,263304.000000,160589.000000,52727.000000,5357.000000,1585.000000,64.000000,67.000000,66083.000000,51565.000000
0.000000,-25.918573,215.746292,214.980469,0.000000,0.000000,0.000000,263323.000000,160589.000000,52727.000000,5357.000000,1585.000000,67.000000,67.000000,66116.000000,51589.000000
0.000000,-25.918573,215.746292,214.980469,0.000000,0.000000,0.000000,263323.000000,160589.000000,52727.000000,5357.000000,1585.000000,67.000000,67.000000,66140.000000,51604.000000
0.000000,-25.918573,215.746292,214.980469,0.000000,0.000000,0.000000,263460.000000,160589.000000,52860.000000,5357.000000,1588.000000,67.000000,199.000000,66176.000000,51624.000000
0.000000,-25.918573,215.746292,214.980469,0.000000,0.000000,0.000000,263607.000000,160719.000000,52860.000000,5361.000000,1588.000000,64.000000,64.000000,66191.000000,51639.000000
0.000000,-25.918573,215.746292,214.980469,0.000000,0.000000,0.000000,263616.000000,160719.000000,52860.000000,5361.000000,1588.000000,64.000000,65.000000,66226.000000,51662.000000
0.000000,-25.918573,215.746292,214.980469,0.000000,0.000000,0.000000,263629.000000,160719.000000,52860.000000,5361.000000,1588.000000,64.000000,67.000000,66249.000000,51678.000000
0.000000,-25.918573,215.746292,214.980469,0.000000,0.000000,0.000000,263636.000000,160719.000000,52860.000000,5361.000000,1588.000000,65.000000,67.000000,66284.000000,51701.000000
0.000000,-25.918573,215.746292,214.980469,0.000000,0.000000,0.000000,263636.000000,160719.000000,52860.000000,5361.000000,1588.000000,65.000000,67.000000,66308.000000,51717.000000
0.000000,-25.918573,215.746292,214.980469,0.000000,0.000000,0.000000,263784.000000,160719.000000,52991.000000,5361.000000,1592.000000,99.000000,199.000000,66344.000000,51736.000000
0.000000,-25.918573,215.746292,214.980469,0.000000,0.000000,0.000000,263791.000000,160719.000000,52991.000000,5361.000000,1592.000000,99.000000,64.000000,66367.000000,51752.000000
0.000000,-25.918573,215.746292,214.980469,0.000000,0.000000,0.000000,263799.000000,160719.000000,52991.000000,5361.000000,1592.000000,99.000000,64.000000,66403.000000,51775.000000
0.000000,-25.918573,215.746292,214.980469,0.000000,0.000000,0.000000,263947.000000,160854.000000,52991.000000,5365.000000,1592.000000,64.000000,67.000000,66421.000000,51790.000000
0.000000,-25.918573,215.746292,214.980469,0.000000,0.000000,0.000000,263981.000000,160857.000000,52991.000000,5366.000000,1592.000000,133.000000,67.000000,66451.000000,51814.000000
0.000000,-25.906389,215.746292,214.980469,0.000000,0.000000,0.000000,264110.000000,160986.000000,52991.000000,5372.000000,1592.000000,199.000000,67.000000,66468.000000,51830.000000
0.000000,-25.911116,215.746292,214.980469,0.000000,0.000000,0.000000,264119.000000,160986.000000,52991.000000,5372.000000,1592.000000,64.000000,67.000000,66503.000000,51854.000000
0.000000,-25.913191,215.746292,214.980469,0.000000,0.000000,0.000000,264272.000000,160986.000000,53125.000000,5372.000000,1597.000000,99.000000,199.000000,66523.000000,51866.000000
0.000000,-25.915323,215.746292,214.980469,0.000000,0.000000,0.000000,264279.000000,160986.000000,53125.000000,5372.000000,1597.000000,99.000000,64.000000,66559.000000,51889.000000
0.000000,-25.916252,215.746292,214.980469,0.000000,0.000000,0.000000,264289.000000,160986.000000,53125.000000,5372.000000,1597.000000,99.000000,65.000000,66583.000000,51905.000000
0.000000,-25.917181,215.746292,214.980469,0.000000,0.000000,0.000000,264432.000000,161118.000000,53125.000000,5376.000000,1597.000000,64.000000,67.000000,66611.000000,51928.000000
0.000000,-25.917591,215.746292,214.980469,0.000000,0.000000,0.000000,264432.000000,161118.000000,53125.000000,5376.000000,1597.000000,64.000000,67.000000,66634.000000,51944.000000
0.000000,-25.917999,215.746292,214.980469,0.000000,0.000000,0.000000,264442.000000,161118.000000,53125.000000,5376.000000,1597.000000,64.000000,67.000000,66670.000000,51968.000000
0.000000,-25.918192,215.746292,214.980469,0.000000,0.000000,0.000000,264749.000000,161252.000000,53255.000000,5381.000000,1600.000000,65.000000,199.000000,66677.000000,51978.000000
0.000000,-25.918383,215.746292,214.980469,0.000000,0.000000,0.000000,264767.000000,161252.000000,53255.000000,5381.000000,1600.000000,67.000000,64.000000,66716.000000,52002.000000
0.000000,-25.918465,215.746292,214.980469,0.000000,0.000000,0.000000,264778.000000,161252.000000,53255.000000,5381.000000,1600.000000,67.000000,67.000000,66739.000000,52018.000000
0.000000,-25.918547,215.746292,214.980469,0.000000,0.000000,0.000000,264922.000000,161382.000000,53255.000000,5384.000000,1600.000000,199.000000,67.000000,66765.000000,52042.000000
0.000000,-25.918573,215.746292,214.980469,0.000000,0.000000,0.000000,264922.000000,161382.000000,53255.000000,5384.000000,1600.000000,199.000000,67.000000,66789.000000,52057.000000
0.000000,-25.918573,215.746292,214.980469,0.000000,0.000000,0.000000,265063.000000,161382.000000,53385.000000,5384.000000,1604.000000,64.000000,199.000000,66824.000000,52074.000000
0.000000,-25.918573,215.746292,214.980469,0.000000,0.000000,0.000000,265071.000000,161382.000000,53385.000000,5384.000000,1604.000000,64.000000,64.000000,66848.000000,52090.000000
0.000000,-25.918573,215.746292,214.980469,0.000000,0.000000,0.000000,265085.000000,161382.000000,53385.000000,5384.000000,1604.000000,67.000000,64.000000,66884.000000,52114.000000
0.000000,-25.918573,215.746292,214.980469,0.000000,0.000000,0.000000,265091.000000,161382.000000,53385.000000,5384.000000,1604.000000,67.000000,64.000000,66907.000000,52130.000000
0.000000,-25.918573,215.746292,214.980469,0.000000,0.000000,0.000000,265097.000000,161382.000000,53385.000000,5384.000000,1604.000000,67.000000,65.000000,66942.000000,52153.000000
0.000000,-25.918573,215.746292,214.980469,0.000000,0.000000,0.000000,265097.000000,161382.000000,53385.000000,5384.000000,1604.000000,67.000000,65.000000,66966.000000,52169.000000
0.000000,-25.918573,215.746292,214.980469,0.000000,0.000000,0.000000,265111.000000,161382.000000,53385.000000,5384.000000,1604.000000,75.000000,67.000000,67002.000000,52192.000000
0.000000,-25.918573,215.746292,214.980469,0.000000,0.000000,0.000000,265391.000000,161514.000000,53515.000000,5388.000000,1608.000000,199.000000,64.000000,67018.000000,52204.000000
0.000000,-25.918573,215.746292,214.980469,0.000000,0.000000,0.000000,265398.000000,161514.000000,53515.000000,5388.000000,1608.000000,64.000000,65.000000,67053.000000,52228.000000
0.000000,-25.918573,215.746292,214.980469,0.000000,0.000000,0.000000,265404.000000,161514.000000,53515.000000,5388.000000,1608.000000,64.000000,65.000000,67077.000000,52243.000000
0.000000,-25.918573,215.746292,214.980469,0.000000,0.000000,0.000000,265419.000000,161514.000000,53515.000000,5388.000000,1608.000000,65.000000,67.000000,67112.000000,52267.000000
0.000000,-25.918573,215.746292,214.980469,0.000000,0.000000,0.000000,265419.000000,161514.000000,53515.000000,5388.000000,1608.000000,65.000000,67.000000,67136.000000,52283.000000
0.000000,-25.831995,215.746292,214.980469,0.000000,0.000000,0.000000,265428.000000,161514.000000,53515.000000,5388.000000,1608.000000,67.000000,67.000000,67171.000000,52307.000000
0.000000,-25.764103,215.746292,214.980469,0.000000,0.000000,0.000000,265572.000000,161514.000000,53646.000000,5388.000000,1612.000000,67.000000,199.000000,67193.000000,52319.000000
0.000000,-25.657934,215.746292,214.980469,0.000000,0.000000,0.000000,265580.000000,161514.000000,53646.000000,5388.000000,1612.000000,67.000000,64.000000,67229.000000,52341.000000
0.000000,-25.577337,215.746292,214.980469,0.000000,0.000000,0.000000,265718.000000,161644.000000,53646.000000,5392.000000,1612.000000,199.000000,65.000000,67246.000000,52357.000000
0.000000,-25.417101,215.746292,214.980469,0.000000,0.000000,0.000000,265736.000000,161644.000000,53646.000000,5392.000000,1612.000000,64.000000,67.000000,67281.000000,52381.000000
0.000000,-25.293612,215.746292,214.980469,0.000000,0.000000,0.000000,265736.000000,161644.000000,53646.000000,5392.000000,1612.000000,64.000000,67.000000,67304.000000,52397.000000
0.000000,-25.102448,215.746292,214.980469,0.000000,0.000000,0.000000,265753.000000,161644.000000,53646.000000,5392.000000,1612.000000,67.000000,67.000000,67339.000000,52421.000000
0.000000,-24.962101,215.746292,214.980469,0.000000,0.000000,0.000000,265889.000000,161644.000000,53775.000000,5392.000000,1617.000000,67.000000,64.000000,67363.000000,52431.000000
0.000000,-24.729275,215.746292,214.980469,0.000000,0.000000,0.000000,265897.000000,161644.000000,53775.000000,5392.000000,1617.000000,67.000000,64.000000,67399.000000,52455.000000
0.000000,-24.571524,215.746292,214.980469,0.000000,0.000000,0.000000,266047.000000,161781.000000,53775.000000,5396.000000,1617.000000,199.000000,64.000000,67412.000000,52471.000000
0.000000,-24.295448,215.746292,214.980469,0.000000,0.000000,0.000000,266217.000000,161910.000000,53775.000000,5399.000000,1617.000000,96.000000,67.000000,67438.000000,52494.000000
0.000000,-24.098574,215.746292,214.980469,0.000000,0.000000,0.000000,266217.000000,161910.000000,53775.000000,5399.000000,1617.000000,96.000000,67.000000,67462.000000,52510.000000
0.000000,-23.801352,215.746292,214.980469,0.000000,0.000000,0.000000,266440.000000,162069.000000,53775.000000,5405.000000,1617.000000,133.000000,67.000000,67478.000000,52533.000000
0.000000,-23.593277,215.746292,214.980469,0.000000,0.000000,0.000000,266573.000000,162172.000000,53775.000000,5408.000000,1617.000000,99.000000,67.000000,67493.000000,52549.000000
0.000000,-23.256466,215.746292,214.980469,0.000000,0.000000,0.000000,266877.000000,162309.000000,53907.000000,5413.000000,1622.000000,231.000000,199.000000,67513.000000,52569.000000
0.000000,-23.046671,215.746292,214.980469,0.000000,0.000000,0.000000,267032.000000,162441.000000,53907.000000,5417.000000,1622.000000,107.000000,64.000000,67522.000000,52585.000000
0.000000,-22.680710,215.746292,214.980469,0.000000,0.000000,0.000000,267043.000000,162441.000000,53907.000000,5417.000000,1622.000000,107.000000,65.000000,67558.000000,52608.000000
0.000000,-22.437527,215.746292,214.980469,0.000000,0.000000,0.000000,267043.000000,162441.000000,53907.000000,5417.000000,1622.000000,107.000000,65.000000,67582.000000,52623.000000
0.000000,-22.076893,215.746292,214.980469,0.000000,0.000000,0.000000,267196.000000,162571.000000,53907.000000,5420.000000,1622.000000,64.000000,67.000000,67609.000000,52647.000000
0.000000,-21.850323,215.746292,214.980469,0.000000,0.000000,0.000000,267219.000000,162571.000000,53907.000000,5420.000000,1622.000000,99.000000,67.000000,67628.000000,52663.000000
0.000000,-21.650034,215.746292,214.980469,0.000000,0.000000,0.000000,267496.000000,162704.000000,54040.000000,5424.000000,1626.000000,32.000000,199.000000,67656.000000,52682.000000
0.000000,-21.541925,215.746292,214.980469,0.000000,0.000000,0.000000,267508.000000,162704.000000,54040.000000,5424.000000,1626.000000,97.000000,64.000000,67679.000000,52697.000000
0.000000,-21.438927,215.746292,214.980469,0.000000,0.000000,0.000000,267627.000000,162800.000000,54040.000000,5428.000000,1626.000000,133.000000,65.000000,67706.000000,52721.000000
0.000000,-21.420403,215.746292,214.980469,0.000000,0.000000,0.000000,267684.000000,162836.000000,54040.000000,5430.000000,1626.000000,99.000000,65.000000,67725.000000,52737.000000
0.000000,-21.446302,215.746292,214.962906,0.000000,0.000000,0.000000,267692.000000,162836.000000,54040.000000,5430.000000,1626.000000,99.000000,67.000000,67760.000000,52760.000000
0.000000,-21.506462,215.746292,214.946030,0.000000,0.000000,0.000000,267846.000000,162971.000000,54040.000000,5436.000000,1626.000000,96.000000,67.000000,67774.000000,52776.000000
0.000000,-21.688337,215.746292,214.886551,0.000000,0.000000,0.000000,267986.000000,162971.000000,54170.000000,5436.000000,1629.000000,97.000000,199.000000,67810.000000,52794.000000
0.000000,-21.851059,215.746292,214.862289,0.000000,0.000000,0.000000,268082.000000,163046.000000,54170.000000,5439.000000,1629.000000,133.000000,64.000000,67827.000000,52810.000000
0.000000,-22.183472,215.746292,214.817139,0.000000,0.000000,0.000000,268148.000000,163100.000000,54170.000000,5442.000000,1629.000000,64.000000,64.000000,67859.000000,52834.000000
0.000000,-22.460258,215.746292,214.809174,0.000000,0.000000,0.000000,268148.000000,163100.000000,54170.000000,5442.000000,1629.000000,64.000000,64.000000,67883.000000,52850.000000
0.000000,-22.957878,215.746292,214.823242,0.000000,0.000000,0.000000,268165.000000,163100.000000,54170.000000,5442.000000,1629.000000,65.000000,67.000000,67917.000000,52874.000000
0.000000,-23.349030,215.746292,214.839508,0.000000,0.000000,0.000000,268184.000000,163100.000000,54170.000000,5442.000000,1629.000000,67.000000,67.000000,67940.000000,52889.000000
0.000000,-23.979647,215.746292,214.864243,0.000000,0.000000,0.000000,268328.000000,163234.000000,54170.000000,5447.000000,1629.000000,199.000000,67.000000,67969.000000,52912.000000
0.000000,-24.459728,215.746292,214.882385,0.000000,0.000000,0.000000,268468.000000,163234.000000,54303.000000,5447.000000,1633.000000,64.000000,199.000000,67992.000000,52924.000000
0.000000,-25.111982,215.746292,214.924835,0.000000,0.000000,0.000000,268482.000000,163234.000000,54303.000000,5447.000000,1633.000000,67.000000,64.000000,68026.000000,52948.000000
0.000000,-25.396803,215.746292,214.960449,0.000000,0.000000,0.000000,268482.000000,163234.000000,54303.000000,5447.000000,1633.000000,67.000000,64.000000,68050.000000,52964.000000
0.000000,-25.665993,215.746292,214.976151,0.000000,0.000000,0.000000,268492.000000,163234.000000,54303.000000,5447.000000,1633.000000,67.000000,65.000000,68086.000000,52987.000000
0.000000,-25.784893,215.746292,214.978928,0.000000,0.000000,0.000000,268499.000000,163234.000000,54303.000000,5447.000000,1633.000000,67.000000,67.000000,68110.000000,53003.000000
0.000000,-25.864779,215.746292,215.042709,0.000000,0.000000,0.000000,268641.000000,163367.000000,54303.000000,5450.000000,1633.000000,199.000000,67.000000,68138.000000,53027.000000
0.000000,-25.836557,215.746292,215.087265,0.000000,0.000000,0.000000,268652.000000,163367.000000,54303.000000,5450.000000,1633.000000,64.000000,67.000000,68161.000000,53042.000000
0.000000,-25.781614,215.746292,215.187057,0.000000,0.000000,0.000000,268794.000000,163367.000000,54436.000000,5450.000000,1636.000000,65.000000,199.000000,68196.000000,53061.000000
0.000000,-25.734268,215.746292,215.223587,0.000000,0.000000,0.000000,268794.000000,163367.000000,54436.000000,5450.000000,1636.000000,65.000000,199.000000,68220.000000,53077.000000
0.000000,-25.650967,215.746292,215.302292,0.000000,0.000000,0.000000,268802.000000,163367.000000,54436.000000,5450.000000,1636.000000,65.000000,64.000000,68255.000000,53101.000000
0.000000,-25.559114,215.746292,215.338913,0.000000,0.000000,0.000000,268806.000000,163367.000000,54436.000000,5450.000000,1636.000000,67.000000,64.000000,68278.000000,53117.000000
0.000000,-25.336260,215.746292,215.385559,0.000000,0.000000,0.000000,268814.000000,163367.000000,54436.000000,5450.000000,1636.000000,67.000000,65.000000,68314.000000,53141.000000
0.000000,-25.161024,215.746292,215.407562,0.000000,0.000000,0.000000,268821.000000,163367.000000,54436.000000,5450.000000,1636.000000,67.000000,67.000000,68338.000000,53156.000000
0.000000,-24.849594,215.746292,215.445389,0.000000,0.000000,0.000000,268827.000000,163367.000000,54436.000000,5450.000000,1636.000000,67.000000,67.000000,68374.000000,53180.000000
0.000000,-24.632093,215.746292,215.457230,0.000000,0.000000,0.000000,268827.000000,163367.000000,54436.000000,5450.000000,1636.000000,67.000000,67.000000,68398.000000,53195.000000
0.000000,-24.292141,215.746292,215.462448,0.000000,0.000000,0.000000,268834.000000,163367.000000,54436.000000,5450.000000,1636.000000,67.000000,67.000000,68432.000000,53219.000000
0.000000,-24.053003,215.746292,215.463364,0.000000,0.000000,0.000000,268970.000000,163499.000000,54436.000000,5453.000000,1636.000000,199.000000,67.000000,68450.000000,53235.000000
0.000000,-23.677397,215.746292,215.463776,0.000000,0.000000,0.000000,269113.000000,163499.000000,54568.000000,5453.000000,1639.000000,64.000000,199.000000,68486.000000,53254.000000
0.000000,-23.425938,215.746292,215.463837,0.000000,0.000000,0.000000,269128.000000,163499.000000,54568.000000,5453.000000,1639.000000,67.000000,64.000000,68508.000000,53270.000000
0.000000,-23.047462,215.746292,215.463867,0.000000,0.000000,0.000000,269144.000000,163499.000000,54568.000000,5453.000000,1639.000000,67.000000,67.000000,68544.000000,53294.000000
0.000000,-22.794500,215.746292,215.463867,0.000000,0.000000,0.000000,269144.000000,163499.000000,54568.000000,5453.000000,1639.000000,67.000000,67.000000,68567.000000,53310.000000
0.000000,-22.400562,215.746292,215.463867,0.000000,0.000000,0.000000,269153.000000,163499.000000,54568.000000,5453.000000,1639.000000,67.000000,67.000000,68603.000000,53333.000000
0.000000,-22.131971,215.746292,215.463867,0.000000,0.000000,0.000000,269165.000000,163499.000000,54568.000000,5453.000000,1639.000000,67.000000,67.000000,68627.000000,53348.000000
0.000000,-21.722351,215.746292,215.463867,0.000000,0.000000,0.000000,269434.000000,163631.000000,54698.000000,5457.000000,1643.000000,199.000000,64.000000,68657.000000,53368.000000
0.000000,-21.452450,215.746292,215.463867,0.000000,0.000000,0.000000,269450.000000,163631.000000,54698.000000,5457.000000,1643.000000,64.000000,65.000000,68680.000000,53383.000000
0.000000,-21.055452,215.746292,215.463867,0.000000,0.000000,0.000000,269458.000000,163631.000000,54698.000000,5457.000000,1643.000000,65.000000,67.000000,68715.000000,53407.000000
0.000000,-20.781097,215.746292,215.463867,0.000000,0.000000,0.000000,269458.000000,163631.000000,54698.000000,5457.000000,1643.000000,65.000000,67.000000,68739.000000,53423.000000
0.000000,-20.367079,215.746292,215.463867,0.000000,0.000000,0.000000,269471.000000,163631.000000,54698.000000,5457.000000,1643.000000,67.000000,67.000000,68774.000000,53446.000000
0.000000,-20.070839,215.746292,215.463867,0.000000,0.000000,0.000000,269480.000000,163631.000000,54698.000000,5457.000000,1643.000000,67.000000,67.000000,68798.000000,53461.000000
0.000000,-19.606850,215.746292,215.463867,0.000000,0.000000,0.000000,269488.000000,163631.000000,54698.000000,5457.000000,1643.000000,67.000000,67.000000,68834.000000,53485.000000
0.000000,-19.315256,215.746292,215.463867,0.000000,0.000000,0.000000,269767.000000,163767.000000,54832.000000,5461.000000,1646.000000,199.000000,64.000000,68848.000000,53496.000000
0.000000,-18.809277,215.746292,215.463867,0.000000,0.000000,0.000000,269788.000000,163767.000000,54832.000000,5461.000000,1646.000000,67.000000,65.000000,68884.000000,53520.000000
0.000000,-18.463121,215.746292,215.463867,0.000000,0.000000,0.000000,269788.000000,163767.000000,54832.000000,5461.000000,1646.000000,67.000000,65.000000,68908.000000,53535.000000
0.000000,-17.986403,215.746292,215.463867,0.000000,0.000000,0.000000,269803.000000,163767.000000,54832.000000,5461.000000,1646.000000,67.000000,67.000000,68943.000000,53559.000000
0.000000,-17.753246,215.746292,215.463867,0.000000,0.000000,0.000000,269959.000000,163900.000000,54832.000000,5464.000000,1646.000000,65.000000,67.000000,68958.000000,53575.000000
0.000000,-17.472061,215.746292,215.463867,0.000000,0.000000,0.000000,270098.000000,163900.000000,54966.000000,5464.000000,1650.000000,67.000000,64.000000,68993.000000,53595.000000
0.000000,-17.333845,215.746292,215.463867,0.000000,0.000000,0.000000,270106.000000,163900.000000,54966.000000,5464.000000,1650.000000,67.000000,64.000000,69017.000000,53610.000000
0.000000,-17.204153,215.746292,215.446304,0.000000,0.000000,0.000000,270117.000000,163900.000000,54966.000000,5464.000000,1650.000000,67.000000,67.000000,69053.000000,53633.000000
0.000000,-17.171259,215.746292,215.429428,0.000000,0.000000,0.000000,270117.000000,163900.000000,54966.000000,5464.000000,1650.000000,67.000000,67.000000,69077.000000,53649.000000
0.000000,-17.180550,215.746292,215.393860,0.000000,0.000000,0.000000,270265.000000,164036.000000,54966.000000,5469.000000,1650.000000,199.000000,67.000000,69106.000000,53673.000000
0.000000,-17.247156,215.746292,215.382416,0.000000,0.000000,0.000000,270413.000000,164036.000000,55097.000000,5469.000000,1654.000000,65.000000,199.000000,69130.000000,53684.000000
0.000000,-17.444685,215.746292,215.342926,0.000000,0.000000,0.000000,270433.000000,164036.000000,55097.000000,5469.000000,1654.000000,67.000000,64.000000,69162.000000,53707.000000
0.000000,-17.613337,215.746292,215.335968,0.000000,0.000000,0.000000,270579.000000,164171.000000,55097.000000,5472.000000,1654.000000,96.000000,65.000000,69177.000000,53723.000000
0.000000,-18.005772,215.746292,215.298431,0.000000,0.000000,0.000000,270592.000000,164171.000000,55097.000000,5472.000000,1654.000000,97.000000,67.000000,69213.000000,53747.000000
0.000000,-18.337774,215.746292,215.291809,0.000000,0.000000,0.000000,270592.000000,164171.000000,55097.000000,5472.000000,1654.000000,97.000000,67.000000,69237.000000,53763.000000
0.000000,-18.899981,215.746292,215.288910,0.000000,0.000000,0.000000,270600.000000,164171.000000,55097.000000,5472.000000,1654.000000,99.000000,67.000000,69272.000000,53786.000000
0.000000,-19.332878,215.746292,215.288391,0.000000,0.000000,0.000000,270742.000000,164171.000000,55228.000000,5472.000000,1658.000000,99.000000,199.000000,69296.000000,53796.000000
0.000000,-20.043381,215.746292,215.288162,0.000000,0.000000,0.000000,270753.000000,164171.000000,55228.000000,5472.000000,1658.000000,99.000000,64.000000,69332.000000,53820.000000
0.000000,-20.554798,215.746292,215.288132,0.000000,0.000000,0.000000,270893.000000,164300.000000,55228.000000,5477.000000,1658.000000,64.000000,64.000000,69347.000000,53836.000000
0.000000,-21.347784,215.746292,215.288116,0.000000,0.000000,0.000000,270926.000000,164300.000000,55228.000000,5477.000000,1658.000000,67.000000,67.000000,69379.000000,53860.000000
0.000000,-21.912859,215.746292,215.288116,0.000000,0.000000,0.000000,270926.000000,164300.000000,55228.000000,5477.000000,1658.000000,67.000000,67.000000,69403.000000,53876.000000
0.000000,-22.811876,215.746292,215.288116,0.000000,0.000000,0.000000,270937.000000,164300.000000,55228.000000,5477.000000,1658.000000,67.000000,67.000000,69438.000000,53899.000000
0.000000,-23.401430,215.746292,215.288116,0.000000,0.000000,0.000000,271213.000000,164432.000000,55359.000000,5481.000000,1661.000000,64.000000,199.000000,69454.000000,53909.000000
0.000000,-24.386398,215.746292,215.288116,0.000000,0.000000,0.000000,271223.000000,164432.000000,55359.000000,5481.000000,1661.000000,73.000000,64.000000,69490.000000,53933.000000
0.000000,-24.933552,215.746292,215.288116,0.000000,0.000000,0.000000,271240.000000,164432.000000,55359.000000,5481.000000,1661.000000,75.000000,64.000000,69512.000000,53949.000000
0.000000,-25.437155,215.746292,215.322556,0.000000,0.000000,0.000000,271252.000000,164432.000000,55359.000000,5481.000000,1661.000000,75.000000,67.000000,69548.000000,53973.000000
0.000000,-25.637335,215.746292,215.346207,0.000000,0.000000,0.000000,271252.000000,164432.000000,55359.000000,5481.000000,1661.000000,75.000000,67.000000,69572.000000,53988.000000
0.000000,-25.824072,215.746292,215.432846,0.000000,0.000000,0.000000,271393.000000,164562.000000,55359.000000,5487.000000,1661.000000,199.000000,67.000000,69601.000000,54012.000000
0.000000,-25.801531,215.746292,215.480835,0.000000,0.000000,0.000000,271534.000000,164562.000000,55490.000000,5487.000000,1667.000000,64.000000,199.000000,69624.000000,54024.000000
0.000000,-25.778883,215.746292,215.582153,0.000000,0.000000,0.000000,271543.000000,164562.000000,55490.000000,5487.000000,1667.000000,64.000000,64.000000,69659.000000,54047.000000
0.000000,-25.768883,215.746292,215.675201,0.000000,0.000000,0.000000,271552.000000,164562.000000,55490.000000,5487.000000,1667.000000,64.000000,64.000000,69683.000000,54063.000000
0.000000,-25.735279,215.746292,215.733826,0.000000,0.000000,0.000000,271596.000000,164569.000000,55490.000000,5489.000000,1667.000000,133.000000,67.000000,69718.000000,54085.000000
0.000000,-25.693205,215.746292,215.803635,0.000000,0.000000,0.000000,271733.000000,164698.000000,55490.000000,5494.000000,1667.000000,97.000000,67.000000,69732.000000,54101.000000
0.000000,-25.537313,215.746292,215.909912,0.000000,0.000000,0.000000,271745.000000,164698.000000,55490.000000,5494.000000,1667.000000,99.000000,67.000000,69768.000000,54125.000000
0.000000,-25.379454,215.746292,215.933823,0.000000,0.000000,0.000000,271885.000000,164698.000000,55622.000000,5494.000000,1672.000000,99.000000,199.000000,69791.000000,54137.000000
0.000000,-25.095863,215.746292,216.006943,0.000000,0.000000,0.000000,272055.000000,164828.000000,55622.000000,5498.000000,1672.000000,99.000000,64.000000,69817.000000,54160.000000
0.000000,-24.895384,215.746292,216.042587,0.000000,0.000000,0.000000,272230.000000,164964.000000,55622.000000,5503.000000,1672.000000,99.000000,64.000000,69824.000000,54175.000000
0.000000,-24.583054,215.746292,216.071228,0.000000,0.000000,0.000000,272544.000000,165231.000000,55622.000000,5510.000000,1672.000000,32.000000,67.000000,69840.000000,54199.000000
0.000000,-24.349543,215.746292,216.104401,0.000000,0.000000,0.000000,272710.000000,165363.000000,55622.000000,5513.000000,1672.000000,32.000000,67.000000,69851.000000,54215.000000
0.000000,-23.942463,215.746292,216.119034,0.000000,0.000000,0.000000,272720.000000,165363.000000,55622.000000,5513.000000,1672.000000,16417.000000,67.000000,69888.000000,54239.000000
0.000000,-23.678408,215.746292,216.121613,0.000000,0.000000,0.000000,272859.000000,165363.000000,55751.000000,5513.000000,1676.000000,16481.000000,64.000000,69912.000000,54249.000000
0.000000,-23.271166,215.746292,216.122742,0.000000,0.000000,0.000000,273013.000000,165496.000000,55751.000000,5519.000000,1676.000000,199.000000,64.000000,69942.000000,54273.000000
0.000000,-22.998285,215.746292,216.122955,0.000000,0.000000,0.000000,273025.000000,165496.000000,55751.000000,5519.000000,1676.000000,64.000000,65.000000,69966.000000,54289.000000
0.000000,-22.582190,215.746292,216.123032,0.000000,0.000000,0.000000,273044.000000,165496.000000,55751.000000,5519.000000,1676.000000,67.000000,67.000000,70001.000000,54313.000000
0.000000,-22.293192,215.746292,216.123047,0.000000,0.000000,0.000000,273044.000000,165496.000000,55751.000000,5519.000000,1676.000000,67.000000,67.000000,70025.000000,54328.000000
0.000000,-21.848682,215.746292,216.123047,0.000000,0.000000,0.000000,273054.000000,165496.000000,55751.000000,5519.000000,1676.000000,67.000000,67.000000,70061.000000,54351.000000
0.000000,-21.543728,215.746292,216.123047,0.000000,0.000000,0.000000,273189.000000,165626.000000,55751.000000,5523.000000,1676.000000,199.000000,67.000000,70077.000000,54367.000000
0.000000,-21.082335,215.746292,216.123047,0.000000,0.000000,0.000000,273200.000000,165626.000000,55751.000000,5523.000000,1676.000000,64.000000,67.000000,70112.000000,54391.000000
0.000000,-20.764923,215.746292,216.123047,0.000000,0.000000,0.000000,273339.000000,165626.000000,55883.000000,5523.000000,1681.000000,64.000000,199.000000,70134.000000,54403.000000
0.000000,-20.320442,215.746292,216.123047,0.000000,0.000000,0.000000,273354.000000,165626.000000,55883.000000,5523.000000,1681.000000,67.000000,64.000000,70170.000000,54427.000000
0.000000,-20.085920,215.746292,216.123047,0.000000,0.000000,0.000000,273354.000000,165626.000000,55883.000000,5523.000000,1681.000000,67.000000,64.000000,70194.000000,54442.000000
0.000000,-19.767607,215.746292,216.123047,0.000000,0.000000,0.000000,273363.000000,165626.000000,55883.000000,5523.000000,1681.000000,67.000000,64.000000,70230.000000,54466.000000
0.000000,-19.589912,215.746292,216.123047,0.000000,0.000000,0.000000,273380.000000,165626.000000,55883.000000,5523.000000,1681.000000,67.000000,67.000000,70254.000000,54481.000000
0.000000,-19.403612,215.746292,216.105484,0.000000,0.000000,0.000000,273652.000000,165756.000000,56014.000000,5527.000000,1685.000000,199.000000,64.000000,70283.000000,54500.000000
0.000000,-19.340118,215.746292,216.088608,0.000000,0.000000,0.000000,273660.000000,165756.000000,56014.000000,5527.000000,1685.000000,64.000000,64.000000,70307.000000,54516.000000
0.000000,-19.302908,215.746292,216.029129,0.000000,0.000000,0.000000,273685.000000,165756.000000,56014.000000,5527.000000,1685.000000,67.000000,65.000000,70338.000000,54539.000000
0.000000,-19.334927,215.746292,215.987289,0.000000,0.000000,0.000000,273685.000000,165756.000000,56014.000000,5527.000000,1685.000000,67.000000,65.000000,70362.000000,54555.000000
0.000000,-19.477705,215.746292,215.921478,0.000000,0.000000,0.000000,273692.000000,165756.000000,56014.000000,5527.000000,1685.000000,67.000000,67.000000,70398.000000,54579.000000
0.000000,-19.626358,215.746292,215.909866,0.000000,0.000000,0.000000,273705.000000,165756.000000,56014.000000,5527.000000,1685.000000,67.000000,67.000000,70421.000000,54595.000000
0.000000,-19.943851,215.746292,215.870285,0.000000,0.000000,0.000000,273842.000000,165886.000000,56014.000000,5531.000000,1685.000000,64.000000,67.000000,70450.000000,54617.000000
0.000000,-20.220228,215.746292,215.863312,0.000000,0.000000,0.000000,273979.000000,165886.000000,56144.000000,5531.000000,1689.000000,64.000000,199.000000,70474.000000,54629.000000
0.000000,-20.739105,215.746292,215.860229,0.000000,0.000000,0.000000,274001.000000,165886.000000,56144.000000,5531.000000,1689.000000,67.000000,64.000000,70509.000000,54652.000000
0.000000,-21.124054,215.746292,215.887817,0.000000,0.000000,0.000000,274001.000000,165886.000000,56144.000000,5531.000000,1689.000000,67.000000,64.000000,70533.000000,54668.000000
0.000000,-21.753824,215.746292,215.899994,0.000000,0.000000,0.000000,274010.000000,165886.000000,56144.000000,5531.000000,1689.000000,67.000000,65.000000,70568.000000,54692.000000
0.000000,-22.224014,215.746292,215.930252,0.000000,0.000000,0.000000,274026.000000,165886.000000,56144.000000,5531.000000,1689.000000,67.000000,67.000000,70591.000000,54707.000000
