I0,I1,I2,I3,I4,I5,I6,I7
0.000000,50.132286,31.803240,31.816399,0.000000,0.000000,402.677490,-0.120000
0.000000,50.137096,31.803240,31.822992,0.000000,0.000000,1007.153992,1.830000
0.000000,50.132633,31.803240,31.857748,0.000000,0.000000,1408.913696,1.540000
0.000000,50.132549,31.803240,31.922810,0.000000,0.000000,2007.041260,2.740000
0.000000,50.123741,31.803240,32.029400,0.000000,0.000000,2401.201904,6.770000
0.000000,50.114891,31.803240,32.322830,0.000000,0.000000,2982.814453,7.520000
0.000000,50.110985,31.803240,32.586708,0.000000,0.000000,3362.528809,8.360000
0.000000,50.119251,31.803240,33.093666,0.000000,0.000000,3917.300293,12.800000
0.000000,50.126331,31.803240,33.554634,0.000000,0.000000,4275.676758,15.690000
0.000000,50.126846,31.803240,34.404949,0.000000,0.000000,4793.307617,20.260000
0.000000,50.119625,31.803240,35.131554,0.000000,0.000000,5123.537109,22.530001
0.000000,50.112366,31.803240,36.493027,0.000000,0.000000,5593.955078,29.450001
0.000000,50.109158,31.803240,37.613140,0.000000,0.000000,5889.449707,34.230000
0.000000,50.105938,31.803240,39.572380,0.000000,0.000000,6303.020996,40.770000
0.000000,50.104515,31.803240,41.121391,0.000000,0.000000,6557.556152,44.799999
0.000000,50.103085,31.803240,43.862873,0.000000,0.000000,6905.304199,52.549999
0.000000,50.102455,31.803240,45.986885,0.000000,0.000000,7113.169434,58.330002
0.000000,50.101822,31.803240,49.646545,0.000000,0.000000,7386.991211,67.419998
0.000000,50.101543,31.803240,52.341869,0.000000,0.000000,7543.128418,74.190002
0.000000,50.101257,31.803240,56.843304,0.000000,0.000000,7736.012695,82.320000
0.000000,50.095531,31.803240,60.221088,0.000000,0.000000,7836.164063,87.970001
0.000000,50.080612,31.803240,65.765633,0.000000,0.000000,7942.400879,97.320000
0.000000,50.074024,31.803240,69.835159,0.000000,0.000000,7983.241699,103.730003
0.000000,50.055206,31.803240,76.418358,0.000000,0.000000,7998.616211,113.839996
0.000000,50.043472,31.803240,81.244263,0.000000,0.000000,7977.878906,120.989998
0.000000,50.014729,31.803240,89.111801,0.000000,0.000000,7899.848633,131.250000
0.000000,49.995438,31.803240,94.767174,0.000000,0.000000,7816.431641,136.839996
0.000000,49.943882,31.803240,103.817543,0.000000,0.000000,7644.271973,144.800003
0.000000,49.889870,31.803240,109.956902,0.000000,0.000000,7498.330566,150.639999
0.000000,49.781918,31.803240,119.822990,0.000000,0.000000,7233.256836,157.149994
0.000000,49.662113,31.803240,126.760979,0.000000,0.000000,7026.269531,161.259995
0.000000,49.423691,31.803240,137.488907,0.000000,0.000000,6671.518066,165.529999
0.000000,49.219379,31.803240,144.783554,0.000000,0.000000,6406.327148,170.490005
0.000000,48.804230,31.803240,156.240265,0.000000,0.000000,5967.194336,174.050003
0.000000,48.505512,31.803240,164.150314,0.000000,0.000000,5648.019043,177.309998
0.000000,47.817699,31.803240,176.347733,0.000000,0.000000,5131.854004,181.050003
0.000000,47.264412,31.803240,184.703186,0.000000,0.000000,4764.266602,184.419998
0.000000,46.324516,31.803240,197.347473,0.000000,0.000000,4180.417480,187.889999
0.000000,45.701744,31.803240,205.797562,0.000000,0.000000,3771.289063,188.929993
0.000000,44.604576,31.803240,218.861496,0.000000,0.000000,3130.989014,193.919998
0.000000,43.790024,31.803240,227.770096,0.000000,0.000000,2688.400635,194.070007
0.000000,42.687382,31.803240,241.042679,0.000000,0.000000,2004.606934,194.350006
0.000000,41.954628,31.803240,249.973145,0.000000,0.000000,1537.721191,196.809998
0.000000,40.872631,31.803240,263.628357,0.000000,0.000000,824.893127,195.500000
0.000000,40.187649,31.803240,272.789185,0.000000,0.000000,343.788391,191.190002
0.000000,39.038273,31.803240,286.534454,0.000000,0.000000,-382.377533,192.330002
0.000000,38.193260,31.803240,295.697968,0.000000,0.000000,-866.905457,189.089996
0.000000,36.856461,31.803240,308.886322,0.000000,0.000000,-1589.802490,182.979996
0.000000,35.910587,31.803240,317.599182,0.000000,0.000000,-2066.464111,174.690002
0.000000,34.513912,31.803240,330.471588,0.000000,0.000000,-2768.939941,174.550003
0.000000,33.630112,31.803240,338.732971,0.000000,0.000000,-3226.216309,177.990005
0.000000,32.428722,31.803240,351.203674,0.000000,0.000000,-3890.977539,170.880005
0.000000,31.709925,31.803240,359.446075,0.000000,0.000000,-4317.399902,168.720001
0.000000,30.538383,31.803240,371.627930,0.000000,0.000000,-4927.449219,160.770004
0.000000,29.837572,31.803240,379.570984,0.000000,0.000000,-5311.894043,156.369995
0.000000,29.057421,31.803240,391.160309,0.000000,0.000000,-5850.982422,148.500000
0.000000,28.695398,31.803240,398.523804,0.000000,0.000000,-6182.982422,145.149994
0.000000,28.233473,31.803240,409.028381,0.000000,0.000000,-6636.078125,132.330002
0.000000,27.915197,31.803240,415.767609,0.000000,0.000000,-6906.126465,127.970001
0.000000,27.438881,31.803240,425.436920,0.000000,0.000000,-7259.876953,117.599998
0.000000,27.105778,31.803240,431.368225,0.000000,0.000000,-7459.741699,112.190002
0.000000,26.400925,31.803240,439.869781,0.000000,0.000000,-7702.908691,101.620003
0.000000,25.872345,31.803240,445.199982,0.000000,0.000000,-7825.909668,94.570000
0.000000,25.045914,31.803240,452.688812,0.000000,0.000000,-7949.794922,85.849998
0.000000,24.447084,31.803240,457.304779,0.000000,0.000000,-7991.067871,77.629997
0.000000,23.543777,31.803240,463.582581,0.000000,0.000000,-7989.870117,67.790001
0.000000,22.903990,31.803240,467.310303,0.000000,0.000000,-7946.593262,59.919998
0.000000,21.990387,31.803240,472.318451,0.000000,0.000000,-7817.718262,48.340000
0.000000,21.415823,31.803240,475.257751,0.000000,0.000000,-7689.289063,42.049999
0.000000,20.612749,31.803240,479.026428,0.000000,0.000000,-7433.573730,32.509998
0.000000,20.136374,31.803240,481.134827,0.000000,0.000000,-7221.738281,25.139999
0.000000,19.443581,31.803240,483.692200,0.000000,0.000000,-6843.604980,16.150000
0.000000,19.022371,31.803240,485.008514,0.000000,0.000000,-6552.514160,8.000000
0.000000,18.412714,31.803240,486.364655,0.000000,0.000000,-6060.007324,-1.190000
0.000000,18.031700,31.803240,486.886597,0.000000,0.000000,-5696.222656,-7.460000
0.000000,17.498133,31.803240,487.149963,0.000000,0.000000,-5100.935547,-14.990000
0.000000,17.209742,31.803240,486.968781,0.000000,0.000000,-4673.343262,-21.090000
0.000000,16.835966,31.803240,486.238007,0.000000,0.000000,-3990.271484,-26.610001
0.000000,16.608391,31.803240,485.441162,0.000000,0.000000,-3509.918213,-31.379999
0.000000,16.326239,31.803240,483.900269,0.000000,0.000000,-2757.140137,-33.560001
0.000000,16.167933,31.803240,482.672363,0.000000,0.000000,-2237.023438,-35.910000
0.000000,15.958761,31.803240,480.550476,0.000000,0.000000,-1435.303711,-39.209999
0.000000,15.810474,31.803240,478.982910,0.000000,0.000000,-890.039856,-39.310001
0.000000,15.551867,31.803240,476.428864,0.000000,0.000000,-62.326309,-40.810001
0.000000,15.407729,31.803240,474.651428,0.000000,0.000000,492.211365,-39.779999
0.000000,15.305255,31.803240,472.014282,0.000000,0.000000,1321.428711,-36.240002
0.000000,15.278335,31.803240,470.310944,0.000000,0.000000,1868.561279,-33.189999
0.000000,15.280437,31.803240,467.816040,0.000000,0.000000,2673.930908,-33.130001
0.000000,15.309179,31.803240,466.189423,0.000000,0.000000,3196.659424,-34.790001
0.000000,15.485794,31.803240,463.804871,0.000000,0.000000,3952.750244,-32.230000
0.000000,15.665852,31.803240,462.259735,0.000000,0.000000,4434.292969,-28.230000
0.000000,15.945172,31.803240,460.116669,0.000000,0.000000,5116.414551,-23.530001
0.000000,16.150682,31.803240,458.816498,0.000000,0.000000,5540.763184,-19.820000
0.000000,16.459591,31.803240,457.142639,0.000000,0.000000,6125.806641,-12.440000
0.000000,16.673302,31.803240,456.250519,0.000000,0.000000,6478.288086,-7.930000
0.000000,17.076403,31.803240,455.291351,0.000000,0.000000,6945.563477,-0.260000
0.000000,17.407997,31.803240,454.916901,0.000000,0.000000,7213.389648,6.730000
0.000000,17.984192,31.803240,454.826111,0.000000,0.000000,7545.429199,15.400000
0.000000,18.437300,31.803240,455.064941,0.000000,0.000000,7718.212891,21.280001
0.000000,19.189390,31.803240,455.915222,0.000000,0.000000,7901.506836,29.799999
0.000000,19.777061,31.803240,456.838928,0.000000,0.000000,7971.722656,36.810001
0.000000,20.661858,31.803240,458.761139,0.000000,0.000000,7997.358887,45.880001
0.000000,21.239723,31.803240,460.416840,0.000000,0.000000,7960.728516,51.560001
0.000000,22.194130,31.803240,463.467560,0.000000,0.000000,7824.902344,62.020000
0.000000,22.863586,31.803240,465.761139,0.000000,0.000000,7680.687500,67.589996
0.000000,23.933739,31.803240,469.806305,0.000000,0.000000,7385.060059,76.519997
0.000000,24.635275,31.803240,472.893555,0.000000,0.000000,7136.240723,83.370003
0.000000,25.792736,31.803240,478.113525,0.000000,0.000000,6688.115234,92.910004
0.000000,26.635273,31.803240,481.814056,0.000000,0.000000,6341.446777,97.550003
0.000000,27.931475,31.803240,487.979645,0.000000,0.000000,5753.749023,105.379997
0.000000,28.717743,31.803240,492.458405,0.000000,0.000000,5319.677246,111.239998
0.000000,30.018579,31.803240,499.694794,0.000000,0.000000,4610.729492,116.830002
0.000000,30.858160,31.803240,504.826935,0.000000,0.000000,4103.165527,120.989998
0.000000,32.069923,31.803240,512.841125,0.000000,0.000000,3296.238525,127.269997
0.000000,32.864632,31.803240,518.314819,0.000000,0.000000,2732.194824,128.369995
0.000000,33.956635,31.803240,526.945190,0.000000,0.000000,1854.852417,132.050003
0.000000,34.690193,31.803240,532.921448,0.000000,0.000000,1253.937744,134.250000
0.000000,35.697319,31.803240,541.898682,0.000000,0.000000,337.179688,135.490005
0.000000,36.324890,31.803240,548.012390,0.000000,0.000000,-279.038757,137.440002
0.000000,37.187931,31.803240,557.395325,0.000000,0.000000,-1201.805176,136.809998
0.000000,37.743313,31.803240,563.750793,0.000000,0.000000,-1810.543701,135.080002
0.000000,38.512371,31.803240,573.286011,0.000000,0.000000,-2704.701904,131.520004
0.000000,38.974113,31.803240,579.658569,0.000000,0.000000,-3282.786133,134.330002
0.000000,39.630932,31.803240,588.940674,0.000000,0.000000,-4113.793457,126.349998
0.000000,40.028145,31.803240,595.002563,0.000000,0.000000,-4638.553223,124.209999
0.000000,40.574902,31.803240,603.956177,0.000000,0.000000,-5373.309570,118.209999
0.000000,40.920116,31.803240,609.774048,0.000000,0.000000,-5823.498047,112.550003
0.000000,41.356579,31.803240,618.039795,0.000000,0.000000,-6431.717773,106.660004
0.000000,41.594627,31.803240,623.312195,0.000000,0.000000,-6788.411621,100.489998
0.000000,41.865128,31.803240,630.880249,0.000000,0.000000,-7243.958496,92.269997
0.000000,42.004238,31.803240,635.639832,0.000000,0.000000,-7491.418945,84.620003
0.000000,42.167549,31.803240,642.281982,0.000000,0.000000,-7773.529297,74.379997
0.000000,42.271523,31.803240,646.335999,0.000000,0.000000,-7899.979004,65.959999
0.000000,42.406116,31.803240,651.703857,0.000000,0.000000,-7994.334473,56.029999
0.000000,42.492664,31.803240,654.913208,0.000000,0.000000,-7992.594727,48.709999
0.000000,42.625725,31.803240,659.140564,0.000000,0.000000,-7892.175293,37.849998
0.000000,42.731091,31.803240,661.504395,0.000000,0.000000,-7760.153320,29.360001
0.000000,42.873894,31.803240,664.431519,0.000000,0.000000,-7465.817383,19.850000
0.000000,42.976971,31.803240,665.958252,0.000000,0.000000,-7206.793457,11.380000
0.000000,43.168976,31.803240,667.625122,0.000000,0.000000,-6727.554688,3.180000
0.000000,43.318707,31.803240,668.340393,0.000000,0.000000,-6350.259277,-4.050000
0.000000,43.577568,31.803240,668.788086,0.000000,0.000000,-5703.219727,-12.860000
0.000000,43.780029,31.803240,668.751892,0.000000,0.000000,-5221.661133,-18.209999
0.000000,44.111614,31.803240,668.146240,0.000000,0.000000,-4431.593750,-26.799999
0.000000,44.356380,31.803240,667.437134,0.000000,0.000000,-3864.662109,-27.780001
0.000000,44.794926,31.803240,665.959839,0.000000,0.000000,-2963.207520,-36.080002
0.000000,45.124950,31.803240,664.751343,0.000000,0.000000,-2334.034180,-36.840000
0.000000,45.685371,31.803240,662.599854,0.000000,0.000000,-1358.585938,-40.049999
0.000000,46.053391,31.803240,660.986938,0.000000,0.000000,-693.668396,-42.680000
0.000000,46.613338,31.803240,658.335083,0.000000,0.000000,314.082458,-43.970001
0.000000,46.996746,31.803240,656.454468,0.000000,0.000000,985.931580,-42.759998
0.000000,47.634556,31.803240,653.640930,0.000000,0.000000,1981.732300,-37.990002
0.000000,48.078011,31.803240,651.851990,0.000000,0.000000,2630.607910,-34.570000
0.000000,48.721680,31.803240,649.114197,0.000000,0.000000,3569.535889,-41.599998
0.000000,49.148552,31.803240,647.256897,0.000000,0.000000,4165.771484,-38.580002
0.000000,49.582008,31.803240,644.658264,0.000000,0.000000,5004.298340,-32.310001
0.000000,49.731579,31.803240,643.022705,0.000000,0.000000,5519.845215,-27.590000
0.000000,49.833549,31.803240,640.820679,0.000000,0.000000,6217.908691,-19.650000
0.000000,49.871128,31.803240,639.570068,0.000000,0.000000,6627.713379,-15.640000
0.000000,49.908886,31.803240,638.056580,0.000000,0.000000,7150.732910,-7.230000
0.000000,49.925564,31.803240,637.333008,0.000000,0.000000,7434.031250,-1.390000
0.000000,49.942314,31.803240,636.716125,0.000000,0.000000,7754.754883,9.190000
0.000000,49.949715,31.803240,636.648987,0.000000,0.000000,7896.221191,15.040000
0.000000,49.967510,31.803240,637.104736,0.000000,0.000000,7996.301270,25.709999
0.000000,49.967915,31.803240,637.794983,0.000000,0.000000,7986.988770,33.959999
0.000000,49.985283,31.803240,639.358032,0.000000,0.000000,7858.203125,42.549999
0.000000,49.992950,31.803240,640.792725,0.000000,0.000000,7696.214355,49.599998
0.000000,49.989304,31.803240,643.555359,0.000000,0.000000,7341.235352,60.000000
0.000000,49.989265,31.803240,645.799194,0.000000,0.000000,7032.073730,65.519997
0.000000,49.981438,31.803240,649.760010,0.000000,0.000000,6464.735352,74.750000
0.000000,49.977978,31.803240,652.701233,0.000000,0.000000,6021.300293,80.449997
0.000000,49.974503,31.803240,657.601746,0.000000,0.000000,5266.314453,88.489998
0.000000,49.972969,31.803240,661.248169,0.000000,0.000000,4708.518066,94.250000
0.000000,49.971432,31.803240,667.219604,0.000000,0.000000,3800.612793,99.870003
0.000000,49.970749,31.803240,671.411560,0.000000,0.000000,3154.629639,102.230003
0.000000,49.970062,31.803240,678.035645,0.000000,0.000000,2137.144531,106.440002
0.000000,49.963169,31.803240,682.703979,0.000000,0.000000,1434.291138,108.339996
0.000000,49.948452,31.803240,690.017212,0.000000,0.000000,357.260376,111.269997
0.000000,49.935360,31.803240,695.056641,0.000000,0.000000,-367.440338,112.199997
0.000000,49.890869,31.803240,702.744385,0.000000,0.000000,-1449.654053,108.989998
0.000000,49.857170,31.803240,707.682495,0.000000,0.000000,-2159.164307,103.279999
0.000000,49.815529,31.803240,715.016663,0.000000,0.000000,-3190.563965,100.900002
0.000000,49.797134,31.803240,719.959106,0.000000,0.000000,-3847.710205,107.330002
0.000000,49.778660,31.803240,727.273071,0.000000,0.000000,-4773.571777,98.639999
0.000000,49.770496,31.803240,731.956665,0.000000,0.000000,-5343.022949,95.120003
0.000000,49.785847,31.803240,738.850464,0.000000,0.000000,-6112.861328,90.040001
0.000000,49.800079,31.803240,743.293945,0.000000,0.000000,-6563.084473,82.949997
0.000000,49.826576,31.803240,749.613708,0.000000,0.000000,-7133.524414,74.809998
0.000000,49.853897,31.803240,753.566345,0.000000,0.000000,-7438.629883,68.660004
0.000000,49.910500,31.803240,758.956299,0.000000,0.000000,-7776.019043,58.509998
0.000000,49.951115,31.803240,762.165100,0.000000,0.000000,-7917.364746,51.730000
0.000000,50.021076,31.803240,766.465515,0.000000,0.000000,-7999.950195,40.380001
0.000000,50.067589,31.803240,768.951355,0.000000,0.000000,-7967.428711,33.480000
0.000000,50.120914,31.803240,772.046814,0.000000,0.000000,-7786.980957,21.910000
0.000000,50.139725,31.803240,773.680542,0.000000,0.000000,-7579.869141,14.770000
0.000000,50.170822,31.803240,775.507446,0.000000,0.000000,-7142.594727,3.180000
0.000000,50.187977,31.803240,776.297913,0.000000,0.000000,-6769.916992,-2.620000
0.000000,50.205215,31.803240,776.862061,0.000000,0.000000,-6096.606934,-16.430000
0.000000,50.206234,31.803240,776.821411,0.000000,0.000000,-5576.946289,-18.100000
0.000000,50.204235,31.803240,776.292664,0.000000,0.000000,-4702.276367,-25.799999
0.000000,50.212116,31.803240,775.564636,0.000000,0.000000,-4063.045410,-32.209999
0.000000,50.203083,31.803240,774.024231,0.000000,0.000000,-3034.037598,-36.220001
0.000000,50.199089,31.803240,772.709778,0.000000,0.000000,-2310.174805,-41.169998
0.000000,50.195080,31.803240,770.483093,0.000000,0.000000,-1183.904663,-42.799999
0.000000,50.193314,31.803240,768.815552,0.000000,0.000000,-416.082001,-42.650002
0.000000,50.179337,31.803240,766.066223,0.000000,0.000000,743.365479,-44.540001
0.000000,50.169743,31.803240,764.117737,0.000000,0.000000,1510.926147,-45.330002
0.000000,50.147903,31.803240,761.229858,0.000000,0.000000,2636.003418,-34.130001
0.000000,50.134834,31.803240,759.445496,0.000000,0.000000,3358.065674,-35.639999
0.000000,50.104748,31.803240,756.674438,0.000000,0.000000,4381.680664,-41.200001
0.000000,50.091461,31.803240,754.835266,0.000000,0.000000,5014.662598,-36.080002
0.000000,50.078110,31.803240,752.206299,0.000000,0.000000,5874.244141,-28.889999
0.000000,50.072216,31.803240,750.617554,0.000000,0.000000,6378.916016,-26.150000
0.000000,50.066292,31.803240,748.558777,0.000000,0.000000,7020.361816,-17.150000
0.000000,50.063675,31.803240,747.449646,0.000000,0.000000,7364.381348,-13.920000
0.000000,50.061050,31.803240,746.171875,0.000000,0.000000,7745.658691,-0.780000
0.000000,50.059887,31.803240,745.636108,0.000000,0.000000,7905.789063,3.960000
0.000000,50.058723,31.803240,745.362854,0.000000,0.000000,7999.920410,15.940000
0.000000,50.058208,31.803240,745.532166,0.000000,0.000000,7963.770508,21.980000
0.000000,50.057690,31.803240,746.348083,0.000000,0.000000,7761.011230,31.240000
0.000000,50.057461,31.803240,747.291138,0.000000,0.000000,7528.160645,39.250000
0.000000,50.057232,31.803240,749.243225,0.000000,0.000000,7037.159180,47.950001
0.000000,50.057129,31.803240,750.898926,0.000000,0.000000,6619.566895,53.669998
0.000000,50.052265,31.803240,753.965332,0.000000,0.000000,5867.405762,62.299999
0.000000,50.046951,31.803240,756.387695,0.000000,0.000000,5289.042480,68.169998
0.000000,50.038582,31.803240,760.536926,0.000000,0.000000,4320.084961,74.660004
0.000000,50.038052,31.803240,763.626404,0.000000,0.000000,3615.768799,80.070000
0.000000,50.028355,31.803240,768.632690,0.000000,0.000000,2489.333984,84.550003
0.000000,50.030666,31.803240,772.141663,0.000000,0.000000,1702.810669,86.419998
0.000000,50.036015,31.803240,777.777222,0.000000,0.000000,489.776520,88.769997
0.000000,50.036198,31.803240,781.725098,0.000000,0.000000,-328.870331,89.400002
0.000000,50.044170,31.803240,787.721985,0.000000,0.000000,-1550.373779,88.480003
0.000000,50.047695,31.803240,791.440125,0.000000,0.000000,-2347.832031,84.589996
0.000000,50.051235,31.803240,797.366455,0.000000,0.000000,-3497.384033,76.709999
0.000000,50.064991,31.803240,801.266418,0.000000,0.000000,-4220.566895,82.480003
0.000000,50.085407,31.803240,807.139099,0.000000,0.000000,-5220.772461,77.519997
0.000000,50.101875,31.803240,810.946106,0.000000,0.000000,-5820.400391,72.089996
0.000000,50.118423,31.803240,816.280945,0.000000,0.000000,-6602.204590,67.220001
0.000000,50.125732,31.803240,819.633484,0.000000,0.000000,-7036.265625,60.540001
0.000000,50.150028,31.803240,824.288696,0.000000,0.000000,-7543.928223,51.930000
0.000000,50.160759,31.803240,827.114746,0.000000,0.000000,-7780.770020,43.799999
0.000000,50.183735,31.803240,830.757507,0.000000,0.000000,-7976.083496,33.230000
0.000000,50.197311,31.803240,832.845520,0.000000,0.000000,-7996.919434,27.240000
0.000000,50.210945,31.803240,835.411682,0.000000,0.000000,-7862.411133,14.410000
0.000000,50.216969,31.803240,836.721008,0.000000,0.000000,-7663.018066,7.600000
0.000000,50.223019,31.803240,838.068298,0.000000,0.000000,-7203.785156,-2.450000
0.000000,50.225689,31.803240,838.551086,0.000000,0.000000,-6795.238770,-9.340000
0.000000,50.228374,31.803240,838.713135,0.000000,0.000000,-6039.284668,-18.250000
0.000000,50.229561,31.803240,838.414490,0.000000,0.000000,-5447.636230,-25.709999
0.000000,50.230751,31.803240,837.419067,0.000000,0.000000,-4444.555664,-30.040001
0.000000,50.231277,31.803240,836.454163,0.000000,0.000000,-3709.433105,-38.060001
0.000000,50.231808,31.803240,834.566772,0.000000,0.000000,-2527.516113,-40.830002
0.000000,50.232040,31.803240,833.042419,0.000000,0.000000,-1699.663818,-43.680000
0.000000,50.220081,31.803240,830.399353,0.000000,0.000000,-421.525726,-47.150002
0.000000,50.211372,31.803240,828.476074,0.000000,0.000000,440.530212,-46.270000
0.000000,50.196030,31.803240,825.431030,0.000000,0.000000,1723.560425,-46.310001
0.000000,50.181805,31.803240,823.421509,0.000000,0.000000,2557.573730,-41.700001
0.000000,50.148720,31.803240,820.557312,0.000000,0.000000,3751.881104,-39.259998
0.000000,50.123230,31.803240,818.615784,0.000000,0.000000,4496.355469,-42.700001
0.000000,50.103226,31.803240,815.725647,0.000000,0.000000,5512.914063,-35.560001
0.000000,50.102554,31.803240,813.935730,0.000000,0.000000,6111.704102,-31.950001
0.000000,50.095291,31.803240,811.504028,0.000000,0.000000,6872.853516,-25.850000
0.000000,50.084625,31.803240,810.093933,0.000000,0.000000,7279.524902,-18.120001
0.000000,50.090874,31.803240,808.374512,0.000000,0.000000,7725.148438,-9.950000
0.000000,50.093628,31.803240,807.520752,0.000000,0.000000,7906.770020,-2.180000
0.000000,50.091637,31.803240,806.749512,0.000000,0.000000,7999.361816,6.990000
0.000000,50.087593,31.803240,806.547729,0.000000,0.000000,7939.409668,14.230000
0.000000,50.092693,31.803240,806.863647,0.000000,0.000000,7667.600098,23.889999
0.000000,50.094948,31.803240,807.468933,0.000000,0.000000,7367.694824,32.439999
0.000000,50.097210,31.803240,808.972046,0.000000,0.000000,6747.878906,41.250000
0.000000,50.098209,31.803240,810.288940,0.000000,0.000000,6228.187988,47.459999
0.000000,50.099213,31.803240,812.855164,0.000000,0.000000,5304.051758,54.830002
0.000000,50.099655,31.803240,814.939819,0.000000,0.000000,4602.243652,61.270000
0.000000,50.083145,31.803240,818.559814,0.000000,0.000000,3442.119385,64.970001
0.000000,50.075855,31.803240,821.270691,0.000000,0.000000,2610.900879,70.949997
0.000000,50.068523,31.803240,825.651550,0.000000,0.000000,1303.077637,74.690002
0.000000,50.065292,31.803240,828.718140,0.000000,0.000000,406.448090,73.830002
0.000000,50.062038,31.803240,833.586487,0.000000,0.000000,-947.291138,74.300003
0.000000,50.067196,31.803240,836.938843,0.000000,0.000000,-1838.834229,73.470001
0.000000,50.075405,31.803240,841.831238,0.000000,0.000000,-3130.994141,67.720001
0.000000,50.089046,31.803240,845.002441,0.000000,0.000000,-3945.950684,63.110001
0.000000,50.110542,31.803240,849.765442,0.000000,0.000000,-5071.846680,68.199997
0.000000,50.120037,31.803240,852.923340,0.000000,0.000000,-5743.488281,61.849998
0.000000,50.129578,31.803240,857.463135,0.000000,0.000000,-6609.859863,53.799999
0.000000,50.133789,31.803240,860.304565,0.000000,0.000000,-7081.815430,49.549999
0.000000,50.144611,31.803240,864.109558,0.000000,0.000000,-7614.796875,40.950001
0.000000,50.156845,31.803240,866.383118,0.000000,0.000000,-7845.993652,33.759998
0.000000,50.169140,31.803240,869.311707,0.000000,0.000000,-7997.768066,23.370001
0.000000,50.174568,31.803240,870.917297,0.000000,0.000000,-7966.258789,16.129999
0.000000,50.180019,31.803240,872.728943,0.000000,0.000000,-7719.763672,5.980000
0.000000,50.182430,31.803240,873.558594,0.000000,0.000000,-7425.102539,-0.040000
0.000000,50.184849,31.803240,874.224365,0.000000,0.000000,-6796.312012,-12.340000
0.000000,50.185917,31.803240,874.256042,0.000000,0.000000,-6260.173828,-19.450001
0.000000,50.186993,31.803240,873.726074,0.000000,0.000000,-5297.651367,-24.700001
0.000000,50.187466,31.803240,873.032776,0.000000,0.000000,-4562.606445,-32.230000
0.000000,50.187943,31.803240,871.543335,0.000000,0.000000,-3344.250488,-35.529999
0.000000,50.188156,31.803240,870.245483,0.000000,0.000000,-2470.677246,-42.320000
0.000000,50.188366,31.803240,867.894958,0.000000,0.000000,-1097.837769,-45.639999
0.000000,50.188461,31.803240,866.089783,0.000000,0.000000,-159.205933,-54.900002
0.000000,50.188553,31.803240,863.238281,0.000000,0.000000,1251.479980,-47.840000
0.000000,50.182003,31.803240,861.232971,0.000000,0.000000,2174.643311,-44.619999
0.000000,50.161041,31.803240,858.295715,0.000000,0.000000,3500.998535,-34.910000
0.000000,50.138721,31.803240,856.381531,0.000000,0.000000,4327.976074,-41.320000
0.000000,50.124096,31.803240,853.464355,0.000000,0.000000,5452.885254,-37.750000
0.000000,50.111038,31.803240,851.655518,0.000000,0.000000,6109.886719,-34.930000
0.000000,50.102329,31.803240,849.108032,0.000000,0.000000,6931.804688,-28.070000
0.000000,50.089714,31.803240,847.597473,0.000000,0.000000,7358.713379,-21.540001
0.000000,50.093998,31.803240,845.699646,0.000000,0.000000,7801.146973,-11.630000
0.000000,50.095886,31.803240,844.718628,0.000000,0.000000,7957.267090,-5.460000
0.000000,50.097790,31.803240,843.749390,0.000000,0.000000,7976.314453,3.670000
0.000000,50.098625,31.803240,843.454285,0.000000,0.000000,7844.566406,12.080000
0.000000,50.094707,31.803240,843.582886,0.000000,0.000000,7433.759766,21.280001
0.000000,50.096401,31.803240,844.058411,0.000000,0.000000,7022.849609,28.809999
0.000000,50.098103,31.803240,845.350586,0.000000,0.000000,6214.735840,37.720001
0.000000,50.098854,31.803240,846.528931,0.000000,0.000000,5559.045410,44.220001
0.000000,50.099609,31.803240,848.842834,0.000000,0.000000,4423.216309,50.950001
0.000000,50.093353,31.803240,850.731445,0.000000,0.000000,3580.299072,56.119999
0.000000,50.079273,31.803240,854.025513,0.000000,0.000000,2217.919189,60.130001
0.000000,50.073051,31.803240,856.361450,0.000000,0.000000,1263.758667,62.020000
0.000000,50.066807,31.803240,860.234619,0.000000,0.000000,-201.048401,63.060001
0.000000,50.069653,31.803240,862.994873,0.000000,0.000000,-1178.670044,64.400002
0.000000,50.081676,31.803240,867.240173,0.000000,0.000000,-2609.885498,60.700001
0.000000,50.086987,31.803240,870.053345,0.000000,0.000000,-3519.357666,55.959999
0.000000,50.111107,31.803240,874.144348,0.000000,0.000000,-4781.634766,54.590000
0.000000,50.132641,31.803240,876.742249,0.000000,0.000000,-5536.125000,54.480000
0.000000,50.154274,31.803240,880.598022,0.000000,0.000000,-6507.701660,47.349998
0.000000,50.163826,31.803240,883.024048,0.000000,0.000000,-7033.584961,42.400002
0.000000,50.173428,31.803240,886.342224,0.000000,0.000000,-7618.334961,33.689999
0.000000,50.177666,31.803240,888.243408,0.000000,0.000000,-7862.621582,27.219999
0.000000,50.186687,31.803240,890.623962,0.000000,0.000000,-7999.989746,19.709999
0.000000,50.180653,31.803240,891.910767,0.000000,0.000000,-7936.003906,9.800000
0.000000,50.166801,31.803240,893.285645,0.000000,0.000000,-7607.828125,0.190000
0.000000,50.155079,31.803240,893.842041,0.000000,0.000000,-7238.475586,-5.370000
0.000000,50.157688,31.803240,894.064331,0.000000,0.000000,-6471.833984,-18.350000
0.000000,50.166294,31.803240,893.851990,0.000000,0.000000,-5830.076172,-22.299999
0.000000,50.174942,31.803240,893.006165,0.000000,0.000000,-4695.765625,-31.709999
0.000000,50.173157,31.803240,892.065674,0.000000,0.000000,-3842.103516,-35.340000
0.000000,50.173553,31.803240,890.277710,0.000000,0.000000,-2448.687012,-39.919998
0.000000,50.171165,31.803240,888.824097,0.000000,0.000000,-1465.825684,-43.209999
0.000000,50.172329,31.803240,886.271362,0.000000,0.000000,50.277378,-47.240002
0.000000,50.171268,31.803240,884.385437,0.000000,0.000000,1065.202148,-47.660000
0.000000,50.161041,31.803240,881.402893,0.000000,0.000000,2552.798096,-43.040001
0.000000,50.156521,31.803240,879.413208,0.000000,0.000000,3497.678955,-39.509998
0.000000,50.139786,31.803240,876.654907,0.000000,0.000000,4805.783691,-36.200001
0.000000,50.128971,31.803240,874.793213,0.000000,0.000000,5583.835449,-40.360001
0.000000,50.118107,31.803240,872.104309,0.000000,0.000000,6577.128418,-31.120001
0.000000,50.113308,31.803240,870.441833,0.000000,0.000000,7106.954102,-27.840000
0.000000,50.108486,31.803240,868.340515,0.000000,0.000000,7680.105957,-20.610001
0.000000,50.100754,31.803240,867.142151,0.000000,0.000000,7904.493164,-10.940000
0.000000,50.100773,31.803240,865.819153,0.000000,0.000000,7993.831543,-1.060000
0.000000,50.100784,31.803240,865.263367,0.000000,0.000000,7886.302246,4.350000
0.000000,50.100796,31.803240,864.987000,0.000000,0.000000,7477.488770,15.640000
0.000000,50.100800,31.803240,865.198059,0.000000,0.000000,7045.829590,24.389999
0.000000,50.100803,31.803240,866.019531,0.000000,0.000000,6176.573730,31.510000
0.000000,50.100807,31.803240,866.947998,0.000000,0.000000,5462.853027,37.770000
0.000000,50.100807,31.803240,868.887512,0.000000,0.000000,4220.189453,44.869999
0.000000,50.095207,31.803240,870.431091,0.000000,0.000000,3297.121338,48.060001
0.000000,50.087006,31.803240,873.219238,0.000000,0.000000,1809.332886,53.650002
0.000000,50.078640,31.803240,875.337585,0.000000,0.000000,773.244324,56.570000
0.000000,50.082436,31.803240,878.712158,0.000000,0.000000,-802.910706,57.110001
0.000000,50.087532,31.803240,881.226440,0.000000,0.000000,-1841.880371,56.840000
0.000000,50.092655,31.803240,885.015503,0.000000,0.000000,-3337.420410,49.540001
0.000000,50.101513,31.803240,887.388977,0.000000,0.000000,-4266.935059,42.310001
0.000000,50.135155,31.803240,890.820801,0.000000,0.000000,-5518.747559,50.540001
0.000000,50.150017,31.803240,893.130493,0.000000,0.000000,-6236.483398,46.810001
0.000000,50.164944,31.803240,896.394409,0.000000,0.000000,-7105.330566,36.610001
0.000000,50.171539,31.803240,898.366272,0.000000,0.000000,-7530.458008,30.379999
0.000000,50.190353,31.803240,900.918762,0.000000,0.000000,-7916.900391,21.879999
0.000000,50.195499,31.803240,902.319641,0.000000,0.000000,-7999.544922,14.650000
0.000000,50.192875,31.803240,903.938782,0.000000,0.000000,-7855.930664,3.430000
0.000000,50.191719,31.803240,904.656189,0.000000,0.000000,-7583.460938,-1.430000
0.000000,50.178356,31.803240,905.241394,0.000000,0.000000,-6920.473145,-12.260000
0.000000,50.181229,31.803240,905.263184,0.000000,0.000000,-6319.800293,-18.250000
0.000000,50.184113,31.803240,904.744690,0.000000,0.000000,-5206.648438,-26.570000
0.000000,50.185387,31.803240,904.029846,0.000000,0.000000,-4342.118164,-29.059999
0.000000,50.180077,31.803240,902.458130,0.000000,0.000000,-2900.061523,-38.119999
0.000000,50.170273,31.803240,901.176208,0.000000,0.000000,-1867.039185,-49.830002
0.000000,50.160427,31.803240,898.903564,0.000000,0.000000,-256.794250,-45.279999
0.000000,50.156078,31.803240,897.171631,0.000000,0.000000,828.534119,-44.529999
0.000000,50.151711,31.803240,894.357605,0.000000,0.000000,2424.300537,-43.180000
0.000000,50.149780,31.803240,892.443542,0.000000,0.000000,3437.801514,-39.730000
0.000000,50.135647,31.803240,889.734192,0.000000,0.000000,4835.072754,-30.340000
0.000000,50.125980,31.803240,888.016846,0.000000,0.000000,5658.871582,-40.730000
0.000000,50.116268,31.803240,885.441589,0.000000,0.000000,6693.635254,-31.950001
0.000000,50.111977,31.803240,883.847168,0.000000,0.000000,7230.006348,-26.000000
0.000000,50.107670,31.803240,881.767822,0.000000,0.000000,7777.906738,-18.209999
0.000000,50.099174,31.803240,880.618103,0.000000,0.000000,7961.210449,-11.690000
0.000000,50.082848,31.803240,879.368835,0.000000,0.000000,7953.109375,-0.710000
0.000000,50.075638,31.803240,878.845581,0.000000,0.000000,7758.289063,4.520000
0.000000,50.074986,31.803240,878.608582,0.000000,0.000000,7189.731934,16.250000
0.000000,50.082150,31.803240,878.832275,0.000000,0.000000,6636.224121,22.700001
0.000000,50.089352,31.803240,879.684265,0.000000,0.000000,5569.455078,29.930000
0.000000,50.092533,31.803240,880.594604,0.000000,0.000000,4719.882813,37.150002
0.000000,50.085361,31.803240,882.450623,0.000000,0.000000,3277.891113,42.490002
0.000000,50.077454,31.803240,883.992065,0.000000,0.000000,2231.505859,46.389999
0.000000,50.074272,31.803240,886.685791,0.000000,0.000000,584.551331,50.029999
0.000000,50.076035,31.803240,888.595032,0.000000,0.000000,-533.962402,49.230000
0.000000,50.075230,31.803240,891.711304,0.000000,0.000000,-2187.984863,48.230000
0.000000,50.082329,31.803240,893.871338,0.000000,0.000000,-3243.148193,46.209999
0.000000,50.096050,31.803240,896.954956,0.000000,0.000000,-4702.296387,35.250000
0.000000,50.121761,31.803240,898.912964,0.000000,0.000000,-5564.224609,43.680000
0.000000,50.147591,31.803240,901.884521,0.000000,0.000000,-6647.294922,35.660000
0.000000,50.164604,31.803240,903.686523,0.000000,0.000000,-7207.867676,29.670000
0.000000,50.180496,31.803240,906.119202,0.000000,0.000000,-7777.318848,22.080000
0.000000,50.194965,31.803240,907.498169,0.000000,0.000000,-7964.110352,15.640000
0.000000,50.203903,31.803240,909.092712,0.000000,0.000000,-7944.189941,6.230000
0.000000,50.199684,31.803240,909.825500,0.000000,0.000000,-7730.336426,-0.210000
0.000000,50.195446,31.803240,910.397156,0.000000,0.000000,-7117.974121,-12.250000
0.000000,50.193577,31.803240,910.403809,0.000000,0.000000,-6526.564453,-16.990000
0.000000,50.191692,31.803240,909.880432,0.000000,0.000000,-5393.368164,-24.780001
0.000000,50.190865,31.803240,909.171875,0.000000,0.000000,-4495.632813,-32.410000
0.000000,50.190029,31.803240,907.705444,0.000000,0.000000,-2980.459229,-35.580002
0.000000,50.189663,31.803240,906.433350,0.000000,0.000000,-1887.745605,-42.320000
0.000000,50.178925,31.803240,904.105774,0.000000,0.000000,-180.414658,-44.360001
0.000000,50.169445,31.803240,902.362610,0.000000,0.000000,969.186218,-44.570000
0.000000,50.159916,31.803240,899.609314,0.000000,0.000000,2651.197754,-42.900002
0.000000,50.155712,31.803240,897.750061,0.000000,0.000000,3710.116943,-39.160000
0.000000,50.144894,31.803240,895.074158,0.000000,0.000000,5149.202637,-35.160000
0.000000,50.132660,31.803240,893.290588,0.000000,0.000000,5979.327148,-38.259998
0.000000,50.120369,31.803240,890.716919,0.000000,0.000000,6986.110840,-30.740000
0.000000,50.114944,31.803240,889.154053,0.000000,0.000000,7477.044922,-24.709999
0.000000,50.109489,31.803240,887.127686,0.000000,0.000000,7915.814453,-16.280001
0.000000,50.107082,31.803240,886.039429,0.000000,0.000000,7999.998535,-8.440000
0.000000,50.087704,31.803240,884.864929,0.000000,0.000000,7807.767578,1.190000
0.000000,50.079147,31.803240,884.408508,0.000000,0.000000,7470.344238,6.680000
0.000000,50.070549,31.803240,884.263306,0.000000,0.000000,6666.785156,16.629999
0.000000,50.066753,31.803240,884.539673,0.000000,0.000000,5948.715332,24.030001
0.000000,50.068542,31.803240,885.499329,0.000000,0.000000,4635.321289,30.879999
0.000000,50.065300,31.803240,886.484497,0.000000,0.000000,3629.106689,35.709999
0.000000,50.068638,31.803240,888.411621,0.000000,0.000000,1977.320068,41.110001
0.000000,50.077564,31.803240,889.911255,0.000000,0.000000,815.649536,43.709999
0.000000,50.086536,31.803240,892.447266,0.000000,0.000000,-954.800110,44.970001
0.000000,50.090496,31.803240,894.274536,0.000000,0.000000,-2116.169922,43.320000
0.000000,50.094475,31.803240,897.097900,0.000000,0.000000,-3766.099854,37.029999
0.000000,50.102825,31.803240,898.867920,0.000000,0.000000,-4769.083496,29.750000
0.000000,50.135963,31.803240,901.426025,0.000000,0.000000,-6072.153320,40.099998
0.000000,50.150600,31.803240,903.142334,0.000000,0.000000,-6777.979980,32.509998
0.000000,50.165302,31.803240,905.485535,0.000000,0.000000,-7552.096191,23.670000
0.000000,50.171795,31.803240,906.851807,0.000000,0.000000,-7860.857422,17.629999
0.000000,50.178322,31.803240,908.510986,0.000000,0.000000,-7994.314453,7.200000
0.000000,50.187794,31.803240,909.283325,0.000000,0.000000,-7859.660645,1.250000
0.000000,50.192905,31.803240,909.972656,0.000000,0.000000,-7328.182129,-8.050000
0.000000,50.191738,31.803240,910.066101,0.000000,0.000000,-6764.920898,-16.139999
0.000000,50.190567,31.803240,909.675720,0.000000,0.000000,-5636.894043,-22.639999
0.000000,50.190052,31.803240,909.087891,0.000000,0.000000,-4720.198242,-29.830000
0.000000,50.189529,31.803240,907.735779,0.000000,0.000000,-3148.994385,-33.049999
0.000000,50.189301,31.803240,906.535095,0.000000,0.000000,-2005.047607,-39.840000
0.000000,50.182476,31.803240,904.354675,0.000000,0.000000,-209.050735,-42.750000
0.000000,50.172009,31.803240,902.676636,0.000000,0.000000,1001.815308,-45.570000
0.000000,50.161495,31.803240,899.979431,0.000000,0.000000,2768.962402,-41.830002
0.000000,50.156849,31.803240,898.220215,0.000000,0.000000,3874.493164,-35.410000
0.000000,50.139988,31.803240,895.686951,0.000000,0.000000,5359.536621,-33.560001
0.000000,50.129116,31.803240,893.971558,0.000000,0.000000,6200.059082,-36.430000
0.000000,50.124786,31.803240,891.565491,0.000000,0.000000,7186.663574,-28.030001
0.000000,50.124725,31.803240,890.166870,0.000000,0.000000,7638.453125,-24.860001
0.000000,50.120258,31.803240,888.238586,0.000000,0.000000,7979.344238,-13.380000
0.000000,50.108269,31.803240,887.245422,0.000000,0.000000,7973.364258,-5.570000
0.000000,50.088436,31.803240,886.211243,0.000000,0.000000,7613.244141,2.170000
0.000000,50.073082,31.803240,885.876587,0.000000,0.000000,7146.375977,10.140000
0.000000,50.062065,31.803240,885.885498,0.000000,0.000000,6131.925781,19.510000
0.000000,50.060623,31.803240,886.260498,0.000000,0.000000,5268.780762,25.600000
0.000000,50.059170,31.803240,887.356812,0.000000,0.000000,3743.857422,34.400002
0.000000,50.058533,31.803240,888.405273,0.000000,0.000000,2608.596680,35.220001
0.000000,50.074844,31.803240,890.313232,0.000000,0.000000,794.862549,38.930000
0.000000,50.082050,31.803240,891.799316,0.000000,0.000000,-446.073547,41.330002
0.000000,50.077095,31.803240,894.288879,0.000000,0.000000,-2280.662842,42.299999
0.000000,50.083679,31.803240,896.029907,0.000000,0.000000,-3442.619873,37.500000
0.000000,50.102486,31.803240,898.486206,0.000000,0.000000,-5023.117676,26.940001
0.000000,50.126411,31.803240,900.041748,0.000000,0.000000,-5930.662109,34.009998
0.000000,50.150448,31.803240,902.353577,0.000000,0.000000,-7016.511719,27.219999
0.000000,50.173260,31.803240,903.767334,0.000000,0.000000,-7530.189941,21.990000
0.000000,50.183979,31.803240,905.594421,0.000000,0.000000,-7952.459961,13.540000
0.000000,50.185291,31.803240,906.556030,0.000000,0.000000,-7990.767578,7.680000
0.000000,50.193199,31.803240,907.563782,0.000000,0.000000,-7679.390625,-1.050000
0.000000,50.191948,31.803240,907.931885,0.000000,0.000000,-7232.420410,-7.500000
0.000000,50.190697,31.803240,907.922119,0.000000,0.000000,-6228.940430,-18.670000
0.000000,50.190144,31.803240,907.571472,0.000000,0.000000,-5361.345703,-22.930000
0.000000,50.189587,31.803240,906.595215,0.000000,0.000000,-3814.741211,-30.670000
0.000000,50.189339,31.803240,905.657654,0.000000,0.000000,-2657.198486,-35.459999
0.000000,50.189095,31.803240,903.854309,0.000000,0.000000,-802.863037,-39.820000
0.000000,50.176788,31.803240,902.408020,0.000000,0.000000,466.950958,-39.619999
0.000000,50.164433,31.803240,899.962463,0.000000,0.000000,2342.259521,-39.740002
0.000000,50.158970,31.803240,898.329895,0.000000,0.000000,3526.597656,-34.680000
0.000000,50.153484,31.803240,895.990723,0.000000,0.000000,5128.791504,-28.120001
0.000000,50.145458,31.803240,894.440552,0.000000,0.000000,6040.574219,-36.029999
0.000000,50.128231,31.803240,892.144653,0.000000,0.000000,7114.552734,-27.200001
0.000000,50.132816,31.803240,890.752075,0.000000,0.000000,7607.224121,-21.450001
0.000000,50.130833,31.803240,888.966309,0.000000,0.000000,7978.173340,-13.820000
0.000000,50.122501,31.803240,888.020691,0.000000,0.000000,7969.845703,-7.010000
0.000000,50.101936,31.803240,887.072632,0.000000,0.000000,7572.734863,2.810000
0.000000,50.089428,31.803240,886.767212,0.000000,0.000000,7060.577148,10.860000
0.000000,50.076866,31.803240,886.808411,0.000000,0.000000,5952.757813,19.010000
0.000000,50.071316,31.803240,887.177734,0.000000,0.000000,5014.995117,25.120001
0.000000,50.065739,31.803240,888.273438,0.000000,0.000000,3369.323975,30.809999
0.000000,50.063274,31.803240,889.299194,0.000000,0.000000,2154.152100,34.770000
0.000000,50.066406,31.803240,891.233948,0.000000,0.000000,233.170166,37.480000
0.000000,50.075954,31.803240,892.720642,0.000000,0.000000,-1064.022949,41.560001
0.000000,50.085545,31.803240,895.051819,0.000000,0.000000,-2949.229248,37.990002
0.000000,50.089779,31.803240,896.640137,0.000000,0.000000,-4116.938477,30.990000
0.000000,50.117584,31.803240,898.867554,0.000000,0.000000,-5656.874512,26.719999
0.000000,50.137321,31.803240,900.330383,0.000000,0.000000,-6501.992188,30.790001
0.000000,50.157146,31.803240,902.410583,0.000000,0.000000,-7439.887207,23.080000
0.000000,50.165901,31.803240,903.623596,0.000000,0.000000,-7820.026367,16.180000
0.000000,50.174702,31.803240,905.129456,0.000000,0.000000,-7995.462402,9.520000
0.000000,50.178585,31.803240,905.870117,0.000000,0.000000,-7843.632813,0.530000
0.000000,50.182491,31.803240,906.496460,0.000000,0.000000,-7221.173828,-8.940000
0.000000,50.184216,31.803240,906.604370,0.000000,0.000000,-6558.435547,-14.170000
0.000000,50.185947,31.803240,906.261963,0.000000,0.000000,-5235.960938,-21.020000
0.000000,50.186710,31.803240,905.692688,0.000000,0.000000,-4169.568848,-29.459999
0.000000,50.187481,31.803240,904.379700,0.000000,0.000000,-2364.300293,-32.980000
0.000000,50.187817,31.803240,903.279358,0.000000,0.000000,-1071.196289,-35.230000
0.000000,50.171204,31.803240,901.268066,0.000000,0.000000,914.864563,-38.939999
0.000000,50.163864,31.803240,899.760010,0.000000,0.000000,2216.813965,-37.610001
0.000000,50.156490,31.803240,897.429688,0.000000,0.000000,4046.801025,-31.270000
0.000000,50.146641,31.803240,895.946533,0.000000,0.000000,5135.284180,-27.629999
0.000000,50.128960,31.803240,893.746155,0.000000,0.000000,6494.533691,-32.049999
0.000000,50.121147,31.803240,892.353821,0.000000,0.000000,7180.921875,-24.969999
0.000000,50.119892,31.803240,890.459778,0.000000,0.000000,7831.641113,-17.379999
0.000000,50.120197,31.803240,889.384766,0.000000,0.000000,7994.226563,-12.200000
0.000000,50.117481,31.803240,888.195007,0.000000,0.000000,7818.139160,-1.290000
0.000000,50.106262,31.803240,887.704712,0.000000,0.000000,7424.532227,4.480000
0.000000,50.075008,31.803240,887.462402,0.000000,0.000000,6445.721191,15.360000
0.000000,50.064373,31.803240,887.649292,0.000000,0.000000,5560.186523,20.879999
0.000000,50.061478,31.803240,888.464172,0.000000,0.000000,3943.540527,28.110001
0.000000,50.060196,31.803240,889.339478,0.000000,0.000000,2717.514893,33.970001
0.000000,50.058910,31.803240,890.961243,0.000000,0.000000,742.324768,34.810001
0.000000,50.063946,31.803240,892.279724,0.000000,0.000000,-610.686462,39.439999
0.000000,50.078171,31.803240,894.492737,0.000000,0.000000,-2598.027588,37.419998
0.000000,50.096649,31.803240,896.035461,0.000000,0.000000,-3839.180420,32.290001
0.000000,50.121803,31.803240,898.152588,0.000000,0.000000,-5485.555664,20.320000
0.000000,50.140369,31.803240,899.479004,0.000000,0.000000,-6392.797852,29.660000
0.000000,50.159019,31.803240,901.491760,0.000000,0.000000,-7401.394531,24.629999
0.000000,50.167255,31.803240,902.672668,0.000000,0.000000,-7809.598633,14.760000
0.000000,50.175529,31.803240,904.119690,0.000000,0.000000,-7994.295410,8.820000
0.000000,50.179188,31.803240,904.823547,0.000000,0.000000,-7826.060547,0.480000
0.000000,50.182858,31.803240,905.455139,0.000000,0.000000,-7147.105957,-5.910000
0.000000,50.184483,31.803240,905.571533,0.000000,0.000000,-6428.397949,-12.890000
0.000000,50.186111,31.803240,905.212280,0.000000,0.000000,-5002.308105,-22.690001
0.000000,50.186829,31.803240,904.635986,0.000000,0.000000,-3859.617676,-27.910000
0.000000,50.187550,31.803240,903.415100,0.000000,0.000000,-1940.762817,-32.160000
0.000000,50.187874,31.803240,902.330017,0.000000,0.000000,-579.804504,-34.259998
0.000000,50.175999,31.803240,900.359985,0.000000,0.000000,1483.772217,-37.189999
0.000000,50.167328,31.803240,898.878723,0.000000,0.000000,2814.488770,-36.360001
0.000000,50.158619,31.803240,896.666931,0.000000,0.000000,4643.557617,-27.379999
0.000000,50.148178,31.803240,895.328918,0.000000,0.000000,5697.899902,-25.070000
0.000000,50.129902,31.803240,893.287720,0.000000,0.000000,6951.805664,-27.280001
0.000000,50.121826,31.803240,892.016968,0.000000,0.000000,7531.819824,-21.020000
0.000000,50.125912,31.803240,890.353516,0.000000,0.000000,7972.669922,-12.450000
0.000000,50.118950,31.803240,889.474121,0.000000,0.000000,7966.440918,-7.410000
0.000000,50.111946,31.803240,888.558716,0.000000,0.000000,7505.519043,2.740000
0.000000,50.102264,31.803240,888.261169,0.000000,0.000000,6909.739258,9.570000
0.000000,50.078156,31.803240,888.343750,0.000000,0.000000,5626.895020,18.809999
0.000000,50.072247,31.803240,888.738342,0.000000,0.000000,4549.442383,24.549999
0.000000,50.066311,31.803240,889.780151,0.000000,0.000000,2681.000000,30.080000
0.000000,50.063694,31.803240,890.747070,0.000000,0.000000,1322.462646,32.680000
0.000000,50.061054,31.803240,892.534912,0.000000,0.000000,-780.922607,36.130001
0.000000,50.072090,31.803240,893.896851,0.000000,0.000000,-2163.837891,35.639999
0.000000,50.095367,31.803240,896.012634,0.000000,0.000000,-4102.179199,30.450001
0.000000,50.115662,31.803240,897.306030,0.000000,0.000000,-5244.839844,18.549999
0.000000,50.160805,31.803240,899.184021,0.000000,0.000000,-6644.787598,28.809999
0.000000,50.180740,31.803240,900.421021,0.000000,0.000000,-7325.472656,20.040001
0.000000,50.200771,31.803240,902.048950,0.000000,0.000000,-7912.881836,14.480000
0.000000,50.197422,31.803240,902.926941,0.000000,0.000000,-7996.456543,6.840000
0.000000,50.194057,31.803240,903.849304,0.000000,0.000000,-7651.340332,1.010000
0.000000,50.192570,31.803240,904.193787,0.000000,0.000000,-7117.085938,-6.460000
0.000000,50.191078,31.803240,904.226501,0.000000,0.000000,-5899.741211,-17.090000
0.000000,50.190418,31.803240,903.901428,0.000000,0.000000,-4847.416504,-21.379999
0.000000,50.189758,31.803240,902.989319,0.000000,0.000000,-2989.774170,-28.520000
0.000000,50.189465,31.803240,902.132080,0.000000,0.000000,-1622.144409,-33.349998
0.000000,50.189171,31.803240,900.483215,0.000000,0.000000,514.902588,-36.520000
0.000000,50.176846,31.803240,899.175110,0.000000,0.000000,1930.315430,-34.750000
0.000000,50.164463,31.803240,897.041321,0.000000,0.000000,3926.095459,-32.000000
0.000000,50.158993,31.803240,895.643555,0.000000,0.000000,5108.958008,-22.129999
0.000000,50.146908,31.803240,893.768982,0.000000,0.000000,6565.674805,-28.809999
0.000000,50.134113,31.803240,892.497864,0.000000,0.000000,7278.537109,-24.530001
0.000000,50.121265,31.803240,890.806213,0.000000,0.000000,7901.197754,-14.130000
0.000000,50.127785,31.803240,889.873413,0.000000,0.000000,7997.825195,-9.410000
0.000000,50.122139,31.803240,888.853027,0.000000,0.000000,7655.292480,0.540000
0.000000,50.116219,31.803240,888.460571,0.000000,0.000000,7111.705078,5.220000
0.000000,50.091488,31.803240,888.385254,0.000000,0.000000,5866.015137,15.720000
0.000000,50.069687,31.803240,888.676331,0.000000,0.000000,4787.460938,23.580000
0.000000,50.054371,31.803240,889.581055,0.000000,0.000000,2884.572998,29.850000
0.000000,50.055065,31.803240,890.425842,0.000000,0.000000,1486.349487,31.170000
0.000000,50.055759,31.803240,892.079651,0.000000,0.000000,-690.831604,32.849998
0.000000,50.068260,31.803240,893.353088,0.000000,0.000000,-2125.486816,32.200001
0.000000,50.087414,31.803240,895.371521,0.000000,0.000000,-4133.208984,28.250000
0.000000,50.109921,31.803240,896.593323,0.000000,0.000000,-5310.118164,18.440001
0.000000,50.153503,31.803240,898.314148,0.000000,0.000000,-6734.099121,28.549999
0.000000,50.187660,31.803240,899.481995,0.000000,0.000000,-7408.671387,19.760000
0.000000,50.209782,31.803240,900.970825,0.000000,0.000000,-7950.303711,11.040000
0.000000,50.216129,31.803240,901.757751,0.000000,0.000000,-7979.105957,5.060000
0.000000,50.205544,31.803240,902.586914,0.000000,0.000000,-7519.510742,-1.820000
0.000000,50.200871,31.803240,902.866028,0.000000,0.000000,-6891.883301,-9.340000
0.000000,50.196175,31.803240,902.812805,0.000000,0.000000,-5519.796387,-16.600000
0.000000,50.194099,31.803240,902.464355,0.000000,0.000000,-4362.340820,-22.850000
0.000000,50.192017,31.803240,901.446533,0.000000,0.000000,-2359.004395,-26.830000
0.000000,50.191101,31.803240,900.604797,0.000000,0.000000,-911.277771,-27.590000
0.000000,50.190174,31.803240,898.950928,0.000000,0.000000,1305.602905,-34.880001
0.000000,50.189762,31.803240,897.684448,0.000000,0.000000,2739.830811,-33.250000
0.000000,50.183750,31.803240,895.701660,0.000000,0.000000,4702.316895,-27.639999
0.000000,50.178535,31.803240,894.462708,0.000000,0.000000,5818.493652,-20.490000
0.000000,50.155136,31.803240,892.668030,0.000000,0.000000,7107.188965,-24.760000
0.000000,50.145660,31.803240,891.514893,0.000000,0.000000,7664.976074,-19.400000
0.000000,50.128357,31.803240,890.070557,0.000000,0.000000,7999.575684,-9.480000
0.000000,50.132908,31.803240,889.325073,0.000000,0.000000,7875.463379,-5.510000
0.000000,50.120522,31.803240,888.599121,0.000000,0.000000,7177.331543,5.490000
0.000000,50.102856,31.803240,888.443237,0.000000,0.000000,6393.209961,12.810000
0.000000,50.078518,31.803240,888.699646,0.000000,0.000000,4805.737305,20.760000
0.000000,50.066906,31.803240,889.201721,0.000000,0.000000,3526.584717,25.000000
0.000000,50.063034,31.803240,890.374634,0.000000,0.000000,1387.766235,29.760000
0.000000,50.067913,31.803240,891.376282,0.000000,0.000000,-111.851608,33.299999
0.000000,50.070244,31.803240,893.120361,0.000000,0.000000,-2339.871582,33.880001
0.000000,50.078724,31.803240,894.390076,0.000000,0.000000,-3733.985596,27.830000
0.000000,50.117390,31.803240,896.180298,0.000000,0.000000,-5564.084961,14.690000
0.000000,50.168159,31.803240,897.290344,0.000000,0.000000,-6546.042969,25.209999
0.000000,50.210003,31.803240,898.908081,0.000000,0.000000,-7572.919434,17.500000
0.000000,50.228481,31.803240,899.835999,0.000000,0.000000,-7923.353516,11.750000
0.000000,50.230091,31.803240,900.942993,0.000000,0.000000,-7914.490234,3.680000
0.000000,50.224205,31.803240,901.442993,0.000000,0.000000,-7551.368652,-0.600000
0.000000,50.198311,31.803240,901.779480,0.000000,0.000000,-6501.527832,-11.650000
0.000000,50.190041,31.803240,901.714233,0.000000,0.000000,-5500.683594,-15.810000
0.000000,50.189526,31.803240,901.142029,0.000000,0.000000,-3636.810791,-22.709999
0.000000,50.189297,31.803240,900.494568,0.000000,0.000000,-2217.575439,-26.180000
0.000000,50.172108,31.803240,899.178772,0.000000,0.000000,48.301403,-32.779999
0.000000,50.164520,31.803240,898.032959,0.000000,0.000000,1570.055664,-30.969999
0.000000,50.156895,31.803240,896.268005,0.000000,0.000000,3730.591309,-25.760000
0.000000,50.153526,31.803240,895.078247,0.000000,0.000000,5012.187012,-23.540001
0.000000,50.150143,31.803240,893.343689,0.000000,0.000000,6578.005859,-26.530001
0.000000,50.148647,31.803240,892.179321,0.000000,0.000000,7327.252930,-22.150000
0.000000,50.140556,31.803240,890.631226,0.000000,0.000000,7938.488770,-10.630000
0.000000,50.141720,31.803240,889.826721,0.000000,0.000000,7981.089355,-7.490000
0.000000,50.136299,31.803240,888.954407,0.000000,0.000000,7491.677246,0.920000
0.000000,50.126453,31.803240,888.656738,0.000000,0.000000,6813.036621,8.890000
0.000000,50.105202,31.803240,888.722351,0.000000,0.000000,5327.684570,18.650000
0.000000,50.091789,31.803240,889.076416,0.000000,0.000000,4078.848389,22.340000
0.000000,50.066120,31.803240,890.015137,0.000000,0.000000,1932.944824,30.309999
0.000000,50.063553,31.803240,890.909241,0.000000,0.000000,398.373077,29.030001
0.000000,50.073166,31.803240,892.559326,0.000000,0.000000,-1915.960205,30.480000
0.000000,50.080841,31.803240,893.790649,0.000000,0.000000,-3382.263184,29.379999
0.000000,50.105503,31.803240,895.520935,0.000000,0.000000,-5328.130371,16.969999
0.000000,50.147377,31.803240,896.550293,0.000000,0.000000,-6384.033691,19.950001
0.000000,50.197239,31.803240,898.167175,0.000000,0.000000,-7504.504395,19.330000
0.000000,50.219261,31.803240,899.111206,0.000000,0.000000,-7900.066406,11.470000
0.000000,50.229187,31.803240,900.219910,0.000000,0.000000,-7926.702148,2.650000
0.000000,50.230148,31.803240,900.719910,0.000000,0.000000,-7564.449219,0.200000
0.000000,50.214153,31.803240,901.099915,0.000000,0.000000,-6483.606934,-9.740000
0.000000,50.194897,31.803240,901.033691,0.000000,0.000000,-5443.995117,-18.080000
0.000000,50.182140,31.803240,900.478027,0.000000,0.000000,-3504.110352,-21.450001
0.000000,50.177372,31.803240,899.856262,0.000000,0.000000,-2029.245117,-25.780001
0.000000,50.164787,31.803240,898.581299,0.000000,0.000000,314.132019,-28.290001
0.000000,50.159225,31.803240,897.527100,0.000000,0.000000,1875.649292,-32.200001
0.000000,50.153641,31.803240,895.804810,0.000000,0.000000,4065.453125,-24.629999
0.000000,50.151176,31.803240,894.695801,0.000000,0.000000,5340.362305,-19.840000
0.000000,50.148701,31.803240,893.073792,0.000000,0.000000,6850.135254,-25.809999
0.000000,50.147606,31.803240,892.009766,0.000000,0.000000,7529.927734,-18.230000
0.000000,50.146503,31.803240,890.606262,0.000000,0.000000,7991.262695,-9.380000
0.000000,50.146019,31.803240,889.889404,0.000000,0.000000,7907.762695,-3.930000
0.000000,50.145531,31.803240,889.176514,0.000000,0.000000,7202.016113,4.150000
0.000000,50.133121,31.803240,889.013306,0.000000,0.000000,6370.412109,12.800000
0.000000,50.120655,31.803240,889.231506,0.000000,0.000000,4661.480957,20.219999
0.000000,50.096359,31.803240,889.671387,0.000000,0.000000,3279.489990,23.830000
0.000000,50.070755,31.803240,890.779053,0.000000,0.000000,978.172485,28.340000
0.000000,50.073494,31.803240,891.753906,0.000000,0.000000,-619.527527,29.219999
0.000000,50.084038,31.803240,893.385437,0.000000,0.000000,-2952.522949,30.150000
0.000000,50.100887,31.803240,894.538391,0.000000,0.000000,-4374.499512,25.379999
0.000000,50.130997,31.803240,896.070923,0.000000,0.000000,-6164.461914,15.810000
0.000000,50.177994,31.803240,897.107239,0.000000,0.000000,-7058.365234,24.180000
0.000000,50.232994,31.803240,898.545349,0.000000,0.000000,-7858.686035,11.620000
0.000000,50.245094,31.803240,899.322449,0.000000,0.000000,-7999.301270,8.660000
0.000000,50.240292,31.803240,900.153870,0.000000,0.000000,-7604.541992,-0.430000
0.000000,50.238171,31.803240,900.462830,0.000000,0.000000,-6951.899414,-6.290000
0.000000,50.206886,31.803240,900.466492,0.000000,0.000000,-5452.838379,-15.700000
0.000000,50.189644,31.803240,900.197937,0.000000,0.000000,-4165.082031,-18.590000
0.000000,50.172321,31.803240,899.388489,0.000000,0.000000,-1930.491699,-31.670000
0.000000,50.171265,31.803240,898.606628,0.000000,0.000000,-327.154968,-25.730000
0.000000,50.161037,31.803240,897.157532,0.000000,0.000000,2084.849365,-29.250000
0.000000,50.156517,31.803240,896.067017,0.000000,0.000000,3601.059082,-27.620001
0.000000,50.151978,31.803240,894.455566,0.000000,0.000000,5581.407227,-17.500000
0.000000,50.149975,31.803240,893.475159,0.000000,0.000000,6625.492188,-22.440001
0.000000,50.147964,31.803240,891.923767,0.000000,0.000000,7668.191895,-15.160000
0.000000,50.147072,31.803240,891.022278,0.000000,0.000000,7971.218750,-11.660000
0.000000,50.146175,31.803240,889.985413,0.000000,0.000000,7804.127930,-1.970000
0.000000,50.145786,31.803240,889.533813,0.000000,0.000000,7283.811035,1.860000
0.000000,50.128429,31.803240,889.296021,0.000000,0.000000,5941.978516,13.950000
0.000000,50.120766,31.803240,889.454346,0.000000,0.000000,4726.664551,18.040001
0.000000,50.106472,31.803240,890.168213,0.000000,0.000000,2547.963867,24.110001
0.000000,50.087105,31.803240,890.915649,0.000000,0.000000,946.708252,26.709999
0.000000,50.075436,31.803240,892.304504,0.000000,0.000000,-1510.958374,28.370001
0.000000,50.082478,31.803240,893.356934,0.000000,0.000000,-3085.767090,28.889999
0.000000,50.106510,31.803240,894.983276,0.000000,0.000000,-5186.068359,17.020000
0.000000,50.142502,31.803240,895.897156,0.000000,0.000000,-6324.492188,13.420000
0.000000,50.194244,31.803240,897.337341,0.000000,0.000000,-7517.485352,18.809999
0.000000,50.229290,31.803240,898.201172,0.000000,0.000000,-7919.249023,12.840000
0.000000,50.240952,31.803240,899.185425,0.000000,0.000000,-7886.753418,2.260000
0.000000,50.238647,31.803240,899.617859,0.000000,0.000000,-7441.729492,-1.730000
0.000000,50.229740,31.803240,899.849487,0.000000,0.000000,-6184.521484,-12.530000
0.000000,50.218353,31.803240,899.722168,0.000000,0.000000,-5004.620605,-15.620000
0.000000,50.194717,31.803240,899.168701,0.000000,0.000000,-2847.008789,-22.450001
0.000000,50.180855,31.803240,898.489075,0.000000,0.000000,-1239.872559,-28.209999
0.000000,50.166924,31.803240,897.210327,0.000000,0.000000,1251.537964,-24.879999
0.000000,50.154182,31.803240,896.208313,0.000000,0.000000,2861.420654,-29.120001
0.000000,50.150543,31.803240,894.657227,0.000000,0.000000,5025.101074,-21.030001
0.000000,50.148937,31.803240,893.714722,0.000000,0.000000,6208.015625,-16.629999
0.000000,50.147324,31.803240,892.196350,0.000000,0.000000,7463.127930,-19.870001
0.000000,50.146610,31.803240,891.254822,0.000000,0.000000,7899.290039,-13.740000
0.000000,50.145897,31.803240,890.126465,0.000000,0.000000,7902.985352,-3.820000
0.000000,50.145580,31.803240,889.610352,0.000000,0.000000,7470.293945,0.020000
0.000000,50.138672,31.803240,889.245117,0.000000,0.000000,6213.751953,11.270000
0.000000,50.128166,31.803240,889.307800,0.000000,0.000000,5023.735352,16.809999
0.000000,50.105415,31.803240,889.871948,0.000000,0.000000,2839.491455,22.850000
0.000000,50.091942,31.803240,890.530945,0.000000,0.000000,1210.467773,25.360001
0.000000,50.078407,31.803240,891.795776,0.000000,0.000000,-1313.061401,29.520000
0.000000,50.084625,31.803240,892.793335,0.000000,0.000000,-2939.746338,26.610001
0.000000,50.103065,31.803240,894.300903,0.000000,0.000000,-5115.303711,15.340000
0.000000,50.133423,31.803240,895.148071,0.000000,0.000000,-6294.333984,12.980000
0.000000,50.188667,31.803240,896.525024,0.000000,0.000000,-7522.973633,19.799999
0.000000,50.225262,31.803240,897.330078,0.000000,0.000000,-7927.464844,12.690000
0.000000,50.249832,31.803240,898.304688,0.000000,0.000000,-7864.895020,1.620000
0.000000,50.257256,31.803240,898.731995,0.000000,0.000000,-7378.398926,-1.120000
0.000000,50.245934,31.803240,898.989868,0.000000,0.000000,-6033.967773,-11.630000
0.000000,50.230053,31.803240,898.893799,0.000000,0.000000,-4785.828125,-14.800000
0.000000,50.207500,31.803240,898.327393,0.000000,0.000000,-2525.072754,-22.690001
0.000000,50.196682,31.803240,897.693665,0.000000,0.000000,-857.998657,-24.010000
0.000000,50.176647,31.803240,896.445068,0.000000,0.000000,1694.158325,-30.389999
0.000000,50.167797,31.803240,895.443481,0.000000,0.000000,3316.823242,-25.459999
0.000000,50.158905,31.803240,894.089417,0.000000,0.000000,5447.412598,-11.770000
0.000000,50.154980,31.803240,893.240540,0.000000,0.000000,6570.009277,-23.129999
0.000000,50.151031,31.803240,891.825867,0.000000,0.000000,7677.300781,-15.330000
0.000000,50.149292,31.803240,890.988159,0.000000,0.000000,7980.424316,-11.020000
0.000000,50.147545,31.803240,890.015381,0.000000,0.000000,7745.513672,-1.790000
0.000000,50.146767,31.803240,889.604248,0.000000,0.000000,7138.388672,3.710000
0.000000,50.129032,31.803240,889.419250,0.000000,0.000000,5619.720215,14.530000
0.000000,50.121204,31.803240,889.598694,0.000000,0.000000,4269.294434,17.650000
0.000000,50.101139,31.803240,890.317200,0.000000,0.000000,1891.436401,23.340000
0.000000,50.088856,31.803240,891.085266,0.000000,0.000000,178.437943,29.080000
0.000000,50.083099,31.803240,892.407654,0.000000,0.000000,-2384.077393,23.980000
0.000000,50.100208,31.803240,893.388306,0.000000,0.000000,-3971.167480,26.309999
0.000000,50.123993,31.803240,894.749573,0.000000,0.000000,-5983.952148,10.370000
0.000000,50.160736,31.803240,895.590515,0.000000,0.000000,-6987.905762,24.430000
0.000000,50.205444,31.803240,896.874268,0.000000,0.000000,-7867.575195,13.250000
0.000000,50.231781,31.803240,897.578491,0.000000,0.000000,-7994.948730,6.190000
0.000000,50.249069,31.803240,898.326355,0.000000,0.000000,-7480.145996,-0.040000
0.000000,50.256706,31.803240,898.599304,0.000000,0.000000,-6688.725098,-7.150000
0.000000,50.240833,31.803240,898.563782,0.000000,0.000000,-4920.654297,-16.370001
0.000000,50.226368,31.803240,898.298889,0.000000,0.000000,-3435.321289,-20.820000
0.000000,50.211834,31.803240,897.496765,0.000000,0.000000,-922.252380,-21.950001
0.000000,50.205414,31.803240,896.764282,0.000000,0.000000,826.992065,-23.610001
0.000000,50.182007,31.803240,895.412659,0.000000,0.000000,3353.455811,-27.580000
0.000000,50.171669,31.803240,894.456665,0.000000,0.000000,4854.814453,-19.049999
0.000000,50.161285,31.803240,893.268494,0.000000,0.000000,6651.799805,-19.070000
0.000000,50.156700,31.803240,892.381104,0.000000,0.000000,7461.401367,-20.959999
0.000000,50.152092,31.803240,891.168701,0.000000,0.000000,7994.011719,-9.570000
0.000000,50.150055,31.803240,890.527527,0.000000,0.000000,7868.216797,-3.750000
0.000000,50.141418,31.803240,889.907471,0.000000,0.000000,6971.069336,4.440000
0.000000,50.130150,31.803240,889.773193,0.000000,0.000000,5941.683105,12.600000
0.000000,50.118828,31.803240,890.014709,0.000000,0.000000,3873.327148,20.490000
0.000000,50.101635,31.803240,890.468933,0.000000,0.000000,2241.968262,22.580000
0.000000,50.084362,31.803240,891.525208,0.000000,0.000000,-386.469788,24.360001
0.000000,50.083321,31.803240,892.394165,0.000000,0.000000,-2134.923584,25.570000
0.000000,50.101425,31.803240,893.798401,0.000000,0.000000,-4538.217285,21.740000
0.000000,50.113449,31.803240,894.636719,0.000000,0.000000,-5878.876465,8.060000
0.000000,50.171638,31.803240,895.834229,0.000000,0.000000,-7331.850098,20.270000
0.000000,50.207355,31.803240,896.633972,0.000000,0.000000,-7857.713867,13.330000
0.000000,50.244438,31.803240,897.602905,0.000000,0.000000,-7915.435547,3.840000
0.000000,50.253361,31.803240,898.042053,0.000000,0.000000,-7462.381348,-0.250000
0.000000,50.255733,31.803240,898.351318,0.000000,0.000000,-6099.162598,-10.820000
0.000000,50.249325,31.803240,898.260681,0.000000,0.000000,-4799.261719,-17.320000
0.000000,50.238129,31.803240,897.734985,0.000000,0.000000,-2422.288818,-19.040001
0.000000,50.224415,31.803240,897.199097,0.000000,0.000000,-667.548828,-21.469999
0.000000,50.210632,31.803240,896.063049,0.000000,0.000000,2001.767456,-23.520000
0.000000,50.192352,31.803240,895.167419,0.000000,0.000000,3676.015137,-23.719999
0.000000,50.173985,31.803240,893.920837,0.000000,0.000000,5819.403809,-7.550000
0.000000,50.165874,31.803240,893.150757,0.000000,0.000000,6897.373047,-22.430000
0.000000,50.157726,31.803240,891.897644,0.000000,0.000000,7850.776367,-14.170000
0.000000,50.154129,31.803240,891.180725,0.000000,0.000000,7995.909180,-8.040000
0.000000,50.150513,31.803240,890.360657,0.000000,0.000000,7457.267090,-0.180000
0.000000,50.142323,31.803240,890.068542,0.000000,0.000000,6619.128906,7.480000
0.000000,50.131069,31.803240,890.046509,0.000000,0.000000,4747.240723,12.940000
0.000000,50.122669,31.803240,890.321228,0.000000,0.000000,3181.147949,22.129999
0.000000,50.102039,31.803240,891.153748,0.000000,0.000000,552.398682,26.900000
0.000000,50.096100,31.803240,891.931641,0.000000,0.000000,-1256.242920,23.459999
0.000000,50.097916,31.803240,893.269470,0.000000,0.000000,-3822.789551,21.900000
0.000000,50.110912,31.803240,894.121460,0.000000,0.000000,-5307.742676,12.490000
0.000000,50.164478,31.803240,895.175171,0.000000,0.000000,-7004.673828,18.600000
0.000000,50.195591,31.803240,895.970215,0.000000,0.000000,-7696.222656,18.580000
0.000000,50.226849,31.803240,896.981506,0.000000,0.000000,-7982.887695,5.110000
0.000000,50.240654,31.803240,897.472046,0.000000,0.000000,-7657.750977,1.510000
0.000000,50.247929,31.803240,897.898438,0.000000,0.000000,-6435.252930,-7.540000
0.000000,50.243687,31.803240,897.885681,0.000000,0.000000,-5190.840820,-14.320000
0.000000,50.227234,31.803240,897.467102,0.000000,0.000000,-2839.471191,-18.059999
0.000000,50.222141,31.803240,896.955750,0.000000,0.000000,-1067.155029,-23.240000
0.000000,50.209240,31.803240,895.898438,0.000000,0.000000,1668.620117,-25.360001
0.000000,50.196949,31.803240,895.049500,0.000000,0.000000,3404.782471,-22.400000
0.000000,50.176811,31.803240,893.861633,0.000000,0.000000,5650.156738,-5.670000
0.000000,50.167915,31.803240,893.137939,0.000000,0.000000,6792.335938,-20.139999
0.000000,50.158978,31.803240,891.915466,0.000000,0.000000,7821.979492,-13.770000
0.000000,50.148441,31.803240,891.223572,0.000000,0.000000,7998.547852,-9.480000
0.000000,50.142258,31.803240,890.438721,0.000000,0.000000,7472.987305,-0.780000
0.000000,50.142948,31.803240,890.142822,0.000000,0.000000,6621.327637,7.120000
0.000000,50.137054,31.803240,890.140076,0.000000,0.000000,4702.212402,14.540000
0.000000,50.120407,31.803240,890.416870,0.000000,0.000000,3093.197266,19.430000
0.000000,50.102478,31.803240,891.222717,0.000000,0.000000,397.350098,23.500000
0.000000,50.102016,31.803240,891.964661,0.000000,0.000000,-1448.564331,26.000000
0.000000,50.108143,31.803240,893.267212,0.000000,0.000000,-4044.683350,23.020000
0.000000,50.124893,31.803240,894.093384,0.000000,0.000000,-5524.559082,6.840000
0.000000,50.173908,31.803240,895.124695,0.000000,0.000000,-7168.933105,17.559999
0.000000,50.202404,31.803240,895.865234,0.000000,0.000000,-7794.431641,14.320000
0.000000,50.235794,31.803240,896.804871,0.000000,0.000000,-7940.386230,6.380000
0.000000,50.247112,31.803240,897.245972,0.000000,0.000000,-7500.401367,-1.040000
0.000000,50.258488,31.803240,897.581543,0.000000,0.000000,-6091.345215,-10.890000
0.000000,50.251316,31.803240,897.523560,0.000000,0.000000,-4725.589355,-14.930000
0.000000,50.227158,31.803240,897.094788,0.000000,0.000000,-2220.258545,-17.520000
0.000000,50.223080,31.803240,896.533813,0.000000,0.000000,-377.444794,-26.230000
0.000000,50.209812,31.803240,895.432922,0.000000,0.000000,2396.086426,-19.850000
0.000000,50.191757,31.803240,894.640015,0.000000,0.000000,4103.878418,-19.000000
0.000000,50.161430,31.803240,893.596802,0.000000,0.000000,6220.174316,-11.360000
0.000000,50.156803,31.803240,892.843506,0.000000,0.000000,7220.367676,-21.459999
0.000000,50.152153,31.803240,891.705200,0.000000,0.000000,7965.862793,-10.420000
0.000000,50.150101,31.803240,891.072693,0.000000,0.000000,7918.379395,-6.640000
0.000000,50.148037,31.803240,890.439209,0.000000,0.000000,7034.487793,2.160000
0.000000,50.140537,31.803240,890.248291,0.000000,0.000000,5949.545410,9.850000
0.000000,50.125210,31.803240,890.395020,0.000000,0.000000,3726.021973,19.150000
0.000000,50.118435,31.803240,890.779297,0.000000,0.000000,1965.252808,20.299999
0.000000,50.106873,31.803240,891.724304,0.000000,0.000000,-850.981995,21.820000
0.000000,50.105194,31.803240,892.552185,0.000000,0.000000,-2692.881836,26.120001
0.000000,50.110092,31.803240,893.828857,0.000000,0.000000,-5146.178711,14.170000
0.000000,50.145092,31.803240,894.474792,0.000000,0.000000,-6441.336914,4.000000
0.000000,50.201435,31.803240,895.463501,0.000000,0.000000,-7691.288574,21.049999
0.000000,50.222294,31.803240,896.132385,0.000000,0.000000,-7993.255859,7.540000
0.000000,50.248009,31.803240,896.842957,0.000000,0.000000,-7604.531250,-1.130000
0.000000,50.255943,31.803240,897.127136,0.000000,0.000000,-6804.091797,-1.710000
0.000000,50.251713,31.803240,897.174500,0.000000,0.000000,-4901.593262,-14.200000
0.000000,50.234230,31.803240,896.941406,0.000000,0.000000,-3268.814453,-17.639999
0.000000,50.216660,31.803240,896.256042,0.000000,0.000000,-501.729065,-24.200001
0.000000,50.208900,31.803240,895.539612,0.000000,0.000000,1402.671875,-22.830000
0.000000,50.194515,31.803240,894.419006,0.000000,0.000000,4079.332764,-15.410000
0.000000,50.180706,31.803240,893.696533,0.000000,0.000000,5595.113281,-12.100000
0.000000,50.162071,31.803240,892.642883,0.000000,0.000000,7249.109375,-20.240000
0.000000,50.157265,31.803240,891.888977,0.000000,0.000000,7845.539063,-16.600000
0.000000,50.145851,31.803240,890.905884,0.000000,0.000000,7893.472168,-5.390000
0.000000,50.145546,31.803240,890.429565,0.000000,0.000000,7356.802734,-0.870000
0.000000,50.145241,31.803240,890.071533,0.000000,0.000000,5773.202148,8.230000
0.000000,50.138515,31.803240,890.111206,0.000000,0.000000,4285.836426,13.790000
0.000000,50.118366,31.803240,890.595215,0.000000,0.000000,1619.250000,18.830000
0.000000,50.107891,31.803240,891.150024,0.000000,0.000000,-299.529358,26.459999
0.000000,50.105160,31.803240,892.229126,0.000000,0.000000,-3113.030762,22.299999
0.000000,50.110542,31.803240,893.054688,0.000000,0.000000,-4786.557129,18.660000
0.000000,50.149124,31.803240,894.031494,0.000000,0.000000,-6750.360840,1.200000
0.000000,50.191090,31.803240,894.638367,0.000000,0.000000,-7582.963379,17.170000
0.000000,50.224083,31.803240,895.555725,0.000000,0.000000,-7993.828613,8.330000
0.000000,50.238655,31.803240,895.989746,0.000000,0.000000,-7684.222168,-0.280000
0.000000,50.247692,31.803240,896.362488,0.000000,0.000000,-6387.145020,-5.230000
0.000000,50.249119,31.803240,896.367981,0.000000,0.000000,-5039.967285,-13.010000
0.000000,50.230568,31.803240,896.001648,0.000000,0.000000,-2490.681641,-16.170000
0.000000,50.218948,31.803240,895.563110,0.000000,0.000000,-584.054199,-19.990000
0.000000,50.207275,31.803240,894.607117,0.000000,0.000000,2307.209473,-21.860001
0.000000,50.202122,31.803240,893.898987,0.000000,0.000000,4089.289307,-17.260000
0.000000,50.179985,31.803240,892.707886,0.000000,0.000000,6280.725586,-9.680000
0.000000,50.170208,31.803240,892.130981,0.000000,0.000000,7293.174805,-8.420000
0.000000,50.160389,31.803240,891.144226,0.000000,0.000000,7987.217773,-10.550000
0.000000,50.156052,31.803240,890.594238,0.000000,0.000000,7858.521484,-6.510000
0.000000,50.146927,31.803240,890.021912,0.000000,0.000000,6794.937988,3.180000
0.000000,50.146328,31.803240,889.891418,0.000000,0.000000,5565.920410,9.220000
0.000000,50.128765,31.803240,890.103333,0.000000,0.000000,3123.498291,19.270000
0.000000,50.121006,31.803240,890.481201,0.000000,0.000000,1237.557495,18.540001
0.000000,50.102848,31.803240,891.432617,0.000000,0.000000,-1696.642700,22.750000
0.000000,50.102283,31.803240,892.180908,0.000000,0.000000,-3551.182617,18.020000
0.000000,50.125263,31.803240,893.225037,0.000000,0.000000,-5901.527344,3.050000
0.000000,50.173851,31.803240,893.780823,0.000000,0.000000,-7041.801758,14.030000
0.000000,50.230453,31.803240,894.799133,0.000000,0.000000,-7938.495117,10.480000
0.000000,50.249847,31.803240,895.309998,0.000000,0.000000,-7939.497070,2.440000
0.000000,50.260170,31.803240,895.834778,0.000000,0.000000,-7043.083008,-1.830000
0.000000,50.264725,31.803240,896.000916,0.000000,0.000000,-5898.460449,-6.730000
0.000000,50.245754,31.803240,895.856384,0.000000,0.000000,-3532.508057,-13.120000
0.000000,50.229923,31.803240,895.544556,0.000000,0.000000,-1662.126099,-19.090000
0.000000,50.214020,31.803240,894.766907,0.000000,0.000000,1299.214600,-22.440001
0.000000,50.206993,31.803240,894.105408,0.000000,0.000000,3200.806396,-17.080000
0.000000,50.187740,31.803240,893.127319,0.000000,0.000000,5653.016113,-6.690000
0.000000,50.175812,31.803240,892.604797,0.000000,0.000000,6873.480469,-8.810000
0.000000,50.163830,31.803240,891.709412,0.000000,0.000000,7893.504395,-12.340000
0.000000,50.158535,31.803240,891.185486,0.000000,0.000000,7970.394531,-6.610000
0.000000,50.153217,31.803240,890.644165,0.000000,0.000000,7166.615723,3.520000
0.000000,50.150871,31.803240,890.492981,0.000000,0.000000,6064.977539,7.730000
0.000000,50.136318,31.803240,890.669739,0.000000,0.000000,3731.789795,16.480000
0.000000,50.126465,31.803240,891.026611,0.000000,0.000000,1862.649658,18.879999
0.000000,50.116566,31.803240,891.949524,0.000000,0.000000,-1122.837524,25.150000
0.000000,50.112194,31.803240,892.713867,0.000000,0.000000,-3053.224121,21.620001
0.000000,50.119995,31.803240,893.856628,0.000000,0.000000,-5557.987305,8.550000
0.000000,50.152245,31.803240,894.429321,0.000000,0.000000,-6813.876465,6.200000
0.000000,50.217182,31.803240,895.384827,0.000000,0.000000,-7878.723145,15.420000
0.000000,50.245865,31.803240,895.964844,0.000000,0.000000,-7976.095703,5.390000
0.000000,50.257721,31.803240,896.548767,0.000000,0.000000,-7185.498047,-0.390000
0.000000,50.262959,31.803240,896.741882,0.000000,0.000000,-6081.008789,-6.790000
0.000000,50.256023,31.803240,896.663635,0.000000,0.000000,-3729.562012,-15.400000
0.000000,50.242947,31.803240,896.402649,0.000000,0.000000,-1842.592896,-14.800000
0.000000,50.222012,31.803240,895.684875,0.000000,0.000000,1170.100342,-19.639999
0.000000,50.212772,31.803240,895.030396,0.000000,0.000000,3113.987793,-19.070000
0.000000,50.186527,31.803240,894.042175,0.000000,0.000000,5624.497559,-11.300000
0.000000,50.174934,31.803240,893.529419,0.000000,0.000000,6871.426758,-5.410000
0.000000,50.163292,31.803240,892.677673,0.000000,0.000000,7901.524414,-14.200000
0.000000,50.158146,31.803240,892.159912,0.000000,0.000000,7962.497559,-5.640000
0.000000,50.152981,31.803240,891.620361,0.000000,0.000000,7102.959473,1.580000
0.000000,50.150700,31.803240,891.473145,0.000000,0.000000,5948.118164,8.720000
0.000000,50.131447,31.803240,891.654968,0.000000,0.000000,3525.730469,16.190001
0.000000,50.122948,31.803240,892.001160,0.000000,0.000000,1601.587158,20.680000
0.000000,50.114403,31.803240,892.850525,0.000000,0.000000,-1440.364380,24.520000
0.000000,50.117226,31.803240,893.571228,0.000000,0.000000,-3380.864746,18.920000
0.000000,50.127850,31.803240,894.674194,0.000000,0.000000,-5846.945313,4.800000
0.000000,50.157917,31.803240,895.196289,0.000000,0.000000,-7037.991699,4.580000
0.000000,50.215908,31.803240,896.035767,0.000000,0.000000,-7950.312012,14.060000
0.000000,50.244942,31.803240,896.527100,0.000000,0.000000,-7916.415039,4.820000
0.000000,50.257153,31.803240,897.014648,0.000000,0.000000,-6905.244141,-5.720000
0.000000,50.256947,31.803240,897.115051,0.000000,0.000000,-5653.697754,-8.260000
0.000000,50.247570,31.803240,896.913574,0.000000,0.000000,-3111.902588,-15.800000
0.000000,50.236839,31.803240,896.571045,0.000000,0.000000,-1135.630127,-16.500000
0.000000,50.218262,31.803240,895.780823,0.000000,0.000000,1929.203735,-20.230000
0.000000,50.197865,31.803240,895.117493,0.000000,0.000000,3843.134766,-18.040001
0.000000,50.177372,31.803240,894.217834,0.000000,0.000000,6205.311035,-3.480000
0.000000,50.162716,31.803240,893.689941,0.000000,0.000000,7288.219238,-14.310000
0.000000,50.155788,31.803240,892.863525,0.000000,0.000000,7994.320313,-7.560000
0.000000,50.152729,31.803240,892.403931,0.000000,0.000000,7805.831543,-4.710000
0.000000,50.149651,31.803240,891.970825,0.000000,0.000000,6562.710938,3.970000
0.000000,50.148296,31.803240,891.915833,0.000000,0.000000,5172.660645,11.870000
0.000000,50.129971,31.803240,892.225464,0.000000,0.000000,2473.933838,18.719999
0.000000,50.121880,31.803240,892.631836,0.000000,0.000000,440.063721,18.549999
0.000000,50.113750,31.803240,893.555420,0.000000,0.000000,-2625.191162,18.440001
0.000000,50.122353,31.803240,894.287781,0.000000,0.000000,-4478.474121,18.910000
0.000000,50.137592,31.803240,895.198486,0.000000,0.000000,-6662.694336,2.000000
0.000000,50.170563,31.803240,895.718750,0.000000,0.000000,-7577.831543,14.150000
0.000000,50.223667,31.803240,896.514160,0.000000,0.000000,-7983.407227,7.680000
0.000000,50.250553,31.803240,896.907349,0.000000,0.000000,-7580.861328,-1.160000
0.000000,50.254009,31.803240,897.219055,0.000000,0.000000,-6032.609863,-7.750000
0.000000,50.253685,31.803240,897.189575,0.000000,0.000000,-4471.321777,-10.810000
0.000000,50.245567,31.803240,896.811584,0.000000,0.000000,-1597.067627,-16.770000
0.000000,50.229786,31.803240,896.373413,0.000000,0.000000,484.806396,-20.360001
0.000000,50.213932,31.803240,895.402222,0.000000,0.000000,3504.268066,-18.420000
0.000000,50.194736,31.803240,894.768188,0.000000,0.000000,5247.863770,-7.720000
0.000000,50.163258,31.803240,894.007080,0.000000,0.000000,7161.795410,-13.050000
0.000000,50.151531,31.803240,893.429871,0.000000,0.000000,7841.587891,-13.770000
0.000000,50.148914,31.803240,892.698242,0.000000,0.000000,7848.700195,-4.120000
0.000000,50.147762,31.803240,892.346497,0.000000,0.000000,7176.310059,-0.070000
0.000000,50.146603,31.803240,892.101135,0.000000,0.000000,5264.333984,8.330000
0.000000,50.146091,31.803240,892.260498,0.000000,0.000000,3514.143311,14.860000
0.000000,50.133381,31.803240,892.792480,0.000000,0.000000,474.099976,18.980000
0.000000,50.124340,31.803240,893.358521,0.000000,0.000000,-1625.299194,19.629999
0.000000,50.121857,31.803240,894.386963,0.000000,0.000000,-4522.100098,18.219999
0.000000,50.128212,31.803240,895.017700,0.000000,0.000000,-6089.215332,3.740000
0.000000,50.163750,31.803240,895.759644,0.000000,0.000000,-7621.433594,13.380000
0.000000,50.195061,31.803240,896.286377,0.000000,0.000000,-7992.230469,10.740000
0.000000,50.236889,31.803240,896.911072,0.000000,0.000000,-7505.486816,-0.350000
0.000000,50.247906,31.803240,897.145325,0.000000,0.000000,-6517.128906,-4.020000
0.000000,50.248608,31.803240,897.150635,0.000000,0.000000,-4208.129883,-11.310000
0.000000,50.244179,31.803240,896.924194,0.000000,0.000000,-2273.941162,-17.090000
0.000000,50.227535,31.803240,896.313965,0.000000,0.000000,883.497681,-20.030001
0.000000,50.210167,31.803240,895.741028,0.000000,0.000000,2943.639160,-18.070000
0.000000,50.184929,31.803240,894.751892,0.000000,0.000000,5605.533203,-12.950000
0.000000,50.167187,31.803240,894.253479,0.000000,0.000000,6911.208984,3.670000
0.000000,50.153770,31.803240,893.503967,0.000000,0.000000,7934.966309,-12.060000
0.000000,50.151268,31.803240,893.055237,0.000000,0.000000,7922.334961,-5.340000
0.000000,50.148754,31.803240,892.572449,0.000000,0.000000,6860.145020,2.630000
0.000000,50.147644,31.803240,892.447144,0.000000,0.000000,5528.298828,7.980000
0.000000,50.134338,31.803240,892.663086,0.000000,0.000000,2828.145264,14.360000
0.000000,50.131626,31.803240,893.038879,0.000000,0.000000,745.908325,17.200001
0.000000,50.119736,31.803240,893.834595,0.000000,0.000000,-2432.070557,19.190001
0.000000,50.121075,31.803240,894.477295,0.000000,0.000000,-4366.145508,18.049999
0.000000,50.136806,31.803240,895.277283,0.000000,0.000000,-6645.121094,-0.420000
0.000000,50.163403,31.803240,895.707153,0.000000,0.000000,-7589.646484,11.000000
0.000000,50.207077,31.803240,896.424133,0.000000,0.000000,-7973.152344,2.620000
0.000000,50.231972,31.803240,896.739136,0.000000,0.000000,-7511.515137,-1.790000
0.000000,50.249191,31.803240,896.950989,0.000000,0.000000,-5823.046875,-6.860000
0.000000,50.256794,31.803240,896.866333,0.000000,0.000000,-4150.504395,-14.310000
0.000000,50.241875,31.803240,896.396362,0.000000,0.000000,-1120.112183,-17.830000
0.000000,50.227119,31.803240,895.909241,0.000000,0.000000,1035.023926,-19.080000
0.000000,50.200100,31.803240,894.985168,0.000000,0.000000,4081.527832,-15.860000
0.000000,50.184742,31.803240,894.327698,0.000000,0.000000,5772.610840,-18.250000
0.000000,50.162720,31.803240,893.489563,0.000000,0.000000,7491.741211,0.450000
0.000000,50.152134,31.803240,892.962036,0.000000,0.000000,7969.566406,-15.720000
0.000000,50.149284,31.803240,892.267578,0.000000,0.000000,7594.467285,-2.450000
0.000000,50.148029,31.803240,891.956543,0.000000,0.000000,6641.544434,1.000000
0.000000,50.146767,31.803240,891.814636,0.000000,0.000000,4328.857910,10.270000
0.000000,50.139618,31.803240,891.980347,0.000000,0.000000,2362.070557,15.180000
0.000000,50.129406,31.803240,892.548645,0.000000,0.000000,-867.515991,15.520000
0.000000,50.128063,31.803240,893.065979,0.000000,0.000000,-2975.773438,19.770000
0.000000,50.134506,31.803240,893.901489,0.000000,0.000000,-5683.896973,8.210000
0.000000,50.143940,31.803240,894.306824,0.000000,0.000000,-6991.018066,-0.330000
0.000000,50.190365,31.803240,894.867981,0.000000,0.000000,-7961.663574,9.080000
0.000000,50.214294,31.803240,895.225525,0.000000,0.000000,-7877.190430,2.920000
0.000000,50.238335,31.803240,895.531494,0.000000,0.000000,-6665.889648,-5.270000
0.000000,50.236755,31.803240,895.543457,0.000000,0.000000,-5221.331543,-9.410000
0.000000,50.235172,31.803240,895.232605,0.000000,0.000000,-2364.198242,-19.230000
0.000000,50.234470,31.803240,894.819946,0.000000,0.000000,-205.706360,-15.460000
0.000000,50.210217,31.803240,893.958252,0.000000,0.000000,3012.302002,-17.110001
0.000000,50.192051,31.803240,893.351135,0.000000,0.000000,4909.971680,-20.610001
0.000000,50.167210,31.803240,892.449158,0.000000,0.000000,7030.042480,4.830000
0.000000,50.160976,31.803240,891.989868,0.000000,0.000000,7803.047852,-15.030000
0.000000,50.154716,31.803240,891.255127,0.000000,0.000000,7854.860840,-5.840000
0.000000,50.151955,31.803240,890.890198,0.000000,0.000000,7145.468262,0.770000
0.000000,50.149174,31.803240,890.642639,0.000000,0.000000,5095.797363,8.120000
0.000000,50.147949,31.803240,890.700195,0.000000,0.000000,3221.632813,12.310000
0.000000,50.134525,31.803240,891.183960,0.000000,0.000000,-0.139936,20.280001
0.000000,50.125168,31.803240,891.683228,0.000000,0.000000,-2184.447510,16.129999
0.000000,50.127964,31.803240,892.503906,0.000000,0.000000,-5102.984863,14.780000
0.000000,50.139217,31.803240,892.985535,0.000000,0.000000,-6593.366211,0.560000
0.000000,50.177097,31.803240,893.606018,0.000000,0.000000,-7861.695313,14.000000
0.000000,50.204708,31.803240,894.020142,0.000000,0.000000,-7966.724609,2.300000
0.000000,50.238049,31.803240,894.421814,0.000000,0.000000,-6990.678711,-1.420000
0.000000,50.248745,31.803240,894.510071,0.000000,0.000000,-5655.317383,-7.580000
0.000000,50.242535,31.803240,894.354614,0.000000,0.000000,-2877.440430,-14.990000
0.000000,50.239792,31.803240,894.051453,0.000000,0.000000,-715.563232,-15.170000
0.000000,50.220078,31.803240,893.335510,0.000000,0.000000,2579.582764,-16.320000
0.000000,50.199177,31.803240,892.748596,0.000000,0.000000,4564.081055,-13.330000
0.000000,50.171585,31.803240,892.082642,0.000000,0.000000,6840.556641,-0.150000
0.000000,50.158535,31.803240,891.670715,0.000000,0.000000,7718.964355,-15.130000
0.000000,50.153217,31.803240,891.042175,0.000000,0.000000,7906.070313,-5.000000
0.000000,50.150871,31.803240,890.736328,0.000000,0.000000,7261.326660,1.780000
0.000000,50.148514,31.803240,890.583862,0.000000,0.000000,5261.670898,9.790000
0.000000,50.141869,31.803240,890.744080,0.000000,0.000000,3390.159180,16.010000
0.000000,50.130787,31.803240,891.267700,0.000000,0.000000,136.068710,16.990000
0.000000,50.122471,31.803240,891.801086,0.000000,0.000000,-2084.560303,21.330000
0.000000,50.126305,31.803240,892.754333,0.000000,0.000000,-5060.673828,17.940001
0.000000,50.131428,31.803240,893.354980,0.000000,0.000000,-6580.760254,1.200000
0.000000,50.182678,31.803240,893.961426,0.000000,0.000000,-7866.583984,10.320000
0.000000,50.208740,31.803240,894.401794,0.000000,0.000000,-7961.110840,10.260000
0.000000,50.240524,31.803240,894.893616,0.000000,0.000000,-6937.494141,-0.740000
0.000000,50.250534,31.803240,895.015076,0.000000,0.000000,-5554.971191,-8.830000
0.000000,50.248394,31.803240,894.901306,0.000000,0.000000,-2699.833008,-14.520000
0.000000,50.244026,31.803240,894.629395,0.000000,0.000000,-494.129669,-13.590000
0.000000,50.222675,31.803240,893.995728,0.000000,0.000000,2834.516357,-14.910000
0.000000,50.206657,31.803240,893.488281,0.000000,0.000000,4810.003418,-11.640000
0.000000,50.176178,31.803240,892.877991,0.000000,0.000000,7016.568848,-5.870000
0.000000,50.167461,31.803240,892.461182,0.000000,0.000000,7811.124023,-10.060000
0.000000,50.158699,31.803240,891.930786,0.000000,0.000000,7828.203125,-3.780000
0.000000,50.154831,31.803240,891.676697,0.000000,0.000000,7053.370605,0.510000
0.000000,50.150944,31.803240,891.583252,0.000000,0.000000,4862.925293,10.120000
0.000000,50.149227,31.803240,891.776550,0.000000,0.000000,2886.423096,15.010000
0.000000,50.141899,31.803240,892.379211,0.000000,0.000000,-460.327118,16.160000
0.000000,50.142689,31.803240,892.951172,0.000000,0.000000,-2684.983154,21.080000
0.000000,50.143490,31.803240,893.857361,0.000000,0.000000,-5567.047852,12.160000
0.000000,50.150433,31.803240,894.303894,0.000000,0.000000,-6958.381836,-2.820000
0.000000,50.188751,31.803240,894.914124,0.000000,0.000000,-7969.082031,11.250000
0.000000,50.213127,31.803240,895.319885,0.000000,0.000000,-7844.242676,3.120000
0.000000,50.237617,31.803240,895.674194,0.000000,0.000000,-6481.194336,-4.160000
0.000000,50.236237,31.803240,895.731873,0.000000,0.000000,-4894.538574,-8.220000
0.000000,50.234852,31.803240,895.514832,0.000000,0.000000,-1815.568604,-17.070000
0.000000,50.222046,31.803240,895.164612,0.000000,0.000000,460.244537,-14.650000
0.000000,50.209179,31.803240,894.457031,0.000000,0.000000,3748.454590,-12.940000
0.000000,50.191299,31.803240,893.925720,0.000000,0.000000,5595.511230,-11.430000
0.000000,50.173340,31.803240,893.376343,0.000000,0.000000,7471.814453,-3.360000
0.000000,50.165409,31.803240,892.985413,0.000000,0.000000,7975.674316,-11.940000
0.000000,50.157440,31.803240,892.464661,0.000000,0.000000,7505.479492,-0.380000
0.000000,50.141724,31.803240,892.270691,0.000000,0.000000,6410.510254,5.350000
0.000000,50.142895,31.803240,892.294861,0.000000,0.000000,3816.843994,11.340000
0.000000,50.143410,31.803240,892.528015,0.000000,0.000000,1660.208862,13.550000
0.000000,50.126972,31.803240,893.151489,0.000000,0.000000,-1775.203613,15.730000
0.000000,50.119713,31.803240,893.678894,0.000000,0.000000,-3923.057617,17.200001
0.000000,50.129379,31.803240,894.446716,0.000000,0.000000,-6488.729004,2.180000
0.000000,50.152431,31.803240,894.805847,0.000000,0.000000,-7553.799316,3.450000
0.000000,50.195580,31.803240,895.353394,0.000000,0.000000,-7961.142090,5.610000
0.000000,50.218063,31.803240,895.630615,0.000000,0.000000,-7404.516113,0.170000
0.000000,50.240646,31.803240,895.800171,0.000000,0.000000,-5439.515137,-7.360000
0.000000,50.244030,31.803240,895.718750,0.000000,0.000000,-3534.065430,-11.210000
0.000000,50.239639,31.803240,895.330688,0.000000,0.000000,-176.261505,-18.500000
0.000000,50.225502,31.803240,894.909607,0.000000,0.000000,2122.592285,-13.790000
0.000000,50.204712,31.803240,894.150696,0.000000,0.000000,5182.694336,-9.050000
0.000000,50.188072,31.803240,893.763733,0.000000,0.000000,6713.416992,3.090000
0.000000,50.171360,31.803240,893.211670,0.000000,0.000000,7923.781738,-9.770000
0.000000,50.163975,31.803240,892.869385,0.000000,0.000000,7906.141602,-4.650000
0.000000,50.156559,31.803240,892.515808,0.000000,0.000000,6643.559570,4.510000
0.000000,50.153282,31.803240,892.473755,0.000000,0.000000,5079.787598,9.940000
0.000000,50.143402,31.803240,892.763306,0.000000,0.000000,1977.192505,15.740000
0.000000,50.131584,31.803240,893.190186,0.000000,0.000000,-341.074249,16.360001
0.000000,50.126301,31.803240,893.983154,0.000000,0.000000,-3705.319336,17.790001
0.000000,50.131424,31.803240,894.570496,0.000000,0.000000,-5594.295898,12.510000
0.000000,50.166710,31.803240,895.203796,0.000000,0.000000,-7496.148926,0.950000
0.000000,50.197201,31.803240,895.574280,0.000000,0.000000,-7983.869629,10.060000
0.000000,50.227837,31.803240,896.125122,0.000000,0.000000,-7438.893555,0.570000
0.000000,50.241367,31.803240,896.326965,0.000000,0.000000,-6268.082520,-4.410000
0.000000,50.238003,31.803240,896.322144,0.000000,0.000000,-3546.879883,-8.690000
0.000000,50.236515,31.803240,896.149292,0.000000,0.000000,-1315.202271,-14.230000
0.000000,50.222828,31.803240,895.610168,0.000000,0.000000,2183.768311,-19.299999
0.000000,50.213360,31.803240,895.050537,0.000000,0.000000,4324.638672,-15.420000
0.000000,50.191650,31.803240,894.434631,0.000000,0.000000,6789.229492,6.970000
0.000000,50.178638,31.803240,894.145874,0.000000,0.000000,7726.446777,-10.300000
0.000000,50.165565,31.803240,893.607178,0.000000,0.000000,7869.709961,-4.090000
0.000000,50.154186,31.803240,893.351196,0.000000,0.000000,7109.668945,0.730000
0.000000,50.145786,31.803240,893.216553,0.000000,0.000000,4846.933594,7.360000
0.000000,50.145500,31.803240,893.322449,0.000000,0.000000,2779.608154,13.820000
0.000000,50.134846,31.803240,893.821472,0.000000,0.000000,-714.989746,14.220000
0.000000,50.131992,31.803240,894.308289,0.000000,0.000000,-3011.508057,14.990000
0.000000,50.136917,31.803240,895.097534,0.000000,0.000000,-5908.696289,9.160000
0.000000,50.157879,31.803240,895.444885,0.000000,0.000000,-7228.044434,-2.920000
0.000000,50.203686,31.803240,895.912598,0.000000,0.000000,-7999.969238,9.280000
0.000000,50.223919,31.803240,896.217590,0.000000,0.000000,-7642.346680,2.560000
0.000000,50.244244,31.803240,896.449707,0.000000,0.000000,-5872.421387,-7.710000
0.000000,50.246628,31.803240,896.396362,0.000000,0.000000,-4019.790283,-8.350000
0.000000,50.241234,31.803240,896.107544,0.000000,0.000000,-634.520508,-12.500000
0.000000,50.226658,31.803240,895.749390,0.000000,0.000000,1736.986450,-18.330000
0.000000,50.212009,31.803240,895.061035,0.000000,0.000000,4946.563477,-11.940000
0.000000,50.193348,31.803240,894.589233,0.000000,0.000000,6577.855469,-5.160000
0.000000,50.174599,31.803240,894.157043,0.000000,0.000000,7901.532715,-7.840000
0.000000,50.166317,31.803240,893.826294,0.000000,0.000000,7919.353516,-6.540000
0.000000,50.145802,31.803240,893.490662,0.000000,0.000000,6642.153809,0.840000
0.000000,50.139912,31.803240,893.440796,0.000000,0.000000,5030.145508,9.920000
0.000000,50.135189,31.803240,893.681274,0.000000,0.000000,1825.338745,16.330000
0.000000,50.131252,31.803240,894.036255,0.000000,0.000000,-558.585876,15.640000
0.000000,50.125111,31.803240,894.747925,0.000000,0.000000,-3977.343506,11.760000
0.000000,50.130558,31.803240,895.278931,0.000000,0.000000,-5853.851563,18.200001
0.000000,50.148232,31.803240,896.000366,0.000000,0.000000,-7645.506836,-11.630000
0.000000,50.190445,31.803240,896.210815,0.000000,0.000000,-7999.980957,5.210000
0.000000,50.234055,31.803240,896.634644,0.000000,0.000000,-7189.666992,0.590000
0.000000,50.245857,31.803240,896.768250,0.000000,0.000000,-5823.907227,-5.720000
0.000000,50.240761,31.803240,896.659119,0.000000,0.000000,-2839.859619,-9.570000
0.000000,50.226311,31.803240,896.462280,0.000000,0.000000,-487.786346,-7.980000
0.000000,50.211803,31.803240,895.927856,0.000000,0.000000,3057.442871,-15.150000
0.000000,50.193195,31.803240,895.488342,0.000000,0.000000,5119.958496,-10.280000
0.000000,50.174507,31.803240,895.051880,0.000000,0.000000,7296.664063,1.180000
0.000000,50.166252,31.803240,894.794495,0.000000,0.000000,7942.783691,-7.330000
0.000000,50.157955,31.803240,894.447083,0.000000,0.000000,7555.671875,1.140000
0.000000,50.142101,31.803240,894.343750,0.000000,0.000000,6425.860840,4.670000
0.000000,50.137520,31.803240,894.463745,0.000000,0.000000,3676.488037,11.670000
0.000000,50.132938,31.803240,894.756531,0.000000,0.000000,1383.464478,20.320000
0.000000,50.120541,31.803240,895.464294,0.000000,0.000000,-2226.782959,20.129999
0.000000,50.115067,31.803240,896.049622,0.000000,0.000000,-4425.728027,13.890000
0.000000,50.128349,31.803240,896.771362,0.000000,0.000000,-6910.460449,-6.110000
0.000000,50.163883,31.803240,897.134705,0.000000,0.000000,-7801.165527,11.160000
0.000000,50.207375,31.803240,897.731384,0.000000,0.000000,-7782.310547,4.090000
0.000000,50.226582,31.803240,898.007263,0.000000,0.000000,-6866.312988,-0.350000
0.000000,50.233685,31.803240,898.150024,0.000000,0.000000,-4344.030762,-9.480000
0.000000,50.233398,31.803240,898.062927,0.000000,0.000000,-2122.336426,-10.030000
0.000000,50.226517,31.803240,897.693420,0.000000,0.000000,1511.560059,-10.480000
0.000000,50.216022,31.803240,897.342712,0.000000,0.000000,3807.598389,-11.830000
0.000000,50.193283,31.803240,896.788574,0.000000,0.000000,6531.973633,-6.690000
0.000000,50.179821,31.803240,896.557800,0.000000,0.000000,7620.932617,0.590000
0.000000,50.166290,31.803240,896.201782,0.000000,0.000000,7909.112793,-4.640000
0.000000,50.160316,31.803240,896.018494,0.000000,0.000000,7176.422852,1.330000
0.000000,50.137352,31.803240,895.974792,0.000000,0.000000,4856.917969,8.110000
0.000000,50.133804,31.803240,896.136353,0.000000,0.000000,2706.411133,16.129999
0.000000,50.132427,31.803240,896.727051,0.000000,0.000000,-927.490967,14.250000
0.000000,50.135849,31.803240,897.263184,0.000000,0.000000,-3291.007813,19.670000
0.000000,50.134525,31.803240,898.051636,0.000000,0.000000,-6196.134766,3.820000
0.000000,50.162739,31.803240,898.348450,0.000000,0.000000,-7439.280762,-1.730000
0.000000,50.206673,31.803240,898.882690,0.000000,0.000000,-7970.408203,8.070000
0.000000,50.226078,31.803240,899.192749,0.000000,0.000000,-7384.869141,0.640000
0.000000,50.233376,31.803240,899.378235,0.000000,0.000000,-5231.292969,-6.300000
0.000000,50.233173,31.803240,899.334900,0.000000,0.000000,-3142.004150,-9.950000
0.000000,50.226376,31.803240,899.035156,0.000000,0.000000,482.929169,-15.280000
0.000000,50.209332,31.803240,898.690186,0.000000,0.000000,2892.759033,-15.260000
0.000000,50.190018,31.803240,898.114258,0.000000,0.000000,5928.652832,-1.250000
0.000000,50.177456,31.803240,897.862671,0.000000,0.000000,7284.713379,-1.150000
0.000000,50.171432,31.803240,897.489319,0.000000,0.000000,7993.825195,-4.850000
0.000000,50.164028,31.803240,897.295837,0.000000,0.000000,7515.608887,-0.380000
0.000000,50.156593,31.803240,897.194519,0.000000,0.000000,5482.109375,8.350000
0.000000,50.153309,31.803240,897.299744,0.000000,0.000000,3436.682617,11.570000
0.000000,50.150009,31.803240,897.792969,0.000000,0.000000,-181.618088,17.770000
0.000000,50.136356,31.803240,898.279907,0.000000,0.000000,-2623.268555,14.530000
0.000000,50.129230,31.803240,899.040283,0.000000,0.000000,-5747.229980,9.390000
0.000000,50.146725,31.803240,899.384399,0.000000,0.000000,-7177.436523,-2.930000
0.000000,50.196838,31.803240,899.859924,0.000000,0.000000,-7999.546875,11.490000
0.000000,50.218971,31.803240,900.178345,0.000000,0.000000,-7586.477539,-0.030000
0.000000,50.234612,31.803240,900.399780,0.000000,0.000000,-5621.075195,-5.000000
0.000000,50.234070,31.803240,900.372253,0.000000,0.000000,-3597.041748,-7.770000
0.000000,50.233517,31.803240,900.091492,0.000000,0.000000,24.806936,-11.460000
0.000000,50.221085,31.803240,899.749756,0.000000,0.000000,2488.380615,-16.990000
0.000000,50.208588,31.803240,898.958496,0.000000,0.000000,5662.663574,-14.730000
0.000000,50.196480,31.803240,898.636108,0.000000,0.000000,7129.921387,9.940000
0.000000,50.176521,31.803240,898.284729,0.000000,0.000000,8000.000000,-12.080000
0.000000,50.167706,31.803240,898.010254,0.000000,0.000000,7608.390625,-2.810000
0.000000,50.148487,31.803240,897.775635,0.000000,0.000000,5655.305664,3.440000
0.000000,50.141846,31.803240,897.786133,0.000000,0.000000,3627.177246,8.640000
0.000000,50.138206,31.803240,898.073914,0.000000,0.000000,-12.745598,18.049999
0.000000,50.140022,31.803240,898.421875,0.000000,0.000000,-2490.676758,11.350000
0.000000,50.141850,31.803240,899.036255,0.000000,0.000000,-5679.682617,3.700000
0.000000,50.149250,31.803240,899.245361,0.000000,0.000000,-7147.346191,-8.560000
0.000000,50.188862,31.803240,899.536194,0.000000,0.000000,-7999.767090,8.390000
0.000000,50.225399,31.803240,899.719299,0.000000,0.000000,-7584.942871,0.020000
0.000000,50.238564,31.803240,899.779846,0.000000,0.000000,-5586.633789,-8.770000
0.000000,50.224728,31.803240,899.655029,0.000000,0.000000,-3527.907471,-10.000000
0.000000,50.210823,31.803240,899.209167,0.000000,0.000000,145.442581,-13.900000
0.000000,50.204685,31.803240,898.748352,0.000000,0.000000,2630.112549,-16.420000
0.000000,50.186325,31.803240,898.042786,0.000000,0.000000,5797.352051,-7.590000
0.000000,50.174789,31.803240,897.732239,0.000000,0.000000,7227.837891,0.180000
0.000000,50.163200,31.803240,897.236023,0.000000,0.000000,7995.575195,-9.740000
0.000000,50.158081,31.803240,896.936462,0.000000,0.000000,7512.291992,-0.890000
0.000000,50.140743,31.803240,896.710022,0.000000,0.000000,5411.417969,4.730000
0.000000,50.141857,31.803240,896.722534,0.000000,0.000000,3296.599854,8.840000
0.000000,50.137375,31.803240,897.046509,0.000000,0.000000,-422.722046,15.110000
0.000000,50.139423,31.803240,897.419800,0.000000,0.000000,-2904.016602,17.059999
0.000000,50.141479,31.803240,898.023315,0.000000,0.000000,-6008.982910,3.060000
0.000000,50.155571,31.803240,898.185242,0.000000,0.000000,-7362.368164,-7.800000
0.000000,50.197510,31.803240,898.486694,0.000000,0.000000,-7976.300293,7.640000
0.000000,50.219456,31.803240,898.674927,0.000000,0.000000,-7379.284180,0.150000
0.000000,50.229309,31.803240,898.719299,0.000000,0.000000,-5120.906250,-8.600000
0.000000,50.223640,31.803240,898.558594,0.000000,0.000000,-2927.690430,-13.550000
0.000000,50.222355,31.803240,898.028076,0.000000,0.000000,843.578796,-13.100000
0.000000,50.213017,31.803240,897.639893,0.000000,0.000000,3306.407959,-10.870000
0.000000,50.191441,31.803240,896.976807,0.000000,0.000000,6301.587402,-5.770000
0.000000,50.166290,31.803240,896.657227,0.000000,0.000000,7534.410645,-1.500000
0.000000,50.157978,31.803240,896.154663,0.000000,0.000000,7923.041016,-3.750000
0.000000,50.154312,31.803240,895.904663,0.000000,0.000000,7167.864258,-0.570000
0.000000,50.150623,31.803240,895.740051,0.000000,0.000000,4702.128906,7.240000
0.000000,50.148994,31.803240,895.803223,0.000000,0.000000,2413.827881,10.980000
0.000000,50.140766,31.803240,896.251160,0.000000,0.000000,-1404.826172,13.760000
0.000000,50.135284,31.803240,896.704529,0.000000,0.000000,-3826.699707,15.730000
0.000000,50.134178,31.803240,897.337280,0.000000,0.000000,-6654.933105,-1.840000
0.000000,50.155899,31.803240,897.484253,0.000000,0.000000,-7719.398926,-3.440000
0.000000,50.208076,31.803240,897.871460,0.000000,0.000000,-7809.370117,8.110000
0.000000,50.232693,31.803240,898.083130,0.000000,0.000000,-6853.888672,-2.090000
0.000000,50.230843,31.803240,898.125000,0.000000,0.000000,-4139.463379,-8.510000
0.000000,50.219151,31.803240,897.984802,0.000000,0.000000,-1747.780884,-9.190000
0.000000,50.207401,31.803240,897.592773,0.000000,0.000000,2099.051514,-11.000000
0.000000,50.196609,31.803240,897.239014,0.000000,0.000000,4447.835449,-12.690000
0.000000,50.176598,31.803240,896.774475,0.000000,0.000000,7040.361328,1.550000
0.000000,50.167763,31.803240,896.582214,0.000000,0.000000,7884.224609,-5.410000
0.000000,50.158886,31.803240,896.281555,0.000000,0.000000,7601.997070,1.190000
0.000000,50.154964,31.803240,896.173706,0.000000,0.000000,6408.555176,2.100000
0.000000,50.140663,31.803240,896.259338,0.000000,0.000000,3416.966064,9.040000
0.000000,50.141796,31.803240,896.516296,0.000000,0.000000,925.104309,17.150000
0.000000,50.136349,31.803240,897.125305,0.000000,0.000000,-2911.971680,17.240000
0.000000,50.138680,31.803240,897.607971,0.000000,0.000000,-5144.043457,8.990000
0.000000,50.147617,31.803240,898.028259,0.000000,0.000000,-7419.634766,-8.730000
0.000000,50.177803,31.803240,898.282104,0.000000,0.000000,-7987.036621,15.070000
0.000000,50.215923,31.803240,898.705811,0.000000,0.000000,-7262.112305,-0.900000
0.000000,50.226170,31.803240,898.837891,0.000000,0.000000,-5800.675781,-4.290000
0.000000,50.211708,31.803240,898.801453,0.000000,0.000000,-2521.612061,-10.790000
0.000000,50.210926,31.803240,898.644287,0.000000,0.000000,52.394489,-8.990000
0.000000,50.195763,31.803240,898.203064,0.000000,0.000000,3819.359619,-9.370000
0.000000,50.181606,31.803240,897.890259,0.000000,0.000000,5878.481934,-3.470000
0.000000,50.161785,31.803240,897.620911,0.000000,0.000000,7744.195801,-6.390000
0.000000,50.157059,31.803240,897.427490,0.000000,0.000000,7977.773926,-2.200000
0.000000,50.152309,31.803240,897.268860,0.000000,0.000000,6747.772461,2.160000
0.000000,50.138023,31.803240,897.279236,0.000000,0.000000,5000.040039,7.460000
0.000000,50.135857,31.803240,897.550659,0.000000,0.000000,1447.467407,14.120000
0.000000,50.138325,31.803240,897.947205,0.000000,0.000000,-1172.498779,14.690000
0.000000,50.140808,31.803240,898.696411,0.000000,0.000000,-4783.807129,18.860001
0.000000,50.141907,31.803240,899.192322,0.000000,0.000000,-6601.136230,3.040000
0.000000,50.173985,31.803240,899.450806,0.000000,0.000000,-7955.281250,4.590000
0.000000,50.202457,31.803240,899.776917,0.000000,0.000000,-7799.868652,11.050000
0.000000,50.231068,31.803240,900.067566,0.000000,0.000000,-6017.675781,-3.650000
0.000000,50.230515,31.803240,900.121033,0.000000,0.000000,-3982.148682,-4.840000
0.000000,50.214378,31.803240,899.987061,0.000000,0.000000,-200.836563,-7.360000
0.000000,50.207256,31.803240,899.772766,0.000000,0.000000,2407.916260,-14.100000
0.000000,50.200096,31.803240,899.348145,0.000000,0.000000,5751.794922,-5.000000
0.000000,50.184742,31.803240,899.221497,0.000000,0.000000,7247.589844,9.190000
0.000000,50.164547,31.803240,898.995667,0.000000,0.000000,7985.560059,-1.900000
0.000000,50.159054,31.803240,898.897339,0.000000,0.000000,7393.678711,2.060000
0.000000,50.141346,31.803240,898.916565,0.000000,0.000000,5036.616699,5.530000
0.000000,50.130096,31.803240,899.087036,0.000000,0.000000,2734.268799,13.240000
0.000000,50.129158,31.803240,899.611267,0.000000,0.000000,-1194.058105,19.889999
0.000000,50.133492,31.803240,900.093567,0.000000,0.000000,-3711.706055,11.490000
0.000000,50.137836,31.803240,900.705444,0.000000,0.000000,-6651.872070,-4.100000
0.000000,50.146347,31.803240,900.887756,0.000000,0.000000,-7739.439941,-1.580000
0.000000,50.196609,31.803240,901.308777,0.000000,0.000000,-7762.909668,9.620000
0.000000,50.218803,31.803240,901.535522,0.000000,0.000000,-6702.130859,-1.980000
0.000000,50.216713,31.803240,901.637573,0.000000,0.000000,-3782.733643,-7.270000
0.000000,50.208939,31.803240,901.583557,0.000000,0.000000,-1262.769165,-6.730000
0.000000,50.213326,31.803240,901.214478,0.000000,0.000000,2689.276611,-11.390000
0.000000,50.206490,31.803240,900.900879,0.000000,0.000000,5013.484863,-4.000000
0.000000,50.181679,31.803240,900.672668,0.000000,0.000000,7394.764648,4.440000
0.000000,50.159241,31.803240,900.513000,0.000000,0.000000,7987.202637,-10.090000
0.000000,50.153648,31.803240,900.307373,0.000000,0.000000,7216.982910,1.710000
0.000000,50.151184,31.803240,900.279419,0.000000,0.000000,5678.899902,6.330000
0.000000,50.143940,31.803240,900.470032,0.000000,0.000000,2256.334961,10.900000
0.000000,50.137573,31.803240,900.820129,0.000000,0.000000,-398.970703,18.059999
0.000000,50.140347,31.803240,901.457642,0.000000,0.000000,-4208.416992,10.630000
0.000000,50.141571,31.803240,901.852478,0.000000,0.000000,-6217.669922,4.170000
0.000000,50.154995,31.803240,902.156250,0.000000,0.000000,-7876.639648,5.570000
0.000000,50.188740,31.803240,902.437866,0.000000,0.000000,-7896.696289,8.330000
0.000000,50.228241,31.803240,902.738831,0.000000,0.000000,-6288.936035,-2.340000
0.000000,50.222874,31.803240,902.807068,0.000000,0.000000,-4299.059570,-3.990000
0.000000,50.209686,31.803240,902.669312,0.000000,0.000000,-489.572113,-14.550000
0.000000,50.203865,31.803240,902.419983,0.000000,0.000000,2183.061523,-9.820000
0.000000,50.198013,31.803240,902.028931,0.000000,0.000000,5644.192383,-6.830000
0.000000,50.182247,31.803240,901.871277,0.000000,0.000000,7205.112305,7.000000
0.000000,50.163017,31.803240,901.659058,0.000000,0.000000,7986.596680,-3.290000
0.000000,50.157948,31.803240,901.553345,0.000000,0.000000,7379.586914,1.090000
0.000000,50.146267,31.803240,901.568176,0.000000,0.000000,4944.292969,9.220000
0.000000,50.133656,31.803240,901.764465,0.000000,0.000000,2571.614746,12.140000
0.000000,50.120979,31.803240,902.306885,0.000000,0.000000,-1444.416626,18.639999
0.000000,50.127579,31.803240,902.748474,0.000000,0.000000,-3981.845947,10.780000
0.000000,50.134209,31.803240,903.365601,0.000000,0.000000,-6860.321289,-3.770000
0.000000,50.149330,31.803240,903.553589,0.000000,0.000000,-7839.829102,-2.210000
0.000000,50.200264,31.803240,903.968140,0.000000,0.000000,-7619.339844,7.910000
0.000000,50.221447,31.803240,904.170837,0.000000,0.000000,-6368.370117,-2.930000
0.000000,50.213573,31.803240,904.260193,0.000000,0.000000,-3188.056885,-8.080000
0.000000,50.206673,31.803240,904.185669,0.000000,0.000000,-552.346619,-7.490000
0.000000,50.199741,31.803240,903.856750,0.000000,0.000000,3425.062012,-8.100000
0.000000,50.196674,31.803240,903.603577,0.000000,0.000000,5647.058105,-2.220000
0.000000,50.170048,31.803240,903.477966,0.000000,0.000000,7699.562988,3.140000
0.000000,50.163029,31.803240,903.352295,0.000000,0.000000,7982.174316,-6.110000
0.000000,50.155979,31.803240,903.278564,0.000000,0.000000,6693.233398,3.760000
0.000000,50.140667,31.803240,903.347290,0.000000,0.000000,4835.113281,9.300000
0.000000,50.125290,31.803240,903.696960,0.000000,0.000000,1080.201050,13.110000
0.000000,50.130692,31.803240,904.131836,0.000000,0.000000,-1645.456055,17.350000
0.000000,50.130516,31.803240,904.872437,0.000000,0.000000,-5283.487305,10.530000
0.000000,50.134468,31.803240,905.219055,0.000000,0.000000,-6996.182617,-5.670000
0.000000,50.157227,31.803240,905.585571,0.000000,0.000000,-7999.706055,13.010000
0.000000,50.190350,31.803240,905.913574,0.000000,0.000000,-7509.270508,3.690000
0.000000,50.217037,31.803240,906.212952,0.000000,0.000000,-5172.833496,-2.160000
0.000000,50.209171,31.803240,906.274902,0.000000,0.000000,-2811.962646,-3.520000
0.000000,50.201271,31.803240,906.201538,0.000000,0.000000,1251.687134,-8.390000
0.000000,50.197784,31.803240,906.013245,0.000000,0.000000,3846.039307,-11.920000
0.000000,50.188679,31.803240,905.767212,0.000000,0.000000,6810.442871,4.190000
0.000000,50.169899,31.803240,905.765320,0.000000,0.000000,7828.447266,5.320000
0.000000,50.155434,31.803240,905.689575,0.000000,0.000000,7618.265625,2.020000
0.000000,50.152470,31.803240,905.728088,0.000000,0.000000,6342.048828,4.880000
0.000000,50.132538,31.803240,905.994995,0.000000,0.000000,3093.281738,10.890000
0.000000,50.123734,31.803240,906.318481,0.000000,0.000000,409.751129,15.980000
0.000000,50.120491,31.803240,906.986938,0.000000,0.000000,-3607.015381,18.320000
0.000000,50.115032,31.803240,907.544373,0.000000,0.000000,-5816.128906,11.430000
0.000000,50.128330,31.803240,907.957336,0.000000,0.000000,-7776.068848,-13.230000
0.000000,50.151676,31.803240,908.162109,0.000000,0.000000,-7952.079590,11.700000
0.000000,50.199875,31.803240,908.557495,0.000000,0.000000,-6464.909668,1.650000
0.000000,50.202381,31.803240,908.692993,0.000000,0.000000,-4476.242188,-5.090000
0.000000,50.191498,31.803240,908.700012,0.000000,0.000000,-581.843750,-9.510000
0.000000,50.190723,31.803240,908.539795,0.000000,0.000000,2170.687988,-7.920000
0.000000,50.194706,31.803240,908.269531,0.000000,0.000000,5719.215332,1.010000
0.000000,50.179855,31.803240,908.228149,0.000000,0.000000,7284.067871,8.820000
0.000000,50.149353,31.803240,908.153687,0.000000,0.000000,7963.089844,-5.120000
0.000000,50.141487,31.803240,908.117126,0.000000,0.000000,7222.338379,2.320000
0.000000,50.130554,31.803240,908.246155,0.000000,0.000000,4537.971191,11.250000
0.000000,50.122299,31.803240,908.490784,0.000000,0.000000,2011.966187,11.020000
0.000000,50.120598,31.803240,909.030457,0.000000,0.000000,-2130.100098,13.670000
0.000000,50.127300,31.803240,909.521790,0.000000,0.000000,-4641.107422,13.820000
0.000000,50.134041,31.803240,910.016357,0.000000,0.000000,-7280.105957,-9.280000
0.000000,50.155800,31.803240,910.154419,0.000000,0.000000,-7975.898926,5.040000
0.000000,50.192047,31.803240,910.518616,0.000000,0.000000,-7212.414063,3.120000
0.000000,50.203312,31.803240,910.671814,0.000000,0.000000,-5586.589844,-2.440000
0.000000,50.197674,31.803240,910.692566,0.000000,0.000000,-1958.129272,-4.480000
0.000000,50.195183,31.803240,910.582581,0.000000,0.000000,826.237000,-8.300000
0.000000,50.197445,31.803240,910.224487,0.000000,0.000000,4712.622559,-8.960000
0.000000,50.182823,31.803240,910.028870,0.000000,0.000000,6648.930664,2.640000
0.000000,50.162533,31.803240,910.018555,0.000000,0.000000,7984.354004,-0.360000
0.000000,50.151005,31.803240,909.880066,0.000000,0.000000,7668.019531,0.650000
0.000000,50.136398,31.803240,909.853760,0.000000,0.000000,5475.847168,5.840000
0.000000,50.126522,31.803240,909.981506,0.000000,0.000000,3128.544189,8.360000
0.000000,50.123192,31.803240,910.364136,0.000000,0.000000,-1010.867737,10.240000
0.000000,50.129177,31.803240,910.724670,0.000000,0.000000,-3688.903809,15.570000
0.000000,50.135189,31.803240,911.216614,0.000000,0.000000,-6767.908203,-5.040000
0.000000,50.150040,31.803240,911.235046,0.000000,0.000000,-7825.287598,-10.720000
0.000000,50.181915,31.803240,911.417542,0.000000,0.000000,-7592.699219,4.570000
0.000000,50.195992,31.803240,911.509766,0.000000,0.000000,-6251.014648,-2.490000
0.000000,50.197945,31.803240,911.428711,0.000000,0.000000,-2865.637451,-7.630000
0.000000,50.201969,31.803240,911.253235,0.000000,0.000000,-99.479523,-11.140000
0.000000,50.207214,31.803240,910.819885,0.000000,0.000000,3966.482910,-15.820000
0.000000,50.195488,31.803240,910.439270,0.000000,0.000000,6130.745117,-4.220000
0.000000,50.169319,31.803240,910.158325,0.000000,0.000000,7890.312500,2.690000
0.000000,50.150311,31.803240,909.964966,0.000000,0.000000,7857.498047,-6.910000
0.000000,50.141575,31.803240,909.755249,0.000000,0.000000,6006.056152,0.850000
0.000000,50.123672,31.803240,909.739624,0.000000,0.000000,3792.794189,7.950000
0.000000,50.114849,31.803240,909.932190,0.000000,0.000000,-314.304230,12.710000
0.000000,50.123150,31.803240,910.172302,0.000000,0.000000,-3078.591064,8.520000
0.000000,50.131485,31.803240,910.651794,0.000000,0.000000,-6407.859375,3.900000
0.000000,50.135170,31.803240,910.700195,0.000000,0.000000,-7675.737793,-21.870001
0.000000,50.162418,31.803240,910.636902,0.000000,0.000000,-7753.460938,9.440000
0.000000,50.181908,31.803240,910.665283,0.000000,0.000000,-6577.609375,-3.030000
0.000000,50.189293,31.803240,910.547302,0.000000,0.000000,-3334.915283,-11.490000
0.000000,50.189129,31.803240,910.344482,0.000000,0.000000,-582.817749,-6.920000
0.000000,50.188965,31.803240,909.855957,0.000000,0.000000,3573.335205,-10.910000
0.000000,50.188889,31.803240,909.492310,0.000000,0.000000,5852.249023,-4.600000
0.000000,50.159668,31.803240,909.212280,0.000000,0.000000,7818.193848,-0.330000
0.000000,50.148937,31.803240,908.994324,0.000000,0.000000,7916.761230,-9.820000
0.000000,50.147324,31.803240,908.747375,0.000000,0.000000,6212.064941,0.670000
0.000000,50.140018,31.803240,908.694336,0.000000,0.000000,4048.902588,6.850000
0.000000,50.124889,31.803240,908.849487,0.000000,0.000000,-58.536709,8.300000
0.000000,50.130402,31.803240,909.084229,0.000000,0.000000,-2864.579834,7.700000
0.000000,50.135941,31.803240,909.453552,0.000000,0.000000,-6290.760742,10.230000
0.000000,50.138386,31.803240,909.630066,0.000000,0.000000,-7626.952148,-11.890000
0.000000,50.157803,31.803240,909.513794,0.000000,0.000000,-7784.271484,6.160000
0.000000,50.171982,31.803240,909.543396,0.000000,0.000000,-6636.161133,-1.010000
0.000000,50.183197,31.803240,909.451172,0.000000,0.000000,-3394.646240,-6.140000
0.000000,50.184723,31.803240,909.277649,0.000000,0.000000,-623.210754,-8.170000
0.000000,50.186260,31.803240,908.840881,0.000000,0.000000,3571.089355,-16.430000
0.000000,50.186935,31.803240,908.478455,0.000000,0.000000,5867.786621,-5.250000
0.000000,50.168835,31.803240,908.270996,0.000000,0.000000,7830.861328,0.590000
0.000000,50.162151,31.803240,908.108887,0.000000,0.000000,7903.905762,-4.480000
0.000000,50.155437,31.803240,907.926758,0.000000,0.000000,6133.086914,2.310000
0.000000,50.152473,31.803240,907.936279,0.000000,0.000000,3919.271240,5.480000
0.000000,50.137302,31.803240,908.188599,0.000000,0.000000,-245.992722,12.810000
0.000000,50.139370,31.803240,908.486755,0.000000,0.000000,-3062.260742,11.890000
0.000000,50.141449,31.803240,908.878540,0.000000,0.000000,-6442.601563,-1.680000
0.000000,50.154560,31.803240,908.868591,0.000000,0.000000,-7705.738281,-12.520000
0.000000,50.167736,31.803240,908.999512,0.000000,0.000000,-7705.822754,5.830000
0.000000,50.173553,31.803240,909.093079,0.000000,0.000000,-6440.642578,-0.800000
0.000000,50.179398,31.803240,909.054199,0.000000,0.000000,-3049.173828,-4.950000
0.000000,50.181980,31.803240,908.923279,0.000000,0.000000,-220.986404,-10.050000
0.000000,50.184574,31.803240,908.576843,0.000000,0.000000,3959.942627,-14.180000
0.000000,50.185722,31.803240,908.214539,0.000000,0.000000,6174.508789,-6.740000
0.000000,50.169910,31.803240,908.083313,0.000000,0.000000,7918.370605,8.590000
0.000000,50.162933,31.803240,907.973328,0.000000,0.000000,7804.836426,-4.790000
0.000000,50.155922,31.803240,907.899902,0.000000,0.000000,5753.584961,2.280000
0.000000,50.140629,31.803240,907.966736,0.000000,0.000000,3392.169922,9.780000
0.000000,50.125263,31.803240,908.294189,0.000000,0.000000,-875.111389,11.720000
0.000000,50.130672,31.803240,908.598633,0.000000,0.000000,-3657.479492,9.620000
0.000000,50.136105,31.803240,909.028198,0.000000,0.000000,-6829.372559,-7.870000
0.000000,50.145100,31.803240,909.008606,0.000000,0.000000,-7867.681641,-12.560000
0.000000,50.161922,31.803240,909.109070,0.000000,0.000000,-7468.077637,6.350000
0.000000,50.169353,31.803240,909.184387,0.000000,0.000000,-5946.219727,-1.320000
0.000000,50.171215,31.803240,909.106567,0.000000,0.000000,-2275.587158,-10.310000
0.000000,50.176071,31.803240,908.956482,0.000000,0.000000,624.520386,-5.720000
0.000000,50.180943,31.803240,908.533813,0.000000,0.000000,4702.473145,-11.840000
0.000000,50.176506,31.803240,908.259521,0.000000,0.000000,6711.711426,4.530000
0.000000,50.164253,31.803240,908.165161,0.000000,0.000000,7997.591797,-6.140000
0.000000,50.158844,31.803240,908.045654,0.000000,0.000000,7534.152344,-1.640000
0.000000,50.153408,31.803240,907.993225,0.000000,0.000000,5007.244629,5.290000
0.000000,50.151005,31.803240,908.070740,0.000000,0.000000,2427.962402,9.120000
0.000000,50.143829,31.803240,908.383545,0.000000,0.000000,-1931.759766,9.320000
0.000000,50.144089,31.803240,908.710938,0.000000,0.000000,-4597.787598,8.800000
0.000000,50.144348,31.803240,909.023743,0.000000,0.000000,-7350.887207,-5.010000
0.000000,50.156654,31.803240,909.061829,0.000000,0.000000,-7994.591309,-2.810000
0.000000,50.169022,31.803240,909.134583,0.000000,0.000000,-6955.151367,2.670000
0.000000,50.174480,31.803240,909.184082,0.000000,0.000000,-5059.423828,-1.410000
0.000000,50.179970,31.803240,909.059509,0.000000,0.000000,-1040.317871,-7.670000
0.000000,50.182396,31.803240,908.885925,0.000000,0.000000,1896.442139,-4.060000
0.000000,50.178234,31.803240,908.534302,0.000000,0.000000,5706.914063,-4.720000
0.000000,50.168945,31.803240,908.399658,0.000000,0.000000,7348.671387,5.250000
0.000000,50.154846,31.803240,908.312622,0.000000,0.000000,7910.981445,-5.280000
0.000000,50.152046,31.803240,908.250671,0.000000,0.000000,6942.687988,2.110000
0.000000,50.142643,31.803240,908.330078,0.000000,0.000000,3796.869385,7.890000
0.000000,50.131035,31.803240,908.526062,0.000000,0.000000,984.850769,7.980000
0.000000,50.130726,31.803240,908.956787,0.000000,0.000000,-3360.905273,9.690000
0.000000,50.134621,31.803240,909.265869,0.000000,0.000000,-5767.323730,7.500000
0.000000,50.145123,31.803240,909.427307,0.000000,0.000000,-7827.557617,-12.550000
0.000000,50.157215,31.803240,909.471680,0.000000,0.000000,-7892.658203,4.720000
0.000000,50.169365,31.803240,909.597290,0.000000,0.000000,-6002.055176,-0.940000
0.000000,50.174732,31.803240,909.584961,0.000000,0.000000,-3665.773682,-5.210000
0.000000,50.169758,31.803240,909.436340,0.000000,0.000000,663.490234,-4.470000
0.000000,50.168423,31.803240,909.246155,0.000000,0.000000,3522.460938,-12.570000
0.000000,50.169655,31.803240,908.889832,0.000000,0.000000,6798.565430,0.890000
0.000000,50.162746,31.803240,908.877075,0.000000,0.000000,7868.174316,10.440000
0.000000,50.155804,31.803240,908.800049,0.000000,0.000000,7433.484375,0.540000
0.000000,50.152737,31.803240,908.815857,0.000000,0.000000,5840.365234,3.190000
0.000000,50.143066,31.803240,909.007629,0.000000,0.000000,2035.979004,8.000000
0.000000,50.131344,31.803240,909.255859,0.000000,0.000000,-933.378784,12.820000
0.000000,50.136520,31.803240,909.730225,0.000000,0.000000,-5022.116699,12.430000
0.000000,50.138805,31.803240,909.996033,0.000000,0.000000,-6952.869629,-6.910000
0.000000,50.163662,31.803240,909.944275,0.000000,0.000000,-7991.894043,0.000000
0.000000,50.176212,31.803240,910.040283,0.000000,0.000000,-7304.088867,7.320000
0.000000,50.181030,31.803240,910.077637,0.000000,0.000000,-4434.315430,-5.060000
0.000000,50.170967,31.803240,909.979797,0.000000,0.000000,-1682.423340,-8.750000
0.000000,50.177811,31.803240,909.739929,0.000000,0.000000,2757.382324,-8.400000
0.000000,50.180832,31.803240,909.536072,0.000000,0.000000,5322.824219,-4.370000
0.000000,50.171673,31.803240,909.317566,0.000000,0.000000,7692.024414,10.110000
0.000000,50.164204,31.803240,909.253296,0.000000,0.000000,7961.495117,-6.450000
0.000000,50.156700,31.803240,909.191772,0.000000,0.000000,6303.790039,4.390000
0.000000,50.153385,31.803240,909.252686,0.000000,0.000000,4047.924072,6.900000
0.000000,50.137863,31.803240,909.538879,0.000000,0.000000,-282.189667,12.790000
0.000000,50.134174,31.803240,909.820618,0.000000,0.000000,-3208.779541,8.300000
0.000000,50.144848,31.803240,910.367981,0.000000,0.000000,-6640.429688,5.250000
0.000000,50.151417,31.803240,910.446289,0.000000,0.000000,-7818.013184,-22.809999
0.000000,50.176170,31.803240,910.356689,0.000000,0.000000,-7505.440918,10.960000
0.000000,50.179646,31.803240,910.407532,0.000000,0.000000,-5951.782227,-2.000000
0.000000,50.170948,31.803240,910.306946,0.000000,0.000000,-2142.708984,-8.870000
0.000000,50.163681,31.803240,910.153015,0.000000,0.000000,859.467834,-4.490000
0.000000,50.162968,31.803240,909.882202,0.000000,0.000000,5006.460938,-4.020000
0.000000,50.157913,31.803240,909.655640,0.000000,0.000000,6960.817383,-6.880000
0.000000,50.152836,31.803240,909.569641,0.000000,0.000000,7988.417480,1.800000
0.000000,50.150597,31.803240,909.511597,0.000000,0.000000,7259.966797,-0.540000
0.000000,50.148342,31.803240,909.543518,0.000000,0.000000,4299.539551,5.780000
0.000000,50.147350,31.803240,909.666382,0.000000,0.000000,1489.287964,9.790000
0.000000,50.141582,31.803240,910.022034,0.000000,0.000000,-2991.920166,5.800000
0.000000,50.142464,31.803240,910.321594,0.000000,0.000000,-5533.988770,6.570000
0.000000,50.166901,31.803240,910.481201,0.000000,0.000000,-7778.904297,-7.530000
0.000000,50.185143,31.803240,910.481628,0.000000,0.000000,-7915.580078,0.980000
0.000000,50.179924,31.803240,910.483337,0.000000,0.000000,-6028.552246,-0.570000
0.000000,50.170166,31.803240,910.456787,0.000000,0.000000,-3637.130371,-4.520000
0.000000,50.155598,31.803240,910.226074,0.000000,0.000000,803.657715,-4.590000
0.000000,50.152592,31.803240,909.969727,0.000000,0.000000,3712.559570,-11.910000
0.000000,50.149567,31.803240,909.630066,0.000000,0.000000,6962.591797,4.670000
0.000000,50.148232,31.803240,909.621826,0.000000,0.000000,7929.849609,1.800000
0.000000,50.146893,31.803240,909.486206,0.000000,0.000000,7233.142090,0.070000
0.000000,50.146301,31.803240,909.471069,0.000000,0.000000,5432.629395,5.000000
0.000000,50.140942,31.803240,909.623169,0.000000,0.000000,1368.233765,9.490000
0.000000,50.142002,31.803240,909.837341,0.000000,0.000000,-1678.947632,7.080000
0.000000,50.143063,31.803240,910.278381,0.000000,0.000000,-5664.504883,13.670000
0.000000,50.150124,31.803240,910.507507,0.000000,0.000000,-7367.621582,-9.510000
0.000000,50.177208,31.803240,910.299866,0.000000,0.000000,-7876.819336,3.100000
0.000000,50.180397,31.803240,910.319641,0.000000,0.000000,-6778.332520,2.880000
0.000000,50.160053,31.803240,910.244446,0.000000,0.000000,-3365.458252,-6.120000
0.000000,50.143612,31.803240,910.060730,0.000000,0.000000,-396.042542,-12.780000
0.000000,50.139294,31.803240,909.744385,0.000000,0.000000,4029.218262,-1.250000
0.000000,50.140808,31.803240,909.562622,0.000000,0.000000,6330.464355,-5.450000
0.000000,50.136726,31.803240,909.421265,0.000000,0.000000,7974.524902,-5.330000
0.000000,50.138958,31.803240,909.301208,0.000000,0.000000,7628.969727,-0.630000
0.000000,50.141193,31.803240,909.266479,0.000000,0.000000,5069.688965,4.920000
0.000000,50.142181,31.803240,909.380859,0.000000,0.000000,2366.547607,10.270000
0.000000,50.137573,31.803240,909.720215,0.000000,0.000000,-2203.697754,6.910000
0.000000,50.139565,31.803240,910.020142,0.000000,0.000000,-4939.945801,11.270000
0.000000,50.160358,31.803240,910.241699,0.000000,0.000000,-7580.737793,-14.800000
0.000000,50.180416,31.803240,910.174438,0.000000,0.000000,-7984.752441,-2.140000
0.000000,50.188377,31.803240,910.229492,0.000000,0.000000,-6404.848145,0.200000
0.000000,50.169682,31.803240,910.193665,0.000000,0.000000,-4119.399414,-5.330000
0.000000,50.120544,31.803240,909.991089,0.000000,0.000000,323.897522,-4.760000
0.000000,50.102875,31.803240,909.819702,0.000000,0.000000,3322.867188,-8.580000
0.000000,50.102077,31.803240,909.586914,0.000000,0.000000,6776.499512,0.170000
0.000000,50.101727,31.803240,909.580383,0.000000,0.000000,7881.857422,4.420000
0.000000,50.118332,31.803240,909.468323,0.000000,0.000000,7334.720703,3.330000
0.000000,50.119072,31.803240,909.469360,0.000000,0.000000,5576.825195,3.360000
0.000000,50.112026,31.803240,909.670959,0.000000,0.000000,1494.330688,11.090000
0.000000,50.108913,31.803240,909.916992,0.000000,0.000000,-1599.551514,10.080000
0.000000,50.122746,31.803240,910.319946,0.000000,0.000000,-5657.054688,7.830000
0.000000,50.135445,31.803240,910.456787,0.000000,0.000000,-7381.770020,-13.710000
0.000000,50.168190,31.803240,910.351257,0.000000,0.000000,-7857.395020,1.160000
0.000000,50.173885,31.803240,910.393372,0.000000,0.000000,-6695.219727,2.570000
0.000000,50.149460,31.803240,910.319885,0.000000,0.000000,-3160.307129,-7.930000
0.000000,50.118164,31.803240,910.149170,0.000000,0.000000,-124.448074,-7.090000
0.000000,50.084145,31.803240,909.863831,0.000000,0.000000,4321.177246,-10.030000
0.000000,50.095360,31.803240,909.670715,0.000000,0.000000,6560.943359,1.620000
0.000000,50.108818,31.803240,909.596985,0.000000,0.000000,7998.005371,-2.040000
0.000000,50.118790,31.803240,909.494751,0.000000,0.000000,7461.146484,-1.300000
0.000000,50.116615,31.803240,909.490845,0.000000,0.000000,4610.082520,3.290000
0.000000,50.112232,31.803240,909.623718,0.000000,0.000000,1763.284424,12.800000
0.000000,50.107822,31.803240,909.964722,0.000000,0.000000,-2862.832764,8.700000
0.000000,50.118073,31.803240,910.193787,0.000000,0.000000,-5501.686523,2.990000
0.000000,50.147156,31.803240,910.272095,0.000000,0.000000,-7800.875488,-17.850000
0.000000,50.170879,31.803240,910.191833,0.000000,0.000000,-7885.713867,2.900000
0.000000,50.171165,31.803240,910.186584,0.000000,0.000000,-5805.331543,-0.470000
0.000000,50.138458,31.803240,910.107239,0.000000,0.000000,-3252.843018,-8.200000
0.000000,50.073059,31.803240,909.872009,0.000000,0.000000,1365.323486,-11.170000
0.000000,50.050766,31.803240,909.613708,0.000000,0.000000,4284.843262,-4.940000
0.000000,50.067146,31.803240,909.401794,0.000000,0.000000,7322.048828,10.890000
0.000000,50.083080,31.803240,909.357300,0.000000,0.000000,7998.321777,-5.270000
0.000000,50.089920,31.803240,909.223816,0.000000,0.000000,6730.385742,1.790000
0.000000,50.092941,31.803240,909.239258,0.000000,0.000000,4550.466309,6.860000
0.000000,50.095978,31.803240,909.454346,0.000000,0.000000,102.241844,9.650000
0.000000,50.097321,31.803240,909.661987,0.000000,0.000000,-2984.415039,7.400000
0.000000,50.105259,31.803240,910.047607,0.000000,0.000000,-6622.737305,-1.610000
0.000000,50.135006,31.803240,910.033875,0.000000,0.000000,-7840.505859,-17.790001
0.000000,50.176460,31.803240,909.896362,0.000000,0.000000,-7388.227051,7.770000
0.000000,50.173264,31.803240,909.886414,0.000000,0.000000,-5633.051758,-3.330000
0.000000,50.120914,31.803240,909.753357,0.000000,0.000000,-1486.412476,-8.790000
0.000000,50.078754,31.803240,909.625549,0.000000,0.000000,1664.129150,-2.840000
0.000000,50.042984,31.803240,909.386780,0.000000,0.000000,5764.073730,-0.250000
0.000000,50.053429,31.803240,909.302673,0.000000,0.000000,7460.429199,6.200000
0.000000,50.078304,31.803240,909.294067,0.000000,0.000000,7796.035156,-6.150000
0.000000,50.090153,31.803240,909.314453,0.000000,0.000000,6494.094727,5.050000
0.000000,50.094265,31.803240,909.476135,0.000000,0.000000,2749.309570,9.810000
0.000000,50.096081,31.803240,909.696533,0.000000,0.000000,-375.665497,9.090000
0.000000,50.097908,31.803240,910.147827,0.000000,0.000000,-4803.200684,4.150000
0.000000,50.105305,31.803240,910.346558,0.000000,0.000000,-6908.307129,-7.470000
0.000000,50.161877,31.803240,910.228210,0.000000,0.000000,-7980.878906,-1.080000
0.000000,50.174923,31.803240,910.221130,0.000000,0.000000,-7140.323730,4.790000
0.000000,50.151089,31.803240,910.185913,0.000000,0.000000,-3867.410645,-8.280000
0.000000,50.100552,31.803240,910.072205,0.000000,0.000000,-841.767944,-3.730000
0.000000,50.049778,31.803240,909.793030,0.000000,0.000000,3790.710938,-3.670000
0.000000,50.033947,31.803240,909.593262,0.000000,0.000000,6232.883789,-1.850000
0.000000,50.049381,31.803240,909.525696,0.000000,0.000000,7975.794434,1.360000
0.000000,50.063656,31.803240,909.454468,0.000000,0.000000,7588.221680,-3.460000
0.000000,50.090187,31.803240,909.440552,0.000000,0.000000,4829.607422,4.900000
0.000000,50.093132,31.803240,909.524475,0.000000,0.000000,1960.855835,7.090000
0.000000,50.096100,31.803240,909.803955,0.000000,0.000000,-2769.222656,5.660000
0.000000,50.097404,31.803240,910.054321,0.000000,0.000000,-5478.957520,6.240000
0.000000,50.128860,31.803240,910.116699,0.000000,0.000000,-7816.501465,-14.880000
0.000000,50.157661,31.803240,909.962158,0.000000,0.000000,-7860.806641,-2.740000
0.000000,50.167809,31.803240,909.842102,0.000000,0.000000,-5634.915527,-1.250000
0.000000,50.136036,31.803240,909.737366,0.000000,0.000000,-2964.872559,-4.850000
0.000000,50.076332,31.803240,909.468750,0.000000,0.000000,1772.905884,-4.050000
0.000000,50.046543,31.803240,909.218811,0.000000,0.000000,4685.859863,-14.100000
0.000000,50.035397,31.803240,908.893738,0.000000,0.000000,7538.827148,13.150000
0.000000,50.060143,31.803240,908.922668,0.000000,0.000000,7984.843262,-2.640000
0.000000,50.092793,31.803240,908.835327,0.000000,0.000000,6290.116211,2.770000
0.000000,50.100620,31.803240,908.854492,0.000000,0.000000,3846.073730,5.080000
0.000000,50.106297,31.803240,909.084351,0.000000,0.000000,-827.704224,6.130000
0.000000,50.116970,31.803240,909.308289,0.000000,0.000000,-3886.697266,4.670000
0.000000,50.127689,31.803240,909.579773,0.000000,0.000000,-7176.823242,1.570000
0.000000,50.144623,31.803240,909.549500,0.000000,0.000000,-7988.552246,-17.260000
0.000000,50.166393,31.803240,909.373718,0.000000,0.000000,-6807.526367,2.440000
0.000000,50.153801,31.803240,909.307983,0.000000,0.000000,-4603.880371,-2.180000
0.000000,50.097607,31.803240,909.114502,0.000000,0.000000,-47.937614,-5.390000
0.000000,50.061913,31.803240,908.913452,0.000000,0.000000,3108.246338,-4.710000
0.000000,50.032642,31.803240,908.651733,0.000000,0.000000,6761.516602,-4.820000
0.000000,50.039364,31.803240,908.584045,0.000000,0.000000,7899.854004,10.080000
0.000000,50.075268,31.803240,908.589844,0.000000,0.000000,7202.996094,-4.010000
0.000000,50.094551,31.803240,908.617126,0.000000,0.000000,5243.100586,6.770000
0.000000,50.096970,31.803240,908.807678,0.000000,0.000000,842.079712,9.230000
0.000000,50.098034,31.803240,909.035217,0.000000,0.000000,-2371.276367,5.300000
0.000000,50.116062,31.803240,909.370544,0.000000,0.000000,-6320.200684,4.400000
0.000000,50.130619,31.803240,909.404968,0.000000,0.000000,-7745.111328,-15.310000
0.000000,50.174751,31.803240,909.270020,0.000000,0.000000,-7494.224609,0.780000
0.000000,50.172028,31.803240,909.215332,0.000000,0.000000,-5772.271973,-1.040000
0.000000,50.113567,31.803240,909.110291,0.000000,0.000000,-1548.085083,-4.070000
0.000000,50.061249,31.803240,908.908447,0.000000,0.000000,1691.178589,-10.170000
0.000000,50.015278,31.803240,908.582764,0.000000,0.000000,5876.160645,-8.300000
0.000000,50.009022,31.803240,908.447876,0.000000,0.000000,7548.309570,7.740000
0.000000,50.041508,31.803240,908.528625,0.000000,0.000000,7699.418945,-6.580000
0.000000,50.070156,31.803240,908.505310,0.000000,0.000000,6202.228027,2.720000
0.000000,50.092350,31.803240,908.649536,0.000000,0.000000,2163.474854,6.140000
0.000000,50.106892,31.803240,908.854370,0.000000,0.000000,-1078.754761,6.460000
0.000000,50.121502,31.803240,909.236816,0.000000,0.000000,-5448.700195,10.500000
0.000000,50.127956,31.803240,909.439819,0.000000,0.000000,-7330.585938,-5.320000
0.000000,50.169193,31.803240,909.189392,0.000000,0.000000,-7836.256348,-4.710000
0.000000,50.180210,31.803240,909.121460,0.000000,0.000000,-6544.885254,2.990000
0.000000,50.153347,31.803240,909.005493,0.000000,0.000000,-2688.781006,-5.720000
0.000000,50.095592,31.803240,908.829163,0.000000,0.000000,541.086670,-4.650000
0.000000,50.012817,31.803240,908.565186,0.000000,0.000000,5053.411133,-4.680000
0.000000,49.988457,31.803240,908.432190,0.000000,0.000000,7110.047363,0.360000
0.000000,50.006317,31.803240,908.395264,0.000000,0.000000,7921.132324,3.280000
0.000000,50.044735,31.803240,908.389221,0.000000,0.000000,6812.258789,0.200000
0.000000,50.083332,31.803240,908.458618,0.000000,0.000000,3126.526855,6.920000
0.000000,50.100376,31.803240,908.618896,0.000000,0.000000,-82.377632,7.100000
0.000000,50.117500,31.803240,908.972473,0.000000,0.000000,-4702.544922,8.790000
0.000000,50.125065,31.803240,909.157898,0.000000,0.000000,-6901.770508,-2.760000
0.000000,50.163647,31.803240,908.933472,0.000000,0.000000,-7968.641113,-8.170000
0.000000,50.176201,31.803240,908.833374,0.000000,0.000000,-7015.701660,2.210000
0.000000,50.150043,31.803240,908.699524,0.000000,0.000000,-3480.346680,-4.600000
0.000000,50.099796,31.803240,908.496338,0.000000,0.000000,-295.246338,-8.890000
0.000000,50.015404,31.803240,908.137512,0.000000,0.000000,4405.471680,-7.700000
0.000000,49.978127,31.803240,907.934692,0.000000,0.000000,6717.936523,0.750000
0.000000,49.976425,31.803240,907.943726,0.000000,0.000000,7991.245117,-1.910000
0.000000,50.023140,31.803240,907.880066,0.000000,0.000000,7165.345215,-0.660000
0.000000,50.074829,31.803240,907.885010,0.000000,0.000000,3754.248291,4.930000
0.000000,50.094234,31.803240,908.015930,0.000000,0.000000,591.037781,7.110000
0.000000,50.113731,31.803240,908.366577,0.000000,0.000000,-4169.121582,10.910000
0.000000,50.122341,31.803240,908.574829,0.000000,0.000000,-6568.034668,-0.200000
0.000000,50.160141,31.803240,908.386108,0.000000,0.000000,-7999.077637,-16.830000
0.000000,50.168068,31.803240,908.255981,0.000000,0.000000,-7269.664063,4.230000
0.000000,50.140285,31.803240,908.100952,0.000000,0.000000,-3952.023438,-5.100000
0.000000,50.097363,31.803240,907.918457,0.000000,0.000000,-805.045410,-5.590000
0.000000,50.006474,31.803240,907.622559,0.000000,0.000000,3998.398926,-2.770000
0.000000,49.959484,31.803240,907.463074,0.000000,0.000000,6459.080566,-4.500000
0.000000,49.941425,31.803240,907.337585,0.000000,0.000000,7999.844238,11.030000
0.000000,49.974449,31.803240,907.342529,0.000000,0.000000,7335.213867,-1.430000
0.000000,50.057125,31.803240,907.373108,0.000000,0.000000,4076.805176,4.210000
0.000000,50.087044,31.803240,907.487549,0.000000,0.000000,937.654602,6.920000
0.000000,50.114075,31.803240,907.817200,0.000000,0.000000,-3896.534424,12.440000
0.000000,50.122589,31.803240,908.055908,0.000000,0.000000,-6395.817383,0.270000
0.000000,50.161285,31.803240,907.904480,0.000000,0.000000,-7998.776367,-16.469999
0.000000,50.186691,31.803240,907.786072,0.000000,0.000000,-7366.431641,4.560000
0.000000,50.166851,31.803240,907.693665,0.000000,0.000000,-4130.737793,-4.830000
0.000000,50.116554,31.803240,907.545471,0.000000,0.000000,-989.250793,-4.240000
0.000000,50.006065,31.803240,907.279480,0.000000,0.000000,3865.324463,-3.040000
0.000000,49.941391,31.803240,907.142090,0.000000,0.000000,6380.869141,-3.390000
0.000000,49.896400,31.803240,907.049988,0.000000,0.000000,7998.622559,12.570000
0.000000,49.910938,31.803240,907.098206,0.000000,0.000000,7365.529297,-1.380000
0.000000,50.019947,31.803240,907.174011,0.000000,0.000000,4114.801270,5.820000
0.000000,50.066776,31.803240,907.318298,0.000000,0.000000,960.013794,5.200000
0.000000,50.101631,31.803240,907.643433,0.000000,0.000000,-3905.311768,4.460000
0.000000,50.113598,31.803240,907.803772,0.000000,0.000000,-6414.850098,1.640000
0.000000,50.161366,31.803240,907.643066,0.000000,0.000000,-7999.643066,-15.140000
0.000000,50.180157,31.803240,907.517456,0.000000,0.000000,-7332.442383,2.670000
0.000000,50.141121,31.803240,907.340332,0.000000,0.000000,-4028.698486,-7.220000
0.000000,50.074562,31.803240,907.131653,0.000000,0.000000,-849.836365,-6.440000
0.000000,49.970749,31.803240,906.791687,0.000000,0.000000,4015.804199,-4.910000
0.000000,49.921482,31.803240,906.607666,0.000000,0.000000,6496.366699,-2.600000
0.000000,49.871979,31.803240,906.511597,0.000000,0.000000,7999.612305,8.560000
0.000000,49.886700,31.803240,906.484070,0.000000,0.000000,7264.827637,-3.090000
0.000000,50.005066,31.803240,906.489807,0.000000,0.000000,3870.902344,4.280000
0.000000,50.061626,31.803240,906.592285,0.000000,0.000000,658.382019,5.000000
0.000000,50.104069,31.803240,906.858459,0.000000,0.000000,-4194.836426,3.150000
0.000000,50.121952,31.803240,906.992737,0.000000,0.000000,-6621.981445,2.380000
0.000000,50.166496,31.803240,906.900818,0.000000,0.000000,-7993.818848,-22.709999
0.000000,50.183865,31.803240,906.664124,0.000000,0.000000,-7158.128906,-1.450000
0.000000,50.148159,31.803240,906.451660,0.000000,0.000000,-3638.788330,-3.670000
0.000000,50.098434,31.803240,906.263489,0.000000,0.000000,-385.229340,-5.070000
0.000000,49.991016,31.803240,905.927002,0.000000,0.000000,4438.991699,-2.990000
0.000000,49.923927,31.803240,905.770020,0.000000,0.000000,6786.089844,-0.900000
0.000000,49.880070,31.803240,905.732483,0.000000,0.000000,7975.074707,8.820000
0.000000,49.924519,31.803240,905.732666,0.000000,0.000000,7005.672852,-1.440000
0.000000,50.021698,31.803240,905.832275,0.000000,0.000000,3328.869385,6.260000
0.000000,50.068039,31.803240,905.995239,0.000000,0.000000,30.198278,5.490000
0.000000,50.108009,31.803240,906.322205,0.000000,0.000000,-4743.130859,4.870000
0.000000,50.130402,31.803240,906.470154,0.000000,0.000000,-6980.734863,-1.060000
0.000000,50.171684,31.803240,906.368896,0.000000,0.000000,-7933.748535,-14.390000
0.000000,50.188602,31.803240,906.230042,0.000000,0.000000,-6798.876465,0.530000
0.000000,50.156673,31.803240,906.085144,0.000000,0.000000,-2937.195313,-2.670000
0.000000,50.103600,31.803240,905.956543,0.000000,0.000000,406.235413,-4.040000
0.000000,49.965034,31.803240,905.727112,0.000000,0.000000,5100.046387,-2.180000
0.000000,49.899548,31.803240,905.663208,0.000000,0.000000,7195.402344,3.930000
0.000000,49.860340,31.803240,905.831848,0.000000,0.000000,7857.856445,-2.640000
0.000000,49.910263,31.803240,905.891785,0.000000,0.000000,6527.538086,6.090000
0.000000,50.017704,31.803240,906.134460,0.000000,0.000000,2459.850586,7.580000
0.000000,50.065159,31.803240,906.397522,0.000000,0.000000,-922.392700,7.920000
0.000000,50.112827,31.803240,906.854553,0.000000,0.000000,-5500.035645,6.040000
0.000000,50.133884,31.803240,907.034790,0.000000,0.000000,-7416.799805,-8.650000
0.000000,50.178585,31.803240,906.813354,0.000000,0.000000,-7733.227539,-2.640000
0.000000,50.174801,31.803240,906.781860,0.000000,0.000000,-6180.246582,1.280000
0.000000,50.107838,31.803240,906.653992,0.000000,0.000000,-1893.605835,-3.090000
0.000000,50.019535,31.803240,906.520447,0.000000,0.000000,1514.714844,-2.590000
0.000000,49.881325,31.803240,906.305237,0.000000,0.000000,5930.458008,-2.170000
0.000000,49.820282,31.803240,906.284607,0.000000,0.000000,7628.683594,10.500000
0.000000,49.802135,31.803240,906.450195,0.000000,0.000000,7543.808594,-3.920000
0.000000,49.862606,31.803240,906.534607,0.000000,0.000000,5744.962891,6.440000
0.000000,49.983677,31.803240,906.800598,0.000000,0.000000,1236.730225,8.340000
0.000000,50.040569,31.803240,907.066284,0.000000,0.000000,-2177.007813,4.630000
0.000000,50.085537,31.803240,907.437744,0.000000,0.000000,-6375.287109,2.930000
0.000000,50.132950,31.803240,907.453125,0.000000,0.000000,-7811.754395,-18.459999
0.000000,50.188377,31.803240,907.168030,0.000000,0.000000,-7272.138672,2.930000
0.000000,50.181873,31.803240,907.085876,0.000000,0.000000,-5209.812988,-2.820000
0.000000,50.073357,31.803240,906.851135,0.000000,0.000000,-489.930023,-5.090000
0.000000,49.975834,31.803240,906.657166,0.000000,0.000000,2899.580811,-2.920000
0.000000,49.837528,31.803240,906.421997,0.000000,0.000000,6814.731445,0.950000
0.000000,49.776443,31.803240,906.466553,0.000000,0.000000,7943.726074,10.650000
0.000000,49.773384,31.803240,906.503723,0.000000,0.000000,6900.042969,1.220000
0.000000,49.859631,31.803240,906.560120,0.000000,0.000000,4564.053223,4.570000
0.000000,49.993202,31.803240,906.787964,0.000000,0.000000,-342.556824,7.340000
0.000000,50.053059,31.803240,907.013977,0.000000,0.000000,-3668.397949,3.320000
0.000000,50.105396,31.803240,907.264526,0.000000,0.000000,-7225.012207,-2.210000
0.000000,50.140709,31.803240,907.114075,0.000000,0.000000,-7999.614258,-21.129999
0.000000,50.179958,31.803240,906.838074,0.000000,0.000000,-6409.617188,1.730000
0.000000,50.169201,31.803240,906.701172,0.000000,0.000000,-3799.317871,-3.810000
0.000000,50.042171,31.803240,906.447083,0.000000,0.000000,1251.826660,-3.760000
0.000000,49.935505,31.803240,906.248962,0.000000,0.000000,4464.247070,-2.420000
0.000000,49.808002,31.803240,906.115601,0.000000,0.000000,7578.351074,8.640000
0.000000,49.761703,31.803240,906.222351,0.000000,0.000000,7952.328125,1.870000
0.000000,49.800076,31.803240,906.313904,0.000000,0.000000,5784.492676,5.850000
0.000000,49.896709,31.803240,906.454041,0.000000,0.000000,2911.056885,7.060000
0.000000,50.021576,31.803240,906.853516,0.000000,0.000000,-2223.102295,5.250000
0.000000,50.067955,31.803240,907.104553,0.000000,0.000000,-5262.065430,3.750000
0.000000,50.133335,31.803240,907.244080,0.000000,0.000000,-7843.297852,-16.040001
0.000000,50.173088,31.803240,907.075317,0.000000,0.000000,-7773.653809,-5.190000
0.000000,50.165089,31.803240,906.989502,0.000000,0.000000,-5011.459961,-1.990000
0.000000,50.097485,31.803240,906.895996,0.000000,0.000000,-1900.217163,-5.350000
0.000000,49.925533,31.803240,906.695679,0.000000,0.000000,3234.616943,-0.040000
0.000000,49.827835,31.803240,906.510925,0.000000,0.000000,6030.496582,-10.150000
0.000000,49.735287,31.803240,906.501160,0.000000,0.000000,7985.503418,22.549999
0.000000,49.715759,31.803240,906.645264,0.000000,0.000000,7435.700195,-4.620000
0.000000,49.818958,31.803240,906.824097,0.000000,0.000000,4082.398438,6.920000
0.000000,49.921558,31.803240,906.993347,0.000000,0.000000,775.000305,6.940000
0.000000,50.041599,31.803240,907.342346,0.000000,0.000000,-4256.746094,2.610000
0.000000,50.088024,31.803240,907.587219,0.000000,0.000000,-6731.894531,6.530000
0.000000,50.145660,31.803240,907.538269,0.000000,0.000000,-7969.036621,-25.870001
0.000000,50.187595,31.803240,907.289856,0.000000,0.000000,-6912.863770,0.580000
0.000000,50.158871,31.803240,907.100586,0.000000,0.000000,-2996.460449,-5.410000
0.000000,50.080795,31.803240,906.927429,0.000000,0.000000,447.318329,-4.860000
0.000000,49.903091,31.803240,906.668884,0.000000,0.000000,5251.449219,0.590000
0.000000,49.787231,31.803240,906.524597,0.000000,0.000000,7322.856445,-3.220000
0.000000,49.677422,31.803240,906.624390,0.000000,0.000000,7758.354492,9.360000
0.000000,49.662746,31.803240,906.688477,0.000000,0.000000,6184.312988,0.530000
0.000000,49.763695,31.803240,906.885559,0.000000,0.000000,1762.436035,8.420000
0.000000,49.882622,31.803240,907.079895,0.000000,0.000000,-1738.762085,5.950000
0.000000,50.017689,31.803240,907.374878,0.000000,0.000000,-6172.349609,-1.450000
0.000000,50.077339,31.803240,907.467102,0.000000,0.000000,-7755.518555,-4.960000
0.000000,50.166420,31.803240,907.174133,0.000000,0.000000,-7320.964355,-8.630000
0.000000,50.184799,31.803240,907.000366,0.000000,0.000000,-5236.972656,-1.300000
0.000000,50.120567,31.803240,906.739258,0.000000,0.000000,-401.071686,-8.210000
0.000000,50.005333,31.803240,906.545471,0.000000,0.000000,3059.423096,-2.520000
0.000000,49.791588,31.803240,906.283630,0.000000,0.000000,6965.616699,4.680000
0.000000,49.688873,31.803240,906.305542,0.000000,0.000000,7979.766113,10.470000
0.000000,49.605663,31.803240,906.373840,0.000000,0.000000,6630.805176,0.370000
0.000000,49.645508,31.803240,906.466248,0.000000,0.000000,4068.867676,5.560000
0.000000,49.808887,31.803240,906.717041,0.000000,0.000000,-1052.896851,11.180000
0.000000,49.934063,31.803240,906.901794,0.000000,0.000000,-4356.917969,2.080000
0.000000,50.070999,31.803240,907.077148,0.000000,0.000000,-7571.894531,-12.790000
0.000000,50.128048,31.803240,906.858765,0.000000,0.000000,-7946.457520,-16.570000
0.000000,50.171345,31.803240,906.564453,0.000000,0.000000,-5672.201172,-1.430000
0.000000,50.131996,31.803240,906.381531,0.000000,0.000000,-2692.585205,-5.140000
0.000000,49.949665,31.803240,906.068176,0.000000,0.000000,2549.335449,-10.600000
0.000000,49.789898,31.803240,905.854187,0.000000,0.000000,5566.868164,-0.240000
0.000000,49.621593,31.803240,905.739197,0.000000,0.000000,7929.449707,15.330000
0.000000,49.572647,31.803240,905.821960,0.000000,0.000000,7611.708008,0.100000
0.000000,49.588963,31.803240,905.944580,0.000000,0.000000,4444.244141,6.530000
0.000000,49.666401,31.803240,906.108398,0.000000,0.000000,1138.555420,8.100000
0.000000,49.862919,31.803240,906.457703,0.000000,0.000000,-4022.365479,10.290000
0.000000,50.002102,31.803240,906.658081,0.000000,0.000000,-6614.779297,-2.540000
0.000000,50.124981,31.803240,906.556946,0.000000,0.000000,-7978.695801,-17.070000
0.000000,50.172653,31.803240,906.409058,0.000000,0.000000,-6942.166504,0.620000
0.000000,50.212761,31.803240,906.214966,0.000000,0.000000,-2965.191650,-4.420000
0.000000,50.132915,31.803240,906.037048,0.000000,0.000000,542.354065,-7.020000
0.000000,50.052700,31.803240,905.794250,0.000000,0.000000,5391.445801,-5.760000
0.000000,49.846542,31.803240,905.725830,0.000000,0.000000,7419.563477,9.140000
0.000000,49.646015,31.803240,905.904297,0.000000,0.000000,7668.063965,-0.210000
0.000000,49.595894,31.803240,905.999451,0.000000,0.000000,5921.034180,5.050000
0.000000,49.647522,31.803240,906.311646,0.000000,0.000000,1276.405884,9.440000
0.000000,49.752872,31.803240,906.611877,0.000000,0.000000,-2277.463135,10.320000
0.000000,49.982025,31.803240,906.980042,0.000000,0.000000,-6564.439453,4.120000
0.000000,50.100349,31.803240,907.042725,0.000000,0.000000,-7899.023438,-17.010000
0.000000,50.189087,31.803240,906.875305,0.000000,0.000000,-6961.029785,-0.710000
0.000000,50.194588,31.803240,906.790100,0.000000,0.000000,-4554.358398,-1.710000
0.000000,50.082264,31.803240,906.577209,0.000000,0.000000,554.871094,-6.750000
0.000000,49.932507,31.803240,906.421753,0.000000,0.000000,3972.838867,-3.370000
0.000000,49.682808,31.803240,906.335449,0.000000,0.000000,7442.970703,5.460000
0.000000,49.554909,31.803240,906.481750,0.000000,0.000000,7977.301270,8.310000
0.000000,49.480099,31.803240,906.620239,0.000000,0.000000,5843.855469,7.030000
0.000000,49.501392,31.803240,906.801880,0.000000,0.000000,2876.914551,5.960000
0.000000,49.619335,31.803240,907.203674,0.000000,0.000000,-2434.710449,11.770000
0.000000,49.801723,31.803240,907.480469,0.000000,0.000000,-5516.411621,4.770000
0.000000,50.059387,31.803240,907.565796,0.000000,0.000000,-7930.248047,-16.740000
0.000000,50.180634,31.803240,907.430664,0.000000,0.000000,-7594.064453,-1.720000
0.000000,50.209240,31.803240,907.353699,0.000000,0.000000,-4333.291016,-3.410000
0.000000,50.191345,31.803240,907.214478,0.000000,0.000000,-956.759949,-3.780000
0.000000,49.935242,31.803240,907.027161,0.000000,0.000000,4244.422363,-0.870000
0.000000,49.724106,31.803240,906.929749,0.000000,0.000000,6784.148438,-2.100000
0.000000,49.502995,31.803240,906.962769,0.000000,0.000000,7941.264160,17.080000
0.000000,49.437191,31.803240,907.121582,0.000000,0.000000,6714.899902,1.400000
0.000000,49.453918,31.803240,907.359802,0.000000,0.000000,2483.229980,7.960000
0.000000,49.525654,31.803240,907.586670,0.000000,0.000000,-1102.636719,4.590000
0.000000,49.769772,31.803240,907.966431,0.000000,0.000000,-5846.109375,2.860000
0.000000,49.977985,31.803240,908.064209,0.000000,0.000000,-7649.710938,-10.760000
0.000000,50.182758,31.803240,907.830933,0.000000,0.000000,-7414.891113,-6.110000
0.000000,50.230221,31.803240,907.699036,0.000000,0.000000,-5341.937012,-3.340000
0.000000,50.178421,31.803240,907.431152,0.000000,0.000000,-389.001495,-5.600000
0.000000,50.031971,31.803240,907.210449,0.000000,0.000000,3163.910156,-3.100000
0.000000,49.706467,31.803240,907.000977,0.000000,0.000000,7092.296875,3.060000
0.000000,49.517620,31.803240,907.054565,0.000000,0.000000,7997.441406,14.650000
0.000000,49.383621,31.803240,907.137939,0.000000,0.000000,6326.842773,2.680000
0.000000,49.370716,31.803240,907.256653,0.000000,0.000000,3523.285400,6.830000
0.000000,49.459202,31.803240,907.536072,0.000000,0.000000,-1812.189697,6.190000
0.000000,49.615826,31.803240,907.749634,0.000000,0.000000,-5062.057617,2.460000
0.000000,49.944263,31.803240,907.821228,0.000000,0.000000,-7839.823730,-16.440001
0.000000,50.127453,31.803240,907.570007,0.000000,0.000000,-7738.051758,-9.400000
0.000000,50.214417,31.803240,907.287781,0.000000,0.000000,-4701.955078,-7.010000
0.000000,50.182892,31.803240,907.026123,0.000000,0.000000,-1359.461914,-7.410000
0.000000,49.974178,31.803240,906.665466,0.000000,0.000000,3946.108887,-2.680000
0.000000,49.762459,31.803240,906.437683,0.000000,0.000000,6616.207031,-0.690000
0.000000,49.444695,31.803240,906.395996,0.000000,0.000000,7967.421875,3.660000
0.000000,49.328487,31.803240,906.370605,0.000000,0.000000,6825.672852,-1.050000
0.000000,49.324932,31.803240,906.463318,0.000000,0.000000,2623.741211,7.680000
0.000000,49.389286,31.803240,906.579773,0.000000,0.000000,-995.114319,5.450000
0.000000,49.611755,31.803240,906.915771,0.000000,0.000000,-5812.727051,0.140000
0.000000,49.859200,31.803240,906.986023,0.000000,0.000000,-7647.091797,-13.250000
0.000000,50.136143,31.803240,906.634460,0.000000,0.000000,-7395.678711,-0.220000
0.000000,50.179733,31.803240,906.494080,0.000000,0.000000,-5274.163086,-1.800000
0.000000,50.097683,31.803240,906.254944,0.000000,0.000000,-238.816574,-7.130000
0.000000,49.963417,31.803240,905.951599,0.000000,0.000000,3337.613525,-5.220000
0.000000,49.673893,31.803240,905.750916,0.000000,0.000000,7204.405273,10.270000
0.000000,49.463104,31.803240,905.826721,0.000000,0.000000,7999.523438,5.730000
0.000000,49.300255,31.803240,905.827209,0.000000,0.000000,6107.072266,1.530000
0.000000,49.291698,31.803240,905.932617,0.000000,0.000000,3169.865234,9.230000
0.000000,49.382362,31.803240,906.225464,0.000000,0.000000,-2246.321289,11.360000
0.000000,49.505928,31.803240,906.423706,0.000000,0.000000,-5430.798828,-0.680000
0.000000,49.867100,31.803240,906.580872,0.000000,0.000000,-7930.516113,-13.550000
0.000000,50.071701,31.803240,906.384827,0.000000,0.000000,-7567.986816,-16.070000
0.000000,50.189556,31.803240,906.160278,0.000000,0.000000,-4162.902832,-0.590000
0.000000,50.157349,31.803240,905.989990,0.000000,0.000000,-677.530762,-9.790000
0.000000,49.958641,31.803240,905.670166,0.000000,0.000000,4578.154785,-6.630000
0.000000,49.745628,31.803240,905.463501,0.000000,0.000000,7026.058105,1.490000
0.000000,49.429600,31.803240,905.560913,0.000000,0.000000,7846.591797,13.740000
0.000000,49.317581,31.803240,905.614319,0.000000,0.000000,6322.199707,-2.760000
0.000000,49.295673,31.803240,905.830078,0.000000,0.000000,1713.321777,5.360000
0.000000,49.336178,31.803240,906.069763,0.000000,0.000000,-1963.747314,12.090000
0.000000,49.505409,31.803240,906.396545,0.000000,0.000000,-6479.763184,2.000000
0.000000,49.776764,31.803240,906.526550,0.000000,0.000000,-7894.733398,-9.070000
0.000000,50.093941,31.803240,906.245056,0.000000,0.000000,-6884.695801,-4.040000
0.000000,50.167038,31.803240,906.121765,0.000000,0.000000,-4328.342285,0.260000
0.000000,50.095486,31.803240,905.879456,0.000000,0.000000,1003.582092,-3.070000
0.000000,49.942059,31.803240,905.715942,0.000000,0.000000,4457.375000,-5.480000
0.000000,49.606968,31.803240,905.645691,0.000000,0.000000,7684.706543,10.310000
0.000000,49.390358,31.803240,905.805115,0.000000,0.000000,7865.010254,4.180000
0.000000,49.222511,31.803240,905.946533,0.000000,0.000000,5080.063477,8.110000
0.000000,49.204544,31.803240,906.151978,0.000000,0.000000,1760.800659,7.350000
0.000000,49.290310,31.803240,906.585083,0.000000,0.000000,-3677.014404,6.640000
0.000000,49.412064,31.803240,906.843994,0.000000,0.000000,-6479.890625,4.230000
0.000000,49.804695,31.803240,906.910278,0.000000,0.000000,-7978.398926,-20.190001
0.000000,50.045399,31.803240,906.805115,0.000000,0.000000,-6859.571777,1.150000
0.000000,50.180836,31.803240,906.685303,0.000000,0.000000,-2588.087158,-3.330000
0.000000,50.137863,31.803240,906.561768,0.000000,0.000000,1100.669434,-1.520000
0.000000,49.946678,31.803240,906.388916,0.000000,0.000000,5954.737793,-0.520000
0.000000,49.737972,31.803240,906.437012,0.000000,0.000000,7724.216309,12.850000
0.000000,49.462730,31.803240,906.678589,0.000000,0.000000,7241.856934,-2.950000
0.000000,49.365910,31.803240,906.797241,0.000000,0.000000,4927.415527,6.740000
0.000000,49.353668,31.803240,907.162476,0.000000,0.000000,-314.502441,10.930000
0.000000,49.411037,31.803240,907.492859,0.000000,0.000000,-3892.417480,5.810000
0.000000,49.638149,31.803240,907.845093,0.000000,0.000000,-7489.724609,-3.540000
0.000000,49.883869,31.803240,907.760681,0.000000,0.000000,-7951.495605,-16.760000
0.000000,50.139103,31.803240,907.641113,0.000000,0.000000,-5490.343750,1.160000
0.000000,50.176266,31.803240,907.543091,0.000000,0.000000,-2261.989990,-5.430000
0.000000,50.117966,31.803240,907.333374,0.000000,0.000000,3249.380127,-1.850000
0.000000,49.939510,31.803240,907.201782,0.000000,0.000000,6208.686035,1.280000
0.000000,49.583683,31.803240,907.351318,0.000000,0.000000,7997.839844,9.660000
0.000000,49.416714,31.803240,907.444458,0.000000,0.000000,7044.063965,-2.110000
0.000000,49.322639,31.803240,907.639893,0.000000,0.000000,2897.808105,9.490000
0.000000,49.337860,31.803240,907.894226,0.000000,0.000000,-802.035889,9.190000
0.000000,49.457813,31.803240,908.319519,0.000000,0.000000,-5779.823242,1.040000
0.000000,49.639214,31.803240,908.471313,0.000000,0.000000,-7661.622559,-8.380000
0.000000,50.013126,31.803240,908.257019,0.000000,0.000000,-7318.512207,0.130000
0.000000,50.146221,31.803240,908.190796,0.000000,0.000000,-5049.385254,-1.310000
0.000000,50.163715,31.803240,907.983826,0.000000,0.000000,201.966766,-8.900000
0.000000,50.052326,31.803240,907.835876,0.000000,0.000000,3819.133057,-0.490000
0.000000,49.758484,31.803240,907.598145,0.000000,0.000000,7475.499023,4.260000
0.000000,49.535427,31.803240,907.697266,0.000000,0.000000,7952.725586,19.760000
0.000000,49.332481,31.803240,907.824951,0.000000,0.000000,5466.899902,-0.690000
0.000000,49.302780,31.803240,907.980042,0.000000,0.000000,2203.296387,10.220000
0.000000,49.325115,31.803240,908.302368,0.000000,0.000000,-3344.642090,10.470000
0.000000,49.418423,31.803240,908.485229,0.000000,0.000000,-6292.011719,-1.630000
0.000000,49.710922,31.803240,908.507507,0.000000,0.000000,-7991.772949,-19.540001
0.000000,49.960842,31.803240,908.261963,0.000000,0.000000,-6944.142578,-6.970000
0.000000,50.138432,31.803240,908.045166,0.000000,0.000000,-2664.048096,-2.510000
0.000000,50.113819,31.803240,907.827454,0.000000,0.000000,1078.368530,-11.110000
0.000000,49.927410,31.803240,907.542786,0.000000,0.000000,5997.516602,-2.280000
0.000000,49.705265,31.803240,907.496765,0.000000,0.000000,7755.137207,13.330000
0.000000,49.417004,31.803240,907.611328,0.000000,0.000000,7150.537109,-2.160000
0.000000,49.315071,31.803240,907.658630,0.000000,0.000000,4714.349609,3.060000
0.000000,49.283772,31.803240,907.899536,0.000000,0.000000,-667.685852,6.110000
0.000000,49.346363,31.803240,908.119324,0.000000,0.000000,-4246.861328,10.320000
0.000000,49.552437,31.803240,908.299805,0.000000,0.000000,-7650.303711,-10.620000
0.000000,49.786350,31.803240,908.046021,0.000000,0.000000,-7871.117188,-20.990000
0.000000,50.103600,31.803240,907.804810,0.000000,0.000000,-5005.129883,-2.010000
0.000000,50.187199,31.803240,907.601379,0.000000,0.000000,-1581.469849,-7.160000
0.000000,50.106190,31.803240,907.233826,0.000000,0.000000,3952.688477,-3.550000
0.000000,49.978794,31.803240,907.067871,0.000000,0.000000,6706.562012,-0.510000
0.000000,49.703110,31.803240,907.111511,0.000000,0.000000,7921.889160,6.500000
0.000000,49.508602,31.803240,907.107056,0.000000,0.000000,6521.611816,-2.380000
0.000000,49.378922,31.803240,907.215149,0.000000,0.000000,1870.070313,7.920000
0.000000,49.371933,31.803240,907.396790,0.000000,0.000000,-1920.067261,4.900000
0.000000,49.495846,31.803240,907.666260,0.000000,0.000000,-6554.395508,-0.100000
0.000000,49.655483,31.803240,907.592896,0.000000,0.000000,-7930.574219,-20.190001
0.000000,50.016521,31.803240,907.225525,0.000000,0.000000,-6662.383789,1.400000
0.000000,50.154282,31.803240,907.059875,0.000000,0.000000,-3869.914795,-4.620000
0.000000,50.172291,31.803240,906.663879,0.000000,0.000000,1700.906616,-5.160000
0.000000,50.068741,31.803240,906.437500,0.000000,0.000000,5116.458008,0.900000
0.000000,49.833611,31.803240,906.354736,0.000000,0.000000,7901.575684,12.830000
0.000000,49.602886,31.803240,906.355652,0.000000,0.000000,7586.042480,-8.570000
0.000000,49.396469,31.803240,906.328796,0.000000,0.000000,4024.695801,4.860000
0.000000,49.360222,31.803240,906.410400,0.000000,0.000000,372.573761,8.090000
0.000000,49.399067,31.803240,906.660278,0.000000,0.000000,-4996.792969,0.800000
0.000000,49.471851,31.803240,906.813049,0.000000,0.000000,-7320.455566,3.100000
0.000000,49.680637,31.803240,906.573120,0.000000,0.000000,-7626.590332,-25.080000
0.000000,49.955769,31.803240,906.330811,0.000000,0.000000,-5640.866699,1.880000
0.000000,50.102394,31.803240,906.077454,0.000000,0.000000,-479.805389,-9.620000
0.000000,50.098988,31.803240,905.872131,0.000000,0.000000,3276.130371,-2.510000
0.000000,49.888737,31.803240,905.648621,0.000000,0.000000,7286.229980,9.010000
0.000000,49.682926,31.803240,905.730408,0.000000,0.000000,7987.117676,10.690000
0.000000,49.437199,31.803240,905.793579,0.000000,0.000000,5683.488281,-0.090000
0.000000,49.365261,31.803240,905.908325,0.000000,0.000000,2419.717041,8.910000
0.000000,49.380592,31.803240,906.212341,0.000000,0.000000,-3242.511719,12.820000
0.000000,49.461472,31.803240,906.413208,0.000000,0.000000,-6269.672852,-2.470000
0.000000,49.674839,31.803240,906.345154,0.000000,0.000000,-7987.860840,-24.420000
0.000000,49.927189,31.803240,906.153870,0.000000,0.000000,-6866.428223,3.950000
0.000000,50.147758,31.803240,905.961304,0.000000,0.000000,-2409.953613,-4.050000
0.000000,50.163734,31.803240,905.767456,0.000000,0.000000,1418.065063,-9.710000
0.000000,50.058853,31.803240,905.520203,0.000000,0.000000,6290.586914,-2.040000
0.000000,49.875378,31.803240,905.530884,0.000000,0.000000,7868.864746,17.490000
0.000000,49.582714,31.803240,905.719116,0.000000,0.000000,6836.856934,-3.380000
0.000000,49.472374,31.803240,905.823547,0.000000,0.000000,4110.972168,6.510000
0.000000,49.429264,31.803240,906.145081,0.000000,0.000000,-1497.520996,6.810000
0.000000,49.469280,31.803240,906.423950,0.000000,0.000000,-4992.027832,10.550000
0.000000,49.663963,31.803240,906.614380,0.000000,0.000000,-7887.008789,-15.980000
0.000000,49.874508,31.803240,906.429749,0.000000,0.000000,-7599.557617,-8.500000
0.000000,50.141773,31.803240,906.304810,0.000000,0.000000,-4000.764404,-2.740000
0.000000,50.203575,31.803240,906.157410,0.000000,0.000000,-297.930023,-5.680000
0.000000,50.117779,31.803240,905.939880,0.000000,0.000000,5109.419922,2.020000
0.000000,49.968380,31.803240,905.939880,0.000000,0.000000,7395.903320,6.970000
0.000000,49.674992,31.803240,906.172363,0.000000,0.000000,7543.102051,-5.510000
0.000000,49.512676,31.803240,906.260681,0.000000,0.000000,5416.900879,5.430000
0.000000,49.443802,31.803240,906.551208,0.000000,0.000000,99.567955,11.300000
0.000000,49.462975,31.803240,906.883484,0.000000,0.000000,-3661.341309,13.220000
0.000000,49.606136,31.803240,907.235413,0.000000,0.000000,-7477.658203,-7.790000
0.000000,49.790539,31.803240,907.088440,0.000000,0.000000,-7937.673340,-18.350000
0.000000,50.104229,31.803240,906.953979,0.000000,0.000000,-5233.733887,4.120000
0.000000,50.194248,31.803240,906.906921,0.000000,0.000000,-1780.367554,-4.970000
0.000000,50.184677,31.803240,906.724121,0.000000,0.000000,3898.406494,0.680000
0.000000,50.035500,31.803240,906.639648,0.000000,0.000000,6723.845703,2.810000
0.000000,49.726582,31.803240,906.886230,0.000000,0.000000,7895.932129,5.220000
0.000000,49.537754,31.803240,907.011841,0.000000,0.000000,6363.343750,0.410000
0.000000,49.418694,31.803240,907.271667,0.000000,0.000000,1470.931763,10.440000
0.000000,49.388474,31.803240,907.511841,0.000000,0.000000,-2403.565430,7.350000
0.000000,49.443478,31.803240,907.934875,0.000000,0.000000,-6901.730469,-2.580000
0.000000,49.584030,31.803240,907.926697,0.000000,0.000000,-7993.712891,-22.740000
0.000000,49.945469,31.803240,907.680847,0.000000,0.000000,-6136.807617,7.500000
0.000000,50.115139,31.803240,907.601807,0.000000,0.000000,-2992.059814,-5.700000
0.000000,50.163681,31.803240,907.385498,0.000000,0.000000,2769.375244,-8.600000
0.000000,50.085258,31.803240,907.264832,0.000000,0.000000,5983.361816,3.850000
0.000000,49.802113,31.803240,907.404053,0.000000,0.000000,7999.459961,19.430000
0.000000,49.615723,31.803240,907.518127,0.000000,0.000000,7007.163086,-3.550000
0.000000,49.449474,31.803240,907.710632,0.000000,0.000000,2585.663818,6.660000
0.000000,49.422909,31.803240,907.965027,0.000000,0.000000,-1299.994629,12.790000
0.000000,49.471481,31.803240,908.355530,0.000000,0.000000,-6276.909180,6.300000
0.000000,49.578880,31.803240,908.420166,0.000000,0.000000,-7876.512695,-19.240000
0.000000,49.780281,31.803240,908.150940,0.000000,0.000000,-6762.708496,0.820000
0.000000,49.995789,31.803240,908.070923,0.000000,0.000000,-3932.990479,-1.000000
0.000000,50.127956,31.803240,907.850952,0.000000,0.000000,1794.621094,-2.750000
0.000000,50.077251,31.803240,907.706909,0.000000,0.000000,5274.780273,-6.250000
0.000000,49.836857,31.803240,907.586243,0.000000,0.000000,7951.684082,16.959999
0.000000,49.652039,31.803240,907.792480,0.000000,0.000000,7416.819336,6.780000
0.000000,49.466167,31.803240,907.902954,0.000000,0.000000,3443.966553,5.100000
0.000000,49.423763,31.803240,908.076660,0.000000,0.000000,-396.318970,5.530000
0.000000,49.457024,31.803240,908.470764,0.000000,0.000000,-5692.968750,8.700000
0.000000,49.547676,31.803240,908.610535,0.000000,0.000000,-7679.677246,-10.640000
0.000000,49.827431,31.803240,908.232910,0.000000,0.000000,-7172.026855,-9.210000
0.000000,50.049633,31.803240,908.107727,0.000000,0.000000,-4624.198730,4.300000
0.000000,50.182446,31.803240,907.856445,0.000000,0.000000,1015.600830,-5.290000
0.000000,50.132435,31.803240,907.658447,0.000000,0.000000,4669.437988,-0.830000
0.000000,49.896389,31.803240,907.564270,0.000000,0.000000,7835.302246,2.650000
0.000000,49.690437,31.803240,907.686707,0.000000,0.000000,7658.713867,8.070000
0.000000,49.471951,31.803240,907.775757,0.000000,0.000000,4062.832764,2.950000
0.000000,49.415745,31.803240,907.882568,0.000000,0.000000,286.559113,7.620000
0.000000,49.422802,31.803240,908.187073,0.000000,0.000000,-5213.506348,0.670000
0.000000,49.473183,31.803240,908.296814,0.000000,0.000000,-7476.777832,-6.800000
0.000000,49.738422,31.803240,907.926025,0.000000,0.000000,-7421.449219,-6.720000
0.000000,49.974117,31.803240,907.757507,0.000000,0.000000,-5094.670898,0.330000
0.000000,50.177715,31.803240,907.448364,0.000000,0.000000,452.623779,-11.320000
0.000000,50.180767,31.803240,907.235046,0.000000,0.000000,4214.388184,-1.000000
0.000000,50.005798,31.803240,907.060242,0.000000,0.000000,7713.794434,13.170000
0.000000,49.861435,31.803240,907.204163,0.000000,0.000000,7788.640137,4.250000
0.000000,49.587334,31.803240,907.274109,0.000000,0.000000,4464.623535,1.540000
0.000000,49.504715,31.803240,907.399170,0.000000,0.000000,742.461487,10.730000
0.000000,49.496227,31.803240,907.731873,0.000000,0.000000,-4880.168945,7.680000
0.000000,49.557209,31.803240,907.857178,0.000000,0.000000,-7320.510742,-9.180000
0.000000,49.803558,31.803240,907.527954,0.000000,0.000000,-7556.394531,-10.510000
0.000000,50.020187,31.803240,907.403320,0.000000,0.000000,-5371.745117,3.830000
0.000000,50.200260,31.803240,907.139465,0.000000,0.000000,113.578796,-5.100000
0.000000,50.184856,31.803240,906.936707,0.000000,0.000000,3938.059082,-7.810000
0.000000,50.070507,31.803240,906.669739,0.000000,0.000000,7630.653809,7.500000
0.000000,49.868637,31.803240,906.841614,0.000000,0.000000,7847.006348,15.120000
0.000000,49.606884,31.803240,906.897095,0.000000,0.000000,4668.884277,2.420000
0.000000,49.524441,31.803240,906.970947,0.000000,0.000000,971.832397,1.840000
0.000000,49.495304,31.803240,907.222656,0.000000,0.000000,-4717.305664,3.460000
0.000000,49.566765,31.803240,907.314880,0.000000,0.000000,-7243.748047,-2.540000
0.000000,49.823483,31.803240,906.938965,0.000000,0.000000,-7606.901855,-15.310000
0.000000,50.035572,31.803240,906.739502,0.000000,0.000000,-5474.831055,1.200000
0.000000,50.264233,31.803240,906.434875,0.000000,0.000000,0.492096,-5.330000
