I0,I1,I2,I3,I4,I5,I6,I7
0.000000,0.000000,0.000000,0.000000,0.000000,0.000000,0.000000,0.000000
30.000002,29.407900,180.226181,181.362335,1.000000,0.000000,0.000000,0.000000
30.000002,29.397243,180.226181,181.362335,1.000000,0.000000,0.000000,0.000000
30.000002,29.404921,180.226181,181.362335,1.000000,0.000000,0.000000,0.000000
30.000002,29.402817,180.226181,181.362335,1.000000,0.000000,0.000000,0.000000
30.000002,29.413280,180.226181,181.362335,1.000000,0.000000,0.000000,0.000000
30.000002,29.419592,180.226181,181.362335,1.000000,0.000000,0.000000,0.000000
30.000002,29.400713,180.226181,181.362335,1.000000,0.000000,0.000000,0.000000
30.000002,29.380823,180.226181,181.362335,1.000000,0.000000,0.000000,0.000000
30.000002,29.413391,180.226181,181.362335,1.000000,0.000000,0.000000,0.000000
30.000002,29.378502,180.226181,181.362335,1.000000,0.000000,0.000000,0.000000
30.000002,29.405167,180.226181,181.362335,1.000000,0.000000,0.000000,0.000000
30.000002,29.372135,180.226181,181.362335,1.000000,0.000000,0.000000,0.000000
30.000002,29.417953,180.226181,181.362335,1.000000,0.000000,0.000000,0.000000
30.000002,29.381863,180.226181,181.362335,1.000000,0.000000,0.000000,0.000000
30.000002,29.409676,180.226181,181.362335,1.000000,0.000000,0.000000,0.000000
30.000002,29.385960,180.226181,181.362335,1.000000,0.000000,0.000000,0.000000
30.000002,29.408445,180.226181,181.362335,1.000000,0.000000,0.000000,0.000000
30.000002,29.393747,180.226181,181.362335,1.000000,0.000000,0.000000,0.000000
30.000002,29.403364,180.226181,181.362335,1.000000,0.000000,0.000000,0.000000
30.000002,29.417517,180.226181,181.362335,1.000000,0.000000,0.000000,0.000000
30.000002,29.406860,180.226181,181.362335,1.000000,0.000000,0.000000,0.000000
30.000002,29.404539,180.226181,181.363129,1.000000,0.000000,0.000000,0.000000
30.000002,29.397955,180.226181,181.362335,1.000000,0.000000,0.000000,0.000000
30.000002,29.389185,180.226181,181.362335,1.000000,0.000000,0.000000,0.000000
30.000002,29.394922,180.226181,181.362335,1.000000,0.000000,0.000000,0.000000
30.000002,29.395905,180.226181,181.362335,1.000000,0.000000,0.000000,0.000000
30.000002,29.397873,180.226181,181.362335,1.000000,0.000000,0.000000,0.000000
30.000002,29.404510,180.226181,181.362335,1.000000,0.000000,0.000000,0.000000
30.000002,29.402653,180.226181,181.362335,1.000000,0.000000,0.000000,0.000000
30.000002,29.410303,180.226181,181.362335,1.000000,0.000000,0.000000,0.000000
30.000002,29.407516,180.226181,181.362335,1.000000,0.000000,0.000000,0.000000
30.000002,29.406670,180.226181,181.362335,1.000000,0.000000,0.000000,0.000000
30.000002,29.388775,180.226181,181.362335,1.000000,0.000000,0.000000,0.000000
30.000002,29.411751,180.226181,181.362335,1.000000,0.000000,0.000000,0.000000
30.000002,29.404182,180.226181,181.362335,1.000000,0.000000,0.000000,0.000000
30.000002,29.374704,180.226181,181.318390,1.000000,0.000000,0.000000,0.000000
30.000002,29.350935,180.226181,181.318390,1.000000,0.000000,0.000000,0.000000
30.000002,29.352465,180.226181,181.318390,1.000000,0.000000,0.000000,0.000000
30.000002,29.340199,180.226181,181.318390,1.000000,0.000000,0.000000,0.000000
30.000002,29.359241,180.226181,181.318390,1.000000,0.000000,0.000000,0.000000
30.000002,29.351973,180.226181,181.318390,1.000000,0.000000,0.000000,0.000000
30.000002,29.372217,180.226181,181.318390,1.000000,0.000000,0.000000,0.000000
30.000002,29.364431,180.226181,181.318390,1.000000,0.000000,0.000000,0.000000
30.000002,29.368174,180.226181,181.318390,1.000000,0.000000,0.000000,0.000000
30.000002,29.360170,180.226181,181.318390,1.000000,0.000000,0.000000,0.000000
30.000002,29.354158,180.226181,181.318390,1.000000,0.000000,0.000000,0.000000
30.000002,29.350170,180.226181,181.318390,1.000000,0.000000,0.000000,0.000000
30.000002,29.351318,180.226181,181.318390,1.000000,0.000000,0.000000,0.000000
30.000002,29.346235,180.226181,181.318390,1.000000,0.000000,0.000000,0.000000
30.000002,29.362354,180.226181,181.318390,1.000000,0.000000,0.000000,0.000000
30.000002,29.345989,180.226181,181.318390,1.000000,0.000000,0.000000,0.000000
30.000002,29.325991,180.226181,181.318390,1.000000,0.000000,0.000000,0.000000
30.000002,29.360361,180.226181,181.318390,1.000000,0.000000,0.000000,0.000000
30.000002,29.360306,180.226181,181.318390,1.000000,0.000000,0.000000,0.000000
30.000002,29.348040,180.226181,181.318390,1.000000,0.000000,0.000000,0.000000
30.000002,29.355825,180.226181,181.318390,1.000000,0.000000,0.000000,0.000000
30.000002,29.381426,180.226181,181.318390,1.000000,0.000000,0.000000,0.000000
30.000002,29.360853,180.226181,181.318390,1.000000,0.000000,0.000000,0.000000
30.000002,29.373119,180.226181,181.318390,1.000000,0.000000,0.000000,0.000000
30.000002,29.391424,180.226181,181.318390,1.000000,0.000000,0.000000,0.000000
30.000002,29.402407,180.226181,181.318390,1.000000,0.000000,0.000000,0.000000
30.000002,29.377354,180.226181,181.318390,1.000000,0.000000,0.000000,0.000000
30.000002,29.378748,180.226181,181.318390,1.000000,0.000000,0.000000,0.000000
30.000002,29.407326,180.226181,181.318390,1.000000,0.000000,0.000000,0.000000
30.000002,29.425112,180.226181,181.318390,1.000000,0.000000,0.000000,0.000000
30.000002,29.415413,180.226181,181.318390,1.000000,0.000000,0.000000,0.000000
30.000002,29.410330,180.226181,181.318390,1.000000,0.000000,0.000000,0.000000
30.000002,29.393446,180.226181,181.318390,1.000000,0.000000,0.000000,0.000000
30.000002,29.384459,180.226181,181.318390,1.000000,0.000000,0.000000,0.000000
30.000002,29.432596,180.226181,181.318390,1.000000,0.000000,0.000000,0.000000
30.000002,29.437050,180.226181,181.318390,1.000000,0.000000,0.000000,0.000000
30.000002,29.409155,180.226181,181.318390,1.000000,0.000000,0.000000,0.000000
30.000002,29.368448,180.226181,181.318390,1.000000,0.000000,0.000000,0.000000
30.000002,29.367327,180.226181,181.318390,1.000000,0.000000,0.000000,0.000000
30.000002,29.360170,180.226181,181.318390,1.000000,0.000000,0.000000,0.000000
30.000002,29.282005,180.226181,181.318390,1.000000,0.000000,0.000000,0.000000
30.000002,29.319735,180.226181,181.318390,1.000000,0.000000,0.000000,0.000000
30.000002,29.387600,180.226181,181.328918,1.000000,0.000000,0.000000,0.000000
30.000002,29.404648,180.226181,181.319748,1.000000,0.000000,0.000000,0.000000
30.000002,29.435766,180.226181,181.318390,1.000000,0.000000,0.000000,0.000000
30.000002,29.412243,180.226181,181.318390,1.000000,0.000000,0.000000,0.000000
30.000002,29.397516,180.226181,181.318390,1.000000,0.000000,0.000000,0.000000
30.000002,29.387955,180.226181,181.318390,1.000000,0.000000,0.000000,0.000000
30.000002,29.395004,180.226181,181.318390,1.000000,0.000000,0.000000,0.000000
30.000002,29.414045,180.226181,181.318390,1.000000,0.000000,0.000000,0.000000
30.000002,29.404621,180.226181,181.318390,1.000000,0.000000,0.000000,0.000000
30.000002,29.392763,180.226181,181.318390,1.000000,0.000000,0.000000,0.000000
30.000002,29.362492,180.226181,181.318390,1.000000,0.000000,0.000000,0.000000
30.000002,29.360989,180.226181,181.318390,1.000000,0.000000,0.000000,0.000000
30.000002,29.323095,180.226181,181.318390,1.000000,0.000000,0.000000,0.000000
30.000002,29.374186,180.226181,181.318390,1.000000,0.000000,0.000000,0.000000
30.000002,29.398310,180.226181,181.318390,1.000000,0.000000,0.000000,0.000000
30.000002,29.422815,180.226181,181.318390,1.000000,0.000000,0.000000,0.000000
30.000002,29.431641,180.226181,181.318390,1.000000,0.000000,0.000000,0.000000
30.000002,29.419592,180.226181,181.318390,1.000000,0.000000,0.000000,0.000000
30.000002,29.374075,180.226181,181.318390,1.000000,0.000000,0.000000,0.000000
30.000002,29.412817,180.226181,181.318390,1.000000,0.000000,0.000000,0.000000
30.000002,29.391424,180.226181,181.318390,1.000000,0.000000,0.000000,0.000000
30.000002,29.396725,180.226181,181.318390,1.000000,0.000000,0.000000,0.000000
30.000002,29.414892,180.226181,181.318390,1.000000,0.000000,0.000000,0.000000
30.000002,29.392654,180.226181,181.318390,1.000000,0.000000,0.000000,0.000000
30.000002,29.376234,180.226181,181.318390,1.000000,0.000000,0.000000,0.000000
30.000002,29.377163,180.226181,181.318390,1.000000,0.000000,0.000000,0.000000
30.000002,29.373638,180.226181,181.318390,1.000000,0.000000,0.000000,0.000000
30.000002,29.400331,180.226181,181.318390,1.000000,0.000000,0.000000,0.000000
30.000002,29.415413,180.226181,181.318390,1.000000,0.000000,0.000000,0.000000
30.000002,29.418446,180.226181,181.318390,1.000000,0.000000,0.000000,0.000000
30.000002,29.388474,180.226181,181.318390,1.000000,0.000000,0.000000,0.000000
30.000002,29.413881,180.226181,181.318390,1.000000,0.000000,0.000000,0.000000
30.000002,29.404510,180.226181,181.318390,1.000000,0.000000,0.000000,0.000000
30.000002,29.379293,180.226181,181.318390,1.000000,0.000000,0.000000,0.000000
30.000002,29.402161,180.226181,181.318390,1.000000,0.000000,0.000000,0.000000
30.000002,29.423800,180.226181,181.318390,1.000000,0.000000,0.000000,0.000000
30.000002,29.420931,180.226181,181.318390,1.000000,0.000000,0.000000,0.000000
30.000002,29.383856,180.226181,181.318390,1.000000,0.000000,0.000000,0.000000
30.000002,29.416342,180.226181,181.318390,1.000000,0.000000,0.000000,0.000000
30.000002,29.411751,180.226181,181.318390,1.000000,0.000000,0.000000,0.000000
30.000002,29.407516,180.226181,181.318390,1.000000,0.000000,0.000000,0.000000
30.000002,29.419374,180.226181,181.318390,1.000000,0.000000,0.000000,0.000000
30.000002,29.417242,180.226181,181.318390,1.000000,0.000000,0.000000,0.000000
30.000002,29.408337,180.226181,181.318390,1.000000,0.000000,0.000000,0.000000
30.000002,29.416805,180.226181,181.318390,1.000000,0.000000,0.000000,0.000000
30.000002,29.389839,180.226181,181.318390,1.000000,0.000000,0.000000,0.000000
30.000002,29.389103,180.226181,181.318390,1.000000,0.000000,0.000000,0.000000
30.000002,29.415358,180.226181,181.318390,1.000000,0.000000,0.000000,0.000000
30.000002,29.422352,180.226181,181.318390,1.000000,0.000000,0.000000,0.000000
30.000002,29.389320,180.226181,181.318390,1.000000,0.000000,0.000000,0.000000
30.000002,29.421341,180.226181,181.318390,1.000000,0.000000,0.000000,0.000000
30.000002,29.393883,180.226181,181.318390,1.000000,0.000000,0.000000,0.000000
30.000002,29.411970,180.226181,181.318390,1.000000,0.000000,0.000000,0.000000
30.000002,29.400141,180.226181,181.318390,1.000000,0.000000,0.000000,0.000000
30.000002,29.423061,180.226181,181.318390,1.000000,0.000000,0.000000,0.000000
30.000002,29.395769,180.226181,181.318390,1.000000,0.000000,0.000000,0.000000
30.000002,29.412926,180.226181,181.318390,1.000000,0.000000,0.000000,0.000000
30.000002,29.388966,180.226181,181.318390,1.000000,0.000000,0.000000,0.000000
30.000002,29.414948,180.226181,181.318390,1.000000,0.000000,0.000000,0.000000
30.000002,29.378201,180.226181,181.318390,1.000000,0.000000,0.000000,0.000000
30.000002,29.406204,180.226181,181.318390,1.000000,0.000000,0.000000,0.000000
30.000002,29.393255,180.226181,181.318390,1.000000,0.000000,0.000000,0.000000
30.000002,29.402872,180.226181,181.318390,1.000000,0.000000,0.000000,0.000000
30.000002,29.413445,180.226181,181.318390,1.000000,0.000000,0.000000,0.000000
30.000002,29.404074,180.226181,181.318390,1.000000,0.000000,0.000000,0.000000
30.000002,29.386616,180.226181,181.318390,1.000000,0.000000,0.000000,0.000000
30.000002,29.413309,180.226181,181.318390,1.000000,0.000000,0.000000,0.000000
30.000002,29.414810,180.226181,181.318390,1.000000,0.000000,0.000000,0.000000
30.000002,29.398037,180.226181,181.318390,1.000000,0.000000,0.000000,0.000000
30.000002,29.412653,180.226181,181.318390,1.000000,0.000000,0.000000,0.000000
30.000002,29.371098,180.226181,181.318390,1.000000,0.000000,0.000000,0.000000
30.000002,29.395933,180.226181,181.318390,1.000000,0.000000,0.000000,0.000000
30.000002,29.407543,180.226181,181.318390,1.000000,0.000000,0.000000,0.000000
30.000002,29.392080,180.226181,181.318390,1.000000,0.000000,0.000000,0.000000
30.000002,29.429018,180.226181,181.318390,1.000000,0.000000,0.000000,0.000000
30.000002,29.384020,180.226181,181.318390,1.000000,0.000000,0.000000,0.000000
30.000002,29.413719,180.226181,181.318390,1.000000,0.000000,0.000000,0.000000
30.000002,29.402872,180.226181,181.318390,1.000000,0.000000,0.000000,0.000000
30.000002,29.396944,180.226181,181.318390,1.000000,0.000000,0.000000,0.000000
30.000002,29.385714,180.226181,181.318390,1.000000,0.000000,0.000000,0.000000
30.000002,29.425959,180.226181,181.318390,1.000000,0.000000,0.000000,0.000000
30.000002,29.413227,180.226181,181.318390,1.000000,0.000000,0.000000,0.000000
30.000002,29.382710,180.226181,181.318390,1.000000,0.000000,0.000000,0.000000
30.000002,29.389212,180.226181,181.318390,1.000000,0.000000,0.000000,0.000000
30.000002,29.415932,180.226181,181.318390,1.000000,0.000000,0.000000,0.000000
30.000002,29.381479,180.226181,181.318390,1.000000,0.000000,0.000000,0.000000
30.000002,29.413227,180.226181,181.318390,1.000000,0.000000,0.000000,0.000000
30.000002,29.413527,180.226181,181.318390,1.000000,0.000000,0.000000,0.000000
30.000002,29.407845,180.226181,181.318390,1.000000,0.000000,0.000000,0.000000
30.000002,29.388966,180.226181,181.318390,1.000000,0.000000,0.000000,0.000000
30.000002,29.396561,180.226181,181.318390,1.000000,0.000000,0.000000,0.000000
30.000002,29.410686,180.226181,181.318390,1.000000,0.000000,0.000000,0.000000
30.000002,29.389267,180.226181,181.318390,1.000000,0.000000,0.000000,0.000000
30.000002,29.433252,180.226181,181.318390,1.000000,0.000000,0.000000,0.000000
30.000002,29.380196,180.226181,181.318390,1.000000,0.000000,0.000000,0.000000
30.000002,29.429646,180.226181,181.318390,1.000000,0.000000,0.000000,0.000000
30.000002,29.395494,180.226181,181.318390,1.000000,0.000000,0.000000,0.000000
30.000002,29.417898,180.226181,181.318390,1.000000,0.000000,0.000000,0.000000
30.000002,29.395550,180.226181,181.318390,1.000000,0.000000,0.000000,0.000000
30.000002,29.416178,180.226181,181.318390,1.000000,0.000000,0.000000,0.000000
30.000002,29.411997,180.226181,181.318390,1.000000,0.000000,0.000000,0.000000
30.000002,29.383993,180.226181,181.318390,1.000000,0.000000,0.000000,0.000000
30.000002,29.407625,180.226181,181.318390,1.000000,0.000000,0.000000,0.000000
30.000002,29.403364,180.226181,181.318390,1.000000,0.000000,0.000000,0.000000
30.000002,29.386152,180.226181,181.318390,1.000000,0.000000,0.000000,0.000000
30.000002,29.378092,180.226181,181.318390,1.000000,0.000000,0.000000,0.000000
30.000002,29.362274,180.226181,181.318390,1.000000,0.000000,0.000000,0.000000
30.000002,29.278782,180.226181,181.318390,1.000000,0.000000,0.000000,0.000000
30.000002,29.375933,180.226181,181.318390,1.000000,0.000000,0.000000,0.000000
30.000002,29.385796,180.226181,181.318390,1.000000,0.000000,0.000000,0.000000
30.000002,29.426750,180.226181,181.318390,1.000000,0.000000,0.000000,0.000000
30.000002,29.393473,180.226181,181.318390,1.000000,0.000000,0.000000,0.000000
30.000002,29.425959,180.226181,181.318390,1.000000,0.000000,0.000000,0.000000
30.000002,29.406969,180.226181,181.318390,1.000000,0.000000,0.000000,0.000000
30.000002,29.431450,180.226181,181.318390,1.000000,0.000000,0.000000,0.000000
30.000002,29.450109,180.226181,181.318390,1.000000,0.000000,0.000000,0.000000
30.000002,29.448334,180.226181,181.318390,1.000000,0.000000,0.000000,0.000000
30.000002,29.451912,180.226181,181.318390,1.000000,0.000000,0.000000,0.000000
30.000002,29.428608,180.226181,181.318390,1.000000,0.000000,0.000000,0.000000
30.000002,29.435684,180.226181,181.318390,1.000000,0.000000,0.000000,0.000000
30.000002,29.390797,180.226181,181.318390,1.000000,0.000000,0.000000,0.000000
30.000002,29.410276,180.226181,181.318390,1.000000,0.000000,0.000000,4.000000
30.000002,29.412870,180.226181,181.300797,1.000000,0.000000,0.000000,0.000000
30.000002,29.454372,180.226181,181.279724,1.000000,0.000000,0.000000,-5.000000
30.000002,29.447897,180.226181,181.316345,1.000000,0.000000,0.000000,0.000000
30.000002,29.429646,180.226181,181.274689,1.000000,0.000000,0.000000,0.000000
30.000002,29.409210,180.226181,181.274445,1.000000,0.000000,0.000000,0.000000
30.000002,29.386753,180.226181,181.274445,1.000000,0.000000,0.000000,0.000000
30.000002,29.363968,180.226181,181.230911,1.000000,0.000000,0.000000,0.000000
30.000002,29.359486,180.226181,181.230499,1.000000,0.000000,0.000000,0.000000
30.000002,29.274792,180.226181,181.192230,1.000000,0.000000,0.000000,0.000000
30.000002,29.353968,180.226181,181.186554,1.000000,0.000000,0.000000,0.000000
30.000002,29.350744,180.226181,181.185165,1.000000,0.000000,0.000000,0.000000
30.000002,29.371262,180.226181,181.142853,1.000000,0.000000,0.000000,0.000000
30.000002,29.364569,180.226181,181.104340,1.000000,0.000000,0.000000,0.000000
30.000002,29.319571,180.226181,181.098663,1.000000,0.000000,0.000000,0.000000
30.000002,29.378447,180.226181,181.055923,1.000000,0.000000,0.000000,0.000000
30.000002,29.398556,180.226181,181.020248,1.000000,0.000000,0.000000,0.000000
30.000002,29.418171,180.226181,181.010803,1.000000,0.000000,0.000000,0.000000
30.000002,29.437624,180.226181,180.967087,1.000000,0.000000,0.000000,0.000000
30.000002,29.420139,180.226181,180.923615,1.000000,0.000000,0.000000,0.000000
30.000002,29.404129,180.226181,180.922882,1.000000,0.000000,0.000000,0.000000
30.000002,29.392025,180.226181,180.879181,1.000000,0.000000,0.000000,0.000000
30.000002,29.393311,180.226181,180.844467,1.000000,0.000000,0.000000,0.000000
30.000002,29.389402,180.226181,180.835022,1.000000,0.000000,0.000000,0.000000
30.000002,29.399784,180.226181,180.795349,1.000000,0.000000,0.000000,0.000000
30.000002,29.392189,180.226181,180.791046,1.000000,0.000000,0.000000,0.000000
30.000002,29.402435,180.226181,180.747513,1.000000,0.000000,0.000000,0.000000
30.000002,29.358011,180.226181,180.747101,1.000000,0.000000,0.000000,0.000000
30.000002,29.394539,180.226181,180.703568,1.000000,0.000000,0.000000,0.000000
30.000002,29.436094,180.226181,180.703140,1.000000,0.000000,0.000000,0.000000
30.000002,29.432898,180.226181,180.685562,1.000000,0.000000,0.000000,0.000000
30.000002,29.445438,180.226181,180.641769,1.000000,0.000000,0.000000,0.000000
30.000002,29.436066,180.226181,180.615402,1.000000,0.000000,0.000000,0.000000
30.000002,29.408583,180.226181,180.572525,1.000000,0.000000,0.000000,0.000000
30.000002,29.409920,180.226181,180.528107,1.000000,0.000000,0.000000,0.000000
30.000002,29.377136,180.226181,180.485474,1.000000,0.000000,0.000000,0.000000
30.000002,29.385660,180.226181,180.483414,1.000000,0.000000,0.000000,0.000000
30.000002,29.362028,180.226181,180.439896,1.000000,0.000000,0.000000,0.000000
30.000002,29.373201,180.226181,180.396759,1.000000,0.000000,0.000000,0.000000
30.000002,29.364622,180.226181,180.395523,1.000000,0.000000,0.000000,0.000000
30.000002,29.283863,180.226181,180.353134,1.000000,0.000000,0.000000,0.000000
30.000002,29.401533,180.226181,180.351578,1.000000,0.000000,0.000000,0.000000
30.000002,29.412106,180.226181,180.351578,1.000000,0.000000,0.000000,0.000000
30.000002,29.439537,180.226181,180.351578,1.000000,0.000000,0.000000,0.000000
30.000002,29.443443,180.226181,180.326294,1.000000,0.000000,-3.000000,0.000000
30.000002,29.428089,180.226181,180.350937,1.000000,0.000000,0.000000,0.000000
30.000002,29.400824,180.226181,180.351563,1.000000,0.000000,0.000000,0.000000
30.000002,29.421040,180.226181,180.351563,1.000000,0.000000,0.000000,0.000000
30.000002,29.413937,180.226181,180.351563,1.000000,0.000000,0.000000,0.000000
30.000002,29.387682,180.226181,180.389816,1.000000,0.000000,0.000000,0.000000
30.000002,29.425112,180.226181,180.395493,1.000000,0.000000,0.000000,0.000000
30.000002,29.370634,180.226181,180.395508,1.000000,0.000000,0.000000,0.000000
30.000002,29.360798,180.226181,180.395508,1.000000,0.000000,0.000000,0.000000
30.000002,29.294573,180.226181,180.438202,1.000000,0.000000,0.000000,0.000000
30.000002,29.347137,180.226181,180.439453,1.000000,0.000000,0.000000,0.000000
30.000002,29.393583,180.226181,180.439453,1.000000,0.000000,0.000000,0.000000
30.000002,29.400578,180.226181,180.482971,1.000000,0.000000,0.000000,0.000000
30.000002,29.428226,180.226181,180.483398,1.000000,0.000000,0.000000,0.000000
30.000002,29.387217,180.226181,180.483398,1.000000,0.000000,0.000000,0.000000
30.000002,29.405495,180.226181,180.483398,1.000000,0.000000,0.000000,0.000000
30.000002,29.404402,180.226181,180.465820,1.000000,0.000000,0.000000,0.000000
30.000002,29.405931,180.226181,180.483292,1.000000,0.000000,0.000000,0.000000
30.000002,29.429455,180.226181,180.482590,1.000000,0.000000,0.000000,0.000000
30.000002,29.409811,180.226181,180.483398,1.000000,0.000000,0.000000,0.000000
30.000002,29.399456,180.226181,180.455276,1.000000,0.000000,0.000000,0.000000
30.000002,29.372955,180.226181,180.445541,1.000000,0.000000,0.000000,0.000000
30.000002,29.338476,180.226181,180.480194,1.000000,0.000000,0.000000,0.000000
30.000002,29.371262,180.226181,180.479797,1.000000,0.000000,0.000000,0.000000
30.000002,29.327084,180.226181,180.483398,1.000000,0.000000,0.000000,0.000000
30.000002,29.356344,180.226181,180.479767,1.000000,0.000000,0.000000,0.000000
30.000002,29.374731,180.226181,180.473251,1.000000,0.000000,0.000000,0.000000
30.000002,29.378529,180.226181,180.483337,1.000000,0.000000,0.000000,0.000000
30.000002,29.352274,180.226181,180.483398,1.000000,0.000000,0.000000,0.000000
30.000002,29.370523,180.226181,180.483398,1.000000,0.000000,0.000000,0.000000
30.000002,29.355198,180.226181,180.483398,1.000000,0.000000,0.000000,0.000000
30.000002,29.372955,180.226181,180.483398,1.000000,0.000000,0.000000,0.000000
30.000002,29.364021,180.226181,180.455276,1.000000,0.000000,0.000000,0.000000
30.000002,29.357956,180.226181,180.483231,1.000000,0.000000,0.000000,0.000000
30.000002,29.366016,180.226181,180.483398,1.000000,0.000000,0.000000,0.000000
30.000002,29.379211,180.226181,180.448959,1.000000,0.000000,0.000000,0.000000
30.000002,29.351099,180.226181,180.455063,1.000000,0.000000,0.000000,0.000000
30.000002,29.312386,180.226181,180.483231,1.000000,0.000000,0.000000,0.000000
30.000002,29.355225,180.226181,180.481216,1.000000,0.000000,0.000000,0.000000
30.000002,29.334215,180.226181,180.483398,1.000000,0.000000,0.000000,0.000000
30.000002,29.357302,180.226181,180.483398,1.000000,0.000000,0.000000,0.000000
30.000002,29.358175,180.226181,180.483398,1.000000,0.000000,0.000000,0.000000
30.000002,29.348995,180.226181,180.483398,1.000000,0.000000,0.000000,0.000000
30.000002,29.358667,180.226181,180.483398,1.000000,0.000000,0.000000,0.000000
30.000002,29.297741,180.226181,180.483398,1.000000,0.000000,0.000000,0.000000
30.000002,29.393419,180.226181,180.477982,1.000000,0.000000,0.000000,0.000000
30.000002,29.409647,180.226181,180.483383,1.000000,0.000000,0.000000,0.000000
30.000002,29.416477,180.226181,180.483398,1.000000,0.000000,0.000000,0.000000
30.000002,29.388092,180.226181,180.483398,1.000000,0.000000,0.000000,0.000000
30.000002,29.417871,180.226181,180.483398,1.000000,0.000000,0.000000,0.000000
30.000002,29.380579,180.226181,180.483398,1.000000,0.000000,0.000000,0.000000
30.000002,29.410822,180.226181,180.482285,1.000000,0.000000,0.000000,0.000000
30.000002,29.420931,180.226181,180.475967,1.000000,0.000000,0.000000,0.000000
30.000002,29.416559,180.226181,180.483353,1.000000,0.000000,0.000000,0.000000
30.000002,29.388201,180.226181,180.483398,1.000000,0.000000,0.000000,0.000000
30.000002,29.407789,180.226181,180.466782,1.000000,0.000000,0.000000,0.000000
30.000002,29.373556,180.226181,180.483307,1.000000,0.000000,0.000000,0.000000
30.000002,29.372026,180.226181,180.483398,1.000000,0.000000,0.000000,0.000000
30.000002,29.327848,180.226181,180.483398,1.000000,0.000000,0.000000,0.000000
30.000002,29.329269,180.226181,180.445160,1.000000,0.000000,0.000000,0.000000
30.000002,29.399321,180.226181,180.483002,1.000000,0.000000,0.000000,0.000000
30.000002,29.401724,180.226181,180.483398,1.000000,0.000000,0.000000,0.000000
30.000002,29.405659,180.226181,180.483398,1.000000,0.000000,0.000000,0.000000
30.000002,29.404320,180.226181,180.482925,1.000000,0.000000,0.000000,0.000000
30.000002,29.409319,180.226181,180.483398,1.000000,0.000000,0.000000,0.000000
30.000002,29.408062,180.226181,180.465820,1.000000,0.000000,0.000000,0.000000
30.000002,29.421804,180.226181,180.482010,1.000000,0.000000,0.000000,0.000000
30.000002,29.411341,180.226181,180.483398,1.000000,0.000000,0.000000,0.000000
30.000002,29.434647,180.226181,180.483398,1.000000,0.000000,0.000000,0.000000
30.000002,29.388664,180.226181,180.483398,1.000000,0.000000,0.000000,0.000000
30.000002,29.413992,180.226181,180.482910,1.000000,0.000000,0.000000,0.000000
30.000002,29.376917,180.226181,180.483398,1.000000,0.000000,0.000000,0.000000
30.000002,29.397352,180.226181,180.483109,1.000000,0.000000,0.000000,0.000000
30.000002,29.345253,180.226181,180.483398,1.000000,0.000000,0.000000,0.000000
30.000002,29.409594,180.226181,180.483398,1.000000,0.000000,0.000000,0.000000
30.000002,29.407681,180.226181,180.483398,1.000000,0.000000,0.000000,0.000000
30.000002,29.403391,180.226181,180.483398,1.000000,0.000000,0.000000,0.000000
30.000002,29.397545,180.226181,180.483398,1.000000,0.000000,0.000000,0.000000
30.000002,29.371016,180.226181,180.483398,1.000000,0.000000,0.000000,0.000000
30.000002,29.354296,180.226181,180.483398,1.000000,0.000000,0.000000,0.000000
30.000002,29.340855,180.226181,180.472855,1.000000,0.000000,0.000000,0.000000
30.000002,29.316128,180.226181,180.472794,1.000000,0.000000,0.000000,0.000000
30.000002,29.363447,180.226181,180.483337,1.000000,0.000000,0.000000,0.000000
30.000002,29.362082,180.226181,180.483398,1.000000,0.000000,0.000000,0.000000
30.000002,29.351509,180.226181,180.483398,1.000000,0.000000,0.000000,0.000000
30.000002,29.333778,180.226181,180.477081,1.000000,0.000000,0.000000,0.000000
30.000002,29.346947,180.226181,180.483368,1.000000,0.000000,0.000000,0.000000
30.000002,29.371534,180.226181,180.483398,1.000000,0.000000,0.000000,0.000000
30.000002,29.360989,180.226181,180.483398,1.000000,0.000000,0.000000,0.000000
30.000002,29.352301,180.226181,180.483398,1.000000,0.000000,0.000000,0.000000
30.000002,29.371534,180.226181,180.466537,1.000000,0.000000,0.000000,0.000000
30.000002,29.357082,180.226181,180.483292,1.000000,0.000000,0.000000,0.000000
30.000002,29.374924,180.226181,180.482590,1.000000,0.000000,0.000000,0.000000
30.000002,29.336100,180.226181,180.483398,1.000000,0.000000,0.000000,0.000000
30.000002,29.361727,180.226181,180.482620,1.000000,0.000000,0.000000,0.000000
30.000002,29.367327,180.226181,180.483398,1.000000,0.000000,0.000000,0.000000
30.000002,29.333450,180.226181,180.483398,1.000000,0.000000,0.000000,0.000000
30.000002,29.371153,180.226181,180.482620,1.000000,0.000000,0.000000,0.000000
30.000002,29.327930,180.226181,180.483398,1.000000,0.000000,0.000000,0.000000
30.000002,29.368530,180.226181,180.483398,1.000000,0.000000,0.000000,0.000000
30.000002,29.353804,180.226181,180.483398,1.000000,0.000000,0.000000,0.000000
30.000002,29.371016,180.226181,180.472855,1.000000,0.000000,0.000000,0.000000
30.000002,29.354214,180.226181,180.483337,1.000000,0.000000,0.000000,0.000000
30.000002,29.364841,180.226181,180.483398,1.000000,0.000000,0.000000,0.000000
30.000002,29.377764,180.226181,180.483398,1.000000,0.000000,0.000000,0.000000
30.000002,29.354788,180.226181,180.483398,1.000000,0.000000,0.000000,0.000000
30.000002,29.360415,180.226181,180.483109,1.000000,0.000000,0.000000,0.000000
30.000002,29.380579,180.226181,180.483398,1.000000,0.000000,0.000000,0.000000
30.000002,29.353230,180.226181,180.483398,1.000000,0.000000,0.000000,0.000000
30.000002,29.348476,180.226181,180.483398,1.000000,0.000000,0.000000,0.000000
30.000002,29.349760,180.226181,180.483398,1.000000,0.000000,0.000000,0.000000
30.000002,29.326538,180.226181,180.483398,1.000000,0.000000,0.000000,0.000000
30.000002,29.361618,180.226181,180.483398,1.000000,0.000000,0.000000,0.000000
30.000002,29.342520,180.226181,180.483398,1.000000,0.000000,0.000000,0.000000
30.000002,29.375032,180.226181,180.483398,1.000000,0.000000,0.000000,0.000000
30.000002,29.326319,180.226181,180.483398,1.000000,0.000000,0.000000,0.000000
30.000002,29.367054,180.226181,180.483398,1.000000,0.000000,0.000000,0.000000
30.000002,29.331865,180.226181,180.483398,1.000000,0.000000,0.000000,0.000000
30.000002,29.374731,180.226181,180.483398,1.000000,0.000000,0.000000,0.000000
30.000002,29.355225,180.226181,180.481125,1.000000,0.000000,0.000000,0.000000
30.000002,29.365469,180.226181,180.483398,1.000000,0.000000,0.000000,0.000000
30.000002,29.379486,180.226181,180.442871,1.000000,0.000000,0.000000,0.000000
30.000002,29.363066,180.226181,180.483154,1.000000,0.000000,0.000000,0.000000
30.000002,29.376015,180.226181,180.483398,1.000000,0.000000,0.000000,0.000000
30.000002,29.352602,180.226181,180.483398,1.000000,0.000000,0.000000,0.000000
30.000002,29.327057,180.226181,180.483398,1.000000,0.000000,0.000000,0.000000
30.000002,29.332932,180.226181,180.483398,1.000000,0.000000,0.000000,0.000000
30.000002,29.336346,180.226181,180.483398,1.000000,0.000000,0.000000,0.000000
30.000002,29.368338,180.226181,180.483398,1.000000,0.000000,0.000000,0.000000
30.000002,29.366837,180.226181,180.483398,1.000000,0.000000,0.000000,0.000000
30.000002,29.360716,180.226181,180.483398,1.000000,0.000000,0.000000,0.000000
30.000002,29.326838,180.226181,180.483398,1.000000,0.000000,0.000000,0.000000
30.000002,29.353804,180.226181,180.481125,1.000000,0.000000,0.000000,0.000000
30.000002,29.392708,180.226181,180.477310,1.000000,0.000000,0.000000,0.000000
30.000002,29.414865,180.226181,180.483368,1.000000,0.000000,0.000000,0.000000
30.000002,29.392872,180.226181,180.483398,1.000000,0.000000,0.000000,0.000000
30.000002,29.422871,180.226181,180.478241,1.000000,0.000000,0.000000,0.000000
30.000002,29.397135,180.226181,180.483383,1.000000,0.000000,0.000000,0.000000
30.000002,29.431450,180.226181,180.483398,1.000000,0.000000,0.000000,0.000000
30.000002,29.391371,180.226181,180.483398,1.000000,0.000000,0.000000,0.000000
30.000002,29.396261,180.226181,180.483398,1.000000,0.000000,0.000000,0.000000
30.000002,29.415413,180.226181,180.483398,1.000000,0.000000,0.000000,0.000000
30.000002,29.418171,180.226181,180.483398,1.000000,0.000000,0.000000,0.000000
30.000002,29.396534,180.226181,180.483398,1.000000,0.000000,0.000000,0.000000
30.000002,29.379431,180.226181,180.482910,1.000000,0.000000,0.000000,0.000000
30.000002,29.404730,180.226181,180.483398,1.000000,0.000000,0.000000,0.000000
30.000002,29.415958,180.226181,180.483398,1.000000,0.000000,0.000000,0.000000
30.000002,29.408363,180.226181,180.483398,1.000000,0.000000,0.000000,0.000000
30.000002,29.414402,180.226181,180.482910,1.000000,0.000000,0.000000,0.000000
30.000002,29.407543,180.226181,180.483398,1.000000,0.000000,0.000000,0.000000
30.000002,29.400660,180.226181,180.483398,1.000000,0.000000,0.000000,0.000000
30.000002,29.416697,180.226181,180.483398,1.000000,0.000000,0.000000,0.000000
30.000002,29.406916,180.226181,180.483398,1.000000,0.000000,0.000000,0.000000
30.000002,29.426258,180.226181,180.483398,1.000000,0.000000,0.000000,0.000000
30.000002,29.403610,180.226181,180.483398,1.000000,0.000000,0.000000,0.000000
30.000002,29.419100,180.226181,180.483398,1.000000,0.000000,0.000000,0.000000
30.000002,29.409893,180.226181,180.483398,1.000000,0.000000,0.000000,0.000000
30.000002,29.393446,180.226181,180.483109,1.000000,0.000000,0.000000,0.000000
30.000002,29.412462,180.226181,180.472855,1.000000,0.000000,0.000000,0.000000
30.000002,29.396288,180.226181,180.483337,1.000000,0.000000,0.000000,0.000000
30.000002,29.425112,180.226181,180.483231,1.000000,0.000000,0.000000,0.000000
30.000002,29.400249,180.226181,180.483398,1.000000,0.000000,0.000000,0.000000
30.000002,29.424538,180.226181,180.483398,1.000000,0.000000,0.000000,0.000000
30.000002,29.395687,180.226181,180.465820,1.000000,0.000000,0.000000,0.000000
30.000002,29.409184,180.226181,180.483292,1.000000,0.000000,0.000000,0.000000
30.000002,29.386724,180.226181,180.483398,1.000000,0.000000,0.000000,0.000000
30.000002,29.402927,180.226181,180.482040,1.000000,0.000000,0.000000,0.000000
30.000002,29.378201,180.226181,180.477066,1.000000,0.000000,0.000000,0.000000
30.000002,29.397572,180.226181,180.482544,1.000000,0.000000,0.000000,0.000000
30.000002,29.374239,180.226181,180.483398,1.000000,0.000000,0.000000,0.000000
30.000002,29.339460,180.226181,180.483398,1.000000,0.000000,0.000000,0.000000
30.000002,29.301048,180.226181,180.442871,1.000000,0.000000,0.000000,0.000000
30.000002,29.397434,180.226181,180.482986,1.000000,0.000000,0.000000,0.000000
30.000002,29.406588,180.226181,180.483398,1.000000,0.000000,0.000000,0.000000
30.000002,29.438471,180.226181,180.483398,1.000000,0.000000,0.000000,0.000000
30.000002,29.412762,180.226181,180.483398,1.000000,0.000000,0.000000,0.000000
30.000002,29.411997,180.226181,180.483398,1.000000,0.000000,0.000000,0.000000
30.000002,29.379158,180.226181,180.483398,1.000000,0.000000,0.000000,0.000000
30.000002,29.410303,180.226181,180.482040,1.000000,0.000000,0.000000,0.000000
30.000002,29.401123,180.226181,180.483398,1.000000,0.000000,0.000000,0.000000
30.000002,29.413445,180.226181,180.482742,1.000000,0.000000,0.000000,0.000000
30.000002,29.384758,180.226181,180.483398,1.000000,0.000000,0.000000,0.000000
30.000002,29.382627,180.226181,180.483398,1.000000,0.000000,0.000000,0.000000
30.000002,29.363174,180.226181,180.483398,1.000000,0.000000,0.000000,0.000000
30.000002,29.313942,180.226181,180.483398,1.000000,0.000000,0.000000,0.000000
30.000002,29.302113,180.226181,180.472458,1.000000,0.000000,0.000000,0.000000
30.000002,29.364815,180.226181,180.483337,1.000000,0.000000,0.000000,0.000000
30.000002,29.365252,180.226181,180.483398,1.000000,0.000000,0.000000,0.000000
30.000002,29.361536,180.226181,180.483398,1.000000,0.000000,0.000000,0.000000
30.000002,29.331865,180.226181,180.483398,1.000000,0.000000,0.000000,0.000000
30.000002,29.362000,180.226181,180.483398,1.000000,0.000000,0.000000,0.000000
30.000002,29.343531,180.226181,180.483398,1.000000,0.000000,0.000000,0.000000
30.000002,29.367765,180.226181,180.483398,1.000000,0.000000,0.000000,0.000000
30.000002,29.354650,180.226181,180.483398,1.000000,0.000000,0.000000,0.000000
30.000002,29.398829,180.226181,180.483398,1.000000,0.000000,0.000000,0.000000
30.000002,29.378721,180.226181,180.483398,1.000000,0.000000,0.000000,0.000000
30.000002,29.371098,180.226181,180.483398,1.000000,0.000000,0.000000,0.000000
30.000002,29.315199,180.226181,180.483398,1.000000,0.000000,0.000000,0.000000
30.000002,29.383665,180.226181,180.482910,1.000000,0.000000,0.000000,0.000000
30.000002,29.367655,180.226181,180.483398,1.000000,0.000000,0.000000,0.000000
30.000002,29.360224,180.226181,180.483398,1.000000,0.000000,0.000000,0.000000
30.000002,29.365606,180.226181,180.483398,1.000000,0.000000,0.000000,0.000000
30.000002,29.337330,180.226181,180.483398,1.000000,0.000000,0.000000,0.000000
30.000002,29.352875,180.226181,180.482590,1.000000,0.000000,0.000000,0.000000
30.000002,29.376863,180.226181,180.483398,1.000000,0.000000,0.000000,0.000000
30.000002,29.362028,180.226181,180.483398,1.000000,0.000000,0.000000,0.000000
30.000002,29.318943,180.226181,180.483398,1.000000,0.000000,0.000000,0.000000
30.000002,29.364241,180.226181,180.483398,1.000000,0.000000,0.000000,0.000000
30.000002,29.337439,180.226181,180.483398,1.000000,0.000000,0.000000,0.000000
30.000002,29.368530,180.226181,180.483398,1.000000,0.000000,0.000000,0.000000
30.000002,29.351891,180.226181,180.483398,1.000000,0.000000,0.000000,0.000000
30.000002,29.372519,180.226181,180.483398,1.000000,0.000000,0.000000,0.000000
30.000002,29.335171,180.226181,180.483398,1.000000,0.000000,0.000000,0.000000
30.000002,29.398691,180.226181,180.483398,1.000000,0.000000,0.000000,0.000000
30.000002,29.388992,180.226181,180.483398,1.000000,0.000000,0.000000,0.000000
30.000002,29.425766,180.226181,180.483398,1.000000,0.000000,0.000000,0.000000
30.000002,29.395687,180.226181,180.483398,1.000000,0.000000,0.000000,0.000000
30.000002,29.438225,180.226181,180.483398,1.000000,0.000000,0.000000,0.000000
30.000002,29.420767,180.226181,180.483398,1.000000,0.000000,0.000000,0.000000
30.000002,29.394621,180.226181,180.483398,1.000000,0.000000,0.000000,0.000000
30.000002,29.383255,180.226181,180.471008,1.000000,0.000000,0.000000,0.000000
30.000002,29.405495,180.226181,180.483322,1.000000,0.000000,0.000000,0.000000
30.000002,29.405823,180.226181,180.483398,1.000000,0.000000,0.000000,0.000000
30.000002,29.412325,180.226181,180.483398,1.000000,0.000000,0.000000,0.000000
30.000002,29.399347,180.226181,180.483398,1.000000,0.000000,0.000000,0.000000
30.000002,29.400578,180.226181,180.483398,1.000000,0.000000,0.000000,0.000000
30.000002,29.406696,180.226181,180.483398,1.000000,0.000000,0.000000,0.000000
30.000002,29.383064,180.226181,180.483398,1.000000,0.000000,0.000000,0.000000
30.000002,29.430193,180.226181,180.483398,1.000000,0.000000,0.000000,0.000000
30.000002,29.409348,180.226181,180.483398,1.000000,0.000000,0.000000,0.000000
30.000002,29.377081,180.226181,180.483398,1.000000,0.000000,0.000000,0.000000
30.000002,29.401724,180.226181,180.483398,1.000000,0.000000,0.000000,0.000000
30.000002,29.408964,180.226181,180.483398,1.000000,0.000000,0.000000,0.000000
30.000002,29.416286,180.226181,180.483398,1.000000,0.000000,0.000000,0.000000
30.000002,29.409565,180.226181,180.483398,1.000000,0.000000,0.000000,-3.000000
30.000002,29.393993,180.226181,180.483398,1.000000,0.000000,0.000000,0.000000
30.000002,29.382792,180.226181,180.483398,1.000000,0.000000,0.000000,0.000000
30.000002,29.384758,180.226181,180.483398,1.000000,0.000000,0.000000,0.000000
30.000002,29.379786,180.226181,180.483398,1.000000,0.000000,0.000000,0.000000
30.000002,29.414701,180.226181,180.483398,1.000000,0.000000,0.000000,0.000000
30.000002,29.420794,180.226181,180.483398,1.000000,0.000000,0.000000,0.000000
30.000002,29.431231,180.226181,180.483398,1.000000,0.000000,0.000000,0.000000
30.000002,29.412325,180.226181,180.483398,1.000000,0.000000,0.000000,0.000000
30.000002,29.393473,180.226181,180.483398,1.000000,0.000000,0.000000,0.000000
30.000002,29.415577,180.226181,180.483398,1.000000,0.000000,0.000000,0.000000
30.000002,29.408937,180.226181,180.483398,1.000000,0.000000,0.000000,0.000000
30.000002,29.404976,180.226181,180.483398,1.000000,0.000000,0.000000,0.000000
30.000002,29.421833,180.226181,180.477081,1.000000,0.000000,0.000000,0.000000
30.000002,29.383692,180.226181,180.483368,1.000000,0.000000,0.000000,0.000000
30.000002,29.418663,180.226181,180.483398,1.000000,0.000000,0.000000,0.000000
30.000002,29.420111,180.226181,180.483398,1.000000,0.000000,0.000000,0.000000
30.000002,29.395004,180.226181,180.483398,1.000000,0.000000,0.000000,0.000000
30.000002,29.415167,180.226181,180.483398,1.000000,0.000000,0.000000,0.000000
30.000002,29.391233,180.226181,180.483398,1.000000,0.000000,0.000000,0.000000
30.000002,29.424101,180.226181,180.483398,1.000000,0.000000,0.000000,0.000000
30.000002,29.409975,180.226181,180.483398,1.000000,0.000000,0.000000,0.000000
30.000002,29.419647,180.226181,180.483398,1.000000,0.000000,0.000000,0.000000
30.000002,29.403063,180.226181,180.483398,1.000000,0.000000,0.000000,0.000000
30.000002,29.376453,180.226181,180.483398,1.000000,0.000000,0.000000,0.000000
30.000002,29.376234,180.226181,180.483398,1.000000,0.000000,0.000000,0.000000
30.000002,29.359623,180.226181,180.483109,1.000000,0.000000,0.000000,0.000000
30.000002,29.357109,180.226181,180.483398,1.000000,0.000000,0.000000,0.000000
30.000002,29.320446,180.226181,180.483398,1.000000,0.000000,0.000000,0.000000
30.000002,29.325172,180.226181,180.483398,1.000000,0.000000,0.000000,0.000000
30.000002,29.351864,180.226181,180.483398,1.000000,0.000000,0.000000,0.000000
30.000002,29.336372,180.226181,180.483398,1.000000,0.000000,0.000000,0.000000
30.000002,29.360170,180.226181,180.483398,1.000000,0.000000,0.000000,0.000000
30.000002,29.366673,180.226181,180.483398,1.000000,0.000000,0.000000,0.000000
30.000002,29.336454,180.226181,180.483398,1.000000,0.000000,0.000000,0.000000
30.000002,29.374868,180.226181,180.472855,1.000000,0.000000,0.000000,0.000000
30.000002,29.367901,180.226181,180.483337,1.000000,0.000000,0.000000,0.000000
30.000002,29.360279,180.226181,180.483398,1.000000,0.000000,0.000000,0.000000
30.000002,29.375660,180.226181,180.483398,1.000000,0.000000,0.000000,0.000000
30.000002,29.356728,180.226181,180.482040,1.000000,0.000000,0.000000,0.000000
30.000002,29.346373,180.226181,180.483398,1.000000,0.000000,0.000000,0.000000
30.000002,29.362875,180.226181,180.483109,1.000000,0.000000,0.000000,0.000000
30.000002,29.358395,180.226181,180.483398,1.000000,0.000000,0.000000,0.000000
30.000002,29.360716,180.226181,180.483398,1.000000,0.000000,0.000000,0.000000
30.000002,29.373667,180.226181,180.483398,1.000000,0.000000,0.000000,0.000000
30.000002,29.347164,180.226181,180.483398,1.000000,0.000000,0.000000,0.000000
30.000002,29.356180,180.226181,180.483398,1.000000,0.000000,0.000000,0.000000
30.000002,29.321592,180.226181,180.483398,1.000000,0.000000,0.000000,0.000000
30.000002,29.363640,180.226181,180.483398,1.000000,0.000000,0.000000,0.000000
30.000002,29.347219,180.226181,180.483398,1.000000,0.000000,0.000000,0.000000
30.000002,29.377901,180.226181,180.472855,1.000000,0.000000,0.000000,0.000000
30.000002,29.364349,180.226181,180.483337,1.000000,0.000000,0.000000,0.000000
30.000002,29.350033,180.226181,180.483398,1.000000,0.000000,0.000000,0.000000
30.000002,29.354050,180.226181,180.483398,1.000000,0.000000,0.000000,0.000000
30.000002,29.362711,180.226181,180.483398,1.000000,0.000000,0.000000,0.000000
30.000002,29.374104,180.226181,180.483231,1.000000,0.000000,0.000000,0.000000
30.000002,29.361481,180.226181,180.483398,1.000000,0.000000,0.000000,0.000000
30.000002,29.323204,180.226181,180.483398,1.000000,0.000000,0.000000,0.000000
30.000002,29.328859,180.226181,180.470581,1.000000,0.000000,0.000000,0.000000
30.000002,29.395796,180.226181,180.483322,1.000000,0.000000,0.000000,0.000000
30.000002,29.380032,180.226181,180.483398,1.000000,0.000000,0.000000,0.000000
30.000002,29.438799,180.226181,180.483398,1.000000,0.000000,0.000000,0.000000
30.000002,29.413527,180.226181,180.483398,1.000000,0.000000,0.000000,0.000000
30.000002,29.420521,180.226181,180.483398,1.000000,0.000000,0.000000,0.000000
30.000002,29.404757,180.226181,180.483398,1.000000,0.000000,0.000000,0.000000
30.000002,29.413227,180.226181,180.479614,1.000000,0.000000,0.000000,0.000000
30.000002,29.403801,180.226181,180.483383,1.000000,0.000000,0.000000,0.000000
30.000002,29.436394,180.226181,180.482590,1.000000,0.000000,0.000000,0.000000
30.000002,29.377628,180.226181,180.483398,1.000000,0.000000,0.000000,0.000000
30.000002,29.397463,180.226181,180.483398,1.000000,0.000000,0.000000,0.000000
30.000002,29.337412,180.226181,180.483398,1.000000,0.000000,0.000000,0.000000
30.000002,29.399321,180.226181,180.483398,1.000000,0.000000,0.000000,0.000000
30.000002,29.412571,180.226181,180.483398,1.000000,0.000000,0.000000,0.000000
30.000002,29.404375,180.226181,180.483398,1.000000,0.000000,0.000000,0.000000
30.000002,29.412161,180.226181,180.483398,1.000000,0.000000,0.000000,0.000000
30.000002,29.415112,180.226181,180.483398,1.000000,0.000000,0.000000,0.000000
30.000002,29.388201,180.226181,180.483398,1.000000,0.000000,0.000000,0.000000
30.000002,29.428253,180.226181,180.483398,1.000000,0.000000,0.000000,0.000000
30.000002,29.407434,180.226181,180.483398,1.000000,0.000000,0.000000,0.000000
30.000002,29.416506,180.226181,180.483398,1.000000,0.000000,0.000000,0.000000
30.000002,29.415958,180.226181,180.480255,1.000000,0.000000,0.000000,0.000000
30.000002,29.394976,180.226181,180.483398,1.000000,0.000000,0.000000,0.000000
30.000002,29.362793,180.226181,180.483398,1.000000,0.000000,0.000000,0.000000
30.000002,29.370224,180.226181,180.481613,1.000000,0.000000,0.000000,0.000000
30.000002,29.339844,180.226181,180.483398,1.000000,0.000000,0.000000,0.000000
30.000002,29.339569,180.226181,180.483398,1.000000,0.000000,0.000000,0.000000
30.000002,29.365580,180.226181,180.483398,1.000000,0.000000,0.000000,0.000000
30.000002,29.362383,180.226181,180.483398,1.000000,0.000000,0.000000,0.000000
30.000002,29.342739,180.226181,180.483398,1.000000,0.000000,0.000000,0.000000
30.000002,29.348421,180.226181,180.483398,1.000000,0.000000,0.000000,0.000000
30.000002,29.369513,180.226181,180.483398,1.000000,0.000000,0.000000,0.000000
30.000002,29.360579,180.226181,180.483398,1.000000,0.000000,0.000000,0.000000
30.000002,29.335554,180.226181,180.483398,1.000000,0.000000,0.000000,0.000000
30.000002,29.355688,180.226181,180.483398,1.000000,0.000000,0.000000,0.000000
30.000002,29.315556,180.226181,180.483398,1.000000,0.000000,0.000000,0.000000
30.000002,29.377108,180.226181,180.483398,1.000000,0.000000,0.000000,0.000000
30.000002,29.362000,180.226181,180.483398,1.000000,0.000000,0.000000,0.000000
30.000002,29.375906,180.226181,180.483398,1.000000,0.000000,0.000000,0.000000
30.000002,29.349651,180.226181,180.483398,1.000000,0.000000,0.000000,0.000000
30.000002,29.359568,180.226181,180.483398,1.000000,0.000000,0.000000,0.000000
30.000002,29.352711,180.226181,180.483398,1.000000,0.000000,0.000000,0.000000
30.000002,29.333723,180.226181,180.483398,1.000000,0.000000,0.000000,0.000000
30.000002,29.362192,180.226181,180.483398,1.000000,0.000000,0.000000,0.000000
30.000002,29.352520,180.226181,180.483398,1.000000,0.000000,0.000000,0.000000
30.000002,29.360142,180.226181,180.483398,1.000000,0.000000,0.000000,0.000000
30.000002,29.337658,180.226181,180.483398,1.000000,0.000000,0.000000,0.000000
30.000002,29.374950,180.226181,180.483398,1.000000,0.000000,0.000000,0.000000
30.000002,29.358366,180.226181,180.483398,1.000000,0.000000,0.000000,0.000000
30.000002,29.384266,180.226181,180.483398,1.000000,0.000000,0.000000,0.000000
30.000002,29.362410,180.226181,180.483398,1.000000,0.000000,0.000000,0.000000
30.000002,29.371944,180.226181,180.483398,1.000000,0.000000,0.000000,0.000000
30.000002,29.338505,180.226181,180.483398,1.000000,0.000000,0.000000,0.000000
30.000002,29.365633,180.226181,180.483398,1.000000,0.000000,0.000000,0.000000
30.000002,29.346235,180.226181,180.483398,1.000000,0.000000,0.000000,0.000000
30.000002,29.384703,180.226181,180.483398,1.000000,0.000000,0.000000,0.000000
30.000002,29.369267,180.226181,180.483398,1.000000,0.000000,0.000000,0.000000
30.000002,29.419401,180.226181,180.483398,1.000000,0.000000,0.000000,0.000000
30.000002,29.416697,180.226181,180.483398,1.000000,0.000000,0.000000,0.000000
30.000002,29.403828,180.226181,180.483398,1.000000,0.000000,0.000000,0.000000
30.000002,29.427269,180.226181,180.483398,1.000000,0.000000,0.000000,0.000000
30.000002,29.420166,180.226181,180.483398,1.000000,0.000000,0.000000,0.000000
30.000002,29.387899,180.226181,180.483398,1.000000,0.000000,0.000000,0.000000
30.000002,29.411970,180.226181,180.479614,1.000000,0.000000,0.000000,0.000000
30.000002,29.406998,180.226181,180.472839,1.000000,0.000000,0.000000,0.000000
30.000002,29.390633,180.226181,180.483337,1.000000,0.000000,0.000000,0.000000
30.000002,29.411423,180.226181,180.483398,1.000000,0.000000,0.000000,0.000000
30.000002,29.419701,180.226181,180.483398,1.000000,0.000000,0.000000,0.000000
30.000002,29.391779,180.226181,180.483398,1.000000,0.000000,0.000000,0.000000
30.000002,29.387163,180.226181,180.483398,1.000000,0.000000,0.000000,0.000000
30.000002,29.426258,180.226181,180.483398,1.000000,0.000000,0.000000,0.000000
30.000002,29.409155,180.226181,180.483398,1.000000,0.000000,0.000000,0.000000
30.000002,29.405905,180.226181,180.483398,1.000000,0.000000,0.000000,0.000000
30.000002,29.420712,180.226181,180.483398,1.000000,0.000000,0.000000,0.000000
30.000002,29.375824,180.226181,180.483398,1.000000,0.000000,0.000000,0.000000
30.000002,29.411123,180.226181,180.483398,1.000000,0.000000,0.000000,0.000000
30.000002,29.430302,180.226181,180.483398,1.000000,0.000000,0.000000,0.000000
30.000002,29.419210,180.226181,180.483398,1.000000,0.000000,0.000000,0.000000
30.000002,29.402052,180.226181,180.483398,1.000000,0.000000,0.000000,0.000000
30.000002,29.385960,180.226181,180.483398,1.000000,0.000000,0.000000,0.000000
30.000002,29.371754,180.226181,180.483398,1.000000,0.000000,0.000000,0.000000
30.000002,29.372765,180.226181,180.483398,1.000000,0.000000,0.000000,0.000000
30.000002,29.404402,180.226181,180.483398,1.000000,0.000000,0.000000,0.000000
30.000002,29.414101,180.226181,180.483398,1.000000,0.000000,0.000000,0.000000
30.000002,29.389212,180.226181,180.483398,1.000000,0.000000,0.000000,0.000000
30.000002,29.416477,180.226181,180.483398,1.000000,0.000000,0.000000,0.000000
30.000002,29.423471,180.226181,180.483398,1.000000,0.000000,0.000000,0.000000
30.000002,29.406479,180.226181,180.483398,1.000000,0.000000,0.000000,0.000000
30.000002,29.383993,180.226181,180.483398,1.000000,0.000000,0.000000,0.000000
30.000002,29.406752,180.226181,180.483398,1.000000,0.000000,0.000000,0.000000
30.000002,29.391151,180.226181,180.483398,1.000000,0.000000,0.000000,0.000000
30.000002,29.398993,180.226181,180.483398,1.000000,0.000000,0.000000,0.000000
30.000002,29.403172,180.226181,180.483398,1.000000,0.000000,0.000000,0.000000
30.000002,29.392462,180.226181,180.483398,1.000000,0.000000,0.000000,0.000000
30.000002,29.402189,180.226181,180.483398,1.000000,0.000000,0.000000,0.000000
30.000002,29.384348,180.226181,180.483398,1.000000,0.000000,0.000000,0.000000
30.000002,29.377655,180.226181,180.483398,1.000000,0.000000,0.000000,0.000000
30.000002,29.392954,180.226181,180.483398,1.000000,0.000000,0.000000,0.000000
30.000002,29.430603,180.226181,180.483398,1.000000,0.000000,0.000000,0.000000
30.000002,29.407900,180.226181,180.483398,1.000000,0.000000,0.000000,0.000000
30.000002,29.386806,180.226181,180.483398,1.000000,0.000000,0.000000,0.000000
30.000002,29.385551,180.226181,180.483398,1.000000,0.000000,0.000000,0.000000
30.000002,29.392054,180.226181,180.481125,1.000000,0.000000,0.000000,0.000000
30.000002,29.367001,180.226181,180.483398,1.000000,0.000000,0.000000,0.000000
30.000002,29.369404,180.226181,180.483398,1.000000,0.000000,0.000000,0.000000
30.000002,29.337002,180.226181,180.483398,1.000000,0.000000,0.000000,0.000000
30.000002,29.361372,180.226181,180.473282,1.000000,0.000000,0.000000,0.000000
30.000002,29.362902,180.226181,180.483337,1.000000,0.000000,0.000000,0.000000
30.000002,29.339542,180.226181,180.483398,1.000000,0.000000,0.000000,0.000000
30.000002,29.356781,180.226181,180.483398,1.000000,0.000000,0.000000,0.000000
30.000002,29.353039,180.226181,180.483398,1.000000,0.000000,0.000000,0.000000
30.000002,29.337439,180.226181,180.483398,1.000000,0.000000,0.000000,0.000000
30.000002,29.351973,180.226181,180.483398,1.000000,0.000000,0.000000,0.000000
30.000002,29.332603,180.226181,180.483398,1.000000,0.000000,0.000000,0.000000
30.000002,29.353312,180.226181,180.483398,1.000000,0.000000,0.000000,0.000000
30.000002,29.328176,180.226181,180.483398,1.000000,0.000000,0.000000,0.000000
30.000002,29.350170,180.226181,180.483398,1.000000,0.000000,0.000000,0.000000
30.000002,29.344570,180.226181,180.483398,1.000000,0.000000,0.000000,0.000000
30.000002,29.358093,180.226181,180.483398,1.000000,0.000000,0.000000,0.000000
30.000002,29.343887,180.226181,180.483398,1.000000,0.000000,0.000000,0.000000
30.000002,29.362492,180.226181,180.483398,1.000000,0.000000,0.000000,0.000000
30.000002,29.351345,180.226181,180.483398,1.000000,0.000000,0.000000,0.000000
30.000002,29.367001,180.226181,180.482101,1.000000,0.000000,0.000000,0.000000
30.000002,29.343121,180.226181,180.483398,1.000000,0.000000,0.000000,0.000000
30.000002,29.344406,180.226181,180.483398,1.000000,0.000000,0.000000,0.000000
30.000002,29.349051,180.226181,180.483398,1.000000,0.000000,0.000000,0.000000
30.000002,29.345444,180.226181,180.483398,1.000000,0.000000,0.000000,0.000000
30.000002,29.371044,180.226181,180.483398,1.000000,0.000000,0.000000,0.000000
30.000002,29.355307,180.226181,180.483398,1.000000,0.000000,0.000000,0.000000
30.000002,29.333178,180.226181,180.483398,1.000000,0.000000,0.000000,0.000000
30.000002,29.377819,180.226181,180.483398,1.000000,0.000000,0.000000,0.000000
30.000002,29.387682,180.226181,180.483398,1.000000,0.000000,0.000000,0.000000
30.000002,29.433197,180.226181,180.483398,1.000000,0.000000,0.000000,0.000000
30.000002,29.408445,180.226181,180.483398,1.000000,0.000000,0.000000,0.000000
30.000002,29.420849,180.226181,180.483398,1.000000,0.000000,0.000000,0.000000
30.000002,29.386480,180.226181,180.465820,1.000000,0.000000,0.000000,0.000000
30.000002,29.426888,180.226181,180.481949,1.000000,0.000000,0.000000,0.000000
30.000002,29.418036,180.226181,180.483398,1.000000,0.000000,0.000000,0.000000
30.000002,29.420521,180.226181,180.483398,1.000000,0.000000,0.000000,0.000000
30.000002,29.408117,180.226181,180.483398,1.000000,0.000000,0.000000,0.000000
30.000002,29.379923,180.226181,180.483398,1.000000,0.000000,0.000000,0.000000
30.000002,29.382956,180.226181,180.481125,1.000000,0.000000,0.000000,0.000000
30.000002,29.336647,180.226181,180.483398,1.000000,0.000000,0.000000,0.000000
30.000002,29.360170,180.226181,180.445160,1.000000,0.000000,0.000000,0.000000
30.000002,29.364159,180.226181,180.483170,1.000000,0.000000,0.000000,0.000000
30.000002,29.339598,180.226181,180.483398,1.000000,0.000000,0.000000,0.000000
30.000002,29.376261,180.226181,180.483398,1.000000,0.000000,0.000000,0.000000
30.000002,29.343340,180.226181,180.483398,1.000000,0.000000,0.000000,0.000000
30.000002,29.357384,180.226181,180.483398,1.000000,0.000000,0.000000,0.000000
30.000002,29.361507,180.226181,180.483398,1.000000,0.000000,0.000000,0.000000
60.000004,29.370087,180.226181,180.483398,1.000000,0.000000,0.000000,0.000000
60.000004,29.393883,180.226181,180.466537,1.000000,0.000000,0.000000,0.000000
60.000004,29.555458,180.226181,180.480545,1.000000,0.000000,0.000000,0.000000
60.000004,29.802902,180.226181,180.483398,1.000000,0.000000,0.000000,0.000000
60.000004,30.121517,180.226181,180.483398,1.000000,0.000000,0.000000,0.000000
60.000004,30.518980,180.226181,180.483398,1.000000,0.000000,0.000000,0.000000
60.000004,30.938927,180.226181,180.487976,1.000000,0.000000,0.000000,0.000000
60.000004,31.437504,180.226181,180.522797,1.000000,0.000000,0.000000,0.000000
60.000004,32.015800,180.226181,180.525040,1.000000,0.000000,0.000000,0.000000
60.000004,32.677536,180.226181,180.486420,1.000000,0.000000,0.000000,0.000000
60.000004,33.422440,180.226181,180.489380,1.000000,0.000000,0.000000,0.000000
60.000004,34.226734,180.226181,180.495056,1.000000,0.000000,0.000000,0.000000
60.000004,35.069744,180.226181,180.484299,1.000000,0.000000,0.000000,0.000000
60.000004,36.065968,180.226181,180.483414,1.000000,0.000000,0.000000,0.000000
60.000004,37.141476,180.226181,180.483414,1.000000,0.000000,0.000000,0.000000
60.000004,38.219391,180.226181,180.483414,1.000000,0.000000,0.000000,0.000000
60.000004,39.284515,180.226181,180.483414,1.000000,0.000000,0.000000,0.000000
60.000004,40.434174,180.226181,180.483414,1.000000,0.000000,0.000000,0.000000
60.000004,41.864250,180.226181,180.483414,1.000000,0.000000,0.000000,0.000000
60.000004,43.420197,180.226181,180.483414,1.000000,0.000000,0.000000,0.000000
60.000004,44.961060,180.226181,180.483414,1.000000,0.000000,0.000000,0.000000
60.000004,46.623062,180.226181,180.483414,1.000000,0.000000,0.000000,0.000000
60.000004,48.386482,180.226181,180.483414,1.000000,0.000000,0.000000,0.000000
60.000004,50.189434,180.226181,180.483414,1.000000,0.000000,0.000000,0.000000
60.000004,52.155296,180.226181,180.483414,1.000000,0.000000,0.000000,0.000000
60.000004,54.215775,180.226181,180.483414,1.000000,0.000000,0.000000,0.000000
60.000004,56.356030,180.226181,180.484375,1.000000,0.000000,0.000000,0.000000
60.000004,58.313969,180.226181,180.483414,1.000000,0.000000,0.000000,0.000000
60.000004,60.034412,180.226181,180.483109,1.000000,0.000000,0.000000,0.000000
60.000004,61.704750,180.226181,180.465820,1.000000,0.000000,-3.000000,0.000000
60.000004,63.146847,180.226181,180.439606,1.000000,0.000000,-3.000000,0.000000
60.000004,64.583076,180.226181,180.395782,1.000000,0.000000,0.000000,0.000000
60.000004,65.761635,180.226181,180.351837,1.000000,0.000000,4.000000,0.000000
60.000004,66.846268,180.226181,180.351578,1.000000,0.000000,2.000000,0.000000
60.000004,67.755478,180.226181,180.351578,1.000000,0.000000,-5.000000,0.000000
60.000004,68.525650,180.226181,180.351578,1.000000,0.000000,-5.000000,0.000000
60.000004,69.181458,180.226181,180.351578,1.000000,0.000000,0.000000,0.000000
60.000004,69.733612,180.226181,180.351578,1.000000,0.000000,2.000000,0.000000
60.000004,70.181099,180.226181,180.351578,1.000000,0.000000,-3.000000,0.000000
60.000004,70.510254,180.226181,180.351578,1.000000,0.000000,-5.000000,0.000000
60.000004,70.724396,180.226181,180.351578,1.000000,0.000000,0.000000,0.000000
60.000004,70.819443,180.226181,180.351578,1.000000,0.000000,2.000000,0.000000
60.000004,70.787697,180.226181,180.388306,1.000000,0.000000,0.000000,0.000000
60.000004,70.687981,180.226181,180.364792,1.000000,0.000000,-3.000000,0.000000
60.000004,70.537468,180.226181,180.395035,1.000000,0.000000,0.000000,0.000000
60.000004,70.347809,180.226181,180.395508,1.000000,0.000000,0.000000,0.000000
60.000004,70.113533,180.226181,180.395508,1.000000,0.000000,0.000000,0.000000
60.000004,69.826363,180.226181,180.395508,1.000000,0.000000,0.000000,0.000000
60.000004,69.506737,180.226181,180.395508,1.000000,0.000000,0.000000,0.000000
60.000004,69.123863,180.226181,180.395508,1.000000,0.000000,0.000000,0.000000
60.000004,68.736427,180.226181,180.395508,1.000000,0.000000,0.000000,0.000000
60.000004,68.332870,180.226181,180.400085,1.000000,0.000000,0.000000,0.000000
60.000004,67.972870,180.226181,180.420853,1.000000,0.000000,0.000000,0.000000
60.000004,67.589310,180.226181,180.431091,1.000000,0.000000,0.000000,0.000000
60.000004,67.200645,180.226181,180.395920,1.000000,0.000000,0.000000,0.000000
60.000004,66.791763,180.226181,180.395523,1.000000,0.000000,0.000000,0.000000
60.000004,66.372612,180.226181,180.395523,1.000000,0.000000,0.000000,0.000000
60.000004,65.932991,180.226181,180.396881,1.000000,0.000000,0.000000,0.000000
60.000004,65.507332,180.226181,180.395523,1.000000,0.000000,0.000000,0.000000
60.000004,65.070610,180.226181,180.395523,1.000000,0.000000,0.000000,0.000000
60.000004,64.655853,180.226181,180.395523,1.000000,0.000000,0.000000,0.000000
60.000004,64.236458,180.226181,180.395523,1.000000,0.000000,0.000000,0.000000
60.000004,63.823147,180.226181,180.395523,1.000000,0.000000,0.000000,0.000000
60.000004,63.404484,180.226181,180.401840,1.000000,0.000000,0.000000,0.000000
60.000004,62.996258,180.226181,180.427475,1.000000,0.000000,0.000000,0.000000
60.000004,62.571747,180.226181,180.420685,1.000000,0.000000,0.000000,0.000000
60.000004,62.159969,180.226181,180.421768,1.000000,0.000000,0.000000,0.000000
60.000004,61.751469,180.226181,180.428802,1.000000,0.000000,0.000000,0.000000
60.000004,61.381954,180.226181,180.401306,1.000000,0.000000,0.000000,0.000000
60.000004,61.043095,180.226181,180.411438,1.000000,0.000000,0.000000,0.000000
60.000004,60.737022,180.226181,180.434326,1.000000,0.000000,0.000000,0.000000
60.000004,60.470917,180.226181,180.433990,1.000000,0.000000,0.000000,0.000000
60.000004,60.213554,180.226181,180.435791,1.000000,0.000000,0.000000,0.000000
60.000004,59.979416,180.226181,180.439438,1.000000,0.000000,0.000000,0.000000
60.000004,59.565834,180.226181,180.399841,1.000000,0.000000,0.000000,0.000000
60.000004,59.718449,180.226181,180.423676,1.000000,0.000000,0.000000,0.000000
60.000004,60.026844,180.226181,180.456772,1.000000,0.000000,0.000000,0.000000
60.000004,60.077797,180.226181,180.445007,1.000000,0.000000,0.000000,0.000000
60.000004,60.013813,180.226181,180.457077,1.000000,0.000000,0.000000,0.000000
60.000004,59.991764,180.226181,180.483261,1.000000,0.000000,0.000000,0.000000
60.000004,59.988953,180.226181,180.483398,1.000000,0.000000,0.000000,0.000000
60.000004,59.988403,180.226181,180.483398,1.000000,0.000000,0.000000,0.000000
60.000004,60.005287,180.226181,180.439728,1.000000,0.000000,0.000000,0.000000
60.000004,60.056763,180.226181,180.439468,1.000000,0.000000,0.000000,0.000000
60.000004,60.060970,180.226181,180.439468,1.000000,0.000000,0.000000,0.000000
60.000004,60.003895,180.226181,180.439468,1.000000,0.000000,0.000000,0.000000
60.000004,59.905186,180.226181,180.439468,1.000000,0.000000,0.000000,0.000000
60.000004,59.832241,180.226181,180.439468,1.000000,0.000000,0.000000,0.000000
60.000004,59.793770,180.226181,180.439468,1.000000,0.000000,0.000000,0.000000
60.000004,59.802021,180.226181,180.439468,1.000000,0.000000,0.000000,0.000000
60.000004,59.810436,180.226181,180.439468,1.000000,0.000000,0.000000,0.000000
60.000004,59.812103,180.226181,180.439468,1.000000,0.000000,0.000000,0.000000
60.000004,59.812405,180.226181,180.439468,1.000000,0.000000,0.000000,0.000000
60.000004,59.809536,180.226181,180.439468,1.000000,0.000000,0.000000,0.000000
60.000004,59.794399,180.226181,180.457047,1.000000,0.000000,0.000000,0.000000
60.000004,59.808907,180.226181,180.474487,1.000000,0.000000,0.000000,0.000000
60.000004,59.833576,180.226181,180.476578,1.000000,0.000000,0.000000,0.000000
60.000004,59.851936,180.226181,180.459625,1.000000,0.000000,0.000000,0.000000
60.000004,59.852650,180.226181,180.441437,1.000000,0.000000,0.000000,0.000000
60.000004,59.824673,180.226181,180.439468,1.000000,0.000000,0.000000,0.000000
60.000004,59.814892,180.226181,180.440826,1.000000,0.000000,0.000000,0.000000
60.000004,59.812950,180.226181,180.439468,1.000000,0.000000,0.000000,0.000000
60.000004,59.812569,180.226181,180.439468,1.000000,0.000000,0.000000,0.000000
60.000004,59.812569,180.226181,180.439468,1.000000,0.000000,0.000000,0.000000
60.000004,59.812569,180.226181,180.439468,1.000000,0.000000,0.000000,0.000000
60.000004,59.812569,180.226181,180.450012,1.000000,0.000000,0.000000,0.000000
60.000004,59.812569,180.226181,180.439529,1.000000,0.000000,0.000000,0.000000
60.000004,59.812569,180.226181,180.439468,1.000000,0.000000,0.000000,0.000000
60.000004,59.812569,180.226181,180.439468,1.000000,0.000000,0.000000,0.000000
60.000004,59.819153,180.226181,180.440826,1.000000,0.000000,0.000000,0.000000
60.000004,59.813797,180.226181,180.439468,1.000000,0.000000,0.000000,0.000000
60.000004,59.812733,180.226181,180.439468,1.000000,0.000000,0.000000,0.000000
60.000004,59.812569,180.226181,180.439468,1.000000,0.000000,0.000000,0.000000
60.000004,59.812569,180.226181,180.445786,1.000000,0.000000,0.000000,0.000000
60.000004,59.812569,180.226181,180.439499,1.000000,0.000000,0.000000,0.000000
60.000004,59.812569,180.226181,180.439468,1.000000,0.000000,0.000000,0.000000
60.000004,59.812569,180.226181,180.439468,1.000000,0.000000,0.000000,0.000000
60.000004,59.812569,180.226181,180.439468,1.000000,0.000000,0.000000,0.000000
60.000004,59.812569,180.226181,180.439468,1.000000,0.000000,0.000000,0.000000
60.000004,59.812569,180.226181,180.439468,1.000000,0.000000,0.000000,0.000000
60.000004,59.812569,180.226181,180.458893,1.000000,0.000000,0.000000,0.000000
60.000004,59.812569,180.226181,180.439575,1.000000,0.000000,0.000000,0.000000
60.000004,59.812569,180.226181,180.440277,1.000000,0.000000,0.000000,0.000000
60.000004,59.812569,180.226181,180.441315,1.000000,0.000000,0.000000,0.000000
60.000004,59.812569,180.226181,180.439468,1.000000,0.000000,0.000000,0.000000
60.000004,59.812569,180.226181,180.440826,1.000000,0.000000,0.000000,0.000000
60.000004,59.812569,180.226181,180.439468,1.000000,0.000000,0.000000,0.000000
60.000004,59.812569,180.226181,180.439468,1.000000,0.000000,0.000000,0.000000
60.000004,59.812569,180.226181,180.439468,1.000000,0.000000,0.000000,0.000000
60.000004,59.812569,180.226181,180.439468,1.000000,0.000000,0.000000,0.000000
60.000004,59.812569,180.226181,180.439468,1.000000,0.000000,0.000000,0.000000
60.000004,59.812569,180.226181,180.439468,1.000000,0.000000,0.000000,0.000000
60.000004,59.812569,180.226181,180.439468,1.000000,0.000000,0.000000,0.000000
60.000004,59.812569,180.226181,180.439957,1.000000,0.000000,0.000000,0.000000
60.000004,59.812569,180.226181,180.439468,1.000000,0.000000,0.000000,0.000000
60.000004,59.812569,180.226181,180.457047,1.000000,0.000000,0.000000,0.000000
60.000004,59.812569,180.226181,180.439575,1.000000,0.000000,0.000000,0.000000
60.000004,59.812569,180.226181,180.453812,1.000000,0.000000,0.000000,0.000000
60.000004,59.812569,180.226181,180.439545,1.000000,0.000000,0.000000,0.000000
60.000004,59.812569,180.226181,180.439468,1.000000,0.000000,0.000000,0.000000
60.000004,59.812569,180.226181,180.445786,1.000000,0.000000,0.000000,0.000000
60.000004,59.812569,180.226181,180.439499,1.000000,0.000000,0.000000,0.000000
60.000004,59.812569,180.226181,180.439468,1.000000,0.000000,0.000000,0.000000
60.000004,59.812569,180.226181,180.439468,1.000000,0.000000,0.000000,0.000000
60.000004,59.812569,180.226181,180.439636,1.000000,0.000000,0.000000,0.000000
60.000004,59.812569,180.226181,180.439468,1.000000,0.000000,0.000000,0.000000
60.000004,59.812569,180.226181,180.439468,1.000000,0.000000,0.000000,0.000000
60.000004,59.812569,180.226181,180.439468,1.000000,0.000000,0.000000,0.000000
60.000004,59.812569,180.226181,180.439468,1.000000,0.000000,0.000000,0.000000
60.000004,59.812569,180.226181,180.439468,1.000000,0.000000,0.000000,0.000000
60.000004,59.812569,180.226181,180.439468,1.000000,0.000000,0.000000,0.000000
60.000004,59.812569,180.226181,180.439468,1.000000,0.000000,0.000000,0.000000
60.000004,59.812569,180.226181,180.439468,1.000000,0.000000,0.000000,0.000000
60.000004,59.812569,180.226181,180.439468,1.000000,0.000000,0.000000,0.000000
60.000004,59.812569,180.226181,180.439468,1.000000,0.000000,0.000000,0.000000
60.000004,59.812569,180.226181,180.439468,1.000000,0.000000,0.000000,0.000000
60.000004,59.812569,180.226181,180.439468,1.000000,0.000000,0.000000,0.000000
60.000004,59.812569,180.226181,180.439468,1.000000,0.000000,0.000000,0.000000
60.000004,59.812569,180.226181,180.439468,1.000000,0.000000,0.000000,0.000000
60.000004,59.812569,180.226181,180.439957,1.000000,0.000000,0.000000,0.000000
60.000004,59.812569,180.226181,180.439468,1.000000,0.000000,0.000000,0.000000
30.000002,59.869751,180.226181,180.439468,1.000000,0.000000,0.000000,0.000000
30.000002,59.859097,180.226181,180.439941,1.000000,0.000000,0.000000,0.000000
30.000002,59.804699,180.226181,180.439468,1.000000,0.000000,0.000000,0.000000
30.000002,59.721508,180.226181,180.439468,1.000000,0.000000,0.000000,0.000000
30.000002,59.637989,180.226181,180.439468,1.000000,0.000000,0.000000,0.000000
30.000002,59.542313,180.226181,180.439468,1.000000,0.000000,0.000000,0.000000
30.000002,59.432617,180.226181,180.439468,1.000000,0.000000,0.000000,0.000000
30.000002,59.300114,180.226181,180.439468,1.000000,0.000000,0.000000,0.000000
30.000002,59.147282,180.226181,180.439468,1.000000,0.000000,0.000000,0.000000
30.000002,58.991280,180.226181,180.439468,1.000000,0.000000,0.000000,0.000000
30.000002,58.794380,180.226181,180.439468,1.000000,0.000000,0.000000,0.000000
30.000002,58.588024,180.226181,180.439468,1.000000,0.000000,0.000000,0.000000
30.000002,58.367573,180.226181,180.439468,1.000000,0.000000,0.000000,0.000000
30.000002,58.120567,180.226181,180.439468,1.000000,0.000000,0.000000,0.000000
30.000002,57.855556,180.226181,180.439468,1.000000,0.000000,0.000000,0.000000
30.000002,57.569973,180.226181,180.439468,1.000000,0.000000,0.000000,0.000000
30.000002,57.241249,180.226181,180.439468,1.000000,0.000000,0.000000,0.000000
30.000002,56.912716,180.226181,180.439468,1.000000,0.000000,0.000000,0.000000
30.000002,56.597980,180.226181,180.439468,1.000000,0.000000,0.000000,0.000000
30.000002,56.241554,180.226181,180.439468,1.000000,0.000000,0.000000,0.000000
30.000002,55.911438,180.226181,180.439468,1.000000,0.000000,0.000000,0.000000
30.000002,55.559162,180.226181,180.439468,1.000000,0.000000,0.000000,0.000000
30.000002,55.219376,180.226181,180.439468,1.000000,0.000000,0.000000,0.000000
30.000002,54.858440,180.226181,180.439468,1.000000,0.000000,0.000000,0.000000
30.000002,54.499172,180.226181,180.439957,1.000000,0.000000,0.000000,0.000000
30.000002,54.123978,180.226181,180.463364,1.000000,0.000000,0.000000,0.000000
30.000002,53.753262,180.226181,180.439606,1.000000,0.000000,0.000000,0.000000
30.000002,53.333149,180.226181,180.439468,1.000000,0.000000,0.000000,0.000000
30.000002,52.874599,180.226181,180.439468,1.000000,0.000000,0.000000,0.000000
30.000002,52.431210,180.226181,180.439468,1.000000,0.000000,0.000000,0.000000
30.000002,51.944984,180.226181,180.439468,1.000000,0.000000,0.000000,0.000000
30.000002,51.462826,180.226181,180.439468,1.000000,0.000000,0.000000,0.000000
30.000002,50.976326,180.226181,180.439468,1.000000,0.000000,0.000000,0.000000
30.000002,50.495670,180.226181,180.443253,1.000000,0.000000,0.000000,0.000000
30.000002,49.994061,180.226181,180.440155,1.000000,0.000000,0.000000,0.000000
30.000002,49.484447,180.226181,180.457336,1.000000,0.000000,0.000000,0.000000
30.000002,48.949726,180.226181,180.439743,1.000000,0.000000,0.000000,0.000000
30.000002,48.356430,180.226181,180.439468,1.000000,0.000000,0.000000,0.000000
0.000000,47.690895,180.226181,180.439468,1.000000,0.000000,0.000000,0.000000
0.000000,46.985691,180.226181,180.439468,1.000000,0.000000,0.000000,0.000000
0.000000,46.260464,180.226181,180.439468,1.000000,0.000000,0.000000,0.000000
0.000000,45.528648,180.226181,180.439468,1.000000,0.000000,0.000000,0.000000
0.000000,44.798721,180.226181,180.439468,1.000000,0.000000,0.000000,0.000000
0.000000,44.013191,180.226181,180.439468,1.000000,0.000000,0.000000,0.000000
0.000000,43.189281,180.226181,180.439468,1.000000,0.000000,0.000000,0.000000
0.000000,42.337284,180.226181,180.439468,1.000000,0.000000,0.000000,0.000000
0.000000,41.389935,180.226181,180.439468,1.000000,0.000000,0.000000,0.000000
0.000000,40.452316,180.226181,180.439468,1.000000,0.000000,0.000000,0.000000
0.000000,39.547615,180.226181,180.439468,1.000000,0.000000,0.000000,0.000000
0.000000,38.639420,180.226181,180.439468,1.000000,0.000000,0.000000,0.000000
0.000000,37.662266,180.226181,180.439468,1.000000,0.000000,0.000000,0.000000
0.000000,36.593697,180.226181,180.439468,1.000000,0.000000,0.000000,0.000000
0.000000,35.491577,180.226181,180.439468,1.000000,0.000000,0.000000,0.000000
0.000000,34.392597,180.226181,180.439468,1.000000,0.000000,0.000000,0.000000
0.000000,33.244335,180.226181,180.439468,1.000000,0.000000,0.000000,0.000000
0.000000,31.981487,180.226181,180.439468,1.000000,0.000000,0.000000,0.000000
0.000000,30.663479,180.226181,180.439468,1.000000,0.000000,0.000000,0.000000
0.000000,29.306839,180.226181,180.439468,1.000000,0.000000,0.000000,0.000000
0.000000,27.831055,180.226181,180.439468,1.000000,0.000000,0.000000,0.000000
0.000000,26.217327,180.226181,180.439468,1.000000,0.000000,0.000000,0.000000
0.000000,24.571796,180.226181,180.439468,1.000000,0.000000,0.000000,0.000000
0.000000,22.940611,180.226181,180.439468,1.000000,0.000000,0.000000,0.000000
0.000000,21.057199,180.226181,180.439468,1.000000,0.000000,0.000000,0.000000
0.000000,19.150949,180.226181,180.439468,1.000000,0.000000,0.000000,0.000000
0.000000,17.242840,180.226181,180.403076,1.000000,0.000000,0.000000,0.000000
0.000000,15.145370,180.226181,180.395569,1.000000,0.000000,0.000000,0.000000
0.000000,12.940368,180.226181,180.395523,1.000000,0.000000,0.000000,0.000000
0.000000,10.640697,180.226181,180.395523,1.000000,0.000000,0.000000,0.000000
0.000000,8.308624,180.226181,180.395523,1.000000,0.000000,0.000000,0.000000
0.000000,6.124740,180.226181,180.357269,1.000000,0.000000,0.000000,0.000000
0.000000,4.060766,180.226181,180.379730,1.000000,0.000000,0.000000,0.000000
0.000000,2.074875,180.226181,180.395416,1.000000,0.000000,0.000000,0.000000
0.000000,0.054614,180.226181,180.395508,1.000000,0.000000,0.000000,0.000000
0.000000,-1.672577,180.226181,180.413086,1.000000,0.000000,0.000000,0.000000
0.000000,-2.021490,180.226181,180.548386,1.000000,0.000000,-3.000000,-3.000000
0.000000,-1.823169,180.226181,180.797424,1.000000,0.000000,0.000000,0.000000
0.000000,-1.503762,180.226181,180.998932,1.000000,0.000000,2.000000,4.000000
0.000000,-1.078596,180.226181,181.182968,1.000000,0.000000,-7.000000,-7.000000
0.000000,-0.655288,180.226181,181.298370,1.000000,0.000000,-3.000000,-3.000000
0.000000,-0.420166,180.226181,181.442902,1.000000,0.000000,0.000000,0.000000
0.000000,-0.181464,180.226181,181.493668,1.000000,0.000000,0.000000,0.000000
0.000000,-0.063166,180.226181,181.572098,1.000000,0.000000,0.000000,2.000000
0.000000,0.098874,180.226181,181.581985,1.000000,0.000000,0.000000,-3.000000
0.000000,0.268782,180.226181,181.599609,1.000000,0.000000,0.000000,-3.000000
0.000000,0.416040,180.226181,181.591370,1.000000,0.000000,0.000000,0.000000
0.000000,0.473086,180.226181,181.590363,1.000000,0.000000,0.000000,0.000000
0.000000,0.442023,180.226181,181.538895,1.000000,0.000000,-3.000000,-3.000000
0.000000,0.331046,180.226181,181.581604,1.000000,0.000000,0.000000,0.000000
0.000000,0.087317,180.226181,181.496460,1.000000,0.000000,0.000000,0.000000
0.000000,-0.190234,180.226181,181.509552,1.000000,0.000000,0.000000,0.000000
0.000000,-0.448716,180.226181,181.412796,1.000000,0.000000,0.000000,0.000000
0.000000,-0.574665,180.226181,181.406296,1.000000,0.000000,0.000000,0.000000
0.000000,-0.607395,180.226181,181.406281,1.000000,0.000000,0.000000,0.000000
0.000000,-0.605510,180.226181,181.406281,1.000000,0.000000,0.000000,0.000000
0.000000,-0.596166,180.226181,181.406281,1.000000,0.000000,0.000000,0.000000
0.000000,-0.577151,180.226181,181.446793,1.000000,0.000000,0.000000,0.000000
0.000000,-0.539230,180.226181,181.406677,1.000000,0.000000,0.000000,0.000000
0.000000,-0.507674,180.226181,181.449478,1.000000,0.000000,0.000000,0.000000
0.000000,-0.435110,180.226181,181.484665,1.000000,0.000000,0.000000,0.000000
0.000000,-0.367000,180.226181,181.494095,1.000000,0.000000,0.000000,0.000000
0.000000,-0.259902,180.226181,181.537827,1.000000,0.000000,0.000000,0.000000
0.000000,-0.165564,180.226181,181.538086,1.000000,0.000000,0.000000,0.000000
0.000000,-0.104147,180.226181,181.538086,1.000000,0.000000,0.000000,0.000000
0.000000,-0.033222,180.226181,181.538086,1.000000,0.000000,0.000000,0.000000
0.000000,0.052101,180.226181,181.538086,1.000000,0.000000,0.000000,0.000000
0.000000,0.104174,180.226181,181.538086,1.000000,0.000000,0.000000,0.000000
0.000000,0.128735,180.226181,181.538086,1.000000,0.000000,0.000000,0.000000
0.000000,0.136986,180.226181,181.538086,1.000000,0.000000,0.000000,0.000000
0.000000,0.147314,180.226181,181.538086,1.000000,0.000000,0.000000,0.000000
0.000000,0.159744,180.226181,181.538086,1.000000,0.000000,0.000000,0.000000
0.000000,0.139664,180.226181,181.538086,1.000000,0.000000,0.000000,0.000000
0.000000,0.111277,180.226181,181.538086,1.000000,0.000000,0.000000,0.000000
0.000000,0.066745,180.226181,181.538086,1.000000,0.000000,0.000000,0.000000
0.000000,0.029780,180.226181,181.538086,1.000000,0.000000,0.000000,0.000000
0.000000,-0.008770,180.226181,181.538086,1.000000,0.000000,0.000000,0.000000
0.000000,-0.053002,180.226181,181.538086,1.000000,0.000000,0.000000,0.000000
0.000000,-0.078684,180.226181,181.538086,1.000000,0.000000,0.000000,0.000000
0.000000,-0.083711,180.226181,181.538086,1.000000,0.000000,0.000000,0.000000
0.000000,-0.095404,180.226181,181.538086,1.000000,0.000000,0.000000,0.000000
0.000000,-0.101551,180.226181,181.538086,1.000000,0.000000,0.000000,0.000000
0.000000,-0.088246,180.226181,181.538086,1.000000,0.000000,0.000000,0.000000
0.000000,-0.085623,180.226181,181.538086,1.000000,0.000000,0.000000,0.000000
0.000000,-0.085077,180.226181,181.538086,1.000000,0.000000,0.000000,0.000000
0.000000,-0.085050,180.226181,181.538086,1.000000,0.000000,0.000000,0.000000
0.000000,-0.085050,180.226181,181.538086,1.000000,0.000000,0.000000,0.000000
0.000000,-0.086798,180.226181,181.538086,1.000000,0.000000,0.000000,0.000000
0.000000,-0.091934,180.226181,181.538086,1.000000,0.000000,0.000000,0.000000
0.000000,-0.086361,180.226181,181.538086,1.000000,0.000000,0.000000,0.000000
0.000000,-0.085241,180.226181,181.538086,1.000000,0.000000,0.000000,0.000000
0.000000,-0.085050,180.226181,181.538086,1.000000,0.000000,0.000000,0.000000
0.000000,-0.085050,180.226181,181.538086,1.000000,0.000000,0.000000,0.000000
0.000000,-0.085050,180.226181,181.538086,1.000000,0.000000,0.000000,0.000000
0.000000,-0.085050,180.226181,181.538086,1.000000,0.000000,0.000000,0.000000
0.000000,-0.085050,180.226181,181.538086,1.000000,0.000000,0.000000,0.000000
0.000000,-0.085050,180.226181,181.538086,1.000000,0.000000,0.000000,0.000000
0.000000,-0.085050,180.226181,181.538086,1.000000,0.000000,0.000000,0.000000
0.000000,-0.091634,180.226181,181.538086,1.000000,0.000000,0.000000,0.000000
0.000000,-0.086279,180.226181,181.538086,1.000000,0.000000,0.000000,0.000000
0.000000,-0.085241,180.226181,181.538086,1.000000,0.000000,0.000000,0.000000
0.000000,-0.090432,180.226181,181.538086,1.000000,0.000000,0.000000,0.000000
0.000000,-0.086033,180.226181,181.538086,1.000000,0.000000,0.000000,0.000000
0.000000,-0.085159,180.226181,181.538086,1.000000,0.000000,0.000000,0.000000
0.000000,-0.085050,180.226181,181.538086,1.000000,0.000000,0.000000,0.000000
0.000000,-0.085050,180.226181,181.538086,1.000000,0.000000,0.000000,0.000000
0.000000,-0.085050,180.226181,181.538086,1.000000,0.000000,0.000000,0.000000
0.000000,-0.085050,180.226181,181.538086,1.000000,0.000000,0.000000,0.000000
0.000000,-0.091634,180.226181,181.538086,1.000000,0.000000,0.000000,0.000000
0.000000,-0.087809,180.226181,181.538086,1.000000,0.000000,0.000000,0.000000
0.000000,-0.098409,180.226181,181.538086,1.000000,0.000000,0.000000,0.000000
30.000002,-0.070651,180.226181,181.538086,1.000000,0.000000,0.000000,0.000000
30.000002,0.003852,180.226181,181.538086,1.000000,0.000000,0.000000,0.000000
30.000002,0.062865,180.226181,181.538086,1.000000,0.000000,0.000000,0.000000
30.000002,0.160154,180.226181,181.538086,1.000000,0.000000,0.000000,0.000000
30.000002,0.261077,180.226181,181.548645,1.000000,0.000000,0.000000,0.000000
30.000002,0.375988,180.226181,181.538330,1.000000,0.000000,0.000000,0.000000
30.000002,0.476119,180.226181,181.538116,1.000000,0.000000,0.000000,0.000000
30.000002,0.595429,180.226181,181.538116,1.000000,0.000000,0.000000,0.000000
30.000002,0.724792,180.226181,181.538116,1.000000,0.000000,0.000000,0.000000
30.000002,0.873253,180.226181,181.538116,1.000000,0.000000,0.000000,0.000000
30.000002,1.031468,180.226181,181.538116,1.000000,0.000000,0.000000,0.000000
30.000002,1.186049,180.226181,181.538116,1.000000,0.000000,0.000000,0.000000
30.000002,1.339427,180.226181,181.538116,1.000000,0.000000,0.000000,0.000000
30.000002,1.513433,180.226181,181.538116,1.000000,0.000000,0.000000,0.000000
30.000002,1.658042,180.226181,181.538116,1.000000,0.000000,0.000000,0.000000
30.000002,1.802542,180.226181,181.538116,1.000000,0.000000,0.000000,0.000000
30.000002,1.963297,180.226181,181.538116,1.000000,0.000000,0.000000,0.000000
30.000002,2.098535,180.226181,181.538116,1.000000,0.000000,0.000000,0.000000
30.000002,2.239537,180.226181,181.538116,1.000000,0.000000,0.000000,0.000000
30.000002,2.380321,180.226181,181.538116,1.000000,0.000000,0.000000,0.000000
30.000002,2.496352,180.226181,181.538116,1.000000,0.000000,0.000000,0.000000
30.000002,2.605389,180.226181,181.538116,1.000000,0.000000,0.000000,0.000000
30.000002,2.717104,180.226181,181.538116,1.000000,0.000000,0.000000,0.000000
30.000002,2.819010,180.226181,181.538116,1.000000,0.000000,0.000000,0.000000
30.000002,2.912529,180.226181,181.538116,1.000000,0.000000,0.000000,0.000000
30.000002,3.022550,180.226181,181.538116,1.000000,0.000000,0.000000,0.000000
30.000002,3.106534,180.226181,181.538116,1.000000,0.000000,0.000000,0.000000
30.000002,3.182458,180.226181,181.538116,1.000000,0.000000,0.000000,0.000000
30.000002,3.261607,180.226181,181.538116,1.000000,0.000000,0.000000,0.000000
30.000002,3.350836,180.226181,181.538116,1.000000,0.000000,0.000000,0.000000
30.000002,3.432607,180.226181,181.538116,1.000000,0.000000,0.000000,0.000000
30.000002,3.490773,180.226181,181.538116,1.000000,0.000000,0.000000,0.000000
30.000002,3.537027,180.226181,181.538116,1.000000,0.000000,0.000000,0.000000
30.000002,3.616694,180.226181,181.538116,1.000000,0.000000,0.000000,0.000000
30.000002,3.662074,180.226181,181.538116,1.000000,0.000000,0.000000,0.000000
30.000002,3.699340,180.226181,181.538116,1.000000,0.000000,0.000000,0.000000
30.000002,3.758216,180.226181,181.538116,1.000000,0.000000,0.000000,0.000000
30.000002,3.820808,180.226181,181.538116,1.000000,0.000000,0.000000,0.000000
30.000002,3.881378,180.226181,181.538116,1.000000,0.000000,0.000000,0.000000
30.000002,3.939762,180.226181,181.538116,1.000000,0.000000,0.000000,0.000000
30.000002,3.988175,180.226181,181.538116,1.000000,0.000000,0.000000,0.000000
30.000002,4.032216,180.226181,181.538116,1.000000,0.000000,0.000000,-3.000000
30.000002,4.078470,180.226181,181.538116,1.000000,0.000000,0.000000,0.000000
30.000002,4.119260,180.226181,181.538116,1.000000,0.000000,0.000000,0.000000
30.000002,4.176060,180.226181,181.538116,1.000000,0.000000,0.000000,0.000000
30.000002,4.219718,180.226181,181.538116,1.000000,0.000000,0.000000,0.000000
30.000002,4.279086,180.226181,181.538116,1.000000,0.000000,0.000000,0.000000
30.000002,4.320505,180.226181,181.538116,1.000000,0.000000,0.000000,0.000000
30.000002,4.376840,180.226181,181.538116,1.000000,0.000000,0.000000,0.000000
30.000002,4.428695,180.226181,181.538116,1.000000,0.000000,0.000000,0.000000
30.000002,4.470250,180.226181,181.538116,1.000000,0.000000,0.000000,-3.000000
30.000002,4.534727,180.226181,181.538116,1.000000,0.000000,0.000000,0.000000
30.000002,4.593247,180.226181,181.538116,1.000000,0.000000,0.000000,0.000000
30.000002,4.643463,180.226181,181.538116,1.000000,0.000000,0.000000,0.000000
30.000002,4.717967,180.226181,181.538116,1.000000,0.000000,0.000000,0.000000
30.000002,4.783264,180.226181,181.538116,1.000000,0.000000,0.000000,0.000000
30.000002,4.855062,180.226181,181.538116,1.000000,0.000000,0.000000,0.000000
30.000002,4.907436,180.226181,181.538116,1.000000,0.000000,0.000000,0.000000
30.000002,4.969974,180.226181,181.538116,1.000000,0.000000,0.000000,0.000000
30.000002,5.042510,180.226181,181.538116,1.000000,0.000000,0.000000,0.000000
30.000002,5.113599,180.226181,181.538116,1.000000,0.000000,0.000000,0.000000
30.000002,5.171054,180.226181,181.538116,1.000000,0.000000,0.000000,0.000000
30.000002,5.240722,180.226181,181.538116,1.000000,0.000000,0.000000,0.000000
30.000002,5.320062,180.226181,181.538116,1.000000,0.000000,0.000000,0.000000
30.000002,5.399483,180.226181,181.538116,1.000000,0.000000,0.000000,0.000000
30.000002,5.485926,180.226181,181.538116,1.000000,0.000000,0.000000,0.000000
30.000002,5.563326,180.226181,181.538116,1.000000,0.000000,0.000000,0.000000
30.000002,5.651654,180.226181,181.538116,1.000000,0.000000,0.000000,0.000000
30.000002,5.756128,180.226181,181.538116,1.000000,0.000000,0.000000,0.000000
30.000002,5.846587,180.226181,181.538116,1.000000,0.000000,0.000000,0.000000
30.000002,5.936800,180.226181,181.538116,1.000000,0.000000,0.000000,0.000000
30.000002,6.028762,180.226181,181.538116,1.000000,0.000000,0.000000,0.000000
30.000002,6.119330,180.226181,181.538116,1.000000,0.000000,0.000000,0.000000
30.000002,6.200446,180.226181,181.538116,1.000000,0.000000,0.000000,0.000000
30.000002,6.289047,180.226181,181.538116,1.000000,0.000000,0.000000,0.000000
30.000002,6.380981,180.226181,181.538116,1.000000,0.000000,0.000000,0.000000
30.000002,6.463708,180.226181,181.538116,1.000000,0.000000,0.000000,0.000000
30.000002,6.557665,180.226181,181.538116,1.000000,0.000000,0.000000,0.000000
30.000002,6.656648,180.226181,181.538116,1.000000,0.000000,0.000000,0.000000
30.000002,6.751041,180.226181,181.538116,1.000000,0.000000,0.000000,0.000000
30.000002,6.839915,180.226181,181.538116,1.000000,0.000000,0.000000,0.000000
30.000002,6.933899,180.226181,181.538116,1.000000,0.000000,0.000000,0.000000
30.000002,7.030942,180.226181,181.538116,1.000000,0.000000,0.000000,0.000000
30.000002,7.131701,180.226181,181.538116,1.000000,0.000000,0.000000,0.000000
30.000002,7.238853,180.226181,181.538116,1.000000,0.000000,0.000000,0.000000
30.000002,7.343683,180.226181,181.538116,1.000000,0.000000,0.000000,0.000000
30.000002,7.456627,180.226181,181.538116,1.000000,0.000000,0.000000,0.000000
30.000002,7.566456,180.226181,181.538116,1.000000,0.000000,0.000000,0.000000
30.000002,7.677406,180.226181,181.538116,1.000000,0.000000,0.000000,0.000000
30.000002,7.803600,180.226181,181.538116,1.000000,0.000000,0.000000,0.000000
30.000002,7.923948,180.226181,181.538116,1.000000,0.000000,0.000000,0.000000
30.000002,8.048804,180.226181,181.538116,1.000000,0.000000,0.000000,0.000000
30.000002,8.165601,180.226181,181.538116,1.000000,0.000000,0.000000,0.000000
30.000002,8.294473,180.226181,181.538116,1.000000,0.000000,0.000000,0.000000
30.000002,8.441567,180.226181,181.538116,1.000000,0.000000,0.000000,0.000000
30.000002,8.593006,180.226181,181.538116,1.000000,0.000000,0.000000,0.000000
30.000002,8.751631,180.226181,181.538116,1.000000,0.000000,0.000000,0.000000
30.000002,8.894518,180.226181,181.538116,1.000000,0.000000,0.000000,0.000000
30.000002,9.087102,180.226181,181.538116,1.000000,0.000000,0.000000,0.000000
30.000002,9.265261,180.226181,181.538116,1.000000,0.000000,0.000000,0.000000
30.000002,9.452928,180.226181,181.538116,1.000000,0.000000,0.000000,0.000000
30.000002,9.670565,180.226181,181.538116,1.000000,0.000000,0.000000,0.000000
30.000002,9.902409,180.226181,181.538116,1.000000,0.000000,0.000000,0.000000
30.000002,10.126657,180.226181,181.538116,1.000000,0.000000,0.000000,0.000000
30.000002,10.388499,180.226181,181.538116,1.000000,0.000000,0.000000,0.000000
30.000002,10.629332,180.226181,181.538116,1.000000,0.000000,0.000000,0.000000
30.000002,10.897594,180.226181,181.538116,1.000000,0.000000,0.000000,0.000000
30.000002,11.191648,180.226181,181.538116,1.000000,0.000000,0.000000,0.000000
30.000002,11.496274,180.226181,181.538116,1.000000,0.000000,0.000000,0.000000
30.000002,11.818358,180.226181,181.538116,1.000000,0.000000,0.000000,0.000000
30.000002,12.141809,180.226181,181.538116,1.000000,0.000000,0.000000,0.000000
30.000002,12.483810,180.226181,181.538116,1.000000,0.000000,0.000000,0.000000
30.000002,12.853405,180.226181,181.538116,1.000000,0.000000,0.000000,0.000000
30.000002,13.233519,180.226181,181.538116,1.000000,0.000000,0.000000,0.000000
30.000002,13.642210,180.226181,181.538116,1.000000,0.000000,0.000000,0.000000
30.000002,14.048388,180.226181,181.538116,1.000000,0.000000,0.000000,0.000000
30.000002,14.513032,180.226181,181.538116,1.000000,0.000000,0.000000,0.000000
30.000002,15.009095,180.226181,181.538116,1.000000,0.000000,0.000000,0.000000
30.000002,15.507808,180.226181,181.538116,1.000000,0.000000,0.000000,0.000000
30.000002,16.033350,180.226181,181.538116,1.000000,0.000000,0.000000,0.000000
30.000002,16.569275,180.226181,181.538116,1.000000,0.000000,0.000000,0.000000
30.000002,17.135771,180.226181,181.538116,1.000000,0.000000,0.000000,0.000000
30.000002,17.705080,180.226181,181.538116,1.000000,0.000000,0.000000,0.000000
30.000002,18.313049,180.226181,181.538116,1.000000,0.000000,0.000000,0.000000
30.000002,18.956753,180.226181,181.538116,1.000000,0.000000,0.000000,0.000000
30.000002,19.629171,180.226181,181.538116,1.000000,0.000000,0.000000,0.000000
30.000002,20.383333,180.226181,181.538116,1.000000,0.000000,0.000000,0.000000
30.000002,21.222054,180.226181,181.538116,1.000000,0.000000,0.000000,0.000000
30.000002,22.090363,180.226181,181.538116,1.000000,0.000000,0.000000,0.000000
30.000002,22.954380,180.226181,181.538116,1.000000,0.000000,0.000000,0.000000
30.000002,23.785341,180.226181,181.538116,1.000000,0.000000,0.000000,0.000000
30.000002,24.640863,180.226181,181.538116,1.000000,0.000000,0.000000,0.000000
30.000002,25.596872,180.226181,181.538116,1.000000,0.000000,0.000000,0.000000
30.000002,26.686834,180.226181,181.538116,1.000000,0.000000,0.000000,0.000000
30.000002,27.651011,180.226181,181.538895,1.000000,0.000000,0.000000,0.000000
30.000002,28.510767,180.226181,181.538925,1.000000,0.000000,0.000000,0.000000
30.000002,29.159689,180.226181,181.538116,1.000000,0.000000,0.000000,0.000000
30.000002,29.632694,180.226181,181.538116,1.000000,0.000000,0.000000,0.000000
30.000002,29.953768,180.226181,181.538116,1.000000,0.000000,0.000000,0.000000
30.000002,30.222084,180.226181,181.456161,1.000000,0.000000,0.000000,0.000000
30.000002,30.337706,180.226181,181.409714,1.000000,0.000000,0.000000,0.000000
30.000002,30.394917,180.226181,181.345016,1.000000,0.000000,0.000000,0.000000
30.000002,30.444777,180.226181,181.294891,1.000000,0.000000,0.000000,0.000000
30.000002,30.410435,180.226181,181.277222,1.000000,0.000000,0.000000,0.000000
30.000002,30.270689,180.226181,181.256851,1.000000,0.000000,0.000000,-3.000000
30.000002,30.061083,180.226181,181.274323,1.000000,0.000000,0.000000,0.000000
30.000002,29.892378,180.226181,181.274414,1.000000,0.000000,0.000000,0.000000
30.000002,29.668840,180.226181,181.274414,1.000000,0.000000,0.000000,0.000000
30.000002,29.606739,180.226181,181.249619,1.000000,0.000000,0.000000,0.000000
30.000002,29.537563,180.226181,181.233276,1.000000,0.000000,0.000000,0.000000
30.000002,29.474890,180.226181,181.192245,1.000000,0.000000,0.000000,0.000000
30.000002,29.445328,180.226181,181.186554,1.000000,0.000000,0.000000,0.000000
30.000002,29.322741,180.226181,181.191956,1.000000,0.000000,0.000000,0.000000
30.000002,29.346127,180.226181,181.230072,1.000000,0.000000,0.000000,0.000000
30.000002,29.390249,180.226181,181.273666,1.000000,0.000000,0.000000,0.000000
30.000002,29.381397,180.226181,181.312668,1.000000,0.000000,0.000000,0.000000
30.000002,29.362957,180.226181,181.318344,1.000000,0.000000,0.000000,0.000000
30.000002,29.359295,180.226181,181.318359,1.000000,0.000000,0.000000,0.000000
30.000002,29.300938,180.226181,181.318359,1.000000,0.000000,0.000000,0.000000
30.000002,29.322767,180.226181,181.318359,1.000000,0.000000,0.000000,0.000000
30.000002,29.362246,180.226181,181.318359,1.000000,0.000000,0.000000,0.000000
30.000002,29.359159,180.226181,181.323624,1.000000,0.000000,0.000000,0.000000
30.000002,29.341209,180.226181,181.318405,1.000000,0.000000,0.000000,0.000000
30.000002,29.348940,180.226181,181.318390,1.000000,0.000000,0.000000,0.000000
30.000002,29.254930,180.226181,181.323792,1.000000,0.000000,0.000000,0.000000
30.000002,29.375305,180.226181,181.355133,1.000000,0.000000,0.000000,0.000000
30.000002,29.415876,180.226181,181.319565,1.000000,0.000000,0.000000,0.000000
30.000002,29.429674,180.226181,181.361588,1.000000,0.000000,0.000000,0.000000
30.000002,29.438580,180.226181,181.349915,1.000000,0.000000,0.000000,0.000000
30.000002,29.402899,180.226181,181.362228,1.000000,0.000000,0.000000,0.000000
30.000002,29.392763,180.226181,181.362305,1.000000,0.000000,0.000000,0.000000
30.000002,29.373064,180.226181,181.362305,1.000000,0.000000,0.000000,0.000000
30.000002,29.350826,180.226181,181.362305,1.000000,0.000000,0.000000,0.000000
30.000002,29.361481,180.226181,181.362305,1.000000,0.000000,0.000000,0.000000
30.000002,29.373283,180.226181,181.362305,1.000000,0.000000,0.000000,0.000000
30.000002,29.300774,180.226181,181.362305,1.000000,0.000000,0.000000,0.000000
30.000002,29.259109,180.226181,181.362305,1.000000,0.000000,0.000000,0.000000
30.000002,29.383064,180.226181,181.362305,1.000000,0.000000,0.000000,0.000000
30.000002,29.398527,180.226181,181.390427,1.000000,0.000000,0.000000,0.000000
30.000002,29.411970,180.226181,181.363449,1.000000,0.000000,0.000000,0.000000
30.000002,29.415056,180.226181,181.400574,1.000000,0.000000,0.000000,0.000000
30.000002,29.425631,180.226181,181.362732,1.000000,0.000000,0.000000,0.000000
30.000002,29.412325,180.226181,181.376907,1.000000,0.000000,0.000000,0.000000
30.000002,29.370989,180.226181,181.362411,1.000000,0.000000,0.000000,-3.000000
30.000002,29.365961,180.226181,181.377396,1.000000,0.000000,0.000000,0.000000
30.000002,29.372026,180.226181,181.362411,1.000000,0.000000,0.000000,0.000000
30.000002,29.368420,180.226181,181.387451,1.000000,0.000000,0.000000,0.000000
30.000002,29.311293,180.226181,181.362473,1.000000,0.000000,0.000000,-3.000000
30.000002,29.328915,180.226181,181.404205,1.000000,0.000000,0.000000,0.000000
30.000002,29.352602,180.226181,181.362579,1.000000,0.000000,0.000000,0.000000
30.000002,29.344269,180.226181,181.387451,1.000000,0.000000,0.000000,0.000000
30.000002,29.355606,180.226181,181.362473,1.000000,0.000000,0.000000,-3.000000
30.000002,29.341784,180.226181,181.402847,1.000000,0.000000,0.000000,0.000000
30.000002,29.364704,180.226181,181.362732,1.000000,0.000000,0.000000,0.000000
30.000002,29.351427,180.226181,181.396774,1.000000,0.000000,0.000000,0.000000
30.000002,29.351400,180.226181,181.364304,1.000000,0.000000,0.000000,0.000000
30.000002,29.291895,180.226181,181.379898,1.000000,0.000000,0.000000,0.000000
30.000002,29.383202,180.226181,181.371643,1.000000,0.000000,0.000000,0.000000
30.000002,29.402353,180.226181,181.396820,1.000000,0.000000,0.000000,0.000000
30.000002,29.403009,180.226181,181.365677,1.000000,0.000000,0.000000,0.000000
30.000002,29.384785,180.226181,181.400589,1.000000,0.000000,0.000000,0.000000
30.000002,29.405495,180.226181,181.364334,1.000000,0.000000,0.000000,0.000000
30.000002,29.383720,180.226181,181.387466,1.000000,0.000000,0.000000,0.000000
30.000002,29.399620,180.226181,181.362473,1.000000,0.000000,0.000000,0.000000
30.000002,29.404949,180.226181,181.387939,1.000000,0.000000,0.000000,0.000000
30.000002,29.412844,180.226181,181.362473,1.000000,0.000000,0.000000,0.000000
30.000002,29.383255,180.226181,181.371552,1.000000,0.000000,0.000000,0.000000
30.000002,29.381397,180.226181,181.379944,1.000000,0.000000,0.000000,0.000000
30.000002,29.396370,180.226181,181.367859,1.000000,0.000000,0.000000,0.000000
30.000002,29.364979,180.226181,181.379929,1.000000,0.000000,0.000000,0.000000
30.000002,29.393446,180.226181,181.365570,1.000000,0.000000,0.000000,0.000000
30.000002,29.365170,180.226181,181.390457,1.000000,0.000000,0.000000,0.000000
30.000002,29.373993,180.226181,181.364273,1.000000,0.000000,0.000000,0.000000
30.000002,29.362984,180.226181,181.379898,1.000000,0.000000,0.000000,0.000000
30.000002,29.311293,180.226181,181.377991,1.000000,0.000000,0.000000,0.000000
30.000002,29.295036,180.226181,181.362411,1.000000,0.000000,0.000000,0.000000
30.000002,29.353830,180.226181,181.388428,1.000000,0.000000,0.000000,0.000000
30.000002,29.339542,180.226181,181.390594,1.000000,0.000000,0.000000,0.000000
30.000002,29.384541,180.226181,181.367920,1.000000,0.000000,0.000000,0.000000
30.000002,29.356918,180.226181,181.396805,1.000000,0.000000,0.000000,0.000000
30.000002,29.295965,180.226181,181.364304,1.000000,0.000000,0.000000,0.000000
30.000002,29.382792,180.226181,181.400574,1.000000,0.000000,0.000000,0.000000
30.000002,29.386288,180.226181,181.363525,1.000000,0.000000,0.000000,0.000000
30.000002,29.402243,180.226181,181.402847,1.000000,0.000000,0.000000,0.000000
30.000002,29.396669,180.226181,181.362732,1.000000,0.000000,0.000000,0.000000
30.000002,29.395658,180.226181,181.371368,1.000000,0.000000,0.000000,0.000000
30.000002,29.377081,180.226181,181.362366,1.000000,0.000000,0.000000,0.000000
30.000002,29.336208,180.226181,181.367737,1.000000,0.000000,0.000000,0.000000
30.000002,29.348585,180.226181,181.362350,1.000000,0.000000,0.000000,0.000000
30.000002,29.359077,180.226181,181.371353,1.000000,0.000000,0.000000,0.000000
30.000002,29.365498,180.226181,181.362366,1.000000,0.000000,0.000000,0.000000
30.000002,29.356974,180.226181,181.377701,1.000000,0.000000,0.000000,0.000000
30.000002,29.320253,180.226181,181.362411,1.000000,0.000000,0.000000,0.000000
30.000002,29.327330,180.226181,181.405029,1.000000,0.000000,0.000000,0.000000
30.000002,29.363640,180.226181,181.362747,1.000000,0.000000,0.000000,0.000000
30.000002,29.335417,180.226181,181.404205,1.000000,0.000000,0.000000,0.000000
30.000002,29.382381,180.226181,181.363525,1.000000,0.000000,0.000000,0.000000
30.000002,29.382956,180.226181,181.404221,1.000000,0.000000,0.000000,0.000000
30.000002,29.411232,180.226181,181.363525,1.000000,0.000000,0.000000,0.000000
30.000002,29.413799,180.226181,181.405045,1.000000,0.000000,0.000000,0.000000
30.000002,29.408363,180.226181,181.362579,1.000000,0.000000,0.000000,0.000000
30.000002,29.400414,180.226181,181.377701,1.000000,0.000000,0.000000,0.000000
30.000002,29.416231,180.226181,181.379974,1.000000,0.000000,0.000000,0.000000
30.000002,29.385523,180.226181,181.367859,1.000000,0.000000,0.000000,0.000000
30.000002,29.398993,180.226181,181.390472,1.000000,0.000000,0.000000,0.000000
30.000002,29.380333,180.226181,181.364273,1.000000,0.000000,0.000000,0.000000
30.000002,29.381042,180.226181,181.396774,1.000000,0.000000,0.000000,0.000000
30.000002,29.372135,180.226181,181.364304,1.000000,0.000000,0.000000,0.000000
30.000002,29.313560,180.226181,181.396774,1.000000,0.000000,0.000000,0.000000
30.000002,29.335035,180.226181,181.364304,1.000000,0.000000,0.000000,0.000000
30.000002,29.328724,180.226181,181.390457,1.000000,0.000000,0.000000,0.000000
30.000002,29.352547,180.226181,181.365646,1.000000,0.000000,0.000000,0.000000
30.000002,29.287661,180.226181,181.390457,1.000000,0.000000,0.000000,-3.000000
30.000002,29.375004,180.226181,181.367920,1.000000,0.000000,0.000000,0.000000
30.000002,29.430439,180.226181,181.396805,1.000000,0.000000,0.000000,0.000000
30.000002,29.419210,180.226181,181.367950,1.000000,0.000000,0.000000,0.000000
30.000002,29.415630,180.226181,181.400589,1.000000,0.000000,0.000000,0.000000
30.000002,29.430548,180.226181,181.363022,1.000000,0.000000,0.000000,0.000000
30.000002,29.390879,180.226181,181.387955,1.000000,0.000000,0.000000,0.000000
30.000002,29.418446,180.226181,181.362473,1.000000,0.000000,0.000000,0.000000
30.000002,29.406178,180.226181,181.367752,1.000000,0.000000,0.000000,0.000000
30.000002,29.381151,180.226181,181.379929,1.000000,0.000000,0.000000,0.000000
30.000002,29.379211,180.226181,181.365570,1.000000,0.000000,0.000000,0.000000
30.000002,29.392326,180.226181,181.379913,1.000000,0.000000,0.000000,0.000000
30.000002,29.349543,180.226181,181.365570,1.000000,0.000000,0.000000,0.000000
30.000002,29.314653,180.226181,181.379913,1.000000,0.000000,0.000000,0.000000
30.000002,29.390961,180.226181,181.365570,1.000000,0.000000,0.000000,0.000000
30.000002,29.398228,180.226181,181.379913,1.000000,0.000000,0.000000,0.000000
30.000002,29.430849,180.226181,181.371643,1.000000,0.000000,0.000000,0.000000
30.000002,29.415876,180.226181,181.362366,1.000000,0.000000,0.000000,0.000000
30.000002,29.381016,180.226181,181.377869,1.000000,0.000000,0.000000,0.000000
30.000002,29.413145,180.226181,181.362411,1.000000,0.000000,0.000000,0.000000
30.000002,29.381834,180.226181,181.377869,1.000000,0.000000,0.000000,0.000000
30.000002,29.405495,180.226181,181.379974,1.000000,0.000000,0.000000,0.000000
30.000002,29.407379,180.226181,181.371643,1.000000,0.000000,0.000000,0.000000
30.000002,29.374403,180.226181,181.390503,1.000000,0.000000,0.000000,0.000000
30.000002,29.368065,180.226181,181.365646,1.000000,0.000000,0.000000,0.000000
30.000002,29.320335,180.226181,181.390457,1.000000,0.000000,0.000000,0.000000
30.000002,29.338230,180.226181,181.364273,1.000000,0.000000,0.000000,0.000000
30.000002,29.355553,180.226181,181.396774,1.000000,0.000000,0.000000,0.000000
30.000002,29.342083,180.226181,181.363495,1.000000,0.000000,0.000000,0.000000
30.000002,29.325937,180.226181,181.400574,1.000000,0.000000,0.000000,0.000000
30.000002,29.367001,180.226181,181.363022,1.000000,0.000000,0.000000,0.000000
30.000002,29.332767,180.226181,181.404205,1.000000,0.000000,0.000000,0.000000
30.000002,29.359241,180.226181,181.362579,1.000000,0.000000,0.000000,0.000000
30.000002,29.336864,180.226181,181.404205,1.000000,0.000000,0.000000,0.000000
30.000002,29.346209,180.226181,181.362747,1.000000,0.000000,0.000000,0.000000
30.000002,29.384512,180.226181,181.387955,1.000000,0.000000,0.000000,0.000000
30.000002,29.390961,180.226181,181.362473,1.000000,0.000000,0.000000,0.000000
30.000002,29.399593,180.226181,181.367752,1.000000,0.000000,0.000000,0.000000
30.000002,29.433935,180.226181,181.362350,1.000000,0.000000,0.000000,0.000000
30.000002,29.385960,180.226181,181.371552,1.000000,0.000000,0.000000,0.000000
30.000002,29.394894,180.226181,181.379944,1.000000,0.000000,0.000000,0.000000
30.000002,29.422434,180.226181,181.367859,1.000000,0.000000,0.000000,0.000000
30.000002,29.393311,180.226181,181.362350,1.000000,0.000000,0.000000,0.000000
30.000002,29.368393,180.226181,181.371552,1.000000,0.000000,0.000000,0.000000
30.000002,29.358639,180.226181,181.362366,1.000000,0.000000,0.000000,0.000000
30.000002,29.331373,180.226181,181.367737,1.000000,0.000000,0.000000,0.000000
30.000002,29.347685,180.226181,181.362350,1.000000,0.000000,0.000000,0.000000
30.000002,29.318314,180.226181,181.367737,1.000000,0.000000,0.000000,0.000000
30.000002,29.334269,180.226181,181.362350,1.000000,0.000000,0.000000,0.000000
30.000002,29.347164,180.226181,181.371552,1.000000,0.000000,0.000000,0.000000
30.000002,29.367437,180.226181,181.362366,1.000000,0.000000,0.000000,0.000000
30.000002,29.323997,180.226181,181.388245,1.000000,0.000000,0.000000,0.000000
30.000002,29.350088,180.226181,181.362473,1.000000,0.000000,0.000000,0.000000
30.000002,29.325199,180.226181,181.377869,1.000000,0.000000,0.000000,0.000000
30.000002,29.373556,180.226181,181.390533,1.000000,0.000000,0.000000,0.000000
30.000002,29.354759,180.226181,181.367920,1.000000,0.000000,0.000000,0.000000
30.000002,29.375168,180.226181,181.400589,1.000000,0.000000,0.000000,0.000000
30.000002,29.392189,180.226181,181.363525,1.000000,0.000000,0.000000,0.000000
30.000002,29.405495,180.226181,181.387466,1.000000,0.000000,0.000000,0.000000
30.000002,29.387053,180.226181,181.362473,1.000000,0.000000,0.000000,0.000000
30.000002,29.402763,180.226181,181.371353,1.000000,0.000000,0.000000,0.000000
30.000002,29.411123,180.226181,181.362366,1.000000,0.000000,0.000000,0.000000
30.000002,29.399456,180.226181,181.367737,1.000000,0.000000,0.000000,0.000000
30.000002,29.413445,180.226181,181.362350,1.000000,0.000000,0.000000,0.000000
30.000002,29.411259,180.226181,181.367737,1.000000,0.000000,0.000000,0.000000
30.000002,29.381916,180.226181,181.362350,1.000000,0.000000,0.000000,0.000000
30.000002,29.416477,180.226181,181.377701,1.000000,0.000000,0.000000,0.000000
30.000002,29.418854,180.226181,181.362411,1.000000,0.000000,0.000000,0.000000
30.000002,29.393555,180.226181,181.405518,1.000000,0.000000,0.000000,0.000000
30.000002,29.424128,180.226181,181.362579,1.000000,0.000000,0.000000,0.000000
30.000002,29.405603,180.226181,181.404205,1.000000,0.000000,0.000000,0.000000
30.000002,29.426832,180.226181,181.362747,1.000000,0.000000,0.000000,0.000000
30.000002,29.412298,180.226181,181.402847,1.000000,0.000000,0.000000,0.000000
30.000002,29.401070,180.226181,181.363037,1.000000,0.000000,0.000000,0.000000
30.000002,29.383556,180.226181,181.404205,1.000000,0.000000,0.000000,0.000000
30.000002,29.398746,180.226181,181.362747,1.000000,0.000000,0.000000,0.000000
30.000002,29.398119,180.226181,181.402847,1.000000,0.000000,0.000000,0.000000
30.000002,29.389921,180.226181,181.362732,1.000000,0.000000,0.000000,0.000000
30.000002,29.375443,180.226181,181.402847,1.000000,0.000000,0.000000,-3.000000
30.000002,29.380632,180.226181,181.362732,1.000000,0.000000,0.000000,0.000000
30.000002,29.383556,180.226181,181.404205,1.000000,0.000000,0.000000,0.000000
30.000002,29.386316,180.226181,181.362747,1.000000,0.000000,0.000000,0.000000
30.000002,29.405386,180.226181,181.405029,1.000000,0.000000,0.000000,0.000000
30.000002,29.418964,180.226181,181.362579,1.000000,0.000000,0.000000,0.000000
30.000002,29.420740,180.226181,181.405518,1.000000,0.000000,0.000000,0.000000
30.000002,29.435083,180.226181,181.362579,1.000000,0.000000,0.000000,0.000000
30.000002,29.402462,180.226181,181.405518,1.000000,0.000000,0.000000,-3.000000
30.000002,29.395004,180.226181,181.362579,1.000000,0.000000,0.000000,0.000000
30.000002,29.422461,180.226181,181.405029,1.000000,0.000000,0.000000,0.000000
30.000002,29.416260,180.226181,181.362579,1.000000,0.000000,0.000000,0.000000
30.000002,29.386398,180.226181,181.387451,1.000000,0.000000,0.000000,0.000000
30.000002,29.399866,180.226181,181.362473,1.000000,0.000000,0.000000,0.000000
30.000002,29.424101,180.226181,181.404205,1.000000,0.000000,0.000000,0.000000
30.000002,29.414675,180.226181,181.362579,1.000000,0.000000,0.000000,0.000000
30.000002,29.416260,180.226181,181.404205,1.000000,0.000000,0.000000,0.000000
30.000002,29.400959,180.226181,181.362579,1.000000,0.000000,0.000000,0.000000
30.000002,29.392326,180.226181,181.402847,1.000000,0.000000,0.000000,0.000000
30.000002,29.413063,180.226181,181.363037,1.000000,0.000000,0.000000,0.000000
30.000002,29.387491,180.226181,181.402847,1.000000,0.000000,0.000000,0.000000
30.000002,29.395168,180.226181,181.363525,1.000000,0.000000,0.000000,0.000000
30.000002,29.420521,180.226181,181.402847,1.000000,0.000000,0.000000,0.000000
30.000002,29.372709,180.226181,181.363037,1.000000,0.000000,0.000000,0.000000
30.000002,29.369623,180.226181,181.404205,1.000000,0.000000,0.000000,0.000000
30.000002,29.397762,180.226181,181.362747,1.000000,0.000000,0.000000,0.000000
30.000002,29.399374,180.226181,181.405029,1.000000,0.000000,0.000000,0.000000
30.000002,29.404757,180.226181,181.362747,1.000000,0.000000,0.000000,0.000000
30.000002,29.390085,180.226181,181.404205,1.000000,0.000000,0.000000,0.000000
30.000002,29.378803,180.226181,181.362579,1.000000,0.000000,0.000000,0.000000
30.000002,29.379185,180.226181,181.404205,1.000000,0.000000,0.000000,0.000000
30.000002,29.370415,180.226181,181.362579,1.000000,0.000000,0.000000,0.000000
30.000002,29.374239,180.226181,181.402847,1.000000,0.000000,0.000000,0.000000
30.000002,29.373720,180.226181,181.362732,1.000000,0.000000,0.000000,0.000000
30.000002,29.398802,180.226181,181.400558,1.000000,0.000000,0.000000,0.000000
30.000002,29.419756,180.226181,181.363525,1.000000,0.000000,0.000000,0.000000
30.000002,29.447596,180.226181,181.400574,1.000000,0.000000,0.000000,0.000000
30.000002,29.446531,180.226181,181.364334,1.000000,0.000000,0.000000,0.000000
30.000002,29.429756,180.226181,181.400574,1.000000,0.000000,0.000000,0.000000
30.000002,29.427570,180.226181,181.363525,1.000000,0.000000,0.000000,0.000000
30.000002,29.365908,180.226181,181.402847,1.000000,0.000000,0.000000,0.000000
30.000002,29.383366,180.226181,181.363037,1.000000,0.000000,0.000000,0.000000
30.000002,29.433882,180.226181,181.400574,1.000000,0.000000,0.000000,0.000000
30.000002,29.443853,180.226181,181.364334,1.000000,0.000000,0.000000,0.000000
30.000002,29.441530,180.226181,181.400574,1.000000,0.000000,0.000000,0.000000
30.000002,29.399649,180.226181,181.363022,1.000000,0.000000,0.000000,0.000000
30.000002,29.348175,180.226181,181.402847,1.000000,0.000000,0.000000,0.000000
30.000002,29.421396,180.226181,181.362732,1.000000,0.000000,0.000000,0.000000
30.000002,29.406069,180.226181,181.402847,1.000000,0.000000,0.000000,0.000000
30.000002,29.395222,180.226181,181.362732,1.000000,0.000000,0.000000,0.000000
30.000002,29.439672,180.226181,181.402847,1.000000,0.000000,0.000000,0.000000
30.000002,29.422379,180.226181,181.362732,1.000000,0.000000,0.000000,0.000000
30.000002,29.410194,180.226181,181.404205,1.000000,0.000000,0.000000,0.000000
30.000002,29.332029,180.226181,181.362579,1.000000,0.000000,0.000000,0.000000
30.000002,29.379759,180.226181,181.402847,1.000000,0.000000,0.000000,0.000000
30.000002,29.368721,180.226181,181.362732,1.000000,0.000000,0.000000,0.000000
30.000002,29.336864,180.226181,181.402847,1.000000,0.000000,0.000000,0.000000
30.000002,29.375004,180.226181,181.363037,1.000000,0.000000,0.000000,-3.000000
30.000002,29.350990,180.226181,181.396774,1.000000,0.000000,0.000000,0.000000
30.000002,29.308342,180.226181,181.365677,1.000000,0.000000,0.000000,0.000000
30.000002,29.391752,180.226181,181.379913,1.000000,0.000000,0.000000,0.000000
30.000002,29.409237,180.226181,181.367859,1.000000,0.000000,0.000000,0.000000
30.000002,29.411615,180.226181,181.396805,1.000000,0.000000,0.000000,0.000000
30.000002,29.404156,180.226181,181.363495,1.000000,0.000000,0.000000,0.000000
30.000002,29.396479,180.226181,181.405045,1.000000,0.000000,0.000000,0.000000
30.000002,29.368721,180.226181,181.362579,1.000000,0.000000,0.000000,0.000000
30.000002,29.385305,180.226181,181.387451,1.000000,0.000000,0.000000,0.000000
30.000002,29.376097,180.226181,181.362473,1.000000,0.000000,0.000000,0.000000
30.000002,29.412161,180.226181,181.376907,1.000000,0.000000,0.000000,0.000000
30.000002,29.399075,180.226181,181.362411,1.000000,0.000000,0.000000,-3.000000
30.000002,29.414455,180.226181,181.405029,1.000000,0.000000,0.000000,0.000000
30.000002,29.369841,180.226181,181.362579,1.000000,0.000000,0.000000,0.000000
30.000002,29.362764,180.226181,181.404205,1.000000,0.000000,0.000000,0.000000
30.000002,29.302221,180.226181,181.363037,1.000000,0.000000,0.000000,0.000000
30.000002,29.385960,180.226181,181.400574,1.000000,0.000000,0.000000,0.000000
30.000002,29.399019,180.226181,181.363525,1.000000,0.000000,0.000000,0.000000
30.000002,29.426613,180.226181,181.400574,1.000000,0.000000,0.000000,0.000000
30.000002,29.377928,180.226181,181.363022,1.000000,0.000000,0.000000,0.000000
30.000002,29.379595,180.226181,181.400574,1.000000,0.000000,0.000000,0.000000
30.000002,29.342520,180.226181,181.363220,1.000000,0.000000,0.000000,0.000000
30.000002,29.387245,180.226181,181.396774,1.000000,0.000000,0.000000,0.000000
30.000002,29.403719,180.226181,181.363495,1.000000,0.000000,0.000000,0.000000
30.000002,29.401451,180.226181,181.386642,1.000000,0.000000,0.000000,0.000000
30.000002,29.417734,180.226181,181.362473,1.000000,0.000000,0.000000,0.000000
30.000002,29.404293,180.226181,181.387451,1.000000,0.000000,0.000000,0.000000
30.000002,29.410057,180.226181,181.362473,1.000000,0.000000,0.000000,0.000000
30.000002,29.393719,180.226181,181.377396,1.000000,0.000000,0.000000,0.000000
30.000002,29.399321,180.226181,181.362411,1.000000,0.000000,0.000000,0.000000
30.000002,29.419893,180.226181,181.405029,1.000000,0.000000,0.000000,0.000000
30.000002,29.438169,180.226181,181.362579,1.000000,0.000000,0.000000,0.000000
30.000002,29.414619,180.226181,181.402847,1.000000,0.000000,0.000000,0.000000
30.000002,29.419046,180.226181,181.363525,1.000000,0.000000,0.000000,0.000000
30.000002,29.367165,180.226181,181.396774,1.000000,0.000000,0.000000,0.000000
30.000002,29.383255,180.226181,181.364304,1.000000,0.000000,0.000000,0.000000
30.000002,29.388939,180.226181,181.390457,1.000000,0.000000,0.000000,0.000000
30.000002,29.390141,180.226181,181.365646,1.000000,0.000000,0.000000,0.000000
30.000002,29.407188,180.226181,181.379913,1.000000,0.000000,0.000000,0.000000
30.000002,29.396698,180.226181,181.365570,1.000000,0.000000,0.000000,0.000000
30.000002,29.375496,180.226181,181.390457,1.000000,0.000000,0.000000,0.000000
30.000002,29.364241,180.226181,181.363449,1.000000,0.000000,0.000000,0.000000
30.000002,29.276075,180.226181,181.396774,1.000000,0.000000,0.000000,0.000000
30.000002,29.368694,180.226181,181.363495,1.000000,0.000000,0.000000,0.000000
30.000002,29.364050,180.226181,181.396774,1.000000,0.000000,0.000000,0.000000
30.000002,29.359514,180.226181,181.364304,1.000000,0.000000,0.000000,0.000000
30.000002,29.332138,180.226181,181.400574,1.000000,0.000000,0.000000,0.000000
30.000002,29.380304,180.226181,181.364334,1.000000,0.000000,0.000000,0.000000
30.000002,29.366043,180.226181,181.396774,1.000000,0.000000,0.000000,0.000000
30.000002,29.359896,180.226181,181.364304,1.000000,0.000000,0.000000,0.000000
30.000002,29.338203,180.226181,181.390457,1.000000,0.000000,0.000000,0.000000
30.000002,29.365580,180.226181,181.365646,1.000000,0.000000,0.000000,0.000000
30.000002,29.344542,180.226181,181.379913,1.000000,0.000000,0.000000,0.000000
30.000002,29.344788,180.226181,181.367859,1.000000,0.000000,0.000000,0.000000
30.000002,29.322521,180.226181,181.362350,1.000000,0.000000,0.000000,0.000000
30.000002,29.348011,180.226181,181.371353,1.000000,0.000000,0.000000,0.000000
30.000002,29.386862,180.226181,181.362366,1.000000,0.000000,0.000000,0.000000
30.000002,29.426149,180.226181,181.387451,1.000000,0.000000,0.000000,0.000000
30.000002,29.385004,180.226181,181.362473,1.000000,0.000000,0.000000,0.000000
30.000002,29.421804,180.226181,181.377396,1.000000,0.000000,0.000000,0.000000
30.000002,29.371344,180.226181,181.379974,1.000000,0.000000,0.000000,0.000000
30.000002,29.414484,180.226181,181.365585,1.000000,0.000000,0.000000,0.000000
30.000002,29.398119,180.226181,181.379913,1.000000,0.000000,0.000000,0.000000
30.000002,29.416313,180.226181,181.365570,1.000000,0.000000,0.000000,0.000000
30.000002,29.410549,180.226181,181.362335,1.000000,0.000000,0.000000,0.000000
30.000002,29.400194,180.226181,181.371552,1.000000,0.000000,0.000000,0.000000
30.000002,29.378994,180.226181,181.362366,1.000000,0.000000,0.000000,0.000000
30.000002,29.372820,180.226181,181.377396,1.000000,0.000000,0.000000,0.000000
30.000002,29.326756,180.226181,181.362411,1.000000,0.000000,0.000000,0.000000
30.000002,29.350636,180.226181,181.387451,1.000000,0.000000,0.000000,0.000000
30.000002,29.304462,180.226181,181.362473,1.000000,0.000000,0.000000,0.000000
30.000002,29.374268,180.226181,181.402847,1.000000,0.000000,0.000000,0.000000
30.000002,29.389431,180.226181,181.363037,1.000000,0.000000,0.000000,0.000000
30.000002,29.418144,180.226181,181.400574,1.000000,0.000000,0.000000,0.000000
30.000002,29.415604,180.226181,181.363022,1.000000,0.000000,0.000000,0.000000
30.000002,29.405550,180.226181,181.400574,1.000000,0.000000,0.000000,0.000000
30.000002,29.391014,180.226181,181.362732,1.000000,0.000000,0.000000,0.000000
30.000002,29.415112,180.226181,181.369766,1.000000,0.000000,0.000000,0.000000
30.000002,29.408255,180.226181,181.362366,1.000000,0.000000,0.000000,0.000000
30.000002,29.411396,180.226181,181.402847,1.000000,0.000000,0.000000,0.000000
30.000002,29.388939,180.226181,181.362564,1.000000,0.000000,0.000000,0.000000
30.000002,29.411451,180.226181,181.402847,1.000000,0.000000,0.000000,0.000000
30.000002,29.388338,180.226181,181.362732,1.000000,0.000000,0.000000,0.000000
30.000002,29.421286,180.226181,181.400558,1.000000,0.000000,0.000000,0.000000
30.000002,29.406069,180.226181,181.364334,1.000000,0.000000,0.000000,0.000000
30.000002,29.414291,180.226181,181.390457,1.000000,0.000000,0.000000,0.000000
30.000002,29.389566,180.226181,181.365646,1.000000,0.000000,0.000000,0.000000
30.000002,29.399101,180.226181,181.362335,1.000000,0.000000,0.000000,0.000000
30.000002,29.378338,180.226181,181.367737,1.000000,0.000000,0.000000,0.000000
30.000002,29.355553,180.226181,181.362350,1.000000,0.000000,0.000000,0.000000
30.000002,29.345690,180.226181,181.371353,1.000000,0.000000,0.000000,0.000000
30.000002,29.331318,180.226181,181.362366,1.000000,0.000000,0.000000,0.000000
30.000002,29.351482,180.226181,181.371078,1.000000,0.000000,0.000000,0.000000
30.000002,29.366234,180.226181,181.362366,1.000000,0.000000,0.000000,0.000000
30.000002,29.359186,180.226181,181.371353,1.000000,0.000000,0.000000,0.000000
30.000002,29.362465,180.226181,181.379944,1.000000,0.000000,0.000000,0.000000
30.000002,29.342274,180.226181,181.365570,1.000000,0.000000,0.000000,0.000000
30.000002,29.360634,180.226181,181.396774,1.000000,0.000000,0.000000,0.000000
30.000002,29.361891,180.226181,181.364304,1.000000,0.000000,0.000000,0.000000
30.000002,29.325964,180.226181,181.400574,1.000000,0.000000,0.000000,0.000000
30.000002,29.357546,180.226181,181.363022,1.000000,0.000000,0.000000,0.000000
30.000002,29.327303,180.226181,181.400574,1.000000,0.000000,0.000000,0.000000
30.000002,29.352274,180.226181,181.334900,1.000000,0.000000,0.000000,0.000000
30.000002,29.358503,180.226181,181.362152,1.000000,0.000000,0.000000,0.000000
30.000002,29.328505,180.226181,181.362305,1.000000,0.000000,0.000000,0.000000
30.000002,29.368530,180.226181,181.362305,1.000000,0.000000,0.000000,0.000000
30.000002,29.334789,180.226181,181.362305,1.000000,0.000000,0.000000,0.000000
30.000002,29.368065,180.226181,181.362305,1.000000,0.000000,0.000000,0.000000
30.000002,29.354595,180.226181,181.362305,1.000000,0.000000,0.000000,0.000000
30.000002,29.366972,180.226181,181.362305,1.000000,0.000000,0.000000,0.000000
0.000000,29.353804,180.226181,181.362305,1.000000,0.000000,0.000000,0.000000
0.000000,29.318041,180.226181,181.362305,1.000000,0.000000,0.000000,0.000000
0.000000,29.116249,180.226181,181.370010,1.000000,0.000000,0.000000,0.000000
0.000000,28.805859,180.226181,181.362366,1.000000,0.000000,0.000000,0.000000
0.000000,28.411674,180.226181,181.390442,1.000000,0.000000,0.000000,0.000000
0.000000,27.911514,180.226181,181.345398,1.000000,0.000000,0.000000,0.000000
0.000000,27.287590,180.226181,181.360428,1.000000,0.000000,0.000000,0.000000
0.000000,26.579599,180.226181,181.278107,1.000000,0.000000,0.000000,0.000000
0.000000,25.727219,180.226181,181.256866,1.000000,0.000000,0.000000,0.000000
0.000000,24.745722,180.226181,181.202499,1.000000,0.000000,0.000000,0.000000
0.000000,23.652426,180.226181,181.169052,1.000000,0.000000,0.000000,0.000000
0.000000,22.405262,180.226181,181.114624,1.000000,0.000000,0.000000,0.000000
0.000000,21.032639,180.226181,181.081161,1.000000,0.000000,0.000000,0.000000
0.000000,19.567646,180.226181,180.996750,1.000000,0.000000,0.000000,0.000000
0.000000,18.006401,180.226181,180.966980,1.000000,0.000000,0.000000,0.000000
0.000000,16.405760,180.226181,180.906509,1.000000,0.000000,0.000000,0.000000
0.000000,14.697911,180.226181,180.879074,1.000000,0.000000,0.000000,0.000000
0.000000,12.812205,180.226181,180.800797,1.000000,0.000000,0.000000,0.000000
0.000000,10.744817,180.226181,180.730789,1.000000,0.000000,0.000000,0.000000
0.000000,8.613470,180.226181,180.685715,1.000000,0.000000,0.000000,0.000000
0.000000,6.531929,180.226181,180.601242,1.000000,0.000000,0.000000,0.000000
0.000000,4.562539,180.226181,180.487732,1.000000,0.000000,0.000000,0.000000
0.000000,2.701968,180.226181,180.523972,1.000000,0.000000,0.000000,0.000000
0.000000,0.819377,180.226181,180.483826,1.000000,0.000000,0.000000,0.000000
0.000000,-1.031003,180.226181,180.483414,1.000000,0.000000,0.000000,0.000000
0.000000,-2.011463,180.226181,180.483414,1.000000,0.000000,0.000000,0.000000
0.000000,-1.926305,180.226181,180.669342,1.000000,0.000000,0.000000,-5.000000
0.000000,-1.661812,180.226181,180.807388,1.000000,0.000000,4.000000,4.000000
0.000000,-1.306970,180.226181,181.069824,1.000000,0.000000,-3.000000,-3.000000
0.000000,-0.851479,180.226181,181.107285,1.000000,0.000000,-3.000000,-5.000000
0.000000,-0.510297,180.226181,181.220047,1.000000,0.000000,0.000000,-3.000000
0.000000,-0.312058,180.226181,181.315994,1.000000,0.000000,0.000000,0.000000
0.000000,-0.090322,180.226181,181.356613,1.000000,0.000000,0.000000,2.000000
0.000000,0.076908,180.226181,181.400543,1.000000,0.000000,-3.000000,2.000000
0.000000,0.253482,180.226181,181.362732,1.000000,0.000000,-3.000000,-7.000000
0.000000,0.397818,180.226181,181.405029,1.000000,0.000000,0.000000,-3.000000
0.000000,0.515024,180.226181,181.380157,1.000000,0.000000,0.000000,4.000000
0.000000,0.485763,180.226181,181.346146,1.000000,0.000000,0.000000,0.000000
0.000000,0.483113,180.226181,181.336121,1.000000,0.000000,0.000000,0.000000
0.000000,0.328395,180.226181,181.362167,1.000000,0.000000,0.000000,0.000000
0.000000,0.033277,180.226181,181.318634,1.000000,0.000000,0.000000,0.000000
0.000000,-0.235997,180.226181,181.318390,1.000000,0.000000,0.000000,0.000000
0.000000,-0.438061,180.226181,181.274689,1.000000,0.000000,0.000000,0.000000
0.000000,-0.507428,180.226181,181.274445,1.000000,0.000000,0.000000,0.000000
0.000000,-0.521089,180.226181,181.274445,1.000000,0.000000,0.000000,0.000000
0.000000,-0.523766,180.226181,181.274445,1.000000,0.000000,0.000000,0.000000
0.000000,-0.524285,180.226181,181.274445,1.000000,0.000000,0.000000,0.000000
0.000000,-0.473933,180.226181,181.274445,1.000000,0.000000,0.000000,0.000000
0.000000,-0.405358,180.226181,181.312668,1.000000,0.000000,0.000000,0.000000
0.000000,-0.317795,180.226181,181.335907,1.000000,0.000000,0.000000,0.000000
0.000000,-0.214523,180.226181,181.362152,1.000000,0.000000,0.000000,0.000000
0.000000,-0.121331,180.226181,181.362305,1.000000,0.000000,0.000000,0.000000
0.000000,-0.005983,180.226181,181.362305,1.000000,0.000000,0.000000,0.000000
0.000000,0.106660,180.226181,181.362305,1.000000,0.000000,0.000000,0.000000
0.000000,0.227418,180.226181,181.362305,1.000000,0.000000,0.000000,0.000000
0.000000,0.317085,180.226181,181.362305,1.000000,0.000000,0.000000,0.000000
0.000000,0.367382,180.226181,181.362305,1.000000,0.000000,0.000000,0.000000
0.000000,0.372573,180.226181,181.362305,1.000000,0.000000,0.000000,0.000000
0.000000,0.349405,180.226181,181.362305,1.000000,0.000000,0.000000,0.000000
0.000000,0.378119,180.226181,181.362305,1.000000,0.000000,0.000000,0.000000
0.000000,0.359131,180.226181,181.362305,1.000000,0.000000,0.000000,0.000000
0.000000,0.355388,180.226181,181.362305,1.000000,0.000000,0.000000,0.000000
0.000000,0.341373,180.226181,181.362305,1.000000,0.000000,0.000000,0.000000
0.000000,0.318123,180.226181,181.362305,1.000000,0.000000,0.000000,0.000000
0.000000,0.272661,180.226181,181.362305,1.000000,0.000000,0.000000,0.000000
0.000000,0.211490,180.226181,181.362305,1.000000,0.000000,0.000000,0.000000
0.000000,0.155674,180.226181,181.362305,1.000000,0.000000,0.000000,0.000000
0.000000,0.126932,180.226181,181.362305,1.000000,0.000000,0.000000,0.000000
0.000000,0.101579,180.226181,181.362305,1.000000,0.000000,0.000000,0.000000
0.000000,0.104311,180.226181,181.362305,1.000000,0.000000,0.000000,0.000000
0.000000,0.128763,180.226181,181.362305,1.000000,0.000000,0.000000,0.000000
0.000000,0.181410,180.226181,181.373032,1.000000,0.000000,0.000000,0.000000
0.000000,0.204141,180.226181,181.362854,1.000000,0.000000,0.000000,0.000000
0.000000,0.213594,180.226181,181.371078,1.000000,0.000000,0.000000,0.000000
0.000000,0.206463,180.226181,181.394287,1.000000,0.000000,0.000000,0.000000
0.000000,0.180098,180.226181,181.362503,1.000000,0.000000,0.000000,0.000000
0.000000,0.157723,180.226181,181.362335,1.000000,0.000000,0.000000,0.000000
0.000000,0.171137,180.226181,181.362335,1.000000,0.000000,0.000000,0.000000
0.000000,0.170263,180.226181,181.362335,1.000000,0.000000,0.000000,0.000000
0.000000,0.174552,180.226181,181.362335,1.000000,0.000000,0.000000,0.000000
0.000000,0.175399,180.226181,181.362335,1.000000,0.000000,0.000000,0.000000
0.000000,0.168514,180.226181,181.362335,1.000000,0.000000,0.000000,0.000000
0.000000,0.173241,180.226181,181.362335,1.000000,0.000000,0.000000,0.000000
0.000000,0.177640,180.226181,181.362335,1.000000,0.000000,0.000000,0.000000
0.000000,0.162258,180.226181,181.362335,1.000000,0.000000,0.000000,0.000000
0.000000,0.175481,180.226181,181.362335,1.000000,0.000000,0.000000,0.000000
0.000000,0.161548,180.226181,181.362335,1.000000,0.000000,0.000000,0.000000
0.000000,0.150401,180.226181,181.362335,1.000000,0.000000,0.000000,0.000000
0.000000,0.157531,180.226181,181.362335,1.000000,0.000000,0.000000,0.000000
0.000000,0.145346,180.226181,181.362335,1.000000,0.000000,0.000000,0.000000
0.000000,0.141276,180.226181,181.362335,1.000000,0.000000,0.000000,0.000000
0.000000,0.140784,180.226181,181.362335,1.000000,0.000000,0.000000,0.000000
0.000000,0.139937,180.226181,181.362335,1.000000,0.000000,0.000000,0.000000
0.000000,0.154034,180.226181,181.362610,1.000000,0.000000,0.000000,0.000000
0.000000,0.146576,180.226181,181.363678,1.000000,0.000000,0.000000,0.000000
0.000000,0.141849,180.226181,181.362335,1.000000,0.000000,0.000000,0.000000
0.000000,0.142724,180.226181,181.362335,1.000000,0.000000,0.000000,0.000000
0.000000,0.139254,180.226181,181.362335,1.000000,0.000000,0.000000,0.000000
0.000000,0.135620,180.226181,181.362335,1.000000,0.000000,0.000000,0.000000
0.000000,0.133380,180.226181,181.362335,1.000000,0.000000,0.000000,0.000000
0.000000,0.143980,180.226181,181.362335,1.000000,0.000000,0.000000,0.000000
0.000000,0.136576,180.226181,181.362335,1.000000,0.000000,0.000000,0.000000
0.000000,0.135128,180.226181,181.362335,1.000000,0.000000,0.000000,0.000000
0.000000,0.145729,180.226181,181.362335,1.000000,0.000000,0.000000,0.000000
0.000000,0.138434,180.226181,181.362335,1.000000,0.000000,0.000000,0.000000
0.000000,0.135456,180.226181,181.362335,1.000000,0.000000,0.000000,0.000000
0.000000,0.136385,180.226181,181.362335,1.000000,0.000000,0.000000,0.000000
0.000000,0.136877,180.226181,181.362335,1.000000,0.000000,0.000000,0.000000
0.000000,0.135183,180.226181,181.362335,1.000000,0.000000,0.000000,0.000000
0.000000,0.134828,180.226181,181.362335,1.000000,0.000000,0.000000,0.000000
0.000000,0.134828,180.226181,181.362335,1.000000,0.000000,0.000000,0.000000
0.000000,0.134828,180.226181,181.362335,1.000000,0.000000,0.000000,0.000000
0.000000,0.134828,180.226181,181.362335,1.000000,0.000000,0.000000,0.000000
0.000000,0.134828,180.226181,181.362335,1.000000,0.000000,0.000000,0.000000
0.000000,0.141412,180.226181,181.362335,1.000000,0.000000,0.000000,0.000000
0.000000,0.136057,180.226181,181.362335,1.000000,0.000000,0.000000,0.000000
0.000000,0.135019,180.226181,181.362335,1.000000,0.000000,0.000000,0.000000
0.000000,0.134828,180.226181,181.362335,1.000000,0.000000,0.000000,0.000000
0.000000,0.134828,180.226181,181.362335,1.000000,0.000000,0.000000,0.000000
30.000002,0.189087,180.226181,181.362335,1.000000,0.000000,0.000000,0.000000
30.000002,0.249821,180.226181,181.363129,1.000000,0.000000,0.000000,0.000000
30.000002,0.321893,180.226181,181.362335,1.000000,0.000000,0.000000,0.000000
30.000002,0.408445,180.226181,181.362335,1.000000,0.000000,0.000000,0.000000
30.000002,0.498576,180.226181,181.362610,1.000000,0.000000,0.000000,0.000000
30.000002,0.617886,180.226181,181.379898,1.000000,0.000000,0.000000,0.000000
30.000002,0.742114,180.226181,181.362427,1.000000,0.000000,0.000000,0.000000
30.000002,0.871095,180.226181,181.362335,1.000000,0.000000,0.000000,0.000000
30.000002,1.011196,180.226181,181.362335,1.000000,0.000000,0.000000,0.000000
30.000002,1.161870,180.226181,181.362335,1.000000,0.000000,0.000000,0.000000
30.000002,1.317598,180.226181,181.362335,1.000000,0.000000,0.000000,0.000000
30.000002,1.490839,180.226181,181.362335,1.000000,0.000000,0.000000,0.000000
30.000002,1.644491,180.226181,181.362335,1.000000,0.000000,0.000000,0.000000
30.000002,1.800848,180.226181,181.362335,1.000000,0.000000,0.000000,0.000000
30.000002,1.945757,180.226181,181.362335,1.000000,0.000000,0.000000,0.000000
30.000002,2.070012,180.226181,181.362335,1.000000,0.000000,0.000000,0.000000
30.000002,2.213446,180.226181,181.362335,1.000000,0.000000,0.000000,0.000000
30.000002,2.340351,180.226181,181.362335,1.000000,0.000000,0.000000,0.000000
30.000002,2.462475,180.226181,181.362335,1.000000,0.000000,0.000000,0.000000
30.000002,2.571921,180.226181,181.362335,1.000000,0.000000,0.000000,0.000000
30.000002,2.684510,180.226181,181.362335,1.000000,0.000000,0.000000,0.000000
30.000002,2.804339,180.226181,181.362335,1.000000,0.000000,0.000000,0.000000
30.000002,2.882477,180.226181,181.362335,1.000000,0.000000,0.000000,0.000000
30.000002,2.991568,180.226181,181.362335,1.000000,0.000000,0.000000,0.000000
30.000002,3.078913,180.226181,181.362335,1.000000,0.000000,0.000000,0.000000
30.000002,3.160301,180.226181,181.362335,1.000000,0.000000,0.000000,0.000000
30.000002,3.242182,180.226181,181.362335,1.000000,0.000000,0.000000,0.000000
30.000002,3.311604,180.226181,181.362335,1.000000,0.000000,0.000000,0.000000
30.000002,3.389768,180.226181,181.362335,1.000000,0.000000,0.000000,0.000000
30.000002,3.464491,180.226181,181.362335,1.000000,0.000000,0.000000,0.000000
30.000002,3.520088,180.226181,181.362335,1.000000,0.000000,0.000000,0.000000
30.000002,3.569566,180.226181,181.362335,1.000000,0.000000,0.000000,0.000000
30.000002,3.631120,180.226181,181.362335,1.000000,0.000000,0.000000,0.000000
30.000002,3.678576,180.226181,181.362335,1.000000,0.000000,0.000000,0.000000
30.000002,3.712208,180.226181,181.362335,1.000000,0.000000,0.000000,0.000000
30.000002,3.744501,180.226181,181.362335,1.000000,0.000000,0.000000,0.000000
30.000002,3.807776,180.226181,181.362335,1.000000,0.000000,0.000000,0.000000
30.000002,3.856297,180.226181,181.362335,1.000000,0.000000,0.000000,0.000000
30.000002,3.884274,180.226181,181.362335,1.000000,0.000000,0.000000,0.000000
30.000002,3.930801,180.226181,181.362335,1.000000,0.000000,0.000000,0.000000
30.000002,3.976591,180.226181,181.362335,1.000000,0.000000,0.000000,0.000000
30.000002,3.996972,180.226181,181.362335,1.000000,0.000000,0.000000,0.000000
30.000002,4.006562,180.226181,181.362335,1.000000,0.000000,0.000000,0.000000
30.000002,4.029101,180.226181,181.362335,1.000000,0.000000,0.000000,0.000000
30.000002,4.071640,180.226181,181.362335,1.000000,0.000000,0.000000,0.000000
30.000002,4.091311,180.226181,181.362335,1.000000,0.000000,0.000000,0.000000
30.000002,4.100163,180.226181,181.362335,1.000000,0.000000,0.000000,0.000000
30.000002,4.122375,180.226181,181.362335,1.000000,0.000000,0.000000,0.000000
30.000002,4.131527,180.226181,181.362335,1.000000,0.000000,0.000000,0.000000
30.000002,4.163683,180.226181,181.362335,1.000000,0.000000,0.000000,0.000000
30.000002,4.170951,180.226181,181.362335,1.000000,0.000000,0.000000,0.000000
30.000002,4.176387,180.226181,181.362335,1.000000,0.000000,0.000000,0.000000
30.000002,4.187507,180.226181,181.362335,1.000000,0.000000,0.000000,0.000000
30.000002,4.214937,180.226181,181.362335,1.000000,0.000000,0.000000,0.000000
30.000002,4.223789,180.226181,181.362335,1.000000,0.000000,0.000000,0.000000
30.000002,4.242422,180.226181,181.362335,1.000000,0.000000,0.000000,0.000000
30.000002,4.261055,180.226181,181.362335,1.000000,0.000000,0.000000,0.000000
30.000002,4.274715,180.226181,181.362335,1.000000,0.000000,0.000000,0.000000
30.000002,4.301189,180.226181,181.379898,1.000000,0.000000,0.000000,0.000000
30.000002,4.307909,180.226181,181.362427,1.000000,0.000000,0.000000,0.000000
30.000002,4.309221,180.226181,181.362335,1.000000,0.000000,0.000000,0.000000
30.000002,4.309467,180.226181,181.362335,1.000000,0.000000,0.000000,0.000000
30.000002,4.312445,180.226181,181.362335,1.000000,0.000000,0.000000,0.000000
30.000002,4.339984,180.226181,181.362335,1.000000,0.000000,0.000000,0.000000
30.000002,4.349328,180.226181,181.362335,1.000000,0.000000,0.000000,0.000000
30.000002,4.373671,180.226181,181.362335,1.000000,0.000000,0.000000,0.000000
30.000002,4.385064,180.226181,181.362335,1.000000,0.000000,0.000000,0.000000
30.000002,4.400090,180.226181,181.362335,1.000000,0.000000,0.000000,0.000000
30.000002,4.406784,180.226181,181.362335,1.000000,0.000000,0.000000,0.000000
30.000002,4.421782,180.226181,181.362335,1.000000,0.000000,0.000000,0.000000
30.000002,4.437547,180.226181,181.362335,1.000000,0.000000,0.000000,0.000000
30.000002,4.440634,180.226181,181.362335,1.000000,0.000000,0.000000,0.000000
30.000002,4.441235,180.226181,181.362335,1.000000,0.000000,0.000000,0.000000
30.000002,4.441317,180.226181,181.362335,1.000000,0.000000,0.000000,0.000000
30.000002,4.451398,180.226181,181.362335,1.000000,0.000000,0.000000,0.000000
30.000002,4.464813,180.226181,181.362335,1.000000,0.000000,0.000000,0.000000
30.000002,4.478828,180.226181,181.362335,1.000000,0.000000,0.000000,0.000000
30.000002,4.484046,180.226181,181.362335,1.000000,0.000000,0.000000,0.000000
30.000002,4.485085,180.226181,181.362335,1.000000,0.000000,0.000000,0.000000
30.000002,4.485249,180.226181,181.362335,1.000000,0.000000,0.000000,0.000000
30.000002,4.491860,180.226181,181.362335,1.000000,0.000000,0.000000,0.000000
30.000002,4.512651,180.226181,181.362335,1.000000,0.000000,0.000000,0.000000
30.000002,4.511094,180.226181,181.362335,1.000000,0.000000,0.000000,0.000000
30.000002,4.529754,180.226181,181.362335,1.000000,0.000000,0.000000,0.000000
30.000002,4.532705,180.226181,181.362335,1.000000,0.000000,0.000000,0.000000
30.000002,4.562321,180.226181,181.362335,1.000000,0.000000,0.000000,0.000000
30.000002,4.569561,180.226181,181.362335,1.000000,0.000000,0.000000,0.000000
30.000002,4.572511,180.226181,181.362335,1.000000,0.000000,0.000000,0.000000
30.000002,4.573085,180.226181,181.362335,1.000000,0.000000,0.000000,0.000000
30.000002,4.581336,180.226181,181.362335,1.000000,0.000000,0.000000,0.000000
30.000002,4.603302,180.226181,181.362335,1.000000,0.000000,0.000000,0.000000
30.000002,4.600078,180.226181,181.362335,1.000000,0.000000,0.000000,0.000000
30.000002,4.613847,180.226181,181.362335,1.000000,0.000000,0.000000,0.000000
30.000002,4.618656,180.226181,181.362335,1.000000,0.000000,0.000000,0.000000
30.000002,4.631305,180.226181,181.362335,1.000000,0.000000,0.000000,0.000000
30.000002,4.634311,180.226181,181.362335,1.000000,0.000000,0.000000,0.000000
30.000002,4.652889,180.226181,181.362335,1.000000,0.000000,0.000000,0.000000
30.000002,4.659501,180.226181,181.362335,1.000000,0.000000,0.000000,0.000000
30.000002,4.660785,180.226181,181.362335,1.000000,0.000000,0.000000,0.000000
30.000002,4.661030,180.226181,181.362335,1.000000,0.000000,0.000000,0.000000
30.000002,4.670156,180.226181,181.362335,1.000000,0.000000,0.000000,0.000000
30.000002,4.696411,180.226181,181.362335,1.000000,0.000000,0.000000,0.000000
30.000002,4.698596,180.226181,181.362335,1.000000,0.000000,0.000000,0.000000
30.000002,4.703787,180.226181,181.362335,1.000000,0.000000,0.000000,0.000000
30.000002,4.704825,180.226181,181.362335,1.000000,0.000000,0.000000,0.000000
30.000002,4.715372,180.226181,181.362335,1.000000,0.000000,0.000000,0.000000
30.000002,4.734032,180.226181,181.362335,1.000000,0.000000,0.000000,0.000000
30.000002,4.754795,180.226181,181.362335,1.000000,0.000000,0.000000,0.000000
30.000002,4.756735,180.226181,181.362335,1.000000,0.000000,0.000000,0.000000
30.000002,4.778892,180.226181,181.362335,1.000000,0.000000,0.000000,0.000000
30.000002,4.788072,180.226181,181.362335,1.000000,0.000000,0.000000,0.000000
30.000002,4.789875,180.226181,181.362335,1.000000,0.000000,0.000000,0.000000
30.000002,4.792361,180.226181,181.362335,1.000000,0.000000,0.000000,0.000000
30.000002,4.792826,180.226181,181.362335,1.000000,0.000000,0.000000,0.000000
30.000002,4.792881,180.226181,181.362335,1.000000,0.000000,0.000000,0.000000
30.000002,4.792881,180.226181,181.362335,1.000000,0.000000,0.000000,0.000000
30.000002,4.807142,180.226181,181.362335,1.000000,0.000000,0.000000,0.000000
30.000002,4.820611,180.226181,181.362335,1.000000,0.000000,0.000000,0.000000
30.000002,4.819627,180.226181,181.362335,1.000000,0.000000,0.000000,0.000000
30.000002,4.836047,180.226181,181.362335,1.000000,0.000000,0.000000,0.000000
30.000002,4.836703,180.226181,181.362335,1.000000,0.000000,0.000000,0.000000
30.000002,4.850145,180.226181,181.362335,1.000000,0.000000,0.000000,0.000000
30.000002,4.855145,180.226181,181.362335,1.000000,0.000000,0.000000,0.000000
30.000002,4.875799,180.226181,181.362335,1.000000,0.000000,0.000000,0.000000
30.000002,4.870116,180.226181,181.362335,1.000000,0.000000,0.000000,0.000000
30.000002,4.875799,180.226181,181.362335,1.000000,0.000000,0.000000,0.000000
30.000002,4.879842,180.226181,181.362335,1.000000,0.000000,0.000000,0.000000
30.000002,4.880662,180.226181,181.362335,1.000000,0.000000,0.000000,0.000000
30.000002,4.887383,180.226181,181.362335,1.000000,0.000000,0.000000,0.000000
30.000002,4.882137,180.226181,181.362335,1.000000,0.000000,0.000000,0.000000
30.000002,4.885880,180.226181,181.362335,1.000000,0.000000,0.000000,0.000000
30.000002,4.892519,180.226181,181.362335,1.000000,0.000000,0.000000,0.000000
30.000002,4.893831,180.226181,181.362335,1.000000,0.000000,0.000000,0.000000
30.000002,4.897738,180.226181,181.362335,1.000000,0.000000,0.000000,0.000000
30.000002,4.917682,180.226181,181.362335,1.000000,0.000000,0.000000,0.000000
30.000002,4.921288,180.226181,181.362335,1.000000,0.000000,0.000000,0.000000
30.000002,4.918501,180.226181,181.362335,1.000000,0.000000,0.000000,0.000000
30.000002,4.921752,180.226181,181.362335,1.000000,0.000000,0.000000,0.000000
30.000002,4.917600,180.226181,181.362335,1.000000,0.000000,0.000000,0.000000
30.000002,4.923392,180.226181,181.362335,1.000000,0.000000,0.000000,0.000000
30.000002,4.924512,180.226181,181.362335,1.000000,0.000000,0.000000,0.000000
30.000002,4.922626,180.226181,181.362335,1.000000,0.000000,0.000000,0.000000
30.000002,4.924348,180.226181,181.362335,1.000000,0.000000,0.000000,0.000000
30.000002,4.924703,180.226181,181.362335,1.000000,0.000000,0.000000,0.000000
30.000002,4.924703,180.226181,181.362335,1.000000,0.000000,0.000000,0.000000
30.000002,4.924703,180.226181,181.362335,1.000000,0.000000,0.000000,0.000000
30.000002,4.932435,180.226181,181.362335,1.000000,0.000000,0.000000,0.000000
30.000002,4.932653,180.226181,181.362335,1.000000,0.000000,0.000000,0.000000
30.000002,4.934293,180.226181,181.362335,1.000000,0.000000,0.000000,0.000000
30.000002,4.936287,180.226181,181.362335,1.000000,0.000000,0.000000,0.000000
30.000002,4.950357,180.226181,181.362335,1.000000,0.000000,0.000000,0.000000
30.000002,4.949947,180.226181,181.362335,1.000000,0.000000,0.000000,0.000000
30.000002,4.955986,180.226181,181.362335,1.000000,0.000000,0.000000,0.000000
30.000002,4.960766,180.226181,181.362335,1.000000,0.000000,0.000000,0.000000
30.000002,4.963745,180.226181,181.362335,1.000000,0.000000,0.000000,0.000000
30.000002,4.957215,180.226181,181.362335,1.000000,0.000000,0.000000,0.000000
30.000002,4.960930,180.226181,181.362335,1.000000,0.000000,0.000000,0.000000
30.000002,4.967214,180.226181,181.362335,1.000000,0.000000,0.000000,0.000000
30.000002,4.965957,180.226181,181.362335,1.000000,0.000000,0.000000,0.000000
30.000002,4.961586,180.226181,181.362335,1.000000,0.000000,0.000000,0.000000
30.000002,4.967351,180.226181,181.362335,1.000000,0.000000,0.000000,0.000000
30.000002,4.970302,180.226181,181.362335,1.000000,0.000000,0.000000,0.000000
30.000002,4.969045,180.226181,181.362335,1.000000,0.000000,0.000000,0.000000
30.000002,4.968826,180.226181,181.362335,1.000000,0.000000,0.000000,0.000000
30.000002,4.968826,180.226181,181.362335,1.000000,0.000000,0.000000,0.000000
30.000002,4.970547,180.226181,181.362335,1.000000,0.000000,0.000000,0.000000
30.000002,4.974700,180.226181,181.362335,1.000000,0.000000,0.000000,0.000000
30.000002,4.974700,180.226181,181.362335,1.000000,0.000000,0.000000,0.000000
30.000002,4.982896,180.226181,181.362335,1.000000,0.000000,0.000000,0.000000
30.000002,4.975957,180.226181,181.362335,1.000000,0.000000,0.000000,0.000000
30.000002,4.990491,180.226181,181.362335,1.000000,0.000000,0.000000,0.000000
30.000002,4.995273,180.226181,181.362335,1.000000,0.000000,0.000000,0.000000
30.000002,5.000764,180.226181,181.362335,1.000000,0.000000,0.000000,0.000000
30.000002,4.998688,180.226181,181.362335,1.000000,0.000000,0.000000,0.000000
30.000002,5.007020,180.226181,181.362335,1.000000,0.000000,0.000000,0.000000
30.000002,5.007485,180.226181,181.362335,1.000000,0.000000,0.000000,0.000000
30.000002,5.011665,180.226181,181.362335,1.000000,0.000000,0.000000,0.000000
30.000002,5.012457,180.226181,181.362335,1.000000,0.000000,0.000000,0.000000
30.000002,5.002321,180.226181,181.362335,1.000000,0.000000,0.000000,0.000000
30.000002,5.010627,180.226181,181.362335,1.000000,0.000000,0.000000,0.000000
30.000002,5.005709,180.226181,181.362335,1.000000,0.000000,0.000000,0.000000
30.000002,5.008387,180.226181,181.362335,1.000000,0.000000,0.000000,0.000000
30.000002,5.011829,180.226181,181.362335,1.000000,0.000000,0.000000,0.000000
30.000002,5.012485,180.226181,181.362335,1.000000,0.000000,0.000000,0.000000
30.000002,5.006010,180.226181,181.362335,1.000000,0.000000,0.000000,0.000000
30.000002,5.009835,180.226181,181.362335,1.000000,0.000000,0.000000,0.000000
30.000002,5.012129,180.226181,181.362335,1.000000,0.000000,0.000000,0.000000
30.000002,5.012567,180.226181,181.362335,1.000000,0.000000,0.000000,0.000000
30.000002,5.012594,180.226181,181.362335,1.000000,0.000000,0.000000,0.000000
30.000002,5.012594,180.226181,181.362335,1.000000,0.000000,0.000000,0.000000
30.000002,5.012594,180.226181,181.362335,1.000000,0.000000,0.000000,0.000000
30.000002,5.012594,180.226181,181.362335,1.000000,0.000000,0.000000,0.000000
30.000002,5.012594,180.226181,181.362335,1.000000,0.000000,0.000000,0.000000
30.000002,5.012594,180.226181,181.362335,1.000000,0.000000,0.000000,0.000000
30.000002,5.012594,180.226181,181.362335,1.000000,0.000000,0.000000,0.000000
30.000002,5.016692,180.226181,181.362335,1.000000,0.000000,0.000000,0.000000
30.000002,5.016391,180.226181,181.362335,1.000000,0.000000,0.000000,0.000000
30.000002,5.018167,180.226181,181.362335,1.000000,0.000000,0.000000,0.000000
30.000002,5.026719,180.226181,181.362335,1.000000,0.000000,0.000000,0.000000
30.000002,5.031309,180.226181,181.362335,1.000000,0.000000,0.000000,0.000000
30.000002,5.022703,180.226181,181.362335,1.000000,0.000000,0.000000,0.000000
30.000002,5.033358,180.226181,181.362335,1.000000,0.000000,0.000000,0.000000
30.000002,5.032866,180.226181,181.362335,1.000000,0.000000,0.000000,0.000000
30.000002,5.018796,180.226181,181.362335,1.000000,0.000000,0.000000,0.000000
30.000002,5.033795,180.226181,181.362335,1.000000,0.000000,0.000000,0.000000
30.000002,5.041554,180.226181,181.362335,1.000000,0.000000,0.000000,0.000000
30.000002,5.036718,180.226181,181.362335,1.000000,0.000000,0.000000,0.000000
30.000002,5.026254,180.226181,181.362335,1.000000,0.000000,0.000000,0.000000
30.000002,5.046718,180.226181,181.362335,1.000000,0.000000,0.000000,0.000000
30.000002,5.045187,180.226181,181.362335,1.000000,0.000000,0.000000,0.000000
30.000002,5.045269,180.226181,181.362335,1.000000,0.000000,0.000000,0.000000
30.000002,5.039587,180.226181,181.362335,1.000000,0.000000,0.000000,0.000000
30.000002,5.046909,180.226181,181.362335,1.000000,0.000000,0.000000,0.000000
30.000002,5.045652,180.226181,181.362335,1.000000,0.000000,0.000000,0.000000
30.000002,5.038685,180.226181,181.362335,1.000000,0.000000,0.000000,0.000000
30.000002,5.043056,180.226181,181.362335,1.000000,0.000000,0.000000,0.000000
30.000002,5.039641,180.226181,181.362335,1.000000,0.000000,0.000000,0.000000
30.000002,5.047674,180.226181,181.362335,1.000000,0.000000,0.000000,0.000000
30.000002,5.049887,180.226181,181.362335,1.000000,0.000000,0.000000,0.000000
30.000002,5.049723,180.226181,181.362335,1.000000,0.000000,0.000000,0.000000
30.000002,5.049641,180.226181,181.362335,1.000000,0.000000,0.000000,0.000000
30.000002,5.044887,180.226181,181.362335,1.000000,0.000000,0.000000,0.000000
30.000002,5.057236,180.226181,181.362335,1.000000,0.000000,0.000000,0.000000
30.000002,5.054996,180.226181,181.362335,1.000000,0.000000,0.000000,0.000000
30.000002,5.060651,180.226181,181.362335,1.000000,0.000000,0.000000,0.000000
30.000002,5.055924,180.226181,181.362335,1.000000,0.000000,0.000000,0.000000
30.000002,5.062099,180.226181,181.362335,1.000000,0.000000,0.000000,0.000000
30.000002,5.063957,180.226181,181.362335,1.000000,0.000000,0.000000,0.000000
30.000002,5.058083,180.226181,181.362335,1.000000,0.000000,0.000000,0.000000
30.000002,5.072864,180.226181,181.362335,1.000000,0.000000,0.000000,0.000000
30.000002,5.095103,180.226181,181.362335,1.000000,0.000000,0.000000,0.000000
30.000002,5.128980,180.226181,181.390442,1.000000,0.000000,0.000000,0.000000
30.000002,5.185616,180.226181,181.362671,1.000000,0.000000,0.000000,0.000000
30.000002,5.272114,180.226181,181.362488,1.000000,0.000000,0.000000,-3.000000
30.000002,5.384156,180.226181,181.363678,1.000000,0.000000,0.000000,0.000000
30.000002,5.510679,180.226181,181.362335,1.000000,0.000000,0.000000,0.000000
30.000002,5.682717,180.226181,181.362335,1.000000,0.000000,0.000000,0.000000
30.000002,5.878225,180.226181,181.362610,1.000000,0.000000,0.000000,0.000000
30.000002,6.109385,180.226181,181.362335,1.000000,0.000000,0.000000,0.000000
30.000002,6.361420,180.226181,181.362335,1.000000,0.000000,0.000000,0.000000
30.000002,6.629382,180.226181,181.362335,1.000000,0.000000,0.000000,0.000000
30.000002,6.923954,180.226181,181.362335,1.000000,0.000000,0.000000,0.000000
30.000002,7.244181,180.226181,181.362335,1.000000,0.000000,0.000000,0.000000
30.000002,7.584379,180.226181,181.362335,1.000000,0.000000,0.000000,0.000000
30.000002,7.954548,180.226181,181.362335,1.000000,0.000000,0.000000,0.000000
30.000002,8.337174,180.226181,181.362335,1.000000,0.000000,0.000000,0.000000
30.000002,8.746932,180.226181,181.362335,1.000000,0.000000,0.000000,0.000000
30.000002,9.187179,180.226181,181.362335,1.000000,0.000000,0.000000,0.000000
30.000002,9.661767,180.226181,181.362335,1.000000,0.000000,0.000000,0.000000
30.000002,10.172584,180.226181,181.362335,1.000000,0.000000,0.000000,0.000000
30.000002,10.689547,180.226181,181.362335,1.000000,0.000000,0.000000,0.000000
30.000002,11.246398,180.226181,181.362335,1.000000,0.000000,0.000000,0.000000
30.000002,11.836499,180.226181,181.362335,1.000000,0.000000,0.000000,0.000000
30.000002,12.417066,180.226181,181.362335,1.000000,0.000000,0.000000,0.000000
30.000002,13.026264,180.226181,181.362335,1.000000,0.000000,0.000000,0.000000
30.000002,13.651663,180.226181,181.362335,1.000000,0.000000,0.000000,0.000000
30.000002,14.282227,180.226181,181.362335,1.000000,0.000000,0.000000,0.000000
30.000002,14.932351,180.226181,181.372864,1.000000,0.000000,0.000000,0.000000
30.000002,15.606764,180.226181,181.362381,1.000000,0.000000,0.000000,0.000000
30.000002,16.318251,180.226181,181.379898,1.000000,0.000000,0.000000,0.000000
30.000002,16.971081,180.226181,181.362427,1.000000,0.000000,0.000000,0.000000
30.000002,17.627188,180.226181,181.362335,1.000000,0.000000,0.000000,0.000000
30.000002,18.297066,180.226181,181.368637,1.000000,0.000000,0.000000,0.000000
30.000002,18.976698,180.226181,181.362350,1.000000,0.000000,0.000000,0.000000
30.000002,19.690971,180.226181,181.363678,1.000000,0.000000,0.000000,0.000000
30.000002,20.457891,180.226181,181.362335,1.000000,0.000000,0.000000,0.000000
30.000002,21.267761,180.226181,181.362335,1.000000,0.000000,0.000000,0.000000
30.000002,22.106482,180.226181,181.362335,1.000000,0.000000,0.000000,0.000000
30.000002,22.919601,180.226181,181.362335,1.000000,0.000000,0.000000,0.000000
30.000002,23.669283,180.226181,181.383698,1.000000,0.000000,0.000000,0.000000
30.000002,24.413446,180.226181,181.379318,1.000000,0.000000,0.000000,0.000000
30.000002,25.210201,180.226181,181.362427,1.000000,0.000000,0.000000,0.000000
30.000002,26.083345,180.226181,181.364990,1.000000,0.000000,0.000000,0.000000
30.000002,27.040720,180.226181,181.370850,1.000000,0.000000,0.000000,0.000000
30.000002,27.837557,180.226181,181.385315,1.000000,0.000000,0.000000,0.000000
30.000002,28.473255,180.226181,181.362457,1.000000,0.000000,0.000000,0.000000
30.000002,29.037348,180.226181,181.362335,1.000000,0.000000,0.000000,0.000000
30.000002,29.557316,180.226181,181.362335,1.000000,0.000000,0.000000,0.000000
30.000002,29.841698,180.226181,181.362335,1.000000,0.000000,0.000000,0.000000
30.000002,30.092857,180.226181,181.327866,1.000000,0.000000,0.000000,0.000000
30.000002,30.294949,180.226181,181.318420,1.000000,0.000000,0.000000,0.000000
30.000002,30.350903,180.226181,181.262543,1.000000,0.000000,0.000000,0.000000
30.000002,30.372129,180.226181,181.146927,1.000000,0.000000,0.000000,0.000000
30.000002,30.376556,180.226181,181.139938,1.000000,0.000000,0.000000,0.000000
30.000002,30.341093,180.226181,181.104324,1.000000,0.000000,0.000000,0.000000
30.000002,30.265661,180.226181,181.027832,1.000000,0.000000,0.000000,0.000000
30.000002,30.184710,180.226181,181.010864,1.000000,0.000000,0.000000,0.000000
30.000002,30.100071,180.226181,180.949493,1.000000,0.000000,0.000000,0.000000
30.000002,30.010895,180.226181,180.941071,1.000000,0.000000,0.000000,0.000000
30.000002,29.916447,180.226181,180.923447,1.000000,0.000000,0.000000,0.000000
30.000002,29.820061,180.226181,180.922882,1.000000,0.000000,0.000000,0.000000
30.000002,29.707554,180.226181,180.888412,1.000000,0.000000,0.000000,0.000000
30.000002,29.621958,180.226181,180.878967,1.000000,0.000000,0.000000,0.000000
30.000002,29.487839,180.226181,180.878937,1.000000,0.000000,0.000000,0.000000
30.000002,29.488222,180.226181,180.878937,1.000000,0.000000,0.000000,0.000000
30.000002,29.465408,180.226181,180.878937,1.000000,0.000000,0.000000,0.000000
30.000002,29.399183,180.226181,180.878937,1.000000,0.000000,0.000000,0.000000
30.000002,29.418472,180.226181,180.878937,1.000000,0.000000,0.000000,0.000000
30.000002,29.446367,180.226181,180.878937,1.000000,0.000000,0.000000,0.000000
30.000002,29.446367,180.226181,180.878937,1.000000,0.000000,0.000000,0.000000
30.000002,29.446367,180.226181,180.878937,1.000000,0.000000,0.000000,0.000000
30.000002,29.415276,180.226181,180.878937,1.000000,0.000000,0.000000,0.000000
30.000002,29.411997,180.226181,180.879715,1.000000,0.000000,0.000000,0.000000
30.000002,29.408964,180.226181,180.891327,1.000000,0.000000,0.000000,0.000000
30.000002,29.380114,180.226181,180.878998,1.000000,0.000000,0.000000,0.000000
30.000002,29.361864,180.226181,180.878937,1.000000,0.000000,0.000000,0.000000
30.000002,29.429674,180.226181,180.892685,1.000000,0.000000,0.000000,0.000000
30.000002,29.439590,180.226181,180.920898,1.000000,0.000000,0.000000,0.000000
30.000002,29.428335,180.226181,180.879181,1.000000,0.000000,0.000000,0.000000
30.000002,29.442760,180.226181,180.878937,1.000000,0.000000,0.000000,0.000000
30.000002,29.400850,180.226181,180.878937,1.000000,0.000000,0.000000,0.000000
30.000002,29.430384,180.226181,180.878937,1.000000,0.000000,0.000000,0.000000
30.000002,29.443171,180.226181,180.878937,1.000000,0.000000,0.000000,0.000000
30.000002,29.433416,180.226181,180.878937,1.000000,0.000000,0.000000,0.000000
30.000002,29.425411,180.226181,180.878937,1.000000,0.000000,0.000000,0.000000
30.000002,29.408445,180.226181,180.878937,1.000000,0.000000,0.000000,0.000000
30.000002,29.293999,180.226181,180.878937,1.000000,0.000000,0.000000,0.000000
30.000002,29.350853,180.226181,180.878937,1.000000,0.000000,0.000000,0.000000
30.000002,29.400549,180.226181,180.920807,1.000000,0.000000,0.000000,0.000000
30.000002,29.401970,180.226181,180.922852,1.000000,0.000000,0.000000,0.000000
30.000002,29.391315,180.226181,180.922852,1.000000,0.000000,0.000000,0.000000
30.000002,29.387955,180.226181,180.922852,1.000000,0.000000,0.000000,0.000000
30.000002,29.288807,180.226181,180.894730,1.000000,0.000000,0.000000,0.000000
30.000002,29.402517,180.226181,180.917267,1.000000,0.000000,0.000000,0.000000
30.000002,29.402407,180.226181,180.922836,1.000000,0.000000,0.000000,0.000000
30.000002,29.402407,180.226181,180.894730,1.000000,0.000000,0.000000,0.000000
30.000002,29.395796,180.226181,180.922684,1.000000,0.000000,0.000000,0.000000
30.000002,29.401342,180.226181,180.894730,1.000000,0.000000,0.000000,0.000000
30.000002,29.311155,180.226181,180.881165,1.000000,0.000000,0.000000,0.000000
30.000002,29.386070,180.226181,180.889481,1.000000,0.000000,0.000000,0.000000
30.000002,29.382109,180.226181,180.907104,1.000000,0.000000,0.000000,0.000000
30.000002,29.429756,180.226181,180.879272,1.000000,0.000000,0.000000,0.000000
30.000002,29.419538,180.226181,180.879089,1.000000,0.000000,0.000000,0.000000
30.000002,29.388746,180.226181,180.878937,1.000000,0.000000,0.000000,0.000000
30.000002,29.331947,180.226181,180.878937,1.000000,0.000000,0.000000,0.000000
30.000002,29.390577,180.226181,180.878937,1.000000,0.000000,0.000000,0.000000
30.000002,29.380579,180.226181,180.882568,1.000000,0.000000,0.000000,0.000000
30.000002,29.398037,180.226181,180.878937,1.000000,0.000000,0.000000,0.000000
30.000002,29.379322,180.226181,180.878937,1.000000,0.000000,0.000000,0.000000
30.000002,29.377409,180.226181,180.878937,1.000000,0.000000,0.000000,0.000000
30.000002,29.362137,180.226181,180.878937,1.000000,0.000000,0.000000,0.000000
30.000002,29.283808,180.226181,180.878937,1.000000,0.000000,0.000000,0.000000
30.000002,29.319435,180.226181,180.878937,1.000000,0.000000,0.000000,0.000000
30.000002,29.386015,180.226181,180.904053,1.000000,0.000000,0.000000,0.000000
30.000002,29.412243,180.226181,180.922577,1.000000,0.000000,0.000000,0.000000
30.000002,29.410549,180.226181,180.907730,1.000000,0.000000,0.000000,0.000000
30.000002,29.339870,180.226181,180.893677,1.000000,0.000000,0.000000,0.000000
30.000002,29.391125,180.226181,180.896576,1.000000,0.000000,0.000000,0.000000
30.000002,29.424072,180.226181,180.883286,1.000000,0.000000,0.000000,0.000000
30.000002,29.406614,180.226181,180.879120,1.000000,0.000000,0.000000,0.000000
30.000002,29.403172,180.226181,180.878937,1.000000,0.000000,0.000000,0.000000
30.000002,29.382463,180.226181,180.878937,1.000000,0.000000,0.000000,0.000000
30.000002,29.382217,180.226181,180.878937,1.000000,0.000000,0.000000,0.000000
30.000002,29.350880,180.226181,180.878937,1.000000,0.000000,0.000000,0.000000
30.000002,29.273809,180.226181,180.878937,1.000000,0.000000,0.000000,0.000000
30.000002,29.370060,180.226181,180.878937,1.000000,0.000000,0.000000,0.000000
30.000002,29.372873,180.226181,180.907043,1.000000,0.000000,0.000000,0.000000
30.000002,29.363722,180.226181,180.880051,1.000000,0.000000,0.000000,0.000000
30.000002,29.285448,180.226181,180.878937,1.000000,0.000000,0.000000,0.000000
30.000002,29.327795,180.226181,180.878937,1.000000,0.000000,0.000000,0.000000
30.000002,29.363420,180.226181,180.881104,1.000000,0.000000,0.000000,0.000000
30.000002,29.382191,180.226181,180.879745,1.000000,0.000000,0.000000,0.000000
30.000002,29.363092,180.226181,180.878937,1.000000,0.000000,0.000000,0.000000
30.000002,29.359324,180.226181,180.878937,1.000000,0.000000,0.000000,0.000000
30.000002,29.256542,180.226181,180.878937,1.000000,0.000000,0.000000,0.000000
30.000002,29.322222,180.226181,180.878937,1.000000,0.000000,0.000000,0.000000
30.000002,29.373966,180.226181,180.878937,1.000000,0.000000,0.000000,0.000000
30.000002,29.389048,180.226181,180.880707,1.000000,0.000000,0.000000,0.000000
30.000002,29.388939,180.226181,180.878937,1.000000,0.000000,0.000000,0.000000
30.000002,29.373857,180.226181,180.884995,1.000000,0.000000,0.000000,0.000000
30.000002,29.347794,180.226181,180.878952,1.000000,0.000000,0.000000,0.000000
30.000002,29.332903,180.226181,180.878937,1.000000,0.000000,0.000000,0.000000
30.000002,29.417679,180.226181,180.878937,1.000000,0.000000,0.000000,0.000000
30.000002,29.440630,180.226181,180.878937,1.000000,0.000000,0.000000,0.000000
30.000002,29.440437,180.226181,180.878937,1.000000,0.000000,0.000000,0.000000
30.000002,29.438526,180.226181,180.878937,1.000000,0.000000,0.000000,0.000000
30.000002,29.369650,180.226181,180.878937,1.000000,0.000000,0.000000,0.000000
30.000002,29.364950,180.226181,180.878937,1.000000,0.000000,0.000000,0.000000
30.000002,29.419619,180.226181,180.889465,1.000000,0.000000,0.000000,0.000000
30.000002,29.412298,180.226181,180.878983,1.000000,0.000000,0.000000,0.000000
30.000002,29.404264,180.226181,180.878937,1.000000,0.000000,0.000000,0.000000
30.000002,29.379129,180.226181,180.878937,1.000000,0.000000,0.000000,0.000000
30.000002,29.335089,180.226181,180.878937,1.000000,0.000000,0.000000,0.000000
30.000002,29.391562,180.226181,180.878937,1.000000,0.000000,0.000000,0.000000
30.000002,29.393610,180.226181,180.878937,1.000000,0.000000,0.000000,-3.000000
30.000002,29.376753,180.226181,180.878937,1.000000,0.000000,0.000000,0.000000
30.000002,29.410904,180.226181,180.878937,1.000000,0.000000,0.000000,0.000000
30.000002,29.405521,180.226181,180.893997,1.000000,0.000000,0.000000,0.000000
30.000002,29.386152,180.226181,180.879684,1.000000,0.000000,0.000000,0.000000
30.000002,29.372217,180.226181,180.878937,1.000000,0.000000,0.000000,0.000000
30.000002,29.365715,180.226181,180.878937,1.000000,0.000000,0.000000,0.000000
30.000002,29.353230,180.226181,180.878937,1.000000,0.000000,0.000000,0.000000
30.000002,29.285448,180.226181,180.878937,1.000000,0.000000,0.000000,0.000000
30.000002,29.380550,180.226181,180.878937,1.000000,0.000000,0.000000,0.000000
30.000002,29.388391,180.226181,180.907043,1.000000,0.000000,0.000000,0.000000
30.000002,29.412680,180.226181,180.879272,1.000000,0.000000,0.000000,0.000000
30.000002,29.376753,180.226181,180.878937,1.000000,0.000000,0.000000,0.000000
30.000002,29.363285,180.226181,180.878937,1.000000,0.000000,0.000000,0.000000
30.000002,29.420658,180.226181,180.880768,1.000000,0.000000,0.000000,0.000000
30.000002,29.411369,180.226181,180.879745,1.000000,0.000000,0.000000,0.000000
30.000002,29.385277,180.226181,180.878937,1.000000,0.000000,0.000000,0.000000
30.000002,29.433800,180.226181,180.878937,1.000000,0.000000,0.000000,-3.000000
30.000002,29.437241,180.226181,180.878937,1.000000,0.000000,0.000000,0.000000
30.000002,29.417242,180.226181,180.878937,1.000000,0.000000,0.000000,0.000000
30.000002,29.389021,180.226181,180.878937,1.000000,0.000000,0.000000,0.000000
30.000002,29.366617,180.226181,180.878937,1.000000,0.000000,0.000000,0.000000
30.000002,29.407490,180.226181,180.878937,1.000000,0.000000,0.000000,0.000000
30.000002,29.391125,180.226181,180.878937,1.000000,0.000000,0.000000,0.000000
30.000002,29.394676,180.226181,180.878937,1.000000,0.000000,0.000000,0.000000
30.000002,29.381371,180.226181,180.878937,1.000000,0.000000,0.000000,0.000000
30.000002,29.362928,180.226181,180.880280,1.000000,0.000000,0.000000,0.000000
30.000002,29.268726,180.226181,180.878937,1.000000,0.000000,0.000000,0.000000
30.000002,29.348148,180.226181,180.907043,1.000000,0.000000,0.000000,0.000000
30.000002,29.358475,180.226181,180.907684,1.000000,0.000000,0.000000,0.000000
30.000002,29.365387,180.226181,180.880875,1.000000,0.000000,0.000000,0.000000
30.000002,29.337547,180.226181,180.879425,1.000000,0.000000,0.000000,0.000000
30.000002,29.319380,180.226181,180.878937,1.000000,0.000000,0.000000,0.000000
30.000002,29.331074,180.226181,180.878937,1.000000,0.000000,0.000000,0.000000
30.000002,29.367273,180.226181,180.878937,1.000000,0.000000,0.000000,0.000000
30.000002,29.362274,180.226181,180.878937,1.000000,0.000000,0.000000,0.000000
30.000002,29.359159,180.226181,180.878937,1.000000,0.000000,0.000000,0.000000
30.000002,29.279026,180.226181,180.878937,1.000000,0.000000,0.000000,0.000000
30.000002,29.356344,180.226181,180.878937,1.000000,0.000000,0.000000,0.000000
30.000002,29.384758,180.226181,180.878937,1.000000,0.000000,0.000000,0.000000
30.000002,29.377382,180.226181,180.879715,1.000000,0.000000,0.000000,0.000000
30.000002,29.363913,180.226181,180.878937,1.000000,0.000000,0.000000,0.000000
30.000002,29.305883,180.226181,180.889465,1.000000,0.000000,0.000000,0.000000
30.000002,29.333122,180.226181,180.878983,1.000000,0.000000,0.000000,0.000000
30.000002,29.359241,180.226181,180.878937,1.000000,0.000000,0.000000,0.000000
30.000002,29.358557,180.226181,180.878937,1.000000,0.000000,0.000000,0.000000
30.000002,29.315474,180.226181,180.878937,1.000000,0.000000,0.000000,0.000000
30.000002,29.381916,180.226181,180.878937,1.000000,0.000000,0.000000,0.000000
30.000002,29.376562,180.226181,180.878937,1.000000,0.000000,0.000000,0.000000
30.000002,29.361973,180.226181,180.878937,1.000000,0.000000,0.000000,0.000000
30.000002,29.290392,180.226181,180.878937,1.000000,0.000000,0.000000,0.000000
30.000002,29.345716,180.226181,180.878937,1.000000,0.000000,0.000000,0.000000
30.000002,29.392982,180.226181,180.878937,1.000000,0.000000,0.000000,0.000000
30.000002,29.402599,180.226181,180.881195,1.000000,0.000000,0.000000,0.000000
30.000002,29.383173,180.226181,180.878937,1.000000,0.000000,0.000000,0.000000
30.000002,29.433853,180.226181,180.878937,1.000000,0.000000,0.000000,0.000000
30.000002,29.386507,180.226181,180.878937,1.000000,0.000000,0.000000,0.000000
30.000002,29.393419,180.226181,180.878937,1.000000,0.000000,0.000000,0.000000
30.000002,29.354515,180.226181,180.878937,1.000000,0.000000,0.000000,0.000000
30.000002,29.389593,180.226181,180.878937,1.000000,0.000000,0.000000,0.000000
30.000002,29.386370,180.226181,180.878937,1.000000,0.000000,0.000000,0.000000
30.000002,29.406725,180.226181,180.878937,1.000000,0.000000,0.000000,0.000000
30.000002,29.369240,180.226181,180.878937,1.000000,0.000000,0.000000,0.000000
30.000002,29.360552,180.226181,180.878937,1.000000,0.000000,0.000000,0.000000
30.000002,29.270420,180.226181,180.878937,1.000000,0.000000,0.000000,0.000000
30.000002,29.363558,180.226181,180.878937,1.000000,0.000000,0.000000,0.000000
30.000002,29.362738,180.226181,180.878937,1.000000,0.000000,0.000000,0.000000
30.000002,29.359241,180.226181,180.879410,1.000000,0.000000,0.000000,0.000000
30.000002,29.358557,180.226181,180.878937,1.000000,0.000000,0.000000,0.000000
30.000002,29.308342,180.226181,180.878937,1.000000,0.000000,0.000000,0.000000
30.000002,29.363886,180.226181,180.878937,1.000000,0.000000,0.000000,0.000000
30.000002,29.385551,180.226181,180.878937,1.000000,0.000000,0.000000,0.000000
30.000002,29.432789,180.226181,180.878937,1.000000,0.000000,0.000000,0.000000
30.000002,29.443634,180.226181,180.878937,1.000000,0.000000,0.000000,0.000000
30.000002,29.416533,180.226181,180.878937,1.000000,0.000000,0.000000,0.000000
30.000002,29.370880,180.226181,180.878937,1.000000,0.000000,0.000000,0.000000
30.000002,29.396124,180.226181,180.878937,1.000000,0.000000,0.000000,0.000000
30.000002,29.386343,180.226181,180.878937,1.000000,0.000000,0.000000,0.000000
30.000002,29.411860,180.226181,180.878937,1.000000,0.000000,0.000000,0.000000
30.000002,29.405987,180.226181,180.878937,1.000000,0.000000,0.000000,0.000000
30.000002,29.392189,180.226181,180.878937,1.000000,0.000000,0.000000,0.000000
30.000002,29.368393,180.226181,180.878937,1.000000,0.000000,0.000000,0.000000
30.000002,29.362820,180.226181,180.878937,1.000000,0.000000,0.000000,0.000000
30.000002,29.283945,180.226181,180.878937,1.000000,0.000000,0.000000,0.000000
30.000002,29.341099,180.226181,180.878937,1.000000,0.000000,0.000000,0.000000
30.000002,29.383692,180.226181,180.878937,1.000000,0.000000,0.000000,0.000000
30.000002,29.402243,180.226181,180.879211,1.000000,0.000000,0.000000,0.000000
30.000002,29.390059,180.226181,180.878937,1.000000,0.000000,0.000000,0.000000
30.000002,29.385414,180.226181,180.878937,1.000000,0.000000,0.000000,0.000000
30.000002,29.373503,180.226181,180.878937,1.000000,0.000000,0.000000,0.000000
30.000002,29.335690,180.226181,180.878937,1.000000,0.000000,0.000000,0.000000
30.000002,29.369104,180.226181,180.878937,1.000000,0.000000,0.000000,0.000000
30.000002,29.373474,180.226181,180.878937,1.000000,0.000000,0.000000,0.000000
30.000002,29.367601,180.226181,180.878937,1.000000,0.000000,0.000000,0.000000
30.000002,29.330063,180.226181,180.878937,1.000000,0.000000,0.000000,0.000000
30.000002,29.240997,180.226181,180.878937,1.000000,0.000000,0.000000,0.000000
30.000002,29.359350,180.226181,180.878937,1.000000,0.000000,0.000000,0.000000
30.000002,29.399702,180.226181,180.879715,1.000000,0.000000,0.000000,0.000000
30.000002,29.407953,180.226181,180.879745,1.000000,0.000000,0.000000,0.000000
30.000002,29.403446,180.226181,180.878937,1.000000,0.000000,0.000000,0.000000
30.000002,29.388063,180.226181,180.878937,1.000000,0.000000,0.000000,0.000000
30.000002,29.404100,180.226181,180.878937,1.000000,0.000000,0.000000,0.000000
30.000002,29.375086,180.226181,180.878937,1.000000,0.000000,0.000000,0.000000
30.000002,29.396534,180.226181,180.878937,1.000000,0.000000,0.000000,0.000000
30.000002,29.395576,180.226181,180.878937,1.000000,0.000000,0.000000,0.000000
30.000002,29.401615,180.226181,180.878937,1.000000,0.000000,0.000000,0.000000
30.000002,29.355389,180.226181,180.878937,1.000000,0.000000,0.000000,0.000000
30.000002,29.352848,180.226181,180.878937,1.000000,0.000000,0.000000,0.000000
30.000002,29.377928,180.226181,180.878937,1.000000,0.000000,0.000000,0.000000
30.000002,29.362246,180.226181,180.879913,1.000000,0.000000,0.000000,0.000000
30.000002,29.301210,180.226181,180.878937,1.000000,0.000000,0.000000,0.000000
30.000002,29.338778,180.226181,180.878937,1.000000,0.000000,0.000000,0.000000
30.000002,29.404757,180.226181,180.878937,1.000000,0.000000,0.000000,0.000000
30.000002,29.412462,180.226181,180.879730,1.000000,0.000000,0.000000,0.000000
30.000002,29.406122,180.226181,180.878937,1.000000,0.000000,0.000000,0.000000
30.000002,29.399620,180.226181,180.878937,1.000000,0.000000,0.000000,0.000000
30.000002,29.391998,180.226181,180.878937,1.000000,0.000000,0.000000,0.000000
30.000002,29.387817,180.226181,180.878937,1.000000,0.000000,0.000000,0.000000
30.000002,29.399485,180.226181,180.878937,1.000000,0.000000,0.000000,0.000000
30.000002,29.407871,180.226181,180.878937,1.000000,0.000000,0.000000,0.000000
30.000002,29.405193,180.226181,180.878937,1.000000,0.000000,0.000000,0.000000
30.000002,29.387873,180.226181,180.878937,1.000000,0.000000,0.000000,0.000000
30.000002,29.372108,180.226181,180.878937,1.000000,0.000000,0.000000,0.000000
30.000002,29.320227,180.226181,180.878937,1.000000,0.000000,0.000000,0.000000
30.000002,29.345634,180.226181,180.878937,1.000000,0.000000,0.000000,0.000000
30.000002,29.393282,180.226181,180.878937,1.000000,0.000000,0.000000,0.000000
30.000002,29.410002,180.226181,180.891327,1.000000,0.000000,0.000000,0.000000
30.000002,29.397243,180.226181,180.878998,1.000000,0.000000,0.000000,0.000000
30.000002,29.393419,180.226181,180.878937,1.000000,0.000000,0.000000,0.000000
30.000002,29.367409,180.226181,180.878937,1.000000,0.000000,0.000000,0.000000
30.000002,29.383938,180.226181,180.878937,1.000000,0.000000,0.000000,0.000000
30.000002,29.433990,180.226181,180.878937,1.000000,0.000000,0.000000,0.000000
30.000002,29.425766,180.226181,180.878937,1.000000,0.000000,0.000000,0.000000
30.000002,29.410276,180.226181,180.878937,1.000000,0.000000,0.000000,0.000000
30.000002,29.398829,180.226181,180.878937,1.000000,0.000000,0.000000,0.000000
30.000002,29.329735,180.226181,180.878937,1.000000,0.000000,0.000000,0.000000
30.000002,29.363722,180.226181,180.878937,1.000000,0.000000,0.000000,0.000000
30.000002,29.402653,180.226181,180.878937,1.000000,0.000000,0.000000,0.000000
30.000002,29.402407,180.226181,180.883377,1.000000,0.000000,0.000000,0.000000
30.000002,29.402407,180.226181,180.878937,1.000000,0.000000,0.000000,0.000000
30.000002,29.387846,180.226181,180.878937,1.000000,0.000000,0.000000,0.000000
30.000002,29.358067,180.226181,180.878937,1.000000,0.000000,0.000000,0.000000
30.000002,29.370033,180.226181,180.878937,1.000000,0.000000,0.000000,0.000000
30.000002,29.403938,180.226181,180.878937,1.000000,0.000000,0.000000,0.000000
30.000002,29.408636,180.226181,180.878937,1.000000,0.000000,0.000000,0.000000
30.000002,29.440657,180.226181,180.878937,1.000000,0.000000,0.000000,0.000000
30.000002,29.401014,180.226181,180.878937,1.000000,0.000000,0.000000,0.000000
30.000002,29.392954,180.226181,180.878937,1.000000,0.000000,0.000000,0.000000
30.000002,29.372709,180.226181,180.878937,1.000000,0.000000,0.000000,0.000000
30.000002,29.340963,180.226181,180.878937,1.000000,0.000000,0.000000,0.000000
30.000002,29.347439,180.226181,180.878937,1.000000,0.000000,0.000000,0.000000
30.000002,29.338121,180.226181,180.878937,1.000000,0.000000,0.000000,0.000000
30.000002,29.377901,180.226181,180.878937,1.000000,0.000000,0.000000,0.000000
30.000002,29.332384,180.226181,180.878937,1.000000,0.000000,0.000000,0.000000
30.000002,29.353367,180.226181,180.878937,1.000000,0.000000,0.000000,0.000000
30.000002,29.394211,180.226181,180.885239,1.000000,0.000000,0.000000,0.000000
30.000002,29.415821,180.226181,180.879257,1.000000,0.000000,0.000000,0.000000
30.000002,29.406506,180.226181,180.878937,1.000000,0.000000,0.000000,0.000000
30.000002,29.398363,180.226181,180.878937,1.000000,0.000000,0.000000,0.000000
30.000002,29.407953,180.226181,180.878937,1.000000,0.000000,0.000000,0.000000
30.000002,29.382355,180.226181,180.878937,1.000000,0.000000,0.000000,0.000000
30.000002,29.365170,180.226181,180.878937,1.000000,0.000000,0.000000,0.000000
30.000002,29.394348,180.226181,180.878937,1.000000,0.000000,0.000000,0.000000
30.000002,29.382900,180.226181,180.878937,1.000000,0.000000,0.000000,0.000000
30.000002,29.374760,180.226181,180.878937,1.000000,0.000000,0.000000,0.000000
30.000002,29.321838,180.226181,180.878937,1.000000,0.000000,0.000000,0.000000
30.000002,29.255423,180.226181,180.878937,1.000000,0.000000,0.000000,0.000000
30.000002,29.376453,180.226181,180.878937,1.000000,0.000000,0.000000,0.000000
30.000002,29.378447,180.226181,180.917160,1.000000,0.000000,0.000000,0.000000
30.000002,29.404020,180.226181,180.879623,1.000000,0.000000,0.000000,0.000000
30.000002,29.391315,180.226181,180.879089,1.000000,0.000000,0.000000,0.000000
30.000002,29.405685,180.226181,180.878937,1.000000,0.000000,0.000000,0.000000
30.000002,29.388309,180.226181,180.878937,1.000000,0.000000,0.000000,0.000000
30.000002,29.406315,180.226181,180.878937,1.000000,0.000000,0.000000,0.000000
30.000002,29.393473,180.226181,180.878937,1.000000,0.000000,0.000000,0.000000
30.000002,29.421396,180.226181,180.878937,1.000000,0.000000,0.000000,0.000000
30.000002,29.420385,180.226181,180.878937,1.000000,0.000000,0.000000,0.000000
30.000002,29.376015,180.226181,180.878937,1.000000,0.000000,0.000000,0.000000
30.000002,29.365852,180.226181,180.878937,1.000000,0.000000,0.000000,0.000000
30.000002,29.284519,180.226181,180.878937,1.000000,0.000000,0.000000,0.000000
30.000002,29.332247,180.226181,180.878937,1.000000,0.000000,0.000000,0.000000
30.000002,29.423855,180.226181,180.878937,1.000000,0.000000,0.000000,0.000000
30.000002,29.435301,180.226181,180.891739,1.000000,0.000000,0.000000,0.000000
30.000002,29.416506,180.226181,180.878998,1.000000,0.000000,0.000000,0.000000
30.000002,29.397900,180.226181,180.878937,1.000000,0.000000,0.000000,0.000000
30.000002,29.401478,180.226181,180.878937,1.000000,0.000000,0.000000,0.000000
30.000002,29.396561,180.226181,180.878937,1.000000,0.000000,0.000000,0.000000
30.000002,29.376972,180.226181,180.878937,1.000000,0.000000,0.000000,0.000000
30.000002,29.397352,180.226181,180.878937,1.000000,0.000000,0.000000,0.000000
30.000002,29.399048,180.226181,180.878937,1.000000,0.000000,0.000000,0.000000
30.000002,29.336483,180.226181,180.878937,1.000000,0.000000,0.000000,0.000000
30.000002,29.385906,180.226181,180.878937,1.000000,0.000000,0.000000,0.000000
30.000002,29.428991,180.226181,180.881195,1.000000,0.000000,0.000000,0.000000
30.000002,29.419947,180.226181,180.878937,1.000000,0.000000,0.000000,0.000000
30.000002,29.388857,180.226181,180.879211,1.000000,0.000000,0.000000,0.000000
30.000002,29.395550,180.226181,180.878937,1.000000,0.000000,0.000000,0.000000
30.000002,29.406807,180.226181,180.878937,1.000000,0.000000,0.000000,0.000000
30.000002,29.405029,180.226181,180.878937,1.000000,0.000000,0.000000,0.000000
30.000002,29.390659,180.226181,180.878937,1.000000,0.000000,0.000000,0.000000
30.000002,29.391451,180.226181,180.878937,1.000000,0.000000,0.000000,0.000000
30.000002,29.400167,180.226181,180.878937,1.000000,0.000000,0.000000,0.000000
30.000002,29.324461,180.226181,180.878937,1.000000,0.000000,0.000000,0.000000
30.000002,29.359596,180.226181,180.878937,1.000000,0.000000,0.000000,0.000000
30.000002,29.399347,180.226181,180.878937,1.000000,0.000000,0.000000,0.000000
30.000002,29.401724,180.226181,180.884903,1.000000,0.000000,0.000000,0.000000
30.000002,29.392408,180.226181,180.878937,1.000000,0.000000,0.000000,0.000000
30.000002,29.383419,180.226181,180.878937,1.000000,0.000000,0.000000,0.000000
30.000002,29.390659,180.226181,180.878937,1.000000,0.000000,0.000000,0.000000
30.000002,29.384840,180.226181,180.879211,1.000000,0.000000,0.000000,0.000000
30.000002,29.392300,180.226181,180.878937,1.000000,0.000000,0.000000,0.000000
30.000002,29.390633,180.226181,180.878937,1.000000,0.000000,0.000000,0.000000
30.000002,29.387135,180.226181,180.878937,1.000000,0.000000,0.000000,0.000000
30.000002,29.370087,180.226181,180.878937,1.000000,0.000000,0.000000,0.000000
30.000002,29.321510,180.226181,180.878937,1.000000,0.000000,0.000000,0.000000
30.000002,29.316757,180.226181,180.878937,1.000000,0.000000,0.000000,0.000000
30.000002,29.368530,180.226181,180.878937,1.000000,0.000000,0.000000,0.000000
30.000002,29.361891,180.226181,180.880280,1.000000,0.000000,0.000000,0.000000
30.000002,29.347357,180.226181,180.878937,1.000000,0.000000,0.000000,-3.000000
30.000002,29.380714,180.226181,180.878937,1.000000,0.000000,0.000000,0.000000
30.000002,29.358313,180.226181,180.878937,1.000000,0.000000,0.000000,0.000000
30.000002,29.299517,180.226181,180.878937,1.000000,0.000000,0.000000,0.000000
30.000002,29.399347,180.226181,180.878937,1.000000,0.000000,0.000000,0.000000
30.000002,29.401724,180.226181,180.878937,1.000000,0.000000,0.000000,0.000000
30.000002,29.390850,180.226181,180.878937,1.000000,0.000000,0.000000,0.000000
30.000002,29.425138,180.226181,180.878937,1.000000,0.000000,0.000000,0.000000
30.000002,29.349379,180.226181,180.878937,1.000000,0.000000,0.000000,0.000000
30.000002,29.392572,180.226181,180.878937,1.000000,0.000000,0.000000,0.000000
30.000002,29.435711,180.226181,180.878937,1.000000,0.000000,0.000000,0.000000
30.000002,29.427952,180.226181,180.878937,1.000000,0.000000,0.000000,0.000000
30.000002,29.412981,180.226181,180.878937,1.000000,0.000000,0.000000,0.000000
30.000002,29.394703,180.226181,180.878937,1.000000,0.000000,0.000000,0.000000
30.000002,29.391371,180.226181,180.878937,1.000000,0.000000,0.000000,0.000000
30.000002,29.362793,180.226181,180.878937,1.000000,0.000000,0.000000,0.000000
30.000002,29.307413,180.226181,180.878937,1.000000,0.000000,0.000000,0.000000
30.000002,29.345634,180.226181,180.878937,1.000000,0.000000,0.000000,-3.000000
30.000002,29.399101,180.226181,180.878937,1.000000,0.000000,0.000000,0.000000
30.000002,29.390360,180.226181,180.894180,1.000000,0.000000,0.000000,0.000000
30.000002,29.393419,180.226181,180.879471,1.000000,0.000000,0.000000,0.000000
30.000002,29.367409,180.226181,180.905258,1.000000,0.000000,0.000000,0.000000
30.000002,29.354759,180.226181,180.879059,1.000000,0.000000,0.000000,0.000000
30.000002,29.411314,180.226181,180.883881,1.000000,0.000000,0.000000,0.000000
30.000002,29.427216,180.226181,180.892715,1.000000,0.000000,0.000000,0.000000
30.000002,29.409348,180.226181,180.878998,1.000000,0.000000,0.000000,0.000000
30.000002,29.403719,180.226181,180.878937,1.000000,0.000000,0.000000,0.000000
30.000002,29.384649,180.226181,180.878937,1.000000,0.000000,0.000000,0.000000
30.000002,29.360579,180.226181,180.878937,1.000000,0.000000,0.000000,0.000000
30.000002,29.292933,180.226181,180.878937,1.000000,0.000000,0.000000,0.000000
30.000002,29.393311,180.226181,180.878937,1.000000,0.000000,0.000000,0.000000
30.000002,29.411997,180.226181,180.878937,1.000000,0.000000,0.000000,0.000000
30.000002,29.392025,180.226181,180.878937,1.000000,0.000000,0.000000,0.000000
30.000002,29.403036,180.226181,180.878937,1.000000,0.000000,0.000000,0.000000
30.000002,29.372601,180.226181,180.878937,1.000000,0.000000,0.000000,0.000000
30.000002,29.380606,180.226181,180.885239,1.000000,0.000000,0.000000,0.000000
30.000002,29.365252,180.226181,180.878952,1.000000,0.000000,0.000000,0.000000
30.000002,29.326538,180.226181,180.878937,1.000000,0.000000,0.000000,0.000000
30.000002,29.366837,180.226181,180.878937,1.000000,0.000000,0.000000,0.000000
30.000002,29.369104,180.226181,180.878937,1.000000,0.000000,0.000000,0.000000
30.000002,29.312523,180.226181,180.878937,1.000000,0.000000,0.000000,0.000000
30.000002,29.298206,180.226181,180.878937,1.000000,0.000000,0.000000,0.000000
30.000002,29.383938,180.226181,180.896500,1.000000,0.000000,0.000000,0.000000
30.000002,29.387436,180.226181,180.908936,1.000000,0.000000,0.000000,0.000000
30.000002,29.399374,180.226181,180.879089,1.000000,0.000000,0.000000,0.000000
30.000002,29.392080,180.226181,180.878937,1.000000,0.000000,0.000000,0.000000
30.000002,29.397190,180.226181,180.878937,1.000000,0.000000,0.000000,0.000000
30.000002,29.402845,180.226181,180.878937,1.000000,0.000000,0.000000,0.000000
30.000002,29.392790,180.226181,180.878937,1.000000,0.000000,0.000000,0.000000
30.000002,29.391397,180.226181,180.878937,1.000000,0.000000,0.000000,0.000000
30.000002,29.392654,180.226181,180.878937,1.000000,0.000000,0.000000,0.000000
30.000002,29.373064,180.226181,180.878937,1.000000,0.000000,0.000000,0.000000
30.000002,29.324625,180.226181,180.878937,1.000000,0.000000,0.000000,0.000000
30.000002,29.315117,180.226181,180.878937,1.000000,0.000000,0.000000,0.000000
30.000002,29.407188,180.226181,180.882721,1.000000,0.000000,0.000000,0.000000
30.000002,29.430466,180.226181,180.920837,1.000000,0.000000,0.000000,0.000000
30.000002,29.406860,180.226181,180.882965,1.000000,0.000000,0.000000,0.000000
30.000002,29.401424,180.226181,180.878937,1.000000,0.000000,0.000000,0.000000
30.000002,29.389977,180.226181,180.878937,1.000000,0.000000,0.000000,0.000000
30.000002,29.370224,180.226181,180.878937,1.000000,0.000000,0.000000,0.000000
30.000002,29.398119,180.226181,180.878937,1.000000,0.000000,0.000000,0.000000
30.000002,29.386480,180.226181,180.878937,1.000000,0.000000,0.000000,0.000000
30.000002,29.403965,180.226181,180.878937,1.000000,0.000000,0.000000,0.000000
30.000002,29.365606,180.226181,180.878937,1.000000,0.000000,0.000000,0.000000
30.000002,29.342056,180.226181,180.878937,1.000000,0.000000,0.000000,0.000000
30.000002,29.365551,180.226181,180.878937,1.000000,0.000000,0.000000,0.000000
30.000002,29.398993,180.226181,180.915802,1.000000,0.000000,0.000000,0.000000
30.000002,29.364349,180.226181,180.922821,1.000000,0.000000,0.000000,0.000000
30.000002,29.428635,180.226181,180.879181,1.000000,0.000000,0.000000,0.000000
30.000002,29.409046,180.226181,180.879089,1.000000,0.000000,0.000000,0.000000
30.000002,29.392408,180.226181,180.878937,1.000000,0.000000,0.000000,0.000000
30.000002,29.400385,180.226181,180.878937,1.000000,0.000000,0.000000,0.000000
30.000002,29.387272,180.226181,180.878937,1.000000,0.000000,0.000000,0.000000
30.000002,29.397818,180.226181,180.878937,1.000000,0.000000,0.000000,0.000000
30.000002,29.372246,180.226181,180.878937,1.000000,0.000000,0.000000,0.000000
30.000002,29.369295,180.226181,180.878937,1.000000,0.000000,0.000000,0.000000
30.000002,29.299353,180.226181,180.878937,1.000000,0.000000,0.000000,0.000000
30.000002,29.297304,180.226181,180.878937,1.000000,0.000000,0.000000,0.000000
30.000002,29.370441,180.226181,180.878937,1.000000,0.000000,0.000000,0.000000
30.000002,29.371754,180.226181,180.885818,1.000000,0.000000,0.000000,0.000000
30.000002,29.361017,180.226181,180.889084,1.000000,0.000000,0.000000,0.000000
30.000002,29.328777,180.226181,180.878983,1.000000,0.000000,0.000000,0.000000
30.000002,29.253237,180.226181,180.878937,1.000000,0.000000,0.000000,0.000000
30.000002,29.380333,180.226181,180.878937,1.000000,0.000000,0.000000,0.000000
30.000002,29.401314,180.226181,180.878937,1.000000,0.000000,0.000000,0.000000
30.000002,29.407736,180.226181,180.879089,1.000000,0.000000,0.000000,0.000000
30.000002,29.391207,180.226181,180.878937,1.000000,0.000000,0.000000,0.000000
30.000002,29.404510,180.226181,180.878937,1.000000,0.000000,0.000000,0.000000
30.000002,29.380905,180.226181,180.878937,1.000000,0.000000,0.000000,0.000000
30.000002,29.348175,180.226181,180.878937,1.000000,0.000000,0.000000,0.000000
30.000002,29.390167,180.226181,180.878937,1.000000,0.000000,0.000000,0.000000
30.000002,29.390850,180.226181,180.878937,1.000000,0.000000,0.000000,0.000000
30.000002,29.402189,180.226181,180.878937,1.000000,0.000000,0.000000,0.000000
30.000002,29.368994,180.226181,180.878937,1.000000,0.000000,0.000000,0.000000
30.000002,29.348257,180.226181,180.878937,1.000000,0.000000,0.000000,0.000000
30.000002,29.280640,180.226181,180.878937,1.000000,0.000000,0.000000,0.000000
30.000002,29.376863,180.226181,180.892685,1.000000,0.000000,0.000000,0.000000
30.000002,29.371918,180.226181,180.901947,1.000000,0.000000,0.000000,0.000000
30.000002,29.368393,180.226181,180.879059,1.000000,0.000000,0.000000,0.000000
30.000002,29.360334,180.226181,180.878937,1.000000,0.000000,0.000000,0.000000
30.000002,29.299026,180.226181,180.878937,1.000000,0.000000,0.000000,0.000000
30.000002,29.368639,180.226181,180.878937,1.000000,0.000000,0.000000,0.000000
30.000002,29.386042,180.226181,180.878937,1.000000,0.000000,0.000000,0.000000
30.000002,29.402081,180.226181,180.878937,1.000000,0.000000,0.000000,0.000000
30.000002,29.427187,180.226181,180.878937,1.000000,0.000000,0.000000,0.000000
30.000002,29.385469,180.226181,180.896500,1.000000,0.000000,0.000000,0.000000
30.000002,29.353094,180.226181,180.879028,1.000000,0.000000,0.000000,0.000000
30.000002,29.392654,180.226181,180.878937,1.000000,0.000000,0.000000,0.000000
30.000002,29.377872,180.226181,180.878937,1.000000,0.000000,0.000000,0.000000
30.000002,29.399620,180.226181,180.878937,1.000000,0.000000,0.000000,0.000000
30.000002,29.395222,180.226181,180.878937,1.000000,0.000000,0.000000,0.000000
60.000004,29.344761,180.226181,180.878937,1.000000,0.000000,0.000000,0.000000
60.000004,29.392136,180.226181,180.878937,1.000000,0.000000,0.000000,0.000000
60.000004,29.563847,180.226181,180.878937,1.000000,0.000000,0.000000,0.000000
60.000004,29.825962,180.226181,180.894714,1.000000,0.000000,0.000000,0.000000
60.000004,30.151598,180.226181,180.922684,1.000000,0.000000,0.000000,0.000000
60.000004,30.548731,180.226181,180.922852,1.000000,0.000000,0.000000,0.000000
60.000004,30.948380,180.226181,180.922852,1.000000,0.000000,0.000000,0.000000
60.000004,31.452776,180.226181,180.939728,1.000000,0.000000,0.000000,0.000000
60.000004,32.022579,180.226181,180.943634,1.000000,0.000000,0.000000,0.000000
60.000004,32.670788,180.226181,180.923004,1.000000,0.000000,0.000000,0.000000
60.000004,33.377087,180.226181,180.923538,1.000000,0.000000,0.000000,0.000000
60.000004,34.155727,180.226181,180.923691,1.000000,0.000000,0.000000,0.000000
60.000004,34.999447,180.226181,180.922882,1.000000,0.000000,0.000000,0.000000
60.000004,35.926579,180.226181,180.922882,1.000000,0.000000,0.000000,0.000000
60.000004,36.908867,180.226181,180.922882,1.000000,0.000000,0.000000,0.000000
60.000004,37.897224,180.226181,180.922882,1.000000,0.000000,0.000000,0.000000
60.000004,38.864269,180.226181,180.922882,1.000000,0.000000,0.000000,0.000000
60.000004,39.850574,180.226181,180.925964,1.000000,0.000000,0.000000,0.000000
60.000004,40.983238,180.226181,180.947189,1.000000,0.000000,0.000000,0.000000
60.000004,42.360313,180.226181,180.966690,1.000000,0.000000,0.000000,0.000000
60.000004,43.762852,180.226181,180.949219,1.000000,0.000000,0.000000,0.000000
60.000004,45.157742,180.226181,180.928452,1.000000,0.000000,0.000000,0.000000
60.000004,46.658062,180.226181,180.922882,1.000000,0.000000,0.000000,0.000000
60.000004,48.266815,180.226181,180.922882,1.000000,0.000000,0.000000,0.000000
60.000004,49.796013,180.226181,180.922882,1.000000,0.000000,0.000000,0.000000
60.000004,51.563778,180.226181,180.922882,1.000000,0.000000,0.000000,0.000000
60.000004,53.448826,180.226181,180.881760,1.000000,0.000000,0.000000,0.000000
60.000004,55.496025,180.226181,180.920822,1.000000,0.000000,0.000000,0.000000
60.000004,57.523907,180.226181,180.894714,1.000000,0.000000,0.000000,0.000000
60.000004,59.215881,180.226181,180.879013,1.000000,0.000000,0.000000,0.000000
60.000004,60.782730,180.226181,180.878937,1.000000,0.000000,0.000000,0.000000
60.000004,62.298893,180.226181,180.878937,1.000000,0.000000,-5.000000,0.000000
60.000004,63.652718,180.226181,180.819443,1.000000,0.000000,-3.000000,-3.000000
60.000004,64.882263,180.226181,180.731720,1.000000,0.000000,0.000000,0.000000
60.000004,65.975967,180.226181,180.662781,1.000000,0.000000,4.000000,0.000000
60.000004,66.902740,180.226181,180.616486,1.000000,0.000000,-3.000000,0.000000
60.000004,67.665268,180.226181,180.615250,1.000000,0.000000,-5.000000,-3.000000
60.000004,68.303558,180.226181,180.583313,1.000000,0.000000,-3.000000,0.000000
60.000004,68.875847,180.226181,180.533112,1.000000,0.000000,2.000000,0.000000
60.000004,69.353821,180.226181,180.486862,1.000000,0.000000,2.000000,0.000000
60.000004,69.736038,180.226181,180.483414,1.000000,0.000000,-5.000000,0.000000
60.000004,69.990097,180.226181,180.448959,1.000000,0.000000,-3.000000,0.000000
60.000004,70.163177,180.226181,180.396805,1.000000,0.000000,0.000000,0.000000
60.000004,70.202621,180.226181,180.395523,1.000000,0.000000,0.000000,0.000000
60.000004,70.147736,180.226181,180.395523,1.000000,0.000000,0.000000,0.000000
60.000004,70.042908,180.226181,180.395523,1.000000,0.000000,-3.000000,0.000000
60.000004,69.904228,180.226181,180.395523,1.000000,0.000000,0.000000,0.000000
60.000004,69.722214,180.226181,180.395523,1.000000,0.000000,0.000000,0.000000
60.000004,69.501053,180.226181,180.395523,1.000000,0.000000,0.000000,0.000000
60.000004,69.225388,180.226181,180.395523,1.000000,0.000000,0.000000,0.000000
60.000004,68.917480,180.226181,180.395523,1.000000,0.000000,0.000000,0.000000
60.000004,68.579117,180.226181,180.395523,1.000000,0.000000,0.000000,0.000000
60.000004,68.215202,180.226181,180.395523,1.000000,0.000000,0.000000,0.000000
60.000004,67.886810,180.226181,180.395523,1.000000,0.000000,0.000000,0.000000
60.000004,67.562347,180.226181,180.395523,1.000000,0.000000,0.000000,0.000000
60.000004,67.244141,180.226181,180.395523,1.000000,0.000000,0.000000,0.000000
60.000004,66.927711,180.226181,180.395523,1.000000,0.000000,0.000000,0.000000
60.000004,66.612923,180.226181,180.395523,1.000000,0.000000,0.000000,0.000000
60.000004,66.285347,180.226181,180.395523,1.000000,0.000000,0.000000,0.000000
60.000004,65.949112,180.226181,180.395523,1.000000,0.000000,0.000000,0.000000
60.000004,65.637573,180.226181,180.395523,1.000000,0.000000,0.000000,0.000000
60.000004,65.324585,180.226181,180.395523,1.000000,0.000000,0.000000,0.000000
60.000004,65.035583,180.226181,180.395523,1.000000,0.000000,0.000000,0.000000
60.000004,64.744759,180.226181,180.395523,1.000000,0.000000,0.000000,0.000000
60.000004,64.459473,180.226181,180.395523,1.000000,0.000000,0.000000,0.000000
60.000004,64.179108,180.226181,180.395523,1.000000,0.000000,0.000000,0.000000
60.000004,63.886093,180.226181,180.395523,1.000000,0.000000,0.000000,0.000000
60.000004,63.587421,180.226181,180.395523,1.000000,0.000000,0.000000,0.000000
60.000004,63.307083,180.226181,180.395523,1.000000,0.000000,0.000000,0.000000
60.000004,63.038002,180.226181,180.395523,1.000000,0.000000,0.000000,0.000000
60.000004,62.765942,180.226181,180.395523,1.000000,0.000000,0.000000,0.000000
60.000004,62.479237,180.226181,180.395523,1.000000,0.000000,0.000000,0.000000
60.000004,62.195129,180.226181,180.395523,1.000000,0.000000,0.000000,0.000000
60.000004,61.916538,180.226181,180.395523,1.000000,0.000000,0.000000,0.000000
60.000004,61.642651,180.226181,180.395523,1.000000,0.000000,0.000000,0.000000
60.000004,61.394466,180.226181,180.395523,1.000000,0.000000,0.000000,0.000000
60.000004,61.154209,180.226181,180.395523,1.000000,0.000000,0.000000,0.000000
60.000004,60.953266,180.226181,180.395523,1.000000,0.000000,0.000000,0.000000
60.000004,60.768028,180.226181,180.395523,1.000000,0.000000,0.000000,0.000000
60.000004,60.602684,180.226181,180.395523,1.000000,0.000000,0.000000,0.000000
60.000004,60.462337,180.226181,180.395523,1.000000,0.000000,0.000000,0.000000
60.000004,60.332893,180.226181,180.424591,1.000000,0.000000,0.000000,0.000000
60.000004,60.239536,180.226181,180.439362,1.000000,0.000000,0.000000,0.000000
60.000004,60.162655,180.226181,180.439453,1.000000,0.000000,0.000000,0.000000
60.000004,60.112221,180.226181,180.439453,1.000000,0.000000,0.000000,0.000000
60.000004,60.083263,180.226181,180.439453,1.000000,0.000000,0.000000,0.000000
60.000004,60.050613,180.226181,180.439453,1.000000,0.000000,0.000000,0.000000
60.000004,60.035835,180.226181,180.439453,1.000000,0.000000,0.000000,0.000000
60.000004,60.030422,180.226181,180.439453,1.000000,0.000000,0.000000,0.000000
60.000004,60.028538,180.226181,180.439453,1.000000,0.000000,0.000000,0.000000
60.000004,60.028076,180.226181,180.439453,1.000000,0.000000,0.000000,0.000000
60.000004,60.024521,180.226181,180.439453,1.000000,0.000000,0.000000,0.000000
60.000004,60.030697,180.226181,180.439453,1.000000,0.000000,0.000000,0.000000
60.000004,60.010918,180.226181,180.439453,1.000000,0.000000,0.000000,0.000000
60.000004,59.992722,180.226181,180.439453,1.000000,0.000000,0.000000,0.000000
60.000004,59.989117,180.226181,180.481354,1.000000,0.000000,0.000000,0.000000
60.000004,59.961876,180.226181,180.483398,1.000000,0.000000,0.000000,0.000000
60.000004,59.927399,180.226181,180.483398,1.000000,0.000000,0.000000,0.000000
60.000004,59.893494,180.226181,180.525604,1.000000,0.000000,0.000000,0.000000
60.000004,59.829971,180.226181,180.527344,1.000000,0.000000,0.000000,0.000000
60.000004,59.780632,180.226181,180.527344,1.000000,0.000000,0.000000,0.000000
60.000004,59.701645,180.226181,180.568176,1.000000,0.000000,0.000000,0.000000
60.000004,59.619629,180.226181,180.556793,1.000000,0.000000,0.000000,0.000000
60.000004,59.392239,180.226181,180.534424,1.000000,0.000000,0.000000,-3.000000
60.000004,59.370247,180.226181,180.526581,1.000000,0.000000,0.000000,0.000000
60.000004,59.775059,180.226181,180.567871,1.000000,0.000000,0.000000,0.000000
60.000004,59.872456,180.226181,180.571289,1.000000,0.000000,0.000000,0.000000
60.000004,59.774895,180.226181,180.571289,1.000000,0.000000,0.000000,0.000000
60.000004,59.457317,180.226181,180.572617,1.000000,0.000000,0.000000,0.000000
60.000004,59.738667,180.226181,180.600800,1.000000,0.000000,0.000000,0.000000
60.000004,59.903847,180.226181,180.625702,1.000000,0.000000,0.000000,0.000000
60.000004,59.864586,180.226181,180.615479,1.000000,0.000000,0.000000,0.000000
60.000004,59.755466,180.226181,180.615250,1.000000,0.000000,0.000000,0.000000
60.000004,59.751999,180.226181,180.615250,1.000000,0.000000,0.000000,0.000000
60.000004,59.656651,180.226181,180.615250,1.000000,0.000000,0.000000,0.000000
60.000004,59.349838,180.226181,180.554459,1.000000,0.000000,0.000000,0.000000
60.000004,59.503380,180.226181,180.553848,1.000000,0.000000,0.000000,0.000000
60.000004,59.901062,180.226181,180.573471,1.000000,0.000000,0.000000,0.000000
60.000004,59.985371,180.226181,180.571304,1.000000,0.000000,0.000000,0.000000
60.000004,59.894939,180.226181,180.571304,1.000000,0.000000,0.000000,0.000000
60.000004,59.809235,180.226181,180.571304,1.000000,0.000000,0.000000,0.000000
60.000004,59.768089,180.226181,180.571304,1.000000,0.000000,0.000000,0.000000
60.000004,59.756260,180.226181,180.527618,1.000000,0.000000,0.000000,0.000000
60.000004,59.730824,180.226181,180.527359,1.000000,0.000000,0.000000,0.000000
60.000004,59.759594,180.226181,180.490723,1.000000,0.000000,0.000000,0.000000
60.000004,59.733036,180.226181,180.509369,1.000000,0.000000,0.000000,0.000000
60.000004,59.661949,180.226181,180.519073,1.000000,0.000000,0.000000,0.000000
60.000004,59.409641,180.226181,180.527298,1.000000,0.000000,0.000000,0.000000
60.000004,59.315384,180.226181,180.483841,1.000000,0.000000,0.000000,0.000000
60.000004,59.750961,180.226181,180.565170,1.000000,0.000000,0.000000,0.000000
60.000004,59.910320,180.226181,180.571259,1.000000,0.000000,0.000000,0.000000
60.000004,59.910294,180.226181,180.550629,1.000000,0.000000,0.000000,0.000000
60.000004,59.879395,180.226181,180.571167,1.000000,0.000000,0.000000,0.000000
60.000004,59.865189,180.226181,180.533051,1.000000,0.000000,0.000000,0.000000
60.000004,59.798416,180.226181,180.527374,1.000000,0.000000,0.000000,0.000000
60.000004,59.763802,180.226181,180.527359,1.000000,0.000000,0.000000,0.000000
60.000004,59.762161,180.226181,180.527359,1.000000,0.000000,0.000000,0.000000
60.000004,59.755085,180.226181,180.527359,1.000000,0.000000,0.000000,0.000000
60.000004,59.686455,180.226181,180.527359,1.000000,0.000000,0.000000,0.000000
60.000004,59.515591,180.226181,180.527359,1.000000,0.000000,0.000000,0.000000
60.000004,59.330929,180.226181,180.484634,1.000000,0.000000,0.000000,0.000000
60.000004,59.740170,180.226181,180.521667,1.000000,0.000000,0.000000,0.000000
60.000004,59.937889,180.226181,180.535934,1.000000,0.000000,0.000000,0.000000
60.000004,59.958652,180.226181,180.527405,1.000000,0.000000,0.000000,0.000000
60.000004,59.911854,180.226181,180.527359,1.000000,0.000000,0.000000,0.000000
60.000004,59.902618,180.226181,180.527359,1.000000,0.000000,0.000000,0.000000
60.000004,59.873466,180.226181,180.527359,1.000000,0.000000,0.000000,0.000000
60.000004,59.826309,180.226181,180.509781,1.000000,0.000000,0.000000,0.000000
60.000004,59.826530,180.226181,180.484039,1.000000,0.000000,0.000000,0.000000
60.000004,59.853058,180.226181,180.483414,1.000000,0.000000,0.000000,0.000000
60.000004,59.806858,180.226181,180.483414,1.000000,0.000000,0.000000,0.000000
60.000004,59.718639,180.226181,180.483414,1.000000,0.000000,0.000000,0.000000
60.000004,59.507313,180.226181,180.486511,1.000000,0.000000,0.000000,0.000000
60.000004,59.543076,180.226181,180.483414,1.000000,0.000000,0.000000,0.000000
60.000004,59.912865,180.226181,180.514755,1.000000,0.000000,0.000000,0.000000
60.000004,60.031353,180.226181,180.485382,1.000000,0.000000,0.000000,0.000000
60.000004,60.012558,180.226181,180.483414,1.000000,0.000000,0.000000,0.000000
60.000004,60.020424,180.226181,180.483414,1.000000,0.000000,0.000000,0.000000
60.000004,60.009495,180.226181,180.483414,1.000000,0.000000,0.000000,0.000000
60.000004,59.965073,180.226181,180.483414,1.000000,0.000000,0.000000,0.000000
60.000004,59.948433,180.226181,180.483414,1.000000,0.000000,0.000000,0.000000
60.000004,59.957340,180.226181,180.483414,1.000000,0.000000,0.000000,0.000000
60.000004,59.961765,180.226181,180.483414,1.000000,0.000000,0.000000,0.000000
60.000004,59.898846,180.226181,180.483414,1.000000,0.000000,0.000000,0.000000
60.000004,59.789921,180.226181,180.483414,1.000000,0.000000,0.000000,0.000000
60.000004,59.710526,180.226181,180.483414,1.000000,0.000000,0.000000,0.000000
60.000004,59.679928,180.226181,180.483414,1.000000,0.000000,0.000000,0.000000
60.000004,59.662495,180.226181,180.483414,1.000000,0.000000,0.000000,0.000000
60.000004,59.684570,180.226181,180.483414,1.000000,0.000000,0.000000,0.000000
60.000004,59.707249,180.226181,180.483414,1.000000,0.000000,0.000000,0.000000
60.000004,59.721180,180.226181,180.483414,1.000000,0.000000,0.000000,0.000000
60.000004,59.718311,180.226181,180.483414,1.000000,0.000000,0.000000,0.000000
60.000004,59.723339,180.226181,180.483414,1.000000,0.000000,0.000000,0.000000
60.000004,59.722546,180.226181,180.483414,1.000000,0.000000,0.000000,0.000000
60.000004,59.729786,180.226181,180.483414,1.000000,0.000000,0.000000,0.000000
60.000004,59.725605,180.226181,180.483414,1.000000,0.000000,0.000000,0.000000
60.000004,59.724785,180.226181,180.483414,1.000000,0.000000,0.000000,0.000000
60.000004,59.724678,180.226181,180.483414,1.000000,0.000000,0.000000,0.000000
60.000004,59.713448,180.226181,180.483414,1.000000,0.000000,0.000000,0.000000
60.000004,59.708096,180.226181,180.483414,1.000000,0.000000,0.000000,0.000000
60.000004,59.718857,180.226181,180.483414,1.000000,0.000000,0.000000,0.000000
60.000004,59.723476,180.226181,180.483414,1.000000,0.000000,0.000000,0.000000
60.000004,59.724377,180.226181,180.483414,1.000000,0.000000,0.000000,0.000000
60.000004,59.714405,180.226181,180.483414,1.000000,0.000000,0.000000,0.000000
60.000004,59.694050,180.226181,180.483414,1.000000,0.000000,0.000000,0.000000
60.000004,59.663399,180.226181,180.483414,1.000000,0.000000,0.000000,0.000000
60.000004,59.641949,180.226181,180.483414,1.000000,0.000000,0.000000,0.000000
60.000004,59.631130,180.226181,180.483414,1.000000,0.000000,0.000000,0.000000
60.000004,59.603973,180.226181,180.483414,1.000000,0.000000,0.000000,0.000000
60.000004,59.570534,180.226181,180.483414,1.000000,0.000000,0.000000,0.000000
60.000004,59.538704,180.226181,180.483414,1.000000,0.000000,0.000000,0.000000
60.000004,59.511520,180.226181,180.483414,1.000000,0.000000,0.000000,0.000000
60.000004,59.506195,180.226181,180.483414,1.000000,0.000000,0.000000,0.000000
60.000004,59.481251,180.226181,180.483414,1.000000,0.000000,0.000000,0.000000
60.000004,59.464912,180.226181,180.483414,1.000000,0.000000,0.000000,0.000000
60.000004,59.257164,180.226181,180.483414,1.000000,0.000000,0.000000,0.000000
60.000004,59.462288,180.226181,180.483414,1.000000,0.000000,0.000000,0.000000
60.000004,59.796314,180.226181,180.526917,1.000000,0.000000,0.000000,0.000000
60.000004,59.855434,180.226181,180.527344,1.000000,0.000000,0.000000,0.000000
60.000004,59.767952,180.226181,180.527344,1.000000,0.000000,0.000000,0.000000
60.000004,59.720963,180.226181,180.571045,1.000000,0.000000,0.000000,0.000000
60.000004,59.661240,180.226181,180.527908,1.000000,0.000000,0.000000,0.000000
60.000004,59.625912,180.226181,180.527359,1.000000,0.000000,0.000000,0.000000
60.000004,59.600803,180.226181,180.506683,1.000000,0.000000,0.000000,0.000000
60.000004,59.614765,180.226181,180.483551,1.000000,0.000000,0.000000,0.000000
60.000004,59.597088,180.226181,180.483414,1.000000,0.000000,0.000000,0.000000
60.000004,59.378933,180.226181,180.483414,1.000000,0.000000,0.000000,0.000000
60.000004,59.405327,180.226181,180.483414,1.000000,0.000000,0.000000,0.000000
60.000004,59.685799,180.226181,180.526123,1.000000,0.000000,0.000000,0.000000
60.000004,59.769047,180.226181,180.527344,1.000000,0.000000,0.000000,0.000000
60.000004,59.714844,180.226181,180.527344,1.000000,0.000000,0.000000,0.000000
60.000004,59.685280,180.226181,180.527344,1.000000,0.000000,0.000000,0.000000
60.000004,59.664627,180.226181,180.527344,1.000000,0.000000,0.000000,0.000000
60.000004,59.642197,180.226181,180.518600,1.000000,0.000000,0.000000,0.000000
60.000004,59.602501,180.226181,180.483627,1.000000,0.000000,0.000000,0.000000
60.000004,59.594685,180.226181,180.483414,1.000000,0.000000,0.000000,0.000000
60.000004,59.559139,180.226181,180.523941,1.000000,0.000000,0.000000,0.000000
60.000004,59.364510,180.226181,180.527344,1.000000,0.000000,0.000000,-3.000000
60.000004,59.265797,180.226181,180.518112,1.000000,0.000000,0.000000,0.000000
60.000004,59.650612,180.226181,180.555130,1.000000,0.000000,0.000000,0.000000
60.000004,59.780602,180.226181,180.553619,1.000000,0.000000,0.000000,0.000000
60.000004,59.738476,180.226181,180.527496,1.000000,0.000000,0.000000,0.000000
60.000004,59.703396,180.226181,180.527359,1.000000,0.000000,0.000000,0.000000
60.000004,59.682056,180.226181,180.527359,1.000000,0.000000,0.000000,0.000000
60.000004,59.645611,180.226181,180.527359,1.000000,0.000000,0.000000,0.000000
60.000004,59.609276,180.226181,180.490616,1.000000,0.000000,0.000000,0.000000
60.000004,59.596024,180.226181,180.483444,1.000000,0.000000,0.000000,0.000000
60.000004,59.593403,180.226181,180.483414,1.000000,0.000000,0.000000,0.000000
60.000004,59.536575,180.226181,180.483414,1.000000,0.000000,0.000000,0.000000
60.000004,59.269543,180.226181,180.483414,1.000000,0.000000,0.000000,-3.000000
60.000004,59.300056,180.226181,180.483414,1.000000,0.000000,0.000000,0.000000
60.000004,59.739159,180.226181,180.526123,1.000000,0.000000,0.000000,0.000000
60.000004,59.868656,180.226181,180.532745,1.000000,0.000000,0.000000,0.000000
60.000004,59.854561,180.226181,180.527374,1.000000,0.000000,0.000000,0.000000
60.000004,59.820766,180.226181,180.568695,1.000000,0.000000,0.000000,0.000000
60.000004,59.807514,180.226181,180.528564,1.000000,0.000000,0.000000,0.000000
60.000004,59.769619,180.226181,180.527359,1.000000,0.000000,0.000000,0.000000
60.000004,59.733475,180.226181,180.527359,1.000000,0.000000,0.000000,0.000000
60.000004,59.726345,180.226181,180.483673,1.000000,0.000000,0.000000,0.000000
60.000004,59.713585,180.226181,180.483414,1.000000,0.000000,0.000000,0.000000
60.000004,59.634163,180.226181,180.483414,1.000000,0.000000,0.000000,0.000000
60.000004,59.315849,180.226181,180.483414,1.000000,0.000000,0.000000,0.000000
60.000004,59.485840,180.226181,180.483414,1.000000,0.000000,0.000000,0.000000
60.000004,59.744869,180.226181,180.526611,1.000000,0.000000,0.000000,0.000000
60.000004,59.792599,180.226181,180.527344,1.000000,0.000000,0.000000,0.000000
60.000004,59.745907,180.226181,180.527344,1.000000,0.000000,0.000000,-3.000000
60.000004,59.727272,180.226181,180.527344,1.000000,0.000000,0.000000,0.000000
60.000004,59.700691,180.226181,180.527344,1.000000,0.000000,0.000000,0.000000
60.000004,59.664707,180.226181,180.527344,1.000000,0.000000,0.000000,0.000000
60.000004,59.642223,180.226181,180.527344,1.000000,0.000000,0.000000,0.000000
60.000004,59.637798,180.226181,180.494217,1.000000,0.000000,0.000000,0.000000
60.000004,59.615913,180.226181,180.507919,1.000000,0.000000,0.000000,0.000000
60.000004,59.455269,180.226181,180.483841,1.000000,0.000000,0.000000,0.000000
60.000004,59.279129,180.226181,180.483414,1.000000,0.000000,0.000000,0.000000
60.000004,59.687740,180.226181,180.523941,1.000000,0.000000,0.000000,0.000000
60.000004,59.846310,180.226181,180.527344,1.000000,0.000000,0.000000,0.000000
60.000004,59.828606,180.226181,180.527344,1.000000,0.000000,0.000000,0.000000
60.000004,59.780384,180.226181,180.527344,1.000000,0.000000,0.000000,0.000000
60.000004,59.770878,180.226181,180.527344,1.000000,0.000000,0.000000,0.000000
60.000004,59.739132,180.226181,180.527344,1.000000,0.000000,0.000000,0.000000
60.000004,59.679871,180.226181,180.527344,1.000000,0.000000,0.000000,0.000000
60.000004,59.674381,180.226181,180.484970,1.000000,0.000000,0.000000,0.000000
60.000004,59.662441,180.226181,180.485611,1.000000,0.000000,0.000000,0.000000
60.000004,59.610722,180.226181,180.487320,1.000000,0.000000,0.000000,0.000000
60.000004,59.332325,180.226181,180.483429,1.000000,0.000000,0.000000,-3.000000
60.000004,59.420624,180.226181,180.483414,1.000000,0.000000,0.000000,0.000000
60.000004,59.751507,180.226181,180.526611,1.000000,0.000000,0.000000,0.000000
60.000004,59.833797,180.226181,180.527344,1.000000,0.000000,0.000000,0.000000
60.000004,59.789318,180.226181,180.527344,1.000000,0.000000,0.000000,-3.000000
60.000004,59.772652,180.226181,180.527344,1.000000,0.000000,0.000000,0.000000
60.000004,59.742001,180.226181,180.527344,1.000000,0.000000,0.000000,0.000000
60.000004,59.684544,180.226181,180.527344,1.000000,0.000000,0.000000,0.000000
60.000004,59.646103,180.226181,180.486816,1.000000,0.000000,0.000000,0.000000
60.000004,59.638535,180.226181,180.483414,1.000000,0.000000,0.000000,0.000000
60.000004,59.620094,180.226181,180.484772,1.000000,0.000000,0.000000,0.000000
60.000004,59.502178,180.226181,180.483414,1.000000,0.000000,0.000000,0.000000
60.000004,59.234951,180.226181,180.483414,1.000000,0.000000,0.000000,0.000000
60.000004,59.560997,180.226181,180.511536,1.000000,0.000000,0.000000,0.000000
60.000004,59.828140,180.226181,180.527252,1.000000,0.000000,0.000000,0.000000
60.000004,59.850025,180.226181,180.527344,1.000000,0.000000,0.000000,0.000000
60.000004,59.792515,180.226181,180.527344,1.000000,0.000000,0.000000,0.000000
60.000004,59.775383,180.226181,180.527344,1.000000,0.000000,0.000000,0.000000
60.000004,59.752953,180.226181,180.527344,1.000000,0.000000,0.000000,0.000000
60.000004,59.704132,180.226181,180.527344,1.000000,0.000000,0.000000,0.000000
60.000004,59.676430,180.226181,180.484634,1.000000,0.000000,0.000000,0.000000
60.000004,59.679817,180.226181,180.483414,1.000000,0.000000,0.000000,0.000000
60.000004,59.634518,180.226181,180.483704,1.000000,0.000000,0.000000,0.000000
60.000004,59.491631,180.226181,180.483414,1.000000,0.000000,0.000000,0.000000
60.000004,59.246536,180.226181,180.483887,1.000000,0.000000,0.000000,0.000000
60.000004,59.601025,180.226181,180.511536,1.000000,0.000000,0.000000,0.000000
60.000004,59.839916,180.226181,180.527252,1.000000,0.000000,0.000000,0.000000
60.000004,59.857430,180.226181,180.527344,1.000000,0.000000,0.000000,0.000000
60.000004,59.801121,180.226181,180.527344,1.000000,0.000000,0.000000,0.000000
60.000004,59.800602,180.226181,180.527847,1.000000,0.000000,0.000000,0.000000
60.000004,59.762680,180.226181,180.527359,1.000000,0.000000,0.000000,0.000000
60.000004,59.707684,180.226181,180.527359,1.000000,0.000000,0.000000,0.000000
60.000004,59.684189,180.226181,180.489105,1.000000,0.000000,0.000000,0.000000
60.000004,59.684296,180.226181,180.483429,1.000000,0.000000,0.000000,0.000000
60.000004,59.628399,180.226181,180.483414,1.000000,0.000000,0.000000,0.000000
60.000004,59.400024,180.226181,180.483414,1.000000,0.000000,0.000000,0.000000
60.000004,59.313118,180.226181,180.483414,1.000000,0.000000,0.000000,0.000000
60.000004,59.683395,180.226181,180.521652,1.000000,0.000000,0.000000,0.000000
60.000004,59.832020,180.226181,180.527328,1.000000,0.000000,0.000000,0.000000
60.000004,59.807323,180.226181,180.527344,1.000000,0.000000,0.000000,0.000000
60.000004,59.776203,180.226181,180.527344,1.000000,0.000000,0.000000,0.000000
60.000004,59.770058,180.226181,180.527344,1.000000,0.000000,0.000000,0.000000
60.000004,59.730305,180.226181,180.521271,1.000000,0.000000,0.000000,0.000000
60.000004,59.685364,180.226181,180.510437,1.000000,0.000000,0.000000,0.000000
60.000004,59.669762,180.226181,180.483566,1.000000,0.000000,0.000000,0.000000
60.000004,59.658615,180.226181,180.485687,1.000000,0.000000,0.000000,0.000000
60.000004,59.592091,180.226181,180.485703,1.000000,0.000000,0.000000,0.000000
60.000004,59.315521,180.226181,180.483414,1.000000,0.000000,0.000000,0.000000
60.000004,59.437920,180.226181,180.483414,1.000000,0.000000,0.000000,0.000000
60.000004,59.773663,180.226181,180.526611,1.000000,0.000000,0.000000,0.000000
60.000004,59.843716,180.226181,180.527344,1.000000,0.000000,0.000000,0.000000
60.000004,59.799126,180.226181,180.527344,1.000000,0.000000,0.000000,0.000000
60.000004,59.779320,180.226181,180.527344,1.000000,0.000000,0.000000,0.000000
60.000004,59.758472,180.226181,180.527344,1.000000,0.000000,0.000000,0.000000
60.000004,59.728283,180.226181,180.527344,1.000000,0.000000,0.000000,0.000000
60.000004,59.690033,180.226181,180.506683,1.000000,0.000000,0.000000,0.000000
60.000004,59.687275,180.226181,180.483551,1.000000,0.000000,0.000000,0.000000
60.000004,59.662277,180.226181,180.483414,1.000000,0.000000,0.000000,0.000000
60.000004,59.577637,180.226181,180.483414,1.000000,0.000000,0.000000,0.000000
60.000004,59.307789,180.226181,180.483414,1.000000,0.000000,0.000000,-3.000000
60.000004,59.575832,180.226181,180.483414,1.000000,0.000000,0.000000,0.000000
60.000004,59.885433,180.226181,180.527100,1.000000,0.000000,0.000000,0.000000
60.000004,59.942013,180.226181,180.527344,1.000000,0.000000,0.000000,0.000000
60.000004,59.908600,180.226181,180.527344,1.000000,0.000000,0.000000,0.000000
60.000004,59.902016,180.226181,180.527344,1.000000,0.000000,0.000000,0.000000
60.000004,59.866089,180.226181,180.527344,1.000000,0.000000,0.000000,0.000000
60.000004,59.806095,180.226181,180.527344,1.000000,0.000000,0.000000,0.000000
60.000004,59.775932,180.226181,180.485458,1.000000,0.000000,0.000000,0.000000
60.000004,59.772953,180.226181,180.483414,1.000000,0.000000,0.000000,0.000000
60.000004,59.738365,180.226181,180.483414,1.000000,0.000000,0.000000,0.000000
60.000004,59.568813,180.226181,180.483414,1.000000,0.000000,0.000000,0.000000
60.000004,59.345875,180.226181,180.483414,1.000000,0.000000,0.000000,0.000000
60.000004,59.735962,180.226181,180.511536,1.000000,0.000000,0.000000,0.000000
60.000004,59.901772,180.226181,180.527252,1.000000,0.000000,0.000000,0.000000
60.000004,59.887016,180.226181,180.527344,1.000000,0.000000,0.000000,0.000000
60.000004,59.828686,180.226181,180.527344,1.000000,0.000000,0.000000,0.000000
60.000004,59.815655,180.226181,180.527344,1.000000,0.000000,0.000000,0.000000
60.000004,59.781151,180.226181,180.523560,1.000000,0.000000,0.000000,0.000000
60.000004,59.722111,180.226181,180.503418,1.000000,0.000000,0.000000,0.000000
60.000004,59.705032,180.226181,180.483536,1.000000,0.000000,0.000000,0.000000
60.000004,59.715115,180.226181,180.483414,1.000000,0.000000,0.000000,0.000000
60.000004,59.650967,180.226181,180.483414,1.000000,0.000000,0.000000,0.000000
60.000004,59.435104,180.226181,180.487198,1.000000,0.000000,0.000000,0.000000
60.000004,59.307133,180.226181,180.483429,1.000000,0.000000,0.000000,0.000000
60.000004,59.750904,180.226181,180.521652,1.000000,0.000000,0.000000,0.000000
60.000004,59.939720,180.226181,180.527328,1.000000,0.000000,0.000000,-3.000000
60.000004,59.932289,180.226181,180.517227,1.000000,0.000000,0.000000,0.000000
60.000004,59.899776,180.226181,180.527283,1.000000,0.000000,0.000000,0.000000
60.000004,59.883301,180.226181,180.527344,1.000000,0.000000,0.000000,0.000000
60.000004,59.831882,180.226181,180.527344,1.000000,0.000000,0.000000,0.000000
60.000004,59.784374,180.226181,180.516800,1.000000,0.000000,0.000000,-3.000000
60.000004,59.771641,180.226181,180.483612,1.000000,0.000000,0.000000,0.000000
60.000004,59.769157,180.226181,180.483414,1.000000,0.000000,0.000000,0.000000
60.000004,59.705662,180.226181,180.483414,1.000000,0.000000,0.000000,0.000000
60.000004,59.488789,180.226181,180.483414,1.000000,0.000000,0.000000,0.000000
60.000004,59.327599,180.226181,180.483414,1.000000,0.000000,0.000000,0.000000
60.000004,59.769619,180.226181,180.521652,1.000000,0.000000,0.000000,0.000000
60.000004,59.945210,180.226181,180.527328,1.000000,0.000000,0.000000,0.000000
60.000004,59.955345,180.226181,180.516556,1.000000,0.000000,0.000000,-3.000000
60.000004,59.933109,180.226181,180.527283,1.000000,0.000000,0.000000,0.000000
60.000004,59.925869,180.226181,180.527344,1.000000,0.000000,0.000000,0.000000
60.000004,59.884396,180.226181,180.501541,1.000000,0.000000,0.000000,0.000000
60.000004,59.834560,180.226181,180.483688,1.000000,0.000000,0.000000,0.000000
60.000004,59.829014,180.226181,180.483414,1.000000,0.000000,0.000000,0.000000
60.000004,59.827923,180.226181,180.483414,1.000000,0.000000,0.000000,0.000000
60.000004,59.766613,180.226181,180.483414,1.000000,0.000000,0.000000,0.000000
60.000004,59.555069,180.226181,180.483414,1.000000,0.000000,0.000000,0.000000
60.000004,59.451141,180.226181,180.483414,1.000000,0.000000,0.000000,0.000000
60.000004,59.834972,180.226181,180.517853,1.000000,0.000000,0.000000,0.000000
60.000004,59.958080,180.226181,180.509720,1.000000,0.000000,0.000000,0.000000
60.000004,59.929337,180.226181,180.483551,1.000000,0.000000,0.000000,0.000000
60.000004,59.906086,180.226181,180.521652,1.000000,0.000000,0.000000,0.000000
60.000004,59.901497,180.226181,180.484116,1.000000,0.000000,0.000000,0.000000
60.000004,59.860245,180.226181,180.483414,1.000000,0.000000,0.000000,0.000000
60.000004,59.821884,180.226181,180.483414,1.000000,0.000000,0.000000,0.000000
60.000004,59.814316,180.226181,180.483414,1.000000,0.000000,0.000000,0.000000
60.000004,59.812843,180.226181,180.483414,1.000000,0.000000,0.000000,0.000000
60.000004,59.752983,180.226181,180.483414,1.000000,0.000000,0.000000,0.000000
60.000004,59.652851,180.226181,180.483414,1.000000,0.000000,0.000000,0.000000
60.000004,59.485538,180.226181,180.483414,1.000000,0.000000,0.000000,0.000000
60.000004,59.449802,180.226181,180.448959,1.000000,0.000000,0.000000,0.000000
60.000004,59.836475,180.226181,180.483185,1.000000,0.000000,0.000000,0.000000
60.000004,59.968407,180.226181,180.483398,1.000000,0.000000,0.000000,0.000000
60.000004,59.959908,180.226181,180.483398,1.000000,0.000000,0.000000,0.000000
60.000004,59.943489,180.226181,180.520142,1.000000,0.000000,0.000000,0.000000
60.000004,59.919720,180.226181,180.484451,1.000000,0.000000,0.000000,0.000000
60.000004,59.855026,180.226181,180.508438,1.000000,0.000000,0.000000,0.000000
60.000004,59.822651,180.226181,180.483734,1.000000,0.000000,0.000000,0.000000
60.000004,59.821091,180.226181,180.483414,1.000000,0.000000,0.000000,0.000000
60.000004,59.809372,180.226181,180.483414,1.000000,0.000000,0.000000,0.000000
60.000004,59.755577,180.226181,180.483414,1.000000,0.000000,0.000000,0.000000
60.000004,59.602337,180.226181,180.483414,1.000000,0.000000,0.000000,0.000000
60.000004,59.366501,180.226181,180.483414,1.000000,0.000000,0.000000,0.000000
60.000004,59.749401,180.226181,180.517853,1.000000,0.000000,0.000000,0.000000
60.000004,59.939720,180.226181,180.527298,1.000000,0.000000,0.000000,0.000000
60.000004,59.963078,180.226181,180.484146,1.000000,0.000000,0.000000,0.000000
60.000004,59.942589,180.226181,180.526917,1.000000,0.000000,0.000000,0.000000
60.000004,59.944008,180.226181,180.489105,1.000000,0.000000,0.000000,0.000000
60.000004,59.893520,180.226181,180.483429,1.000000,0.000000,0.000000,0.000000
60.000004,59.842758,180.226181,180.483414,1.000000,0.000000,0.000000,-3.000000
60.000004,59.825054,180.226181,180.483414,1.000000,0.000000,0.000000,0.000000
60.000004,59.831749,180.226181,180.483414,1.000000,0.000000,0.000000,0.000000
60.000004,59.795273,180.226181,180.483414,1.000000,0.000000,0.000000,0.000000
60.000004,59.719021,180.226181,180.483414,1.000000,0.000000,0.000000,0.000000
60.000004,59.553375,180.226181,180.483414,1.000000,0.000000,0.000000,0.000000
60.000004,59.445488,180.226181,180.473282,1.000000,0.000000,0.000000,0.000000
60.000004,59.899174,180.226181,180.493881,1.000000,0.000000,0.000000,0.000000
60.000004,60.081650,180.226181,180.492691,1.000000,0.000000,0.000000,0.000000
60.000004,60.095585,180.226181,180.483459,1.000000,0.000000,0.000000,0.000000
60.000004,60.096951,180.226181,180.520142,1.000000,0.000000,0.000000,0.000000
60.000004,60.098591,180.226181,180.483932,1.000000,0.000000,0.000000,0.000000
60.000004,60.061707,180.226181,180.483414,1.000000,0.000000,0.000000,0.000000
60.000004,60.038021,180.226181,180.483414,1.000000,0.000000,0.000000,0.000000
60.000004,60.044685,180.226181,180.483414,1.000000,0.000000,0.000000,0.000000
60.000004,60.050507,180.226181,180.483414,1.000000,0.000000,0.000000,0.000000
60.000004,59.991409,180.226181,180.482590,1.000000,0.000000,0.000000,0.000000
60.000004,59.886635,180.226181,180.483398,1.000000,0.000000,0.000000,0.000000
60.000004,59.788525,180.226181,180.483398,1.000000,0.000000,0.000000,0.000000
60.000004,59.720222,180.226181,180.483398,1.000000,0.000000,0.000000,0.000000
60.000004,59.679653,180.226181,180.483398,1.000000,0.000000,0.000000,0.000000
60.000004,59.685226,180.226181,180.483398,1.000000,0.000000,0.000000,0.000000
60.000004,59.712791,180.226181,180.483398,1.000000,0.000000,0.000000,0.000000
60.000004,59.727028,180.226181,180.483398,1.000000,0.000000,0.000000,0.000000
60.000004,59.725086,180.226181,180.483398,1.000000,0.000000,0.000000,0.000000
60.000004,59.724678,180.226181,180.483398,1.000000,0.000000,0.000000,0.000000
60.000004,59.724678,180.226181,180.483398,1.000000,0.000000,0.000000,0.000000
60.000004,59.749020,180.226181,180.483398,1.000000,0.000000,0.000000,0.000000
60.000004,59.764702,180.226181,180.483398,1.000000,0.000000,0.000000,0.000000
60.000004,59.767788,180.226181,180.483398,1.000000,0.000000,0.000000,0.000000
60.000004,59.768391,180.226181,180.448776,1.000000,0.000000,0.000000,0.000000
60.000004,59.766041,180.226181,180.453949,1.000000,0.000000,0.000000,0.000000
60.000004,59.746044,180.226181,180.483231,1.000000,0.000000,0.000000,0.000000
60.000004,59.752300,180.226181,180.483398,1.000000,0.000000,0.000000,0.000000
60.000004,59.753830,180.226181,180.483398,1.000000,0.000000,0.000000,0.000000
60.000004,59.761669,180.226181,180.483398,1.000000,0.000000,0.000000,0.000000
60.000004,59.756149,180.226181,180.483398,1.000000,0.000000,0.000000,0.000000
60.000004,59.744320,180.226181,180.483398,1.000000,0.000000,0.000000,0.000000
60.000004,59.742546,180.226181,180.483398,1.000000,0.000000,0.000000,0.000000
60.000004,59.743584,180.226181,180.483398,1.000000,0.000000,0.000000,0.000000
60.000004,59.747082,180.226181,180.483398,1.000000,0.000000,0.000000,0.000000
60.000004,59.747353,180.226181,180.483398,1.000000,0.000000,0.000000,0.000000
60.000004,59.759647,180.226181,180.483398,1.000000,0.000000,0.000000,0.000000
60.000004,59.751396,180.226181,180.483398,1.000000,0.000000,0.000000,0.000000
60.000004,59.747654,180.226181,180.483398,1.000000,0.000000,0.000000,0.000000
60.000004,59.743637,180.226181,180.483398,1.000000,0.000000,0.000000,0.000000
60.000004,59.747215,180.226181,180.483398,1.000000,0.000000,0.000000,0.000000
60.000004,59.735470,180.226181,180.483398,1.000000,0.000000,0.000000,0.000000
60.000004,59.737629,180.226181,180.483398,1.000000,0.000000,0.000000,0.000000
60.000004,59.742191,180.226181,180.483398,1.000000,0.000000,0.000000,0.000000
60.000004,59.760059,180.226181,180.483398,1.000000,0.000000,0.000000,0.000000
60.000004,59.749321,180.226181,180.483398,1.000000,0.000000,0.000000,0.000000
60.000004,59.750824,180.226181,180.483398,1.000000,0.000000,0.000000,0.000000
60.000004,59.736397,180.226181,180.483398,1.000000,0.000000,0.000000,0.000000
60.000004,59.743500,180.226181,180.483398,1.000000,0.000000,0.000000,0.000000
60.000004,59.756123,180.226181,180.483398,1.000000,0.000000,0.000000,0.000000
60.000004,59.746807,180.226181,180.483398,1.000000,0.000000,0.000000,0.000000
60.000004,59.753609,180.226181,180.483398,1.000000,0.000000,0.000000,0.000000
60.000004,59.745743,180.226181,180.483398,1.000000,0.000000,0.000000,0.000000
60.000004,59.759293,180.226181,180.483398,1.000000,0.000000,0.000000,0.000000
60.000004,59.766750,180.226181,180.483398,1.000000,0.000000,0.000000,0.000000
60.000004,59.760712,180.226181,180.483398,1.000000,0.000000,0.000000,0.000000
60.000004,59.764072,180.226181,180.483398,1.000000,0.000000,0.000000,0.000000
60.000004,59.761505,180.226181,180.483398,1.000000,0.000000,0.000000,0.000000
60.000004,59.767189,180.226181,180.483398,1.000000,0.000000,0.000000,0.000000
60.000004,59.757435,180.226181,180.483398,1.000000,0.000000,0.000000,0.000000
60.000004,59.755222,180.226181,180.483398,1.000000,0.000000,0.000000,0.000000
60.000004,59.759102,180.226181,180.483398,1.000000,0.000000,0.000000,-3.000000
60.000004,59.759293,180.226181,180.483398,1.000000,0.000000,0.000000,0.000000
60.000004,59.764622,180.226181,180.483398,1.000000,0.000000,0.000000,0.000000
60.000004,59.767788,180.226181,180.483398,1.000000,0.000000,0.000000,0.000000
60.000004,59.765930,180.226181,180.483398,1.000000,0.000000,0.000000,-3.000000
60.000004,59.768036,180.226181,180.483398,1.000000,0.000000,0.000000,0.000000
60.000004,59.768444,180.226181,180.483398,1.000000,0.000000,0.000000,0.000000
60.000004,59.768471,180.226181,180.483398,1.000000,0.000000,0.000000,0.000000
60.000004,59.766422,180.226181,180.483398,1.000000,0.000000,0.000000,0.000000
60.000004,59.768147,180.226181,180.483398,1.000000,0.000000,0.000000,0.000000
60.000004,59.768471,180.226181,180.483398,1.000000,0.000000,0.000000,0.000000
60.000004,59.768471,180.226181,180.483398,1.000000,0.000000,0.000000,0.000000
60.000004,59.766750,180.226181,180.483398,1.000000,0.000000,0.000000,-3.000000
60.000004,59.764156,180.226181,180.472855,1.000000,0.000000,0.000000,0.000000
60.000004,59.767708,180.226181,180.483337,1.000000,0.000000,0.000000,0.000000
60.000004,59.766613,180.226181,180.482910,1.000000,0.000000,0.000000,0.000000
60.000004,59.768173,180.226181,180.483398,1.000000,0.000000,0.000000,0.000000
60.000004,59.765057,180.226181,180.483398,1.000000,0.000000,0.000000,0.000000
60.000004,59.767872,180.226181,180.477081,1.000000,0.000000,0.000000,0.000000
60.000004,59.763691,180.226181,180.483368,1.000000,0.000000,0.000000,0.000000
60.000004,59.767597,180.226181,180.483398,1.000000,0.000000,0.000000,0.000000
60.000004,59.768364,180.226181,180.483398,1.000000,0.000000,0.000000,0.000000
60.000004,59.768471,180.226181,180.483398,1.000000,0.000000,0.000000,0.000000
60.000004,59.768471,180.226181,180.483398,1.000000,0.000000,0.000000,0.000000
60.000004,59.768471,180.226181,180.483398,1.000000,0.000000,0.000000,0.000000
60.000004,59.768471,180.226181,180.482590,1.000000,0.000000,0.000000,0.000000
60.000004,59.768471,180.226181,180.483398,1.000000,0.000000,0.000000,0.000000
60.000004,59.768471,180.226181,180.483398,1.000000,0.000000,0.000000,0.000000
60.000004,59.768471,180.226181,180.483398,1.000000,0.000000,0.000000,0.000000
60.000004,59.768471,180.226181,180.483398,1.000000,0.000000,0.000000,0.000000
60.000004,59.762897,180.226181,180.483398,1.000000,0.000000,0.000000,0.000000
60.000004,59.767433,180.226181,180.483398,1.000000,0.000000,0.000000,0.000000
60.000004,59.763580,180.226181,180.483398,1.000000,0.000000,0.000000,0.000000
60.000004,59.767570,180.226181,180.483398,1.000000,0.000000,0.000000,0.000000
60.000004,59.768337,180.226181,180.483398,1.000000,0.000000,0.000000,-3.000000
60.000004,59.768471,180.226181,180.483398,1.000000,0.000000,0.000000,0.000000
60.000004,59.768471,180.226181,180.483398,1.000000,0.000000,0.000000,0.000000
60.000004,59.768471,180.226181,180.483398,1.000000,0.000000,0.000000,0.000000
60.000004,59.768471,180.226181,180.483398,1.000000,0.000000,0.000000,0.000000
60.000004,59.768471,180.226181,180.483398,1.000000,0.000000,0.000000,0.000000
60.000004,59.768471,180.226181,180.483398,1.000000,0.000000,0.000000,0.000000
60.000004,59.768471,180.226181,180.483398,1.000000,0.000000,0.000000,0.000000
60.000004,59.768471,180.226181,180.483398,1.000000,0.000000,0.000000,0.000000
60.000004,59.768471,180.226181,180.483398,1.000000,0.000000,0.000000,0.000000
60.000004,59.766750,180.226181,180.479614,1.000000,0.000000,0.000000,0.000000
60.000004,59.768200,180.226181,180.483383,1.000000,0.000000,0.000000,0.000000
60.000004,59.768471,180.226181,180.483398,1.000000,0.000000,0.000000,0.000000
60.000004,59.768471,180.226181,180.483398,1.000000,0.000000,0.000000,0.000000
60.000004,59.763744,180.226181,180.483398,1.000000,0.000000,0.000000,0.000000
60.000004,59.767597,180.226181,180.483398,1.000000,0.000000,0.000000,0.000000
60.000004,59.768364,180.226181,180.483398,1.000000,0.000000,0.000000,0.000000
60.000004,59.768471,180.226181,180.483398,1.000000,0.000000,0.000000,0.000000
60.000004,59.768471,180.226181,180.483398,1.000000,0.000000,0.000000,0.000000
60.000004,59.766422,180.226181,180.483398,1.000000,0.000000,0.000000,0.000000
60.000004,59.768147,180.226181,180.483398,1.000000,0.000000,0.000000,0.000000
60.000004,59.768471,180.226181,180.483398,1.000000,0.000000,0.000000,0.000000
60.000004,59.768471,180.226181,180.483398,1.000000,0.000000,0.000000,0.000000
60.000004,59.768471,180.226181,180.483398,1.000000,0.000000,0.000000,0.000000
60.000004,59.768471,180.226181,180.483398,1.000000,0.000000,0.000000,0.000000
60.000004,59.768471,180.226181,180.483398,1.000000,0.000000,0.000000,0.000000
60.000004,59.768471,180.226181,180.483398,1.000000,0.000000,0.000000,0.000000
60.000004,59.768471,180.226181,180.483398,1.000000,0.000000,0.000000,0.000000
60.000004,59.768471,180.226181,180.483398,1.000000,0.000000,0.000000,0.000000
60.000004,59.768471,180.226181,180.483398,1.000000,0.000000,0.000000,0.000000
60.000004,59.768471,180.226181,180.483398,1.000000,0.000000,0.000000,0.000000
60.000004,59.763744,180.226181,180.483398,1.000000,0.000000,0.000000,0.000000
60.000004,59.767597,180.226181,180.483398,1.000000,0.000000,0.000000,0.000000
60.000004,59.768364,180.226181,180.483398,1.000000,0.000000,0.000000,0.000000
60.000004,59.766998,180.226181,180.483398,1.000000,0.000000,0.000000,0.000000
60.000004,59.768253,180.226181,180.483398,1.000000,0.000000,0.000000,0.000000
60.000004,59.766972,180.226181,180.483398,1.000000,0.000000,0.000000,0.000000
60.000004,59.768227,180.226181,180.483398,1.000000,0.000000,0.000000,0.000000
60.000004,59.768471,180.226181,180.483398,1.000000,0.000000,0.000000,0.000000
60.000004,59.768471,180.226181,180.483398,1.000000,0.000000,0.000000,0.000000
60.000004,59.768471,180.226181,180.483398,1.000000,0.000000,0.000000,0.000000
60.000004,59.768471,180.226181,180.483398,1.000000,0.000000,0.000000,0.000000
60.000004,59.768471,180.226181,180.483398,1.000000,0.000000,0.000000,0.000000
60.000004,59.768471,180.226181,180.483398,1.000000,0.000000,0.000000,0.000000
60.000004,59.761887,180.226181,180.483398,1.000000,0.000000,0.000000,0.000000
60.000004,59.761669,180.226181,180.483398,1.000000,0.000000,0.000000,0.000000
60.000004,59.767189,180.226181,180.483398,1.000000,0.000000,0.000000,0.000000
60.000004,59.765385,180.226181,180.483398,1.000000,0.000000,0.000000,-3.000000
60.000004,59.767952,180.226181,180.483398,1.000000,0.000000,0.000000,0.000000
60.000004,59.766914,180.226181,180.483109,1.000000,0.000000,0.000000,0.000000
60.000004,59.768227,180.226181,180.483398,1.000000,0.000000,0.000000,0.000000
60.000004,59.768471,180.226181,180.483398,1.000000,0.000000,0.000000,0.000000
60.000004,59.765602,180.226181,180.483398,1.000000,0.000000,0.000000,0.000000
60.000004,59.767982,180.226181,180.483398,1.000000,0.000000,0.000000,0.000000
60.000004,59.768444,180.226181,180.482910,1.000000,0.000000,0.000000,0.000000
60.000004,59.768471,180.226181,180.483398,1.000000,0.000000,0.000000,0.000000
60.000004,59.768471,180.226181,180.483398,1.000000,0.000000,0.000000,0.000000
60.000004,59.768471,180.226181,180.483398,1.000000,0.000000,0.000000,0.000000
60.000004,59.768471,180.226181,180.483398,1.000000,0.000000,0.000000,0.000000
60.000004,59.768471,180.226181,180.483398,1.000000,0.000000,0.000000,-3.000000
60.000004,59.766422,180.226181,180.483398,1.000000,0.000000,0.000000,0.000000
60.000004,59.768147,180.226181,180.483398,1.000000,0.000000,0.000000,0.000000
60.000004,59.768471,180.226181,180.483398,1.000000,0.000000,0.000000,0.000000
60.000004,59.768471,180.226181,180.483398,1.000000,0.000000,0.000000,0.000000
60.000004,59.768471,180.226181,180.483398,1.000000,0.000000,0.000000,0.000000
60.000004,59.766750,180.226181,180.483398,1.000000,0.000000,0.000000,0.000000
60.000004,59.762600,180.226181,180.483398,1.000000,0.000000,0.000000,0.000000
60.000004,59.767406,180.226181,180.483398,1.000000,0.000000,0.000000,0.000000
60.000004,59.768311,180.226181,180.483231,1.000000,0.000000,0.000000,0.000000
60.000004,59.768471,180.226181,180.483398,1.000000,0.000000,0.000000,0.000000
60.000004,59.768471,180.226181,180.483398,1.000000,0.000000,0.000000,0.000000
60.000004,59.766041,180.226181,180.483398,1.000000,0.000000,0.000000,0.000000
60.000004,59.762436,180.226181,180.483398,1.000000,0.000000,0.000000,0.000000
60.000004,59.762600,180.226181,180.483398,1.000000,0.000000,0.000000,-3.000000
60.000004,59.767406,180.226181,180.483398,1.000000,0.000000,0.000000,0.000000
60.000004,59.768311,180.226181,180.483398,1.000000,0.000000,0.000000,0.000000
60.000004,59.758472,180.226181,180.483398,1.000000,0.000000,0.000000,0.000000
60.000004,59.766586,180.226181,180.483398,1.000000,0.000000,0.000000,0.000000
60.000004,59.768173,180.226181,180.483398,1.000000,0.000000,0.000000,0.000000
60.000004,59.763691,180.226181,180.483398,1.000000,0.000000,0.000000,0.000000
60.000004,59.761013,180.226181,180.483398,1.000000,0.000000,0.000000,0.000000
60.000004,59.767078,180.226181,180.483398,1.000000,0.000000,0.000000,0.000000
60.000004,59.768280,180.226181,180.483398,1.000000,0.000000,0.000000,0.000000
60.000004,59.768471,180.226181,180.483398,1.000000,0.000000,0.000000,0.000000
60.000004,59.768471,180.226181,180.483398,1.000000,0.000000,0.000000,0.000000
60.000004,59.768471,180.226181,180.483398,1.000000,0.000000,0.000000,0.000000
60.000004,59.761261,180.226181,180.483398,1.000000,0.000000,0.000000,0.000000
60.000004,59.767136,180.226181,180.483398,1.000000,0.000000,0.000000,0.000000
60.000004,59.768280,180.226181,180.483398,1.000000,0.000000,0.000000,0.000000
60.000004,59.763744,180.226181,180.483398,1.000000,0.000000,0.000000,-3.000000
60.000004,59.767597,180.226181,180.483398,1.000000,0.000000,0.000000,0.000000
60.000004,59.768364,180.226181,180.483398,1.000000,0.000000,0.000000,0.000000
60.000004,59.768471,180.226181,180.483398,1.000000,0.000000,0.000000,0.000000
60.000004,59.766041,180.226181,180.483398,1.000000,0.000000,0.000000,-3.000000
60.000004,59.768063,180.226181,180.483398,1.000000,0.000000,0.000000,0.000000
60.000004,59.768471,180.226181,180.483398,1.000000,0.000000,0.000000,0.000000
60.000004,59.766750,180.226181,180.483109,1.000000,0.000000,0.000000,0.000000
60.000004,59.768200,180.226181,180.483398,1.000000,0.000000,0.000000,-3.000000
60.000004,59.766014,180.226181,180.477081,1.000000,0.000000,0.000000,0.000000
60.000004,59.768063,180.226181,180.483368,1.000000,0.000000,0.000000,0.000000
60.000004,59.768471,180.226181,180.465820,1.000000,0.000000,0.000000,0.000000
60.000004,59.768471,180.226181,180.483292,1.000000,0.000000,0.000000,0.000000
60.000004,59.768471,180.226181,180.483398,1.000000,0.000000,0.000000,0.000000
60.000004,59.768471,180.226181,180.483398,1.000000,0.000000,0.000000,0.000000
60.000004,59.764458,180.226181,180.483398,1.000000,0.000000,0.000000,0.000000
60.000004,59.765247,180.226181,180.483398,1.000000,0.000000,0.000000,0.000000
60.000004,59.767899,180.226181,180.483398,1.000000,0.000000,0.000000,0.000000
60.000004,59.768417,180.226181,180.481216,1.000000,0.000000,0.000000,0.000000
60.000004,59.768471,180.226181,180.483215,1.000000,0.000000,0.000000,0.000000
60.000004,59.768471,180.226181,180.483398,1.000000,0.000000,0.000000,0.000000
60.000004,59.767025,180.226181,180.483398,1.000000,0.000000,0.000000,0.000000
60.000004,59.768253,180.226181,180.483398,1.000000,0.000000,0.000000,0.000000
60.000004,59.768471,180.226181,180.483398,1.000000,0.000000,0.000000,0.000000
60.000004,59.768471,180.226181,180.483398,1.000000,0.000000,0.000000,0.000000
60.000004,59.761887,180.226181,180.483398,1.000000,0.000000,0.000000,0.000000
60.000004,59.767242,180.226181,180.483398,1.000000,0.000000,0.000000,0.000000
60.000004,59.764267,180.226181,180.477081,1.000000,0.000000,0.000000,0.000000
60.000004,59.763664,180.226181,180.483368,1.000000,0.000000,0.000000,0.000000
60.000004,59.767597,180.226181,180.483398,1.000000,0.000000,0.000000,0.000000
60.000004,59.768364,180.226181,180.483398,1.000000,0.000000,0.000000,0.000000
60.000004,59.768471,180.226181,180.483398,1.000000,0.000000,0.000000,0.000000
60.000004,59.768471,180.226181,180.483398,1.000000,0.000000,0.000000,0.000000
60.000004,59.768471,180.226181,180.483398,1.000000,0.000000,0.000000,0.000000
60.000004,59.761887,180.226181,180.483398,1.000000,0.000000,0.000000,0.000000
60.000004,59.767242,180.226181,180.482925,1.000000,0.000000,0.000000,0.000000
60.000004,59.764866,180.226181,180.483398,1.000000,0.000000,0.000000,0.000000
60.000004,59.756699,180.226181,180.483398,1.000000,0.000000,0.000000,0.000000
60.000004,59.762791,180.226181,180.483398,1.000000,0.000000,0.000000,0.000000
60.000004,59.767433,180.226181,180.483398,1.000000,0.000000,0.000000,0.000000
60.000004,59.768337,180.226181,180.483398,1.000000,0.000000,0.000000,0.000000
60.000004,59.762897,180.226181,180.483398,1.000000,0.000000,0.000000,0.000000
60.000004,59.767433,180.226181,180.483398,1.000000,0.000000,0.000000,0.000000
60.000004,59.766232,180.226181,180.483398,1.000000,0.000000,0.000000,0.000000
60.000004,59.765602,180.226181,180.483398,1.000000,0.000000,0.000000,0.000000
60.000004,59.767982,180.226181,180.483398,1.000000,0.000000,0.000000,0.000000
60.000004,59.768444,180.226181,180.483398,1.000000,0.000000,0.000000,0.000000
60.000004,59.768471,180.226181,180.483398,1.000000,0.000000,0.000000,0.000000
60.000004,59.768471,180.226181,180.483398,1.000000,0.000000,0.000000,0.000000
60.000004,59.765602,180.226181,180.483398,1.000000,0.000000,0.000000,0.000000
60.000004,59.767982,180.226181,180.483398,1.000000,0.000000,0.000000,0.000000
60.000004,59.768444,180.226181,180.483398,1.000000,0.000000,0.000000,0.000000
60.000004,59.768471,180.226181,180.483398,1.000000,0.000000,0.000000,0.000000
60.000004,59.768471,180.226181,180.483398,1.000000,0.000000,0.000000,0.000000
60.000004,59.766750,180.226181,180.483398,1.000000,0.000000,0.000000,0.000000
60.000004,59.763447,180.226181,180.482040,1.000000,0.000000,0.000000,0.000000
60.000004,59.767544,180.226181,180.483398,1.000000,0.000000,0.000000,0.000000
60.000004,59.768337,180.226181,180.483398,1.000000,0.000000,0.000000,0.000000
60.000004,59.768471,180.226181,180.483398,1.000000,0.000000,0.000000,0.000000
60.000004,59.766422,180.226181,180.483398,1.000000,0.000000,0.000000,0.000000
60.000004,59.763172,180.226181,180.483398,1.000000,0.000000,0.000000,0.000000
60.000004,59.767490,180.226181,180.483398,1.000000,0.000000,0.000000,0.000000
60.000004,59.760632,180.226181,180.483398,1.000000,0.000000,0.000000,0.000000
60.000004,59.765221,180.226181,180.483398,1.000000,0.000000,0.000000,0.000000
60.000004,59.767899,180.226181,180.483398,1.000000,0.000000,0.000000,0.000000
60.000004,59.766914,180.226181,180.483398,1.000000,0.000000,0.000000,0.000000
60.000004,59.768227,180.226181,180.483398,1.000000,0.000000,0.000000,0.000000
60.000004,59.768471,180.226181,180.483398,1.000000,0.000000,0.000000,0.000000
60.000004,59.768471,180.226181,180.483398,1.000000,0.000000,0.000000,0.000000
60.000004,59.763092,180.226181,180.483398,1.000000,0.000000,0.000000,0.000000
60.000004,59.767490,180.226181,180.483398,1.000000,0.000000,0.000000,0.000000
60.000004,59.766808,180.226181,180.483398,1.000000,0.000000,0.000000,0.000000
60.000004,59.768227,180.226181,180.483398,1.000000,0.000000,0.000000,0.000000
60.000004,59.768471,180.226181,180.483398,1.000000,0.000000,0.000000,0.000000
60.000004,59.768471,180.226181,180.483398,1.000000,0.000000,0.000000,0.000000
60.000004,59.768471,180.226181,180.483398,1.000000,0.000000,0.000000,0.000000
60.000004,59.764072,180.226181,180.483398,1.000000,0.000000,0.000000,0.000000
60.000004,59.767708,180.226181,180.483398,1.000000,0.000000,0.000000,0.000000
60.000004,59.768364,180.226181,180.472855,1.000000,0.000000,0.000000,-3.000000
60.000004,59.768471,180.226181,180.483337,1.000000,0.000000,0.000000,0.000000
60.000004,59.761887,180.226181,180.483398,1.000000,0.000000,0.000000,0.000000
60.000004,59.767242,180.226181,180.483398,1.000000,0.000000,0.000000,0.000000
60.000004,59.768311,180.226181,180.483398,1.000000,0.000000,0.000000,0.000000
60.000004,59.768471,180.226181,180.483398,1.000000,0.000000,0.000000,0.000000
60.000004,59.768471,180.226181,180.483398,1.000000,0.000000,0.000000,0.000000
60.000004,59.768471,180.226181,180.483398,1.000000,0.000000,0.000000,0.000000
60.000004,59.768471,180.226181,180.483398,1.000000,0.000000,0.000000,0.000000
60.000004,59.768471,180.226181,180.483398,1.000000,0.000000,0.000000,0.000000
60.000004,59.766041,180.226181,180.483398,1.000000,0.000000,0.000000,0.000000
60.000004,59.768063,180.226181,180.483398,1.000000,0.000000,0.000000,0.000000
60.000004,59.768471,180.226181,180.483398,1.000000,0.000000,0.000000,-3.000000
60.000004,59.768471,180.226181,180.483398,1.000000,0.000000,0.000000,0.000000
60.000004,59.768471,180.226181,180.477081,1.000000,0.000000,0.000000,0.000000
60.000004,59.768471,180.226181,180.483368,1.000000,0.000000,0.000000,0.000000
60.000004,59.768471,180.226181,180.483398,1.000000,0.000000,0.000000,0.000000
60.000004,59.766422,180.226181,180.483398,1.000000,0.000000,0.000000,-3.000000
60.000004,59.765659,180.226181,180.483398,1.000000,0.000000,0.000000,0.000000
60.000004,59.767982,180.226181,180.483398,1.000000,0.000000,0.000000,0.000000
60.000004,59.768444,180.226181,180.483398,1.000000,0.000000,0.000000,0.000000
60.000004,59.768471,180.226181,180.483398,1.000000,0.000000,0.000000,0.000000
60.000004,59.768471,180.226181,180.483398,1.000000,0.000000,0.000000,0.000000
60.000004,59.766750,180.226181,180.483398,1.000000,0.000000,0.000000,0.000000
60.000004,59.764755,180.226181,180.483398,1.000000,0.000000,0.000000,0.000000
60.000004,59.766258,180.226181,180.483398,1.000000,0.000000,0.000000,-3.000000
60.000004,59.768116,180.226181,180.483398,1.000000,0.000000,0.000000,0.000000
60.000004,59.768471,180.226181,180.483398,1.000000,0.000000,0.000000,0.000000
60.000004,59.768471,180.226181,180.483398,1.000000,0.000000,0.000000,0.000000
60.000004,59.768471,180.226181,180.481125,1.000000,0.000000,0.000000,0.000000
60.000004,59.768471,180.226181,180.483398,1.000000,0.000000,0.000000,0.000000
60.000004,59.768471,180.226181,180.483398,1.000000,0.000000,0.000000,0.000000
60.000004,59.768471,180.226181,180.483231,1.000000,0.000000,0.000000,0.000000
60.000004,59.768471,180.226181,180.483398,1.000000,0.000000,0.000000,0.000000
60.000004,59.768471,180.226181,180.483398,1.000000,0.000000,0.000000,0.000000
60.000004,59.768471,180.226181,180.483398,1.000000,0.000000,0.000000,0.000000
60.000004,59.767025,180.226181,180.483398,1.000000,0.000000,0.000000,0.000000
60.000004,59.768253,180.226181,180.483398,1.000000,0.000000,0.000000,-3.000000
60.000004,59.768471,180.226181,180.483398,1.000000,0.000000,0.000000,0.000000
60.000004,59.768471,180.226181,180.483398,1.000000,0.000000,0.000000,0.000000
60.000004,59.768471,180.226181,180.483398,1.000000,0.000000,0.000000,0.000000
60.000004,59.768471,180.226181,180.483398,1.000000,0.000000,0.000000,-3.000000
60.000004,59.768471,180.226181,180.483398,1.000000,0.000000,0.000000,0.000000
60.000004,59.768471,180.226181,180.483398,1.000000,0.000000,0.000000,0.000000
60.000004,59.768471,180.226181,180.483398,1.000000,0.000000,0.000000,0.000000
60.000004,59.768471,180.226181,180.483398,1.000000,0.000000,0.000000,0.000000
60.000004,59.763744,180.226181,180.483398,1.000000,0.000000,0.000000,0.000000
60.000004,59.761013,180.226181,180.483398,1.000000,0.000000,0.000000,0.000000
60.000004,59.767078,180.226181,180.483398,1.000000,0.000000,0.000000,0.000000
60.000004,59.768280,180.226181,180.483398,1.000000,0.000000,0.000000,0.000000
60.000004,59.761887,180.226181,180.483398,1.000000,0.000000,0.000000,0.000000
60.000004,59.767242,180.226181,180.483398,1.000000,0.000000,0.000000,0.000000
60.000004,59.764267,180.226181,180.483398,1.000000,0.000000,0.000000,0.000000
60.000004,59.766178,180.226181,180.483231,1.000000,0.000000,0.000000,0.000000
60.000004,59.768089,180.226181,180.483398,1.000000,0.000000,0.000000,0.000000
60.000004,59.768471,180.226181,180.483398,1.000000,0.000000,0.000000,0.000000
60.000004,59.768471,180.226181,180.483398,1.000000,0.000000,0.000000,0.000000
60.000004,59.768471,180.226181,180.472855,1.000000,0.000000,0.000000,0.000000
60.000004,59.768471,180.226181,180.481979,1.000000,0.000000,0.000000,0.000000
60.000004,59.768471,180.226181,180.482925,1.000000,0.000000,0.000000,0.000000
60.000004,59.764458,180.226181,180.483398,1.000000,0.000000,0.000000,0.000000
60.000004,59.767735,180.226181,180.483398,1.000000,0.000000,0.000000,0.000000
60.000004,59.768391,180.226181,180.483398,1.000000,0.000000,0.000000,0.000000
60.000004,59.768471,180.226181,180.482590,1.000000,0.000000,0.000000,0.000000
60.000004,59.768471,180.226181,180.483398,1.000000,0.000000,0.000000,0.000000
60.000004,59.768471,180.226181,180.483398,1.000000,0.000000,0.000000,0.000000
60.000004,59.768471,180.226181,180.483398,1.000000,0.000000,0.000000,0.000000
60.000004,59.762245,180.226181,180.483398,1.000000,0.000000,0.000000,0.000000
60.000004,59.767300,180.226181,180.483398,1.000000,0.000000,0.000000,0.000000
60.000004,59.765850,180.226181,180.483398,1.000000,0.000000,0.000000,0.000000
60.000004,59.763992,180.226181,180.483398,1.000000,0.000000,0.000000,0.000000
60.000004,59.767654,180.226181,180.483398,1.000000,0.000000,0.000000,0.000000
60.000004,59.768364,180.226181,180.483398,1.000000,0.000000,0.000000,0.000000
60.000004,59.768471,180.226181,180.483398,1.000000,0.000000,0.000000,0.000000
60.000004,59.766041,180.226181,180.483398,1.000000,0.000000,0.000000,0.000000
60.000004,59.768063,180.226181,180.483398,1.000000,0.000000,0.000000,0.000000
60.000004,59.765030,180.226181,180.483398,1.000000,0.000000,0.000000,0.000000
60.000004,59.763939,180.226181,180.483398,1.000000,0.000000,0.000000,0.000000
60.000004,59.767654,180.226181,180.483398,1.000000,0.000000,0.000000,0.000000
60.000004,59.768364,180.226181,180.483398,1.000000,0.000000,0.000000,0.000000
60.000004,59.768471,180.226181,180.483398,1.000000,0.000000,0.000000,0.000000
60.000004,59.768471,180.226181,180.483398,1.000000,0.000000,0.000000,0.000000
60.000004,59.768471,180.226181,180.483398,1.000000,0.000000,0.000000,0.000000
60.000004,59.768471,180.226181,180.483398,1.000000,0.000000,0.000000,0.000000
60.000004,59.762897,180.226181,180.483398,1.000000,0.000000,0.000000,0.000000
60.000004,59.767433,180.226181,180.483398,1.000000,0.000000,0.000000,0.000000
60.000004,59.768337,180.226181,180.483398,1.000000,0.000000,0.000000,0.000000
60.000004,59.768471,180.226181,180.483398,1.000000,0.000000,0.000000,0.000000
60.000004,59.768471,180.226181,180.483398,1.000000,0.000000,0.000000,0.000000
60.000004,59.768471,180.226181,180.483398,1.000000,0.000000,0.000000,0.000000
60.000004,59.768471,180.226181,180.483398,1.000000,0.000000,0.000000,0.000000
60.000004,59.768471,180.226181,180.483398,1.000000,0.000000,0.000000,0.000000
60.000004,59.768471,180.226181,180.465820,1.000000,0.000000,0.000000,0.000000
60.000004,59.759975,180.226181,180.483292,1.000000,0.000000,0.000000,0.000000
60.000004,59.765358,180.226181,180.483398,1.000000,0.000000,0.000000,0.000000
60.000004,59.767952,180.226181,180.483398,1.000000,0.000000,0.000000,0.000000
60.000004,59.768417,180.226181,180.483398,1.000000,0.000000,0.000000,0.000000
60.000004,59.768471,180.226181,180.483398,1.000000,0.000000,0.000000,0.000000
60.000004,59.768471,180.226181,180.483398,1.000000,0.000000,0.000000,0.000000
60.000004,59.768471,180.226181,180.483398,1.000000,0.000000,0.000000,0.000000
60.000004,59.768471,180.226181,180.483398,1.000000,0.000000,0.000000,0.000000
60.000004,59.768471,180.226181,180.479614,1.000000,0.000000,0.000000,0.000000
60.000004,59.766422,180.226181,180.483383,1.000000,0.000000,0.000000,0.000000
60.000004,59.768147,180.226181,180.483398,1.000000,0.000000,0.000000,0.000000
60.000004,59.768471,180.226181,180.483398,1.000000,0.000000,0.000000,0.000000
60.000004,59.766422,180.226181,180.483398,1.000000,0.000000,0.000000,0.000000
60.000004,59.768147,180.226181,180.465820,1.000000,0.000000,0.000000,0.000000
60.000004,59.768471,180.226181,180.483292,1.000000,0.000000,0.000000,0.000000
60.000004,59.768471,180.226181,180.483398,1.000000,0.000000,0.000000,0.000000
60.000004,59.768471,180.226181,180.483398,1.000000,0.000000,0.000000,0.000000
60.000004,59.768471,180.226181,180.483398,1.000000,0.000000,0.000000,0.000000
60.000004,59.768471,180.226181,180.481125,1.000000,0.000000,0.000000,0.000000
60.000004,59.768471,180.226181,180.483398,1.000000,0.000000,0.000000,0.000000
60.000004,59.768471,180.226181,180.483398,1.000000,0.000000,0.000000,0.000000
60.000004,59.764458,180.226181,180.483398,1.000000,0.000000,0.000000,0.000000
60.000004,59.767735,180.226181,180.483398,1.000000,0.000000,0.000000,0.000000
60.000004,59.768391,180.226181,180.483398,1.000000,0.000000,0.000000,0.000000
60.000004,59.768471,180.226181,180.483398,1.000000,0.000000,0.000000,0.000000
60.000004,59.768471,180.226181,180.483398,1.000000,0.000000,0.000000,0.000000
60.000004,59.768471,180.226181,180.483398,1.000000,0.000000,0.000000,0.000000
60.000004,59.765083,180.226181,180.483398,1.000000,0.000000,0.000000,0.000000
60.000004,59.767872,180.226181,180.483398,1.000000,0.000000,0.000000,0.000000
60.000004,59.768417,180.226181,180.483398,1.000000,0.000000,0.000000,0.000000
60.000004,59.768471,180.226181,180.483398,1.000000,0.000000,0.000000,0.000000
60.000004,59.768471,180.226181,180.483398,1.000000,0.000000,0.000000,0.000000
60.000004,59.767025,180.226181,180.483398,1.000000,0.000000,0.000000,0.000000
60.000004,59.768253,180.226181,180.483398,1.000000,0.000000,0.000000,0.000000
60.000004,59.768471,180.226181,180.482925,1.000000,0.000000,0.000000,0.000000
60.000004,59.768471,180.226181,180.483398,1.000000,0.000000,0.000000,0.000000
60.000004,59.768471,180.226181,180.483398,1.000000,0.000000,0.000000,0.000000
60.000004,59.765083,180.226181,180.483398,1.000000,0.000000,0.000000,0.000000
60.000004,59.767872,180.226181,180.483398,1.000000,0.000000,0.000000,0.000000
60.000004,59.768417,180.226181,180.483398,1.000000,0.000000,0.000000,0.000000
60.000004,59.768471,180.226181,180.483398,1.000000,0.000000,0.000000,0.000000
60.000004,59.766041,180.226181,180.483398,1.000000,0.000000,0.000000,0.000000
60.000004,59.765575,180.226181,180.483398,1.000000,0.000000,0.000000,0.000000
60.000004,59.765469,180.226181,180.483398,1.000000,0.000000,0.000000,0.000000
60.000004,59.762325,180.226181,180.476776,1.000000,0.000000,0.000000,0.000000
60.000004,59.767326,180.226181,180.483368,1.000000,0.000000,0.000000,0.000000
60.000004,59.768311,180.226181,180.483398,1.000000,0.000000,0.000000,0.000000
60.000004,59.768471,180.226181,180.483398,1.000000,0.000000,0.000000,0.000000
60.000004,59.761887,180.226181,180.483398,1.000000,0.000000,0.000000,0.000000
60.000004,59.767242,180.226181,180.483398,1.000000,0.000000,0.000000,0.000000
60.000004,59.768311,180.226181,180.482040,1.000000,0.000000,0.000000,0.000000
60.000004,59.768471,180.226181,180.483398,1.000000,0.000000,0.000000,0.000000
60.000004,59.768471,180.226181,180.483398,1.000000,0.000000,0.000000,0.000000
60.000004,59.768471,180.226181,180.482040,1.000000,0.000000,0.000000,0.000000
60.000004,59.768471,180.226181,180.483398,1.000000,0.000000,0.000000,0.000000
60.000004,59.768471,180.226181,180.483398,1.000000,0.000000,0.000000,0.000000
60.000004,59.768471,180.226181,180.483398,1.000000,0.000000,0.000000,0.000000
60.000004,59.768471,180.226181,180.483109,1.000000,0.000000,0.000000,0.000000
60.000004,59.768471,180.226181,180.483398,1.000000,0.000000,0.000000,0.000000
60.000004,59.766750,180.226181,180.483398,1.000000,0.000000,0.000000,0.000000
60.000004,59.762600,180.226181,180.483398,1.000000,0.000000,0.000000,0.000000
60.000004,59.767406,180.226181,180.483398,1.000000,0.000000,0.000000,0.000000
60.000004,59.768311,180.226181,180.472855,1.000000,0.000000,0.000000,0.000000
60.000004,59.763908,180.226181,180.483337,1.000000,0.000000,0.000000,0.000000
60.000004,59.767654,180.226181,180.483398,1.000000,0.000000,0.000000,0.000000
60.000004,59.760986,180.226181,180.483398,1.000000,0.000000,0.000000,0.000000
60.000004,59.767078,180.226181,180.483398,1.000000,0.000000,0.000000,0.000000
60.000004,59.766479,180.226181,180.483398,1.000000,0.000000,0.000000,0.000000
60.000004,59.762543,180.226181,180.483398,1.000000,0.000000,0.000000,0.000000
60.000004,59.767380,180.226181,180.483398,1.000000,0.000000,0.000000,0.000000
60.000004,59.768311,180.226181,180.465820,1.000000,0.000000,0.000000,0.000000
60.000004,59.768471,180.226181,180.483292,1.000000,0.000000,0.000000,0.000000
60.000004,59.768471,180.226181,180.483398,1.000000,0.000000,0.000000,0.000000
60.000004,59.762897,180.226181,180.483398,1.000000,0.000000,0.000000,0.000000
30.000002,59.815792,180.226181,180.483398,1.000000,0.000000,0.000000,0.000000
30.000002,59.796177,180.226181,180.483398,1.000000,0.000000,0.000000,0.000000
30.000002,59.750057,180.226181,180.483398,1.000000,0.000000,0.000000,0.000000
30.000002,59.670391,180.226181,180.482925,1.000000,0.000000,0.000000,0.000000
30.000002,59.601295,180.226181,180.462723,1.000000,0.000000,0.000000,0.000000
30.000002,59.529278,180.226181,180.480835,1.000000,0.000000,0.000000,0.000000
30.000002,59.453381,180.226181,180.483215,1.000000,0.000000,0.000000,0.000000
30.000002,59.359371,180.226181,180.465820,1.000000,0.000000,0.000000,0.000000
30.000002,59.240200,180.226181,180.483292,1.000000,0.000000,0.000000,0.000000
30.000002,59.126106,180.226181,180.483398,1.000000,0.000000,0.000000,0.000000
30.000002,59.014473,180.226181,180.472855,1.000000,0.000000,0.000000,0.000000
30.000002,58.867352,180.226181,180.477020,1.000000,0.000000,0.000000,0.000000
30.000002,58.748344,180.226181,180.465286,1.000000,0.000000,0.000000,0.000000
30.000002,58.622341,180.226181,180.465714,1.000000,0.000000,0.000000,0.000000
30.000002,58.469971,180.226181,180.483292,1.000000,0.000000,0.000000,0.000000
30.000002,58.320663,180.226181,180.483398,1.000000,0.000000,0.000000,0.000000
30.000002,58.157913,180.226181,180.483398,1.000000,0.000000,0.000000,0.000000
30.000002,57.984863,180.226181,180.482590,1.000000,0.000000,0.000000,0.000000
30.000002,57.789085,180.226181,180.472855,1.000000,0.000000,0.000000,0.000000
30.000002,57.613194,180.226181,180.462677,1.000000,0.000000,0.000000,0.000000
30.000002,57.408176,180.226181,180.465698,1.000000,0.000000,0.000000,0.000000
30.000002,57.194309,180.226181,180.483292,1.000000,0.000000,0.000000,0.000000
30.000002,56.983257,180.226181,180.483398,1.000000,0.000000,0.000000,0.000000
30.000002,56.768600,180.226181,180.483109,1.000000,0.000000,0.000000,0.000000
30.000002,56.554543,180.226181,180.479614,1.000000,0.000000,0.000000,0.000000
30.000002,56.321247,180.226181,180.483383,1.000000,0.000000,0.000000,0.000000
30.000002,56.101917,180.226181,180.483398,1.000000,0.000000,0.000000,0.000000
30.000002,55.894745,180.226181,180.455276,1.000000,0.000000,0.000000,0.000000
30.000002,55.656479,180.226181,180.482758,1.000000,0.000000,0.000000,0.000000
30.000002,55.428898,180.226181,180.465347,1.000000,0.000000,0.000000,0.000000
30.000002,55.217381,180.226181,180.480835,1.000000,0.000000,0.000000,0.000000
30.000002,54.980675,180.226181,180.483398,1.000000,0.000000,0.000000,0.000000
30.000002,54.746727,180.226181,180.481125,1.000000,0.000000,0.000000,0.000000
30.000002,54.520893,180.226181,180.483093,1.000000,0.000000,0.000000,0.000000
30.000002,54.266155,180.226181,180.483398,1.000000,0.000000,0.000000,0.000000
30.000002,54.003410,180.226181,180.482620,1.000000,0.000000,0.000000,0.000000
30.000002,53.741051,180.226181,180.483398,1.000000,0.000000,0.000000,0.000000
30.000002,53.444126,180.226181,180.451477,1.000000,0.000000,0.000000,0.000000
30.000002,53.133408,180.226181,180.472672,1.000000,0.000000,0.000000,0.000000
30.000002,52.808701,180.226181,180.476974,1.000000,0.000000,0.000000,0.000000
30.000002,52.482681,180.226181,180.481705,1.000000,0.000000,0.000000,0.000000
30.000002,52.128551,180.226181,180.477066,1.000000,0.000000,0.000000,0.000000
30.000002,51.763710,180.226181,180.466492,1.000000,0.000000,0.000000,0.000000
30.000002,51.370182,180.226181,180.483292,1.000000,0.000000,0.000000,0.000000
30.000002,50.987255,180.226181,180.459763,1.000000,0.000000,0.000000,0.000000
30.000002,50.602467,180.226181,180.483093,1.000000,0.000000,0.000000,0.000000
30.000002,50.220085,180.226181,180.482101,1.000000,0.000000,0.000000,0.000000
30.000002,49.818825,180.226181,180.479614,1.000000,0.000000,0.000000,0.000000
30.000002,49.386585,180.226181,180.479584,1.000000,0.000000,0.000000,0.000000
30.000002,48.916721,180.226181,180.483383,1.000000,0.000000,0.000000,0.000000
30.000002,48.420033,180.226181,180.482590,1.000000,0.000000,0.000000,0.000000
30.000002,47.857361,180.226181,180.480637,1.000000,0.000000,0.000000,0.000000
30.000002,47.291710,180.226181,180.465637,1.000000,0.000000,0.000000,0.000000
30.000002,46.679619,180.226181,180.481812,1.000000,0.000000,0.000000,0.000000
30.000002,46.072414,180.226181,180.481354,1.000000,0.000000,0.000000,0.000000
30.000002,45.465237,180.226181,180.477310,1.000000,0.000000,0.000000,0.000000
30.000002,44.844727,180.226181,180.477280,1.000000,0.000000,0.000000,0.000000
30.000002,44.222824,180.226181,180.460464,1.000000,0.000000,0.000000,0.000000
30.000002,43.522758,180.226181,180.451492,1.000000,0.000000,0.000000,0.000000
30.000002,42.798374,180.226181,180.461533,1.000000,0.000000,0.000000,0.000000
30.000002,42.012440,180.226181,180.474548,1.000000,0.000000,0.000000,0.000000
30.000002,41.203362,180.226181,180.459686,1.000000,0.000000,0.000000,0.000000
30.000002,40.422646,180.226181,180.482788,1.000000,0.000000,0.000000,0.000000
30.000002,39.682114,180.226181,180.472778,1.000000,0.000000,0.000000,0.000000
30.000002,38.958717,180.226181,180.459534,1.000000,0.000000,0.000000,0.000000
30.000002,38.161331,180.226181,180.440063,1.000000,0.000000,0.000000,0.000000
30.000002,37.284828,180.226181,180.459106,1.000000,0.000000,0.000000,0.000000
30.000002,36.336662,180.226181,180.439758,1.000000,0.000000,0.000000,0.000000
30.000002,35.362705,180.226181,180.439758,1.000000,0.000000,0.000000,0.000000
30.000002,34.370224,180.226181,180.439468,1.000000,0.000000,0.000000,0.000000
30.000002,33.383015,180.226181,180.439468,1.000000,0.000000,0.000000,-3.000000
30.000002,32.403648,180.226181,180.439468,1.000000,0.000000,0.000000,0.000000
30.000002,31.473375,180.226181,180.439468,1.000000,0.000000,0.000000,0.000000
30.000002,30.629492,180.226181,180.439468,1.000000,0.000000,0.000000,0.000000
30.000002,29.942976,180.226181,180.479996,1.000000,0.000000,0.000000,-3.000000
30.000002,29.354404,180.226181,180.483398,1.000000,0.000000,0.000000,0.000000
30.000002,28.885088,180.226181,180.493958,1.000000,0.000000,0.000000,0.000000
30.000002,28.551285,180.226181,180.527145,1.000000,0.000000,0.000000,0.000000
30.000002,28.314358,180.226181,180.527344,1.000000,0.000000,0.000000,0.000000
30.000002,28.205349,180.226181,180.571045,1.000000,0.000000,0.000000,0.000000
30.000002,28.227097,180.226181,180.571289,1.000000,0.000000,0.000000,0.000000
30.000002,28.412167,180.226181,180.567505,1.000000,0.000000,0.000000,0.000000
30.000002,28.749359,180.226181,180.527588,1.000000,0.000000,0.000000,0.000000
30.000002,29.025217,180.226181,180.510483,1.000000,0.000000,0.000000,0.000000
30.000002,29.273836,180.226181,180.483566,1.000000,0.000000,0.000000,0.000000
30.000002,29.488659,180.226181,180.483414,1.000000,0.000000,0.000000,0.000000
30.000002,29.707390,180.226181,180.439728,1.000000,0.000000,0.000000,0.000000
30.000002,29.899345,180.226181,180.439468,1.000000,0.000000,0.000000,-3.000000
30.000002,30.113049,180.226181,180.439468,1.000000,0.000000,0.000000,0.000000
30.000002,30.261454,180.226181,180.402817,1.000000,0.000000,0.000000,0.000000
30.000002,30.369207,180.226181,180.395554,1.000000,0.000000,0.000000,0.000000
30.000002,30.437946,180.226181,180.361069,1.000000,0.000000,0.000000,0.000000
30.000002,30.469803,180.226181,180.351624,1.000000,0.000000,0.000000,0.000000
30.000002,30.470896,180.226181,180.351578,1.000000,0.000000,0.000000,0.000000
30.000002,30.455677,180.226181,180.351578,1.000000,0.000000,0.000000,0.000000
30.000002,30.426908,180.226181,180.351578,1.000000,0.000000,0.000000,0.000000
30.000002,30.417318,180.226181,180.351578,1.000000,0.000000,0.000000,0.000000
30.000002,30.392895,180.226181,180.351578,1.000000,0.000000,0.000000,0.000000
30.000002,30.346449,180.226181,180.351578,1.000000,0.000000,0.000000,0.000000
30.000002,30.294266,180.226181,180.351578,1.000000,0.000000,0.000000,-3.000000
30.000002,30.228832,180.226181,180.351578,1.000000,0.000000,0.000000,0.000000
30.000002,30.172716,180.226181,180.351578,1.000000,0.000000,0.000000,0.000000
30.000002,30.103540,180.226181,180.351578,1.000000,0.000000,0.000000,0.000000
30.000002,30.039938,180.226181,180.351578,1.000000,0.000000,0.000000,-3.000000
30.000002,29.983410,180.226181,180.351578,1.000000,0.000000,0.000000,0.000000
30.000002,29.906284,180.226181,180.389816,1.000000,0.000000,0.000000,0.000000
30.000002,29.827108,180.226181,180.395493,1.000000,0.000000,0.000000,0.000000
30.000002,29.755692,180.226181,180.395508,1.000000,0.000000,0.000000,0.000000
30.000002,29.653595,180.226181,180.395508,1.000000,0.000000,0.000000,0.000000
30.000002,29.608242,180.226181,180.389191,1.000000,0.000000,0.000000,0.000000
30.000002,29.551033,180.226181,180.376328,1.000000,0.000000,0.000000,0.000000
30.000002,29.483112,180.226181,180.353912,1.000000,0.000000,0.000000,0.000000
30.000002,29.480436,180.226181,180.351578,1.000000,0.000000,0.000000,0.000000
30.000002,29.454535,180.226181,180.351578,1.000000,0.000000,0.000000,0.000000
30.000002,29.414127,180.226181,180.351578,1.000000,0.000000,0.000000,0.000000
30.000002,29.406204,180.226181,180.351578,1.000000,0.000000,0.000000,0.000000
30.000002,29.378666,180.226181,180.351578,1.000000,0.000000,0.000000,0.000000
30.000002,29.394348,180.226181,180.351578,1.000000,0.000000,0.000000,0.000000
30.000002,29.402243,180.226181,180.369156,1.000000,0.000000,0.000000,0.000000
30.000002,29.404402,180.226181,180.391556,1.000000,0.000000,0.000000,0.000000
30.000002,29.402735,180.226181,180.389236,1.000000,0.000000,0.000000,0.000000
30.000002,29.407845,180.226181,180.352463,1.000000,0.000000,0.000000,0.000000
30.000002,29.396833,180.226181,180.353775,1.000000,0.000000,0.000000,0.000000
30.000002,29.426832,180.226181,180.351578,1.000000,0.000000,0.000000,0.000000
30.000002,29.439974,180.226181,180.351578,1.000000,0.000000,0.000000,0.000000
30.000002,29.445028,180.226181,180.351578,1.000000,0.000000,0.000000,0.000000
30.000002,29.445192,180.226181,180.351578,1.000000,0.000000,0.000000,0.000000
30.000002,29.446066,180.226181,180.351578,1.000000,0.000000,0.000000,0.000000
30.000002,29.444592,180.226181,180.351578,1.000000,0.000000,0.000000,0.000000
30.000002,29.476475,180.226181,180.351578,1.000000,0.000000,0.000000,0.000000
30.000002,29.454344,180.226181,180.351578,1.000000,0.000000,0.000000,0.000000
30.000002,29.450382,180.226181,180.351578,1.000000,0.000000,0.000000,0.000000
30.000002,29.448606,180.226181,180.351578,1.000000,0.000000,0.000000,0.000000
30.000002,29.446722,180.226181,180.351578,1.000000,0.000000,0.000000,0.000000
30.000002,29.446367,180.226181,180.351578,1.000000,0.000000,0.000000,0.000000
30.000002,29.453005,180.226181,180.351578,1.000000,0.000000,0.000000,0.000000
30.000002,29.467896,180.226181,180.351578,1.000000,0.000000,0.000000,0.000000
30.000002,29.471037,180.226181,180.351578,1.000000,0.000000,0.000000,0.000000
30.000002,29.451147,180.226181,180.351578,1.000000,0.000000,0.000000,0.000000
30.000002,29.439045,180.226181,180.351578,1.000000,0.000000,0.000000,0.000000
30.000002,29.438307,180.226181,180.351578,1.000000,0.000000,0.000000,0.000000
30.000002,29.414839,180.226181,180.351578,1.000000,0.000000,0.000000,0.000000
30.000002,29.406889,180.226181,180.351578,1.000000,0.000000,0.000000,0.000000
30.000002,29.403227,180.226181,180.351578,1.000000,0.000000,0.000000,0.000000
30.000002,29.402489,180.226181,180.351578,1.000000,0.000000,0.000000,0.000000
30.000002,29.390196,180.226181,180.351578,1.000000,0.000000,0.000000,0.000000
30.000002,29.394512,180.226181,180.351578,1.000000,0.000000,0.000000,0.000000
30.000002,29.400768,180.226181,180.352386,1.000000,0.000000,0.000000,0.000000
30.000002,29.401999,180.226181,180.356537,1.000000,0.000000,0.000000,0.000000
30.000002,29.402243,180.226181,180.351593,1.000000,0.000000,0.000000,0.000000
30.000002,29.390059,180.226181,180.351578,1.000000,0.000000,0.000000,0.000000
30.000002,29.402708,180.226181,180.351578,1.000000,0.000000,0.000000,0.000000
30.000002,29.435602,180.226181,180.351578,1.000000,0.000000,0.000000,0.000000
30.000002,29.423307,180.226181,180.351578,1.000000,0.000000,0.000000,0.000000
30.000002,29.424265,180.226181,180.351578,1.000000,0.000000,0.000000,0.000000
30.000002,29.441967,180.226181,180.351578,1.000000,0.000000,0.000000,0.000000
30.000002,29.443581,180.226181,180.351578,1.000000,0.000000,0.000000,0.000000
30.000002,29.445765,180.226181,180.351578,1.000000,0.000000,0.000000,0.000000
30.000002,29.446175,180.226181,180.351578,1.000000,0.000000,0.000000,0.000000
30.000002,29.446203,180.226181,180.351578,1.000000,0.000000,0.000000,0.000000
30.000002,29.446203,180.226181,180.351578,1.000000,0.000000,0.000000,0.000000
30.000002,29.438307,180.226181,180.351578,1.000000,0.000000,0.000000,0.000000
30.000002,29.448606,180.226181,180.351578,1.000000,0.000000,0.000000,0.000000
30.000002,29.436312,180.226181,180.351578,1.000000,0.000000,0.000000,0.000000
30.000002,29.440903,180.226181,180.351578,1.000000,0.000000,0.000000,0.000000
30.000002,29.418062,180.226181,180.351578,1.000000,0.000000,0.000000,0.000000
30.000002,29.406969,180.226181,180.351578,1.000000,0.000000,0.000000,0.000000
30.000002,29.403227,180.226181,180.351578,1.000000,0.000000,0.000000,-3.000000
30.000002,29.402489,180.226181,180.351578,1.000000,0.000000,0.000000,0.000000
30.000002,29.385551,180.226181,180.351578,1.000000,0.000000,0.000000,0.000000
30.000002,29.405632,180.226181,180.351578,1.000000,0.000000,0.000000,0.000000
30.000002,29.402981,180.226181,180.351578,1.000000,0.000000,0.000000,0.000000
30.000002,29.398172,180.226181,180.351578,1.000000,0.000000,0.000000,0.000000
30.000002,29.404402,180.226181,180.351578,1.000000,0.000000,0.000000,0.000000
30.000002,29.402735,180.226181,180.352936,1.000000,0.000000,0.000000,0.000000
30.000002,29.402407,180.226181,180.351578,1.000000,0.000000,0.000000,0.000000
30.000002,29.395386,180.226181,180.351578,1.000000,0.000000,0.000000,0.000000
30.000002,29.412270,180.226181,180.351578,1.000000,0.000000,0.000000,0.000000
30.000002,29.405823,180.226181,180.351578,1.000000,0.000000,0.000000,0.000000
30.000002,29.405495,180.226181,180.351578,1.000000,0.000000,0.000000,0.000000
30.000002,29.402927,180.226181,180.351578,1.000000,0.000000,0.000000,0.000000
30.000002,29.381672,180.226181,180.351578,1.000000,0.000000,0.000000,0.000000
30.000002,29.418882,180.226181,180.351578,1.000000,0.000000,0.000000,0.000000
30.000002,29.413963,180.226181,180.351578,1.000000,0.000000,0.000000,0.000000
30.000002,29.409374,180.226181,180.351578,1.000000,0.000000,0.000000,0.000000
30.000002,29.408445,180.226181,180.351578,1.000000,0.000000,0.000000,0.000000
30.000002,29.403500,180.226181,180.351578,1.000000,0.000000,0.000000,0.000000
30.000002,29.398336,180.226181,180.351578,1.000000,0.000000,0.000000,0.000000
30.000002,29.436832,180.226181,180.351578,1.000000,0.000000,0.000000,0.000000
30.000002,29.430820,180.226181,180.351578,1.000000,0.000000,0.000000,0.000000
30.000002,29.433062,180.226181,180.351578,1.000000,0.000000,0.000000,0.000000
30.000002,29.417953,180.226181,180.351578,1.000000,0.000000,0.000000,0.000000
30.000002,29.405413,180.226181,180.351578,1.000000,0.000000,0.000000,0.000000
30.000002,29.394976,180.226181,180.351578,1.000000,0.000000,0.000000,0.000000
30.000002,29.408281,180.226181,180.351578,1.000000,0.000000,0.000000,0.000000
30.000002,29.403500,180.226181,180.351578,1.000000,0.000000,0.000000,0.000000
30.000002,29.408308,180.226181,180.351578,1.000000,0.000000,0.000000,0.000000
30.000002,29.432241,180.226181,180.351578,1.000000,0.000000,0.000000,0.000000
30.000002,29.420057,180.226181,180.351578,1.000000,0.000000,0.000000,0.000000
30.000002,29.407352,180.226181,180.351578,1.000000,0.000000,0.000000,0.000000
30.000002,29.403336,180.226181,180.351578,1.000000,0.000000,0.000000,0.000000
30.000002,29.399456,180.226181,180.351578,1.000000,0.000000,0.000000,0.000000
30.000002,29.415985,180.226181,180.351578,1.000000,0.000000,0.000000,0.000000
30.000002,29.410549,180.226181,180.351578,1.000000,0.000000,0.000000,0.000000
30.000002,29.403965,180.226181,180.351578,1.000000,0.000000,0.000000,0.000000
30.000002,29.402653,180.226181,180.351578,1.000000,0.000000,0.000000,0.000000
30.000002,29.384075,180.226181,180.351578,1.000000,0.000000,0.000000,0.000000
30.000002,29.419838,180.226181,180.351578,1.000000,0.000000,0.000000,0.000000
30.000002,29.414484,180.226181,180.351578,1.000000,0.000000,0.000000,0.000000
30.000002,29.430820,180.226181,180.351746,1.000000,0.000000,0.000000,0.000000
30.000002,29.419619,180.226181,180.351578,1.000000,0.000000,0.000000,0.000000
30.000002,29.409647,180.226181,180.351578,1.000000,0.000000,0.000000,0.000000
30.000002,29.403774,180.226181,180.351578,1.000000,0.000000,0.000000,0.000000
30.000002,29.387928,180.226181,180.351578,1.000000,0.000000,0.000000,0.000000
30.000002,29.434372,180.226181,180.351578,1.000000,0.000000,0.000000,0.000000
30.000002,29.451176,180.226181,180.351578,1.000000,0.000000,0.000000,0.000000
30.000002,29.447241,180.226181,180.352066,1.000000,0.000000,0.000000,0.000000
30.000002,29.450438,180.226181,180.351578,1.000000,0.000000,0.000000,0.000000
30.000002,29.447104,180.226181,180.351578,1.000000,0.000000,0.000000,0.000000
30.000002,29.445301,180.226181,180.351578,1.000000,0.000000,0.000000,0.000000
30.000002,29.438280,180.226181,180.351578,1.000000,0.000000,0.000000,0.000000
30.000002,29.448032,180.226181,180.351578,1.000000,0.000000,0.000000,0.000000
30.000002,29.446613,180.226181,180.351578,1.000000,0.000000,0.000000,0.000000
30.000002,29.446367,180.226181,180.351578,1.000000,0.000000,0.000000,0.000000
30.000002,29.423691,180.226181,180.351578,1.000000,0.000000,0.000000,0.000000
30.000002,29.447077,180.226181,180.351578,1.000000,0.000000,0.000000,0.000000
30.000002,29.440821,180.226181,180.351578,1.000000,0.000000,0.000000,0.000000
30.000002,29.416313,180.226181,180.351578,1.000000,0.000000,0.000000,0.000000
30.000002,29.408527,180.226181,180.351578,1.000000,0.000000,0.000000,0.000000
30.000002,29.403528,180.226181,180.351578,1.000000,0.000000,0.000000,0.000000
30.000002,29.391096,180.226181,180.351578,1.000000,0.000000,0.000000,0.000000
30.000002,29.425220,180.226181,180.351578,1.000000,0.000000,0.000000,0.000000
30.000002,29.442160,180.226181,180.369156,1.000000,0.000000,0.000000,0.000000
30.000002,29.447268,180.226181,180.377792,1.000000,0.000000,0.000000,0.000000
30.000002,29.446503,180.226181,180.374557,1.000000,0.000000,0.000000,0.000000
30.000002,29.446367,180.226181,180.372375,1.000000,0.000000,0.000000,0.000000
30.000002,29.446230,180.226181,180.358200,1.000000,0.000000,0.000000,0.000000
30.000002,29.446230,180.226181,180.351608,1.000000,0.000000,0.000000,0.000000
30.000002,29.446230,180.226181,180.351578,1.000000,0.000000,0.000000,0.000000
30.000002,29.446230,180.226181,180.351578,1.000000,0.000000,0.000000,0.000000
30.000002,29.434893,180.226181,180.351578,1.000000,0.000000,0.000000,0.000000
30.000002,29.432133,180.226181,180.351578,1.000000,0.000000,0.000000,0.000000
30.000002,29.441559,180.226181,180.351578,1.000000,0.000000,0.000000,0.000000
30.000002,29.433117,180.226181,180.351578,1.000000,0.000000,0.000000,0.000000
30.000002,29.419729,180.226181,180.351578,1.000000,0.000000,0.000000,0.000000
30.000002,29.405741,180.226181,180.351578,1.000000,0.000000,0.000000,0.000000
30.000002,29.403009,180.226181,180.351578,1.000000,0.000000,0.000000,0.000000
30.000002,29.383392,180.226181,180.351578,1.000000,0.000000,0.000000,0.000000
30.000002,29.408173,180.226181,180.351578,1.000000,0.000000,0.000000,0.000000
30.000002,29.405029,180.226181,180.351578,1.000000,0.000000,0.000000,0.000000
30.000002,29.402845,180.226181,180.352356,1.000000,0.000000,0.000000,0.000000
30.000002,29.402407,180.226181,180.351578,1.000000,0.000000,0.000000,0.000000
30.000002,29.381590,180.226181,180.351578,1.000000,0.000000,0.000000,0.000000
30.000002,29.415794,180.226181,180.351578,1.000000,0.000000,0.000000,0.000000
30.000002,29.417761,180.226181,180.351578,1.000000,0.000000,0.000000,0.000000
30.000002,29.412899,180.226181,180.351578,1.000000,0.000000,0.000000,-3.000000
30.000002,29.410959,180.226181,180.351578,1.000000,0.000000,0.000000,0.000000
30.000002,29.405823,180.226181,180.351578,1.000000,0.000000,0.000000,0.000000
30.000002,29.404566,180.226181,180.351578,1.000000,0.000000,0.000000,0.000000
30.000002,29.412325,180.226181,180.351578,1.000000,0.000000,0.000000,-3.000000
30.000002,29.404264,180.226181,180.351578,1.000000,0.000000,0.000000,0.000000
30.000002,29.390141,180.226181,180.351578,1.000000,0.000000,0.000000,0.000000
30.000002,29.425030,180.226181,180.351578,1.000000,0.000000,0.000000,0.000000
30.000002,29.409292,180.226181,180.351578,1.000000,0.000000,0.000000,0.000000
30.000002,29.397135,180.226181,180.351578,1.000000,0.000000,0.000000,0.000000
30.000002,29.411451,180.226181,180.351578,1.000000,0.000000,0.000000,0.000000
30.000002,29.439400,180.226181,180.351578,1.000000,0.000000,0.000000,0.000000
30.000002,29.430603,180.226181,180.351578,1.000000,0.000000,0.000000,0.000000
30.000002,29.433117,180.226181,180.351578,1.000000,0.000000,0.000000,0.000000
30.000002,29.425985,180.226181,180.351578,1.000000,0.000000,0.000000,0.000000
30.000002,29.406969,180.226181,180.351578,1.000000,0.000000,0.000000,0.000000
30.000002,29.409046,180.226181,180.351578,1.000000,0.000000,0.000000,0.000000
30.000002,29.430166,180.226181,180.351578,1.000000,0.000000,0.000000,0.000000
30.000002,29.414209,180.226181,180.351578,1.000000,0.000000,0.000000,0.000000
30.000002,29.409893,180.226181,180.351578,1.000000,0.000000,0.000000,0.000000
30.000002,29.390003,180.226181,180.351578,1.000000,0.000000,0.000000,0.000000
30.000002,29.414019,180.226181,180.351578,1.000000,0.000000,0.000000,0.000000
30.000002,29.418854,180.226181,180.351578,1.000000,0.000000,0.000000,0.000000
30.000002,29.417734,180.226181,180.352936,1.000000,0.000000,0.000000,0.000000
30.000002,29.405331,180.226181,180.351578,1.000000,0.000000,0.000000,0.000000
30.000002,29.402927,180.226181,180.351578,1.000000,0.000000,0.000000,0.000000
30.000002,29.392818,180.226181,180.351578,1.000000,0.000000,0.000000,0.000000
30.000002,29.418335,180.226181,180.351578,1.000000,0.000000,0.000000,0.000000
30.000002,29.433062,180.226181,180.351578,1.000000,0.000000,0.000000,0.000000
30.000002,29.443689,180.226181,180.351578,1.000000,0.000000,0.000000,0.000000
30.000002,29.436914,180.226181,180.351578,1.000000,0.000000,0.000000,0.000000
30.000002,29.429346,180.226181,180.351578,1.000000,0.000000,0.000000,0.000000
30.000002,29.409430,180.226181,180.351578,1.000000,0.000000,0.000000,0.000000
30.000002,29.402845,180.226181,180.351578,1.000000,0.000000,0.000000,0.000000
30.000002,29.437733,180.226181,180.351578,1.000000,0.000000,0.000000,0.000000
30.000002,29.429783,180.226181,180.351578,1.000000,0.000000,0.000000,0.000000
30.000002,29.434017,180.226181,180.351578,1.000000,0.000000,0.000000,0.000000
30.000002,29.408554,180.226181,180.351578,1.000000,0.000000,0.000000,0.000000
30.000002,29.397627,180.226181,180.351578,1.000000,0.000000,0.000000,0.000000
30.000002,29.401396,180.226181,180.351578,1.000000,0.000000,0.000000,0.000000
30.000002,29.389540,180.226181,180.351578,1.000000,0.000000,0.000000,0.000000
30.000002,29.406532,180.226181,180.351578,1.000000,0.000000,0.000000,0.000000
30.000002,29.426340,180.226181,180.351578,1.000000,0.000000,0.000000,0.000000
30.000002,29.426723,180.226181,180.351578,1.000000,0.000000,0.000000,0.000000
30.000002,29.407133,180.226181,180.351578,1.000000,0.000000,0.000000,0.000000
30.000002,29.391096,180.226181,180.351578,1.000000,0.000000,0.000000,0.000000
30.000002,29.401834,180.226181,180.351578,1.000000,0.000000,0.000000,0.000000
30.000002,29.429838,180.226181,180.351578,1.000000,0.000000,0.000000,0.000000
30.000002,29.428144,180.226181,180.351578,1.000000,0.000000,0.000000,0.000000
30.000002,29.423172,180.226181,180.351578,1.000000,0.000000,0.000000,0.000000
30.000002,29.414373,180.226181,180.351578,1.000000,0.000000,0.000000,0.000000
30.000002,29.407379,180.226181,180.351578,1.000000,0.000000,0.000000,0.000000
30.000002,29.412134,180.226181,180.351578,1.000000,0.000000,0.000000,0.000000
30.000002,29.404264,180.226181,180.351578,1.000000,0.000000,0.000000,0.000000
30.000002,29.382900,180.226181,180.351578,1.000000,0.000000,0.000000,0.000000
30.000002,29.404074,180.226181,180.351578,1.000000,0.000000,0.000000,0.000000
30.000002,29.402653,180.226181,180.351578,1.000000,0.000000,0.000000,0.000000
30.000002,29.390196,180.226181,180.351578,1.000000,0.000000,0.000000,0.000000
30.000002,29.418964,180.226181,180.351578,1.000000,0.000000,0.000000,-3.000000
30.000002,29.417461,180.226181,180.351578,1.000000,0.000000,0.000000,0.000000
30.000002,29.410084,180.226181,180.351578,1.000000,0.000000,0.000000,0.000000
30.000002,29.403828,180.226181,180.351578,1.000000,0.000000,0.000000,0.000000
30.000002,29.406069,180.226181,180.351578,1.000000,0.000000,0.000000,0.000000
30.000002,29.403036,180.226181,180.351578,1.000000,0.000000,0.000000,0.000000
30.000002,29.402189,180.226181,180.351578,1.000000,0.000000,0.000000,0.000000
30.000002,29.406204,180.226181,180.351578,1.000000,0.000000,0.000000,0.000000
30.000002,29.403090,180.226181,180.351578,1.000000,0.000000,0.000000,0.000000
30.000002,29.386261,180.226181,180.351578,1.000000,0.000000,0.000000,0.000000
30.000002,29.425220,180.226181,180.351578,1.000000,0.000000,0.000000,0.000000
30.000002,29.424948,180.226181,180.351578,1.000000,0.000000,0.000000,0.000000
30.000002,29.411533,180.226181,180.354630,1.000000,0.000000,0.000000,0.000000
30.000002,29.413609,180.226181,180.351578,1.000000,0.000000,0.000000,0.000000
30.000002,29.404566,180.226181,180.351578,1.000000,0.000000,0.000000,0.000000
30.000002,29.402763,180.226181,180.351578,1.000000,0.000000,0.000000,0.000000
30.000002,29.402407,180.226181,180.351578,1.000000,0.000000,0.000000,0.000000
30.000002,29.377928,180.226181,180.351578,1.000000,0.000000,0.000000,0.000000
30.000002,29.429209,180.226181,180.351578,1.000000,0.000000,0.000000,0.000000
30.000002,29.411533,180.226181,180.351578,1.000000,0.000000,0.000000,0.000000
30.000002,29.397572,180.226181,180.351578,1.000000,0.000000,0.000000,0.000000
30.000002,29.391890,180.226181,180.351578,1.000000,0.000000,0.000000,0.000000
30.000002,29.400276,180.226181,180.351578,1.000000,0.000000,0.000000,0.000000
30.000002,29.401943,180.226181,180.351578,1.000000,0.000000,0.000000,0.000000
30.000002,29.402243,180.226181,180.351578,1.000000,0.000000,0.000000,0.000000
30.000002,29.403856,180.226181,180.351578,1.000000,0.000000,0.000000,0.000000
30.000002,29.402653,180.226181,180.351578,1.000000,0.000000,0.000000,0.000000
30.000002,29.388611,180.226181,180.351578,1.000000,0.000000,0.000000,0.000000
30.000002,29.425467,180.226181,180.351578,1.000000,0.000000,0.000000,0.000000
30.000002,29.424646,180.226181,180.351578,1.000000,0.000000,0.000000,0.000000
30.000002,29.424892,180.226181,180.369156,1.000000,0.000000,0.000000,0.000000
30.000002,29.411205,180.226181,180.351685,1.000000,0.000000,0.000000,0.000000
30.000002,29.404074,180.226181,180.351578,1.000000,0.000000,0.000000,0.000000
30.000002,29.391998,180.226181,180.351578,1.000000,0.000000,0.000000,0.000000
30.000002,29.432268,180.226181,180.351578,1.000000,0.000000,0.000000,0.000000
30.000002,29.443525,180.226181,180.351578,1.000000,0.000000,0.000000,0.000000
30.000002,29.438772,180.226181,180.351578,1.000000,0.000000,0.000000,0.000000
30.000002,29.444809,180.226181,180.351578,1.000000,0.000000,0.000000,0.000000
30.000002,29.428991,180.226181,180.351578,1.000000,0.000000,0.000000,0.000000
30.000002,29.407572,180.226181,180.351578,1.000000,0.000000,0.000000,0.000000
30.000002,29.403336,180.226181,180.351578,1.000000,0.000000,0.000000,0.000000
30.000002,29.383419,180.226181,180.351578,1.000000,0.000000,0.000000,0.000000
30.000002,29.430574,180.226181,180.351578,1.000000,0.000000,0.000000,0.000000
30.000002,29.443197,180.226181,180.351578,1.000000,0.000000,0.000000,0.000000
30.000002,29.443853,180.226181,180.351578,1.000000,0.000000,0.000000,0.000000
30.000002,29.445793,180.226181,180.351578,1.000000,0.000000,0.000000,0.000000
30.000002,29.441395,180.226181,180.351578,1.000000,0.000000,0.000000,0.000000
30.000002,29.437925,180.226181,180.351578,1.000000,0.000000,0.000000,0.000000
30.000002,29.441723,180.226181,180.351578,1.000000,0.000000,0.000000,0.000000
30.000002,29.441750,180.226181,180.351578,1.000000,0.000000,0.000000,0.000000
30.000002,29.437187,180.226181,180.351578,1.000000,0.000000,0.000000,0.000000
30.000002,29.429346,180.226181,180.351578,1.000000,0.000000,0.000000,0.000000
30.000002,29.407654,180.226181,180.351578,1.000000,0.000000,0.000000,0.000000
30.000002,29.390413,180.226181,180.351578,1.000000,0.000000,0.000000,0.000000
30.000002,29.399977,180.226181,180.351578,1.000000,0.000000,0.000000,0.000000
30.000002,29.390522,180.226181,180.351578,1.000000,0.000000,0.000000,0.000000
30.000002,29.400167,180.226181,180.351578,1.000000,0.000000,0.000000,0.000000
30.000002,29.401888,180.226181,180.351578,1.000000,0.000000,0.000000,0.000000
30.000002,29.402243,180.226181,180.353851,1.000000,0.000000,0.000000,0.000000
30.000002,29.402981,180.226181,180.351578,1.000000,0.000000,0.000000,0.000000
30.000002,29.427406,180.226181,180.351578,1.000000,0.000000,0.000000,0.000000
30.000002,29.410166,180.226181,180.351578,1.000000,0.000000,0.000000,0.000000
30.000002,29.411287,180.226181,180.351578,1.000000,0.000000,0.000000,0.000000
30.000002,29.404100,180.226181,180.351578,1.000000,0.000000,0.000000,0.000000
30.000002,29.402681,180.226181,180.351578,1.000000,0.000000,0.000000,0.000000
30.000002,29.402407,180.226181,180.351578,1.000000,0.000000,0.000000,0.000000
30.000002,29.385551,180.226181,180.351578,1.000000,0.000000,0.000000,-3.000000
30.000002,29.405603,180.226181,180.351578,1.000000,0.000000,0.000000,0.000000
30.000002,29.402981,180.226181,180.351578,1.000000,0.000000,0.000000,0.000000
30.000002,29.381725,180.226181,180.351578,1.000000,0.000000,0.000000,0.000000
30.000002,29.396751,180.226181,180.351578,1.000000,0.000000,0.000000,0.000000
30.000002,29.381781,180.226181,180.351578,1.000000,0.000000,0.000000,0.000000
30.000002,29.400768,180.226181,180.351578,1.000000,0.000000,0.000000,0.000000
30.000002,29.401999,180.226181,180.369156,1.000000,0.000000,0.000000,0.000000
30.000002,29.402243,180.226181,180.351852,1.000000,0.000000,0.000000,-3.000000
30.000002,29.402243,180.226181,180.351578,1.000000,0.000000,0.000000,0.000000
30.000002,29.402243,180.226181,180.351578,1.000000,0.000000,0.000000,0.000000
30.000002,29.388092,180.226181,180.351578,1.000000,0.000000,0.000000,0.000000
30.000002,29.428226,180.226181,180.351578,1.000000,0.000000,0.000000,0.000000
30.000002,29.423035,180.226181,180.351578,1.000000,0.000000,0.000000,0.000000
30.000002,29.407927,180.226181,180.351578,1.000000,0.000000,0.000000,0.000000
30.000002,29.395250,180.226181,180.351578,1.000000,0.000000,0.000000,0.000000
30.000002,29.428144,180.226181,180.351578,1.000000,0.000000,0.000000,0.000000
30.000002,29.409538,180.226181,180.351578,1.000000,0.000000,0.000000,0.000000
30.000002,29.403719,180.226181,180.351578,1.000000,0.000000,0.000000,0.000000
30.000002,29.372108,180.226181,180.351578,1.000000,0.000000,0.000000,0.000000
30.000002,29.411560,180.226181,180.351578,1.000000,0.000000,0.000000,0.000000
30.000002,29.428772,180.226181,180.351578,1.000000,0.000000,0.000000,0.000000
30.000002,29.420467,180.226181,180.351578,1.000000,0.000000,0.000000,0.000000
30.000002,29.405878,180.226181,180.351578,1.000000,0.000000,0.000000,0.000000
30.000002,29.383474,180.226181,180.351578,1.000000,0.000000,0.000000,0.000000
30.000002,29.410904,180.226181,180.351578,1.000000,0.000000,0.000000,0.000000
30.000002,29.403992,180.226181,180.351578,1.000000,0.000000,0.000000,0.000000
30.000002,29.407408,180.226181,180.351578,1.000000,0.000000,0.000000,0.000000
30.000002,29.409920,180.226181,180.351578,1.000000,0.000000,0.000000,0.000000
30.000002,29.408773,180.226181,180.351578,1.000000,0.000000,0.000000,0.000000
30.000002,29.388037,180.226181,180.351578,1.000000,0.000000,0.000000,0.000000
30.000002,29.419210,180.226181,180.351578,1.000000,0.000000,0.000000,0.000000
30.000002,29.424154,180.226181,180.351578,1.000000,0.000000,0.000000,0.000000
30.000002,29.425713,180.226181,180.351578,1.000000,0.000000,0.000000,0.000000
30.000002,29.411860,180.226181,180.351578,1.000000,0.000000,0.000000,0.000000
30.000002,29.404211,180.226181,180.351578,1.000000,0.000000,0.000000,0.000000
30.000002,29.385414,180.226181,180.351578,1.000000,0.000000,0.000000,0.000000
30.000002,29.426695,180.226181,180.351578,1.000000,0.000000,0.000000,0.000000
30.000002,29.442432,180.226181,180.351578,1.000000,0.000000,0.000000,0.000000
30.000002,29.445520,180.226181,180.351578,1.000000,0.000000,0.000000,0.000000
30.000002,29.446121,180.226181,180.351578,1.000000,0.000000,0.000000,0.000000
30.000002,29.442787,180.226181,180.351578,1.000000,0.000000,0.000000,0.000000
30.000002,29.433334,180.226181,180.351578,1.000000,0.000000,0.000000,0.000000
30.000002,29.431339,180.226181,180.351578,1.000000,0.000000,0.000000,0.000000
30.000002,29.420958,180.226181,180.351578,1.000000,0.000000,0.000000,0.000000
30.000002,29.405987,180.226181,180.351578,1.000000,0.000000,0.000000,0.000000
30.000002,29.403036,180.226181,180.351578,1.000000,0.000000,0.000000,0.000000
30.000002,29.382710,180.226181,180.351578,1.000000,0.000000,0.000000,0.000000
30.000002,29.398445,180.226181,180.351578,1.000000,0.000000,0.000000,0.000000
30.000002,29.390633,180.226181,180.351578,1.000000,0.000000,0.000000,0.000000
30.000002,29.400030,180.226181,180.351578,1.000000,0.000000,0.000000,0.000000
30.000002,29.401888,180.226181,180.351578,1.000000,0.000000,0.000000,0.000000
30.000002,29.397955,180.226181,180.352875,1.000000,0.000000,0.000000,0.000000
30.000002,29.407270,180.226181,180.351578,1.000000,0.000000,0.000000,0.000000
30.000002,29.403309,180.226181,180.351578,1.000000,0.000000,0.000000,0.000000
30.000002,29.402517,180.226181,180.351578,1.000000,0.000000,0.000000,0.000000
30.000002,29.402407,180.226181,180.351578,1.000000,0.000000,0.000000,0.000000
30.000002,29.381590,180.226181,180.351578,1.000000,0.000000,0.000000,0.000000
30.000002,29.418882,180.226181,180.351578,1.000000,0.000000,0.000000,0.000000
30.000002,29.407379,180.226181,180.351578,1.000000,0.000000,0.000000,0.000000
30.000002,29.403336,180.226181,180.351578,1.000000,0.000000,0.000000,0.000000
30.000002,29.382299,180.226181,180.351578,1.000000,0.000000,0.000000,0.000000
30.000002,29.431887,180.226181,180.351578,1.000000,0.000000,0.000000,0.000000
30.000002,29.430492,180.226181,180.351578,1.000000,0.000000,0.000000,0.000000
30.000002,29.440683,180.226181,180.351578,1.000000,0.000000,0.000000,0.000000
30.000002,29.433472,180.226181,180.351578,1.000000,0.000000,0.000000,0.000000
30.000002,29.440821,180.226181,180.351578,1.000000,0.000000,0.000000,0.000000
30.000002,29.427187,180.226181,180.351578,1.000000,0.000000,0.000000,0.000000
30.000002,29.407215,180.226181,180.351578,1.000000,0.000000,0.000000,0.000000
30.000002,29.403309,180.226181,180.351578,1.000000,0.000000,0.000000,0.000000
30.000002,29.404839,180.226181,180.351578,1.000000,0.000000,0.000000,0.000000
30.000002,29.406725,180.226181,180.351578,1.000000,0.000000,0.000000,0.000000
30.000002,29.403172,180.226181,180.351578,1.000000,0.000000,0.000000,0.000000
30.000002,29.368420,180.226181,180.351578,1.000000,0.000000,0.000000,0.000000
30.000002,29.395658,180.226181,180.351578,1.000000,0.000000,0.000000,0.000000
30.000002,29.401014,180.226181,180.357895,1.000000,0.000000,0.000000,0.000000
30.000002,29.384785,180.226181,180.351913,1.000000,0.000000,0.000000,0.000000
30.000002,29.429045,180.226181,180.351578,1.000000,0.000000,0.000000,0.000000
30.000002,29.438881,180.226181,180.351578,1.000000,0.000000,0.000000,0.000000
30.000002,29.444809,180.226181,180.351578,1.000000,0.000000,0.000000,0.000000
30.000002,29.446011,180.226181,180.351578,1.000000,0.000000,0.000000,0.000000
30.000002,29.446203,180.226181,180.351578,1.000000,0.000000,0.000000,0.000000
30.000002,29.432734,180.226181,180.351578,1.000000,0.000000,0.000000,0.000000
30.000002,29.443607,180.226181,180.351578,1.000000,0.000000,0.000000,0.000000
30.000002,29.433062,180.226181,180.351578,1.000000,0.000000,0.000000,0.000000
30.000002,29.413963,180.226181,180.351578,1.000000,0.000000,0.000000,0.000000
30.000002,29.404621,180.226181,180.351578,1.000000,0.000000,0.000000,0.000000
30.000002,29.381508,180.226181,180.351578,1.000000,0.000000,0.000000,0.000000
30.000002,29.401478,180.226181,180.351578,1.000000,0.000000,0.000000,0.000000
30.000002,29.402161,180.226181,180.351578,1.000000,0.000000,0.000000,0.000000
30.000002,29.402243,180.226181,180.351578,1.000000,0.000000,0.000000,0.000000
30.000002,29.387518,180.226181,180.351578,1.000000,0.000000,0.000000,-3.000000
30.000002,29.405521,180.226181,180.351578,1.000000,0.000000,0.000000,0.000000
30.000002,29.414783,180.226181,180.351578,1.000000,0.000000,0.000000,0.000000
30.000002,29.421040,180.226181,180.355362,1.000000,0.000000,0.000000,0.000000
30.000002,29.408937,180.226181,180.351593,1.000000,0.000000,0.000000,0.000000
30.000002,29.403637,180.226181,180.351578,1.000000,0.000000,0.000000,0.000000
30.000002,29.396997,180.226181,180.351578,1.000000,0.000000,0.000000,0.000000
30.000002,29.412462,180.226181,180.351578,1.000000,0.000000,0.000000,0.000000
30.000002,29.434017,180.226181,180.351578,1.000000,0.000000,0.000000,-3.000000
30.000002,29.438826,180.226181,180.351578,1.000000,0.000000,0.000000,0.000000
30.000002,29.431095,180.226181,180.351578,1.000000,0.000000,0.000000,0.000000
30.000002,29.407980,180.226181,180.351578,1.000000,0.000000,0.000000,0.000000
30.000002,29.382463,180.226181,180.351578,1.000000,0.000000,0.000000,0.000000
30.000002,29.401697,180.226181,180.351578,1.000000,0.000000,0.000000,0.000000
30.000002,29.403719,180.226181,180.351578,1.000000,0.000000,0.000000,0.000000
30.000002,29.402599,180.226181,180.351578,1.000000,0.000000,0.000000,0.000000
30.000002,29.402107,180.226181,180.351578,1.000000,0.000000,0.000000,0.000000
30.000002,29.437405,180.226181,180.351578,1.000000,0.000000,0.000000,0.000000
30.000002,29.626547,180.226181,180.351578,1.000000,0.000000,0.000000,0.000000
30.000002,29.910955,180.226181,180.389816,1.000000,0.000000,0.000000,0.000000
30.000002,30.129713,180.226181,180.395493,1.000000,0.000000,0.000000,0.000000
30.000002,30.205719,180.226181,180.438721,1.000000,0.000000,0.000000,0.000000
30.000002,30.112993,180.226181,180.395950,1.000000,0.000000,0.000000,0.000000
30.000002,30.063133,180.226181,180.395523,1.000000,0.000000,0.000000,0.000000
30.000002,30.082830,180.226181,180.395523,1.000000,0.000000,0.000000,0.000000
30.000002,30.116436,180.226181,180.351837,1.000000,0.000000,0.000000,0.000000
30.000002,30.142910,180.226181,180.351578,1.000000,0.000000,0.000000,0.000000
30.000002,30.171404,180.226181,180.351578,1.000000,0.000000,0.000000,0.000000
30.000002,30.075590,180.226181,180.351578,1.000000,0.000000,0.000000,0.000000
30.000002,29.913715,180.226181,180.351578,1.000000,0.000000,0.000000,0.000000
30.000002,29.786346,180.226181,180.351578,1.000000,0.000000,0.000000,0.000000
30.000002,29.763041,180.226181,180.351578,1.000000,0.000000,0.000000,0.000000
30.000002,29.879265,180.226181,180.351578,1.000000,0.000000,0.000000,0.000000
30.000002,29.983274,180.226181,180.351578,1.000000,0.000000,0.000000,0.000000
30.000002,30.066521,180.226181,180.351578,1.000000,0.000000,0.000000,0.000000
30.000002,30.097803,180.226181,180.351578,1.000000,0.000000,0.000000,0.000000
30.000002,30.103951,180.226181,180.386017,1.000000,0.000000,0.000000,0.000000
30.000002,30.098185,180.226181,180.393173,1.000000,0.000000,0.000000,0.000000
30.000002,30.097803,180.226181,180.385376,1.000000,0.000000,0.000000,0.000000
30.000002,30.120916,180.226181,180.395279,1.000000,0.000000,0.000000,0.000000
30.000002,30.170694,180.226181,180.388077,1.000000,0.000000,0.000000,0.000000
30.000002,30.075508,180.226181,180.357208,1.000000,0.000000,0.000000,0.000000
30.000002,29.961254,180.226181,180.351593,1.000000,0.000000,0.000000,0.000000
30.000002,29.838774,180.226181,180.351578,1.000000,0.000000,0.000000,0.000000
30.000002,29.805908,180.226181,180.351578,1.000000,0.000000,0.000000,0.000000
30.000002,29.887487,180.226181,180.351578,1.000000,0.000000,0.000000,0.000000
30.000002,29.903252,180.226181,180.351578,1.000000,0.000000,0.000000,0.000000
30.000002,29.911175,180.226181,180.351578,1.000000,0.000000,0.000000,0.000000
30.000002,29.900000,180.226181,180.351578,1.000000,0.000000,0.000000,0.000000
30.000002,29.893772,180.226181,180.351578,1.000000,0.000000,0.000000,0.000000
30.000002,29.918304,180.226181,180.351578,1.000000,0.000000,0.000000,0.000000
30.000002,29.904318,180.226181,180.351578,1.000000,0.000000,0.000000,0.000000
30.000002,29.918879,180.226181,180.351578,1.000000,0.000000,0.000000,0.000000
30.000002,29.961308,180.226181,180.351578,1.000000,0.000000,0.000000,0.000000
30.000002,29.971226,180.226181,180.351578,1.000000,0.000000,0.000000,0.000000
30.000002,29.940327,180.226181,180.351578,1.000000,0.000000,0.000000,0.000000
30.000002,29.884182,180.226181,180.351578,1.000000,0.000000,0.000000,0.000000
30.000002,29.872843,180.226181,180.351578,1.000000,0.000000,0.000000,0.000000
30.000002,29.868555,180.226181,180.351578,1.000000,0.000000,0.000000,0.000000
30.000002,29.904482,180.226181,180.351578,1.000000,0.000000,0.000000,0.000000
30.000002,29.893415,180.226181,180.351578,1.000000,0.000000,0.000000,0.000000
30.000002,29.887241,180.226181,180.351578,1.000000,0.000000,0.000000,0.000000
30.000002,29.873827,180.226181,180.351578,1.000000,0.000000,0.000000,0.000000
30.000002,29.929371,180.226181,180.351578,1.000000,0.000000,0.000000,0.000000
30.000002,29.932949,180.226181,180.351578,1.000000,0.000000,0.000000,0.000000
30.000002,29.928823,180.226181,180.351578,1.000000,0.000000,0.000000,0.000000
30.000002,29.932430,180.226181,180.351578,1.000000,0.000000,0.000000,0.000000
30.000002,29.933168,180.226181,180.351578,1.000000,0.000000,0.000000,0.000000
30.000002,29.923769,180.226181,180.351578,1.000000,0.000000,0.000000,0.000000
30.000002,29.893225,180.226181,180.351578,1.000000,0.000000,0.000000,0.000000
30.000002,29.899864,180.226181,180.351578,1.000000,0.000000,0.000000,0.000000
30.000002,29.906885,180.226181,180.351578,1.000000,0.000000,0.000000,0.000000
30.000002,29.889893,180.226181,180.351578,1.000000,0.000000,0.000000,0.000000
30.000002,29.894646,180.226181,180.351578,1.000000,0.000000,0.000000,0.000000
30.000002,29.898335,180.226181,180.351578,1.000000,0.000000,0.000000,0.000000
30.000002,29.871260,180.226181,180.351578,1.000000,0.000000,0.000000,0.000000
30.000002,29.903852,180.226181,180.351578,1.000000,0.000000,0.000000,0.000000
30.000002,29.889290,180.226181,180.351578,1.000000,0.000000,0.000000,0.000000
30.000002,29.886450,180.226181,180.351578,1.000000,0.000000,0.000000,0.000000
30.000002,29.885876,180.226181,180.351578,1.000000,0.000000,0.000000,0.000000
30.000002,29.890383,180.226181,180.351578,1.000000,0.000000,0.000000,0.000000
30.000002,29.897488,180.226181,180.351578,1.000000,0.000000,0.000000,0.000000
30.000002,29.877651,180.226181,180.351578,1.000000,0.000000,0.000000,0.000000
30.000002,29.882624,180.226181,180.351578,1.000000,0.000000,0.000000,0.000000
30.000002,29.885138,180.226181,180.351578,1.000000,0.000000,0.000000,0.000000
30.000002,29.893251,180.226181,180.351578,1.000000,0.000000,0.000000,0.000000
30.000002,29.915901,180.226181,180.351578,1.000000,0.000000,0.000000,0.000000
30.000002,29.895000,180.226181,180.351578,1.000000,0.000000,0.000000,0.000000
30.000002,29.887569,180.226181,180.351578,1.000000,0.000000,0.000000,0.000000
30.000002,29.886122,180.226181,180.351578,1.000000,0.000000,0.000000,0.000000
30.000002,29.880194,180.226181,180.351578,1.000000,0.000000,0.000000,0.000000
30.000002,29.916857,180.226181,180.351578,1.000000,0.000000,0.000000,0.000000
30.000002,29.897295,180.226181,180.351578,1.000000,0.000000,0.000000,0.000000
30.000002,29.888035,180.226181,180.351578,1.000000,0.000000,0.000000,0.000000
30.000002,29.910601,180.226181,180.351578,1.000000,0.000000,0.000000,0.000000
30.000002,29.901449,180.226181,180.351578,1.000000,0.000000,0.000000,0.000000
30.000002,29.900984,180.226181,180.351578,1.000000,0.000000,0.000000,0.000000
30.000002,29.903032,180.226181,180.351578,1.000000,0.000000,0.000000,0.000000
30.000002,29.889126,180.226181,180.351578,1.000000,0.000000,0.000000,0.000000
30.000002,29.875139,180.226181,180.351578,1.000000,0.000000,0.000000,0.000000
30.000002,29.927813,180.226181,180.351578,1.000000,0.000000,0.000000,0.000000
30.000002,29.929289,180.226181,180.351578,1.000000,0.000000,0.000000,0.000000
30.000002,29.929588,180.226181,180.351578,1.000000,0.000000,0.000000,0.000000
30.000002,29.920437,180.226181,180.351578,1.000000,0.000000,0.000000,0.000000
30.000002,29.894098,180.226181,180.351578,1.000000,0.000000,0.000000,0.000000
30.000002,29.877789,180.226181,180.351578,1.000000,0.000000,0.000000,0.000000
30.000002,29.929834,180.226181,180.351578,1.000000,0.000000,0.000000,0.000000
30.000002,29.913689,180.226181,180.351578,1.000000,0.000000,0.000000,0.000000
30.000002,29.895273,180.226181,180.351578,1.000000,0.000000,0.000000,0.000000
30.000002,29.897596,180.226181,180.351578,1.000000,0.000000,0.000000,0.000000
30.000002,29.902378,180.226181,180.351578,1.000000,0.000000,0.000000,0.000000
30.000002,29.873827,180.226181,180.351578,1.000000,0.000000,0.000000,0.000000
30.000002,29.899918,180.226181,180.351578,1.000000,0.000000,0.000000,0.000000
30.000002,29.890055,180.226181,180.351578,1.000000,0.000000,0.000000,0.000000
30.000002,29.870358,180.226181,180.351578,1.000000,0.000000,0.000000,0.000000
30.000002,29.929289,180.226181,180.351578,1.000000,0.000000,0.000000,0.000000
30.000002,29.910437,180.226181,180.351578,1.000000,0.000000,0.000000,0.000000
30.000002,29.883991,180.226181,180.351578,1.000000,0.000000,0.000000,0.000000
30.000002,29.925600,180.226181,180.351578,1.000000,0.000000,0.000000,0.000000
30.000002,29.903442,180.226181,180.351578,1.000000,0.000000,0.000000,0.000000
30.000002,29.889236,180.226181,180.351578,1.000000,0.000000,0.000000,0.000000
30.000002,29.909481,180.226181,180.351578,1.000000,0.000000,0.000000,0.000000
30.000002,29.902786,180.226181,180.351578,1.000000,0.000000,0.000000,0.000000
30.000002,29.902542,180.226181,180.351578,1.000000,0.000000,0.000000,0.000000
30.000002,29.926146,180.226181,180.351578,1.000000,0.000000,0.000000,0.000000
30.000002,29.893717,180.226181,180.351578,1.000000,0.000000,0.000000,0.000000
30.000002,29.906967,180.226181,180.351578,1.000000,0.000000,0.000000,0.000000
30.000002,29.895355,180.226181,180.351578,1.000000,0.000000,0.000000,0.000000
30.000002,29.899754,180.226181,180.351578,1.000000,0.000000,0.000000,0.000000
30.000002,29.918196,180.226181,180.351578,1.000000,0.000000,0.000000,0.000000
30.000002,29.893661,180.226181,180.351578,1.000000,0.000000,0.000000,0.000000
30.000002,29.888826,180.226181,180.351578,1.000000,0.000000,0.000000,0.000000
30.000002,29.886339,180.226181,180.351578,1.000000,0.000000,0.000000,0.000000
30.000002,29.876286,180.226181,180.351578,1.000000,0.000000,0.000000,0.000000
30.000002,29.919180,180.226181,180.351578,1.000000,0.000000,0.000000,0.000000
30.000002,29.892323,180.226181,180.351578,1.000000,0.000000,0.000000,0.000000
30.000002,29.887024,180.226181,180.351578,1.000000,0.000000,0.000000,0.000000
30.000002,29.880384,180.226181,180.351578,1.000000,0.000000,0.000000,0.000000
30.000002,29.898170,180.226181,180.351578,1.000000,0.000000,0.000000,0.000000
30.000002,29.871231,180.226181,180.351578,1.000000,0.000000,0.000000,0.000000
30.000002,29.896149,180.226181,180.351578,1.000000,0.000000,0.000000,0.000000
30.000002,29.891777,180.226181,180.351578,1.000000,0.000000,0.000000,0.000000
30.000002,29.917458,180.226181,180.351578,1.000000,0.000000,0.000000,0.000000
30.000002,29.891994,180.226181,180.351578,1.000000,0.000000,0.000000,0.000000
30.000002,29.890930,180.226181,180.351578,1.000000,0.000000,0.000000,0.000000
30.000002,29.905083,180.226181,180.351578,1.000000,0.000000,0.000000,0.000000
30.000002,29.889536,180.226181,180.351578,1.000000,0.000000,0.000000,0.000000
30.000002,29.893854,180.226181,180.351578,1.000000,0.000000,0.000000,0.000000
30.000002,29.922623,180.226181,180.351578,1.000000,0.000000,0.000000,-3.000000
30.000002,29.900928,180.226181,180.351578,1.000000,0.000000,0.000000,0.000000
30.000002,29.888718,180.226181,180.351578,1.000000,0.000000,0.000000,0.000000
30.000002,29.865303,180.226181,180.351578,1.000000,0.000000,0.000000,0.000000
30.000002,29.912731,180.226181,180.351578,1.000000,0.000000,0.000000,0.000000
30.000002,29.897896,180.226181,180.351578,1.000000,0.000000,0.000000,0.000000
30.000002,29.888144,180.226181,180.351578,1.000000,0.000000,0.000000,0.000000
30.000002,29.886204,180.226181,180.351578,1.000000,0.000000,0.000000,0.000000
30.000002,29.876232,180.226181,180.351578,1.000000,0.000000,0.000000,0.000000
30.000002,29.924698,180.226181,180.351578,1.000000,0.000000,0.000000,0.000000
30.000002,29.897295,180.226181,180.351578,1.000000,0.000000,0.000000,0.000000
30.000002,29.889837,180.226181,180.351578,1.000000,0.000000,0.000000,0.000000
30.000002,29.890547,180.226181,180.351578,1.000000,0.000000,0.000000,0.000000
30.000002,29.909781,180.226181,180.351578,1.000000,0.000000,0.000000,0.000000
30.000002,29.905819,180.226181,180.351578,1.000000,0.000000,0.000000,0.000000
30.000002,29.906120,180.226181,180.351578,1.000000,0.000000,0.000000,0.000000
30.000002,29.893826,180.226181,180.351578,1.000000,0.000000,0.000000,0.000000
30.000002,29.933004,180.226181,180.351578,1.000000,0.000000,0.000000,0.000000
30.000002,29.930326,180.226181,180.351578,1.000000,0.000000,0.000000,0.000000
30.000002,29.929781,180.226181,180.351578,1.000000,0.000000,0.000000,0.000000
30.000002,29.895929,180.226181,180.351578,1.000000,0.000000,0.000000,0.000000
30.000002,29.887760,180.226181,180.351578,1.000000,0.000000,0.000000,0.000000
30.000002,29.890984,180.226181,180.351578,1.000000,0.000000,0.000000,0.000000
30.000002,29.909344,180.226181,180.351578,1.000000,0.000000,0.000000,0.000000
30.000002,29.925682,180.226181,180.351578,1.000000,0.000000,0.000000,0.000000
30.000002,29.913797,180.226181,180.351578,1.000000,0.000000,0.000000,0.000000
30.000002,29.894590,180.226181,180.351578,1.000000,0.000000,0.000000,0.000000
30.000002,29.889811,180.226181,180.351578,1.000000,0.000000,0.000000,0.000000
30.000002,29.912159,180.226181,180.351578,1.000000,0.000000,0.000000,0.000000
30.000002,29.890930,180.226181,180.351578,1.000000,0.000000,0.000000,0.000000
30.000002,29.906176,180.226181,180.351578,1.000000,0.000000,0.000000,0.000000
30.000002,29.902378,180.226181,180.351578,1.000000,0.000000,0.000000,0.000000
30.000002,29.893034,180.226181,180.351578,1.000000,0.000000,0.000000,0.000000
30.000002,29.870193,180.226181,180.351578,1.000000,0.000000,0.000000,0.000000
30.000002,29.924316,180.226181,180.351578,1.000000,0.000000,0.000000,0.000000
30.000002,29.896641,180.226181,180.351578,1.000000,0.000000,0.000000,0.000000
30.000002,29.887897,180.226181,180.351578,1.000000,0.000000,0.000000,0.000000
30.000002,29.865139,180.226181,180.351578,1.000000,0.000000,0.000000,0.000000
30.000002,29.908579,180.226181,180.351578,1.000000,0.000000,0.000000,0.000000
30.000002,29.897596,180.226181,180.351578,1.000000,0.000000,0.000000,0.000000
30.000002,29.888062,180.226181,180.351578,1.000000,0.000000,0.000000,0.000000
30.000002,29.865166,180.226181,180.351578,1.000000,0.000000,0.000000,0.000000
30.000002,29.915192,180.226181,180.351578,1.000000,0.000000,0.000000,0.000000
30.000002,29.897350,180.226181,180.351578,1.000000,0.000000,0.000000,0.000000
30.000002,29.890930,180.226181,180.351578,1.000000,0.000000,0.000000,0.000000
30.000002,29.880138,180.226181,180.351578,1.000000,0.000000,0.000000,0.000000
30.000002,29.918879,180.226181,180.351578,1.000000,0.000000,0.000000,0.000000
30.000002,29.893772,180.226181,180.351578,1.000000,0.000000,0.000000,0.000000
30.000002,29.900793,180.226181,180.351578,1.000000,0.000000,0.000000,0.000000
30.000002,29.903006,180.226181,180.351578,1.000000,0.000000,0.000000,0.000000
30.000002,29.889126,180.226181,180.351578,1.000000,0.000000,0.000000,0.000000
30.000002,29.886421,180.226181,180.351578,1.000000,0.000000,0.000000,0.000000
30.000002,29.893934,180.226181,180.351578,1.000000,0.000000,0.000000,0.000000
30.000002,29.876696,180.226181,180.351578,1.000000,0.000000,0.000000,0.000000
30.000002,29.902760,180.226181,180.351578,1.000000,0.000000,0.000000,0.000000
30.000002,29.893005,180.226181,180.351578,1.000000,0.000000,0.000000,0.000000
30.000002,29.903143,180.226181,180.351578,1.000000,0.000000,0.000000,0.000000
30.000002,29.907486,180.226181,180.351578,1.000000,0.000000,0.000000,0.000000
30.000002,29.873062,180.226181,180.351578,1.000000,0.000000,0.000000,0.000000
30.000002,29.923552,180.226181,180.351578,1.000000,0.000000,0.000000,0.000000
60.000004,29.898634,180.226181,180.351578,1.000000,0.000000,0.000000,0.000000
60.000004,29.960270,180.226181,180.351578,1.000000,0.000000,0.000000,0.000000
60.000004,30.135998,180.226181,180.351578,1.000000,0.000000,0.000000,0.000000
60.000004,30.433903,180.226181,180.351578,1.000000,0.000000,0.000000,0.000000
60.000004,30.810465,180.226181,180.395264,1.000000,0.000000,0.000000,0.000000
60.000004,31.300026,180.226181,180.395508,1.000000,0.000000,0.000000,0.000000
60.000004,31.840458,180.226181,180.395508,1.000000,0.000000,0.000000,0.000000
60.000004,32.425259,180.226181,180.438721,1.000000,0.000000,0.000000,0.000000
60.000004,33.097786,180.226181,180.439453,1.000000,0.000000,0.000000,0.000000
60.000004,33.824791,180.226181,180.439453,1.000000,0.000000,0.000000,0.000000
60.000004,34.658676,180.226181,180.439453,1.000000,0.000000,0.000000,0.000000
60.000004,35.637306,180.226181,180.439453,1.000000,0.000000,0.000000,0.000000
60.000004,36.671257,180.226181,180.439453,1.000000,0.000000,0.000000,0.000000
60.000004,37.785290,180.226181,180.439453,1.000000,0.000000,0.000000,0.000000
60.000004,38.882080,180.226181,180.421875,1.000000,0.000000,0.000000,0.000000
60.000004,40.023952,180.226181,180.395660,1.000000,0.000000,0.000000,0.000000
60.000004,41.407421,180.226181,180.395523,1.000000,0.000000,0.000000,0.000000
60.000004,43.002243,180.226181,180.395523,1.000000,0.000000,0.000000,0.000000
60.000004,44.588570,180.226181,180.395523,1.000000,0.000000,0.000000,0.000000
60.000004,46.242729,180.226181,180.395523,1.000000,0.000000,0.000000,0.000000
60.000004,48.047623,180.226181,180.395523,1.000000,0.000000,0.000000,0.000000
60.000004,49.909451,180.226181,180.395523,1.000000,0.000000,0.000000,0.000000
60.000004,51.931293,180.226181,180.395523,1.000000,0.000000,0.000000,0.000000
60.000004,53.986992,180.226181,180.395523,1.000000,0.000000,0.000000,0.000000
60.000004,56.176365,180.226181,180.395523,1.000000,0.000000,0.000000,-3.000000
60.000004,58.750309,180.226181,180.395523,1.000000,0.000000,0.000000,0.000000
60.000004,61.489571,180.226181,180.395523,1.000000,0.000000,-3.000000,0.000000
60.000004,63.822243,180.226181,180.395523,1.000000,0.000000,-5.000000,0.000000
60.000004,65.832970,180.226181,180.352005,1.000000,0.000000,2.000000,0.000000
60.000004,67.573738,180.226181,180.351578,1.000000,0.000000,4.000000,0.000000
60.000004,69.228996,180.226181,180.311035,1.000000,0.000000,-3.000000,0.000000
60.000004,70.712486,180.226181,180.223434,1.000000,0.000000,-5.000000,-3.000000
60.000004,71.697586,180.226181,180.148926,1.000000,0.000000,0.000000,0.000000
60.000004,71.756493,180.226181,180.131958,1.000000,0.000000,2.000000,0.000000
60.000004,71.418480,180.226181,180.091309,1.000000,0.000000,2.000000,0.000000
60.000004,70.999001,180.226181,180.044418,1.000000,0.000000,-3.000000,0.000000
60.000004,70.482010,180.226181,180.015839,1.000000,0.000000,-3.000000,0.000000
60.000004,69.899010,180.226181,179.958206,1.000000,0.000000,0.000000,0.000000
60.000004,69.285606,180.226181,180.027405,1.000000,0.000000,2.000000,0.000000
60.000004,68.597122,180.226181,180.043854,1.000000,0.000000,-3.000000,0.000000
60.000004,67.780609,180.226181,180.043945,1.000000,0.000000,0.000000,0.000000
60.000004,66.840202,180.226181,180.085846,1.000000,0.000000,0.000000,0.000000
60.000004,65.884254,180.226181,180.082932,1.000000,0.000000,0.000000,0.000000
60.000004,64.995834,180.226181,180.087875,1.000000,0.000000,0.000000,0.000000
60.000004,64.157387,180.226181,180.087891,1.000000,0.000000,0.000000,0.000000
60.000004,63.335606,180.226181,180.087891,1.000000,0.000000,0.000000,-3.000000
60.000004,62.483036,180.226181,180.087891,1.000000,0.000000,0.000000,0.000000
60.000004,61.656967,180.226181,180.087891,1.000000,0.000000,0.000000,0.000000
60.000004,60.847179,180.226181,180.149170,1.000000,0.000000,0.000000,0.000000
60.000004,59.912807,180.226181,180.175629,1.000000,0.000000,0.000000,0.000000
60.000004,59.117092,180.226181,180.133072,1.000000,0.000000,0.000000,0.000000
60.000004,58.793339,180.226181,180.173752,1.000000,0.000000,0.000000,0.000000
60.000004,58.769051,180.226181,180.175781,1.000000,0.000000,0.000000,0.000000
60.000004,58.938332,180.226181,180.175781,1.000000,0.000000,0.000000,-3.000000
60.000004,59.264786,180.226181,180.210236,1.000000,0.000000,0.000000,0.000000
60.000004,59.801094,180.226181,180.262390,1.000000,0.000000,0.000000,0.000000
60.000004,60.543015,180.226181,180.365280,1.000000,0.000000,0.000000,0.000000
60.000004,60.958126,180.226181,180.354813,1.000000,0.000000,0.000000,-3.000000
60.000004,61.255707,180.226181,180.395096,1.000000,0.000000,0.000000,0.000000
60.000004,61.682018,180.226181,180.413086,1.000000,0.000000,0.000000,0.000000
60.000004,62.194527,180.226181,180.395630,1.000000,0.000000,0.000000,0.000000
60.000004,62.625103,180.226181,180.395523,1.000000,0.000000,0.000000,-3.000000
60.000004,62.984509,180.226181,180.395523,1.000000,0.000000,0.000000,0.000000
60.000004,63.329514,180.226181,180.395523,1.000000,0.000000,0.000000,0.000000
60.000004,63.557617,180.226181,180.395523,1.000000,0.000000,0.000000,0.000000
60.000004,63.603870,180.226181,180.395523,1.000000,0.000000,0.000000,0.000000
60.000004,63.503876,180.226181,180.395523,1.000000,0.000000,0.000000,0.000000
60.000004,63.355934,180.226181,180.395523,1.000000,0.000000,0.000000,0.000000
60.000004,63.252197,180.226181,180.395523,1.000000,0.000000,0.000000,0.000000
60.000004,63.149059,180.226181,180.395523,1.000000,0.000000,0.000000,-3.000000
60.000004,63.023632,180.226181,180.367401,1.000000,0.000000,0.000000,0.000000
60.000004,62.845474,180.226181,180.351669,1.000000,0.000000,0.000000,0.000000
60.000004,62.650486,180.226181,180.351578,1.000000,0.000000,0.000000,0.000000
60.000004,62.403641,180.226181,180.351578,1.000000,0.000000,0.000000,0.000000
60.000004,62.120518,180.226181,180.351578,1.000000,0.000000,0.000000,0.000000
60.000004,61.832035,180.226181,180.351868,1.000000,0.000000,0.000000,0.000000
60.000004,61.590794,180.226181,180.393463,1.000000,0.000000,0.000000,0.000000
60.000004,61.365261,180.226181,180.395508,1.000000,0.000000,0.000000,0.000000
60.000004,61.139400,180.226181,180.395508,1.000000,0.000000,0.000000,0.000000
60.000004,60.907310,180.226181,180.395508,1.000000,0.000000,0.000000,0.000000
60.000004,60.649731,180.226181,180.395508,1.000000,0.000000,0.000000,0.000000
60.000004,60.384312,180.226181,180.395508,1.000000,0.000000,0.000000,0.000000
60.000004,60.089466,180.226181,180.395508,1.000000,0.000000,0.000000,0.000000
60.000004,59.670937,180.226181,180.395508,1.000000,0.000000,0.000000,0.000000
60.000004,59.546955,180.226181,180.395508,1.000000,0.000000,0.000000,0.000000
60.000004,59.898602,180.226181,180.395508,1.000000,0.000000,0.000000,0.000000
60.000004,60.459034,180.226181,180.473175,1.000000,0.000000,0.000000,0.000000
60.000004,60.670521,180.226181,180.441437,1.000000,0.000000,0.000000,0.000000
60.000004,60.734726,180.226181,180.473923,1.000000,0.000000,0.000000,0.000000
60.000004,60.761444,180.226181,180.483353,1.000000,0.000000,0.000000,0.000000
60.000004,60.790188,180.226181,180.483398,1.000000,0.000000,0.000000,0.000000
60.000004,60.794338,180.226181,180.483398,1.000000,0.000000,0.000000,0.000000
60.000004,60.824856,180.226181,180.483398,1.000000,0.000000,0.000000,0.000000
60.000004,60.888680,180.226181,180.483398,1.000000,0.000000,0.000000,0.000000
60.000004,60.963017,180.226181,180.483398,1.000000,0.000000,0.000000,0.000000
60.000004,60.945969,180.226181,180.483398,1.000000,0.000000,0.000000,0.000000
60.000004,60.833954,180.226181,180.483398,1.000000,0.000000,0.000000,0.000000
60.000004,60.634048,180.226181,180.483398,1.000000,0.000000,0.000000,0.000000
60.000004,60.441628,180.226181,180.483398,1.000000,0.000000,0.000000,0.000000
60.000004,60.267105,180.226181,180.483398,1.000000,0.000000,0.000000,0.000000
60.000004,60.115719,180.226181,180.483398,1.000000,0.000000,0.000000,0.000000
60.000004,60.018784,180.226181,180.459503,1.000000,0.000000,0.000000,0.000000
60.000004,59.929119,180.226181,180.439590,1.000000,0.000000,0.000000,0.000000
60.000004,59.791096,180.226181,180.439468,1.000000,0.000000,0.000000,0.000000
60.000004,59.586296,180.226181,180.439468,1.000000,0.000000,0.000000,0.000000
60.000004,59.862293,180.226181,180.439468,1.000000,0.000000,0.000000,0.000000
60.000004,60.471134,180.226181,180.481354,1.000000,0.000000,0.000000,0.000000
60.000004,60.771389,180.226181,180.527084,1.000000,0.000000,0.000000,0.000000
60.000004,60.900536,180.226181,180.527344,1.000000,0.000000,0.000000,0.000000
60.000004,61.012932,180.226181,180.570557,1.000000,0.000000,0.000000,0.000000
60.000004,61.150139,180.226181,180.533035,1.000000,0.000000,0.000000,0.000000
60.000004,61.267864,180.226181,180.484665,1.000000,0.000000,0.000000,0.000000
60.000004,61.319992,180.226181,180.493958,1.000000,0.000000,0.000000,0.000000
60.000004,61.416077,180.226181,180.455353,1.000000,0.000000,0.000000,0.000000
60.000004,61.499187,180.226181,180.450104,1.000000,0.000000,0.000000,0.000000
60.000004,61.477169,180.226181,180.439697,1.000000,0.000000,0.000000,0.000000
60.000004,61.359142,180.226181,180.439468,1.000000,0.000000,0.000000,0.000000
60.000004,61.184834,180.226181,180.479889,1.000000,0.000000,0.000000,0.000000
60.000004,61.009327,180.226181,180.458252,1.000000,0.000000,0.000000,0.000000
60.000004,60.870892,180.226181,180.458878,1.000000,0.000000,0.000000,0.000000
60.000004,60.704372,180.226181,180.478500,1.000000,0.000000,0.000000,0.000000
60.000004,60.553425,180.226181,180.439987,1.000000,0.000000,0.000000,0.000000
60.000004,60.387478,180.226181,180.439468,1.000000,0.000000,0.000000,0.000000
60.000004,60.196671,180.226181,180.439468,1.000000,0.000000,0.000000,0.000000
60.000004,59.988239,180.226181,180.439468,1.000000,0.000000,0.000000,0.000000
60.000004,59.607143,180.226181,180.441650,1.000000,0.000000,0.000000,0.000000
60.000004,59.666157,180.226181,180.471405,1.000000,0.000000,0.000000,0.000000
60.000004,60.271255,180.226181,180.483337,1.000000,0.000000,0.000000,0.000000
60.000004,60.658802,180.226181,180.526917,1.000000,0.000000,0.000000,0.000000
60.000004,60.819229,180.226181,180.527344,1.000000,0.000000,0.000000,0.000000
60.000004,60.893021,180.226181,180.569244,1.000000,0.000000,0.000000,0.000000
60.000004,60.967308,180.226181,180.571289,1.000000,0.000000,0.000000,0.000000
60.000004,61.024734,180.226181,180.527618,1.000000,0.000000,0.000000,0.000000
60.000004,61.044979,180.226181,180.519913,1.000000,0.000000,0.000000,0.000000
60.000004,61.106232,180.226181,180.484100,1.000000,0.000000,0.000000,0.000000
60.000004,61.197758,180.226181,180.483414,1.000000,0.000000,0.000000,0.000000
60.000004,61.234066,180.226181,180.483414,1.000000,0.000000,0.000000,0.000000
60.000004,61.160847,180.226181,180.439728,1.000000,0.000000,0.000000,0.000000
60.000004,61.001186,180.226181,180.482971,1.000000,0.000000,0.000000,0.000000
60.000004,60.844830,180.226181,180.483398,1.000000,0.000000,0.000000,0.000000
60.000004,60.662243,180.226181,180.483398,1.000000,0.000000,0.000000,0.000000
60.000004,60.513836,180.226181,180.483398,1.000000,0.000000,0.000000,0.000000
60.000004,60.368382,180.226181,180.483398,1.000000,0.000000,0.000000,0.000000
60.000004,60.209702,180.226181,180.480637,1.000000,0.000000,0.000000,-3.000000
60.000004,60.064411,180.226181,180.440186,1.000000,0.000000,0.000000,0.000000
60.000004,59.838387,180.226181,180.457047,1.000000,0.000000,0.000000,0.000000
60.000004,59.588318,180.226181,180.440048,1.000000,0.000000,0.000000,0.000000
60.000004,59.766506,180.226181,180.482681,1.000000,0.000000,0.000000,0.000000
60.000004,60.417095,180.226181,180.511520,1.000000,0.000000,0.000000,0.000000
60.000004,60.739178,180.226181,180.535522,1.000000,0.000000,0.000000,0.000000
60.000004,60.875755,180.226181,180.567917,1.000000,0.000000,0.000000,0.000000
60.000004,60.963894,180.226181,180.609528,1.000000,0.000000,0.000000,0.000000
60.000004,61.076317,180.226181,180.554428,1.000000,0.000000,0.000000,0.000000
60.000004,61.159454,180.226181,180.527512,1.000000,0.000000,0.000000,0.000000
60.000004,61.198715,180.226181,180.527359,1.000000,0.000000,0.000000,0.000000
60.000004,61.272999,180.226181,180.486816,1.000000,0.000000,0.000000,0.000000
60.000004,61.340073,180.226181,180.483414,1.000000,0.000000,0.000000,0.000000
60.000004,61.331573,180.226181,180.483414,1.000000,0.000000,0.000000,0.000000
60.000004,61.233440,180.226181,180.483414,1.000000,0.000000,0.000000,0.000000
60.000004,61.067055,180.226181,180.483414,1.000000,0.000000,0.000000,0.000000
60.000004,60.906738,180.226181,180.483414,1.000000,0.000000,0.000000,0.000000
60.000004,60.739178,180.226181,180.483414,1.000000,0.000000,0.000000,0.000000
60.000004,60.602493,180.226181,180.483414,1.000000,0.000000,0.000000,0.000000
60.000004,60.455700,180.226181,180.465836,1.000000,0.000000,0.000000,0.000000
60.000004,60.296146,180.226181,180.461746,1.000000,0.000000,0.000000,0.000000
60.000004,60.142796,180.226181,180.439606,1.000000,0.000000,0.000000,0.000000
60.000004,59.959663,180.226181,180.481354,1.000000,0.000000,0.000000,0.000000
60.000004,59.605942,180.226181,180.455261,1.000000,0.000000,0.000000,0.000000
60.000004,59.689381,180.226181,180.483231,1.000000,0.000000,0.000000,0.000000
60.000004,60.322102,180.226181,180.517853,1.000000,0.000000,0.000000,0.000000
60.000004,60.723743,180.226181,180.570984,1.000000,0.000000,0.000000,0.000000
60.000004,60.897175,180.226181,180.571289,1.000000,0.000000,0.000000,0.000000
60.000004,60.981922,180.226181,180.605743,1.000000,0.000000,0.000000,0.000000
60.000004,61.079159,180.226181,180.573288,1.000000,0.000000,0.000000,0.000000
60.000004,61.157379,180.226181,180.527802,1.000000,0.000000,0.000000,0.000000
60.000004,61.199589,180.226181,180.527359,1.000000,0.000000,0.000000,0.000000
60.000004,61.272591,180.226181,180.485458,1.000000,0.000000,0.000000,0.000000
60.000004,61.359688,180.226181,180.483414,1.000000,0.000000,0.000000,0.000000
60.000004,61.389469,180.226181,180.455292,1.000000,0.000000,0.000000,-3.000000
60.000004,61.308815,180.226181,180.439560,1.000000,0.000000,0.000000,0.000000
60.000004,61.139648,180.226181,180.482971,1.000000,0.000000,0.000000,0.000000
60.000004,60.960178,180.226181,180.483398,1.000000,0.000000,0.000000,0.000000
60.000004,60.790432,180.226181,180.483398,1.000000,0.000000,0.000000,0.000000
60.000004,60.648582,180.226181,180.483398,1.000000,0.000000,0.000000,0.000000
60.000004,60.505531,180.226181,180.448959,1.000000,0.000000,0.000000,0.000000
60.000004,60.344749,180.226181,180.439514,1.000000,0.000000,0.000000,0.000000
60.000004,60.181480,180.226181,180.439468,1.000000,0.000000,0.000000,0.000000
60.000004,60.000072,180.226181,180.439468,1.000000,0.000000,0.000000,0.000000
60.000004,59.646759,180.226181,180.448502,1.000000,0.000000,0.000000,0.000000
60.000004,59.604877,180.226181,180.480042,1.000000,0.000000,0.000000,0.000000
60.000004,60.107330,180.226181,180.483398,1.000000,0.000000,0.000000,0.000000
60.000004,60.589108,180.226181,180.568817,1.000000,0.000000,0.000000,0.000000
60.000004,60.821442,180.226181,180.571289,1.000000,0.000000,0.000000,0.000000
60.000004,60.910397,180.226181,180.571289,1.000000,0.000000,0.000000,0.000000
60.000004,61.018208,180.226181,180.574448,1.000000,0.000000,0.000000,0.000000
60.000004,61.100742,180.226181,180.530777,1.000000,0.000000,0.000000,0.000000
60.000004,61.131504,180.226181,180.510498,1.000000,0.000000,0.000000,-3.000000
60.000004,61.195789,180.226181,180.527237,1.000000,0.000000,0.000000,0.000000
60.000004,61.300240,180.226181,180.483673,1.000000,0.000000,0.000000,0.000000
60.000004,61.340645,180.226181,180.483414,1.000000,0.000000,0.000000,0.000000
30.000002,61.297890,180.226181,180.440689,1.000000,0.000000,0.000000,0.000000
30.000002,61.263519,180.226181,180.482193,1.000000,0.000000,0.000000,0.000000
30.000002,61.027660,180.226181,180.483398,1.000000,0.000000,0.000000,0.000000
30.000002,60.687843,180.226181,180.483398,1.000000,0.000000,0.000000,0.000000
30.000002,60.310051,180.226181,180.483398,1.000000,0.000000,0.000000,0.000000
30.000002,59.870571,180.226181,180.441513,1.000000,0.000000,0.000000,0.000000
30.000002,59.376965,180.226181,180.439468,1.000000,0.000000,0.000000,-3.000000
30.000002,58.829842,180.226181,180.397568,1.000000,0.000000,0.000000,0.000000
30.000002,58.189278,180.226181,180.406082,1.000000,0.000000,0.000000,0.000000
30.000002,57.365421,180.226181,180.437637,1.000000,0.000000,0.000000,0.000000
30.000002,56.458099,180.226181,180.439453,1.000000,0.000000,0.000000,0.000000
30.000002,55.534218,180.226181,180.439453,1.000000,0.000000,0.000000,0.000000
30.000002,54.596817,180.226181,180.439453,1.000000,0.000000,0.000000,0.000000
30.000002,53.607914,180.226181,180.439453,1.000000,0.000000,0.000000,0.000000
30.000002,52.538116,180.226181,180.439453,1.000000,0.000000,0.000000,0.000000
30.000002,51.381657,180.226181,180.439453,1.000000,0.000000,0.000000,0.000000
30.000002,50.201893,180.226181,180.439453,1.000000,0.000000,0.000000,0.000000
30.000002,48.987621,180.226181,180.439453,1.000000,0.000000,0.000000,0.000000
30.000002,47.682728,180.226181,180.439453,1.000000,0.000000,0.000000,0.000000
30.000002,46.283382,180.226181,180.439453,1.000000,0.000000,0.000000,0.000000
30.000002,44.944229,180.226181,180.439453,1.000000,0.000000,0.000000,0.000000
30.000002,43.602234,180.226181,180.439453,1.000000,0.000000,0.000000,0.000000
30.000002,42.157486,180.226181,180.439453,1.000000,0.000000,0.000000,0.000000
30.000002,40.698559,180.226181,180.439453,1.000000,0.000000,0.000000,0.000000
30.000002,39.338474,180.226181,180.414429,1.000000,0.000000,0.000000,0.000000
30.000002,37.933205,180.226181,180.395630,1.000000,0.000000,0.000000,0.000000
30.000002,36.427422,180.226181,180.395523,1.000000,0.000000,0.000000,0.000000
30.000002,34.894398,180.226181,180.395523,1.000000,0.000000,0.000000,0.000000
30.000002,33.353153,180.226181,180.406876,1.000000,0.000000,0.000000,0.000000
30.000002,31.729343,180.226181,180.438278,1.000000,0.000000,0.000000,0.000000
30.000002,30.054007,180.226181,180.421875,1.000000,0.000000,0.000000,0.000000
30.000002,28.438887,180.226181,180.395660,1.000000,0.000000,0.000000,0.000000
30.000002,26.968237,180.226181,180.438232,1.000000,0.000000,0.000000,0.000000
30.000002,25.641022,180.226181,180.439453,1.000000,0.000000,0.000000,0.000000
30.000002,24.533548,180.226181,180.439453,1.000000,0.000000,0.000000,0.000000
30.000002,23.624914,180.226181,180.500732,1.000000,0.000000,0.000000,0.000000
30.000002,22.807777,180.226181,180.565445,1.000000,0.000000,0.000000,0.000000
30.000002,21.989494,180.226181,180.613174,1.000000,0.000000,0.000000,0.000000
30.000002,21.237680,180.226181,180.653473,1.000000,0.000000,0.000000,0.000000
30.000002,20.633839,180.226181,180.697403,1.000000,0.000000,0.000000,0.000000
30.000002,20.253479,180.226181,180.703110,1.000000,0.000000,0.000000,0.000000
30.000002,20.089062,180.226181,180.727036,1.000000,0.000000,0.000000,0.000000
30.000002,20.048763,180.226181,180.746658,1.000000,0.000000,0.000000,0.000000
30.000002,20.087477,180.226181,180.747070,1.000000,0.000000,0.000000,0.000000
30.000002,20.204056,180.226181,180.781281,1.000000,0.000000,0.000000,0.000000
30.000002,20.374399,180.226181,180.790970,1.000000,0.000000,0.000000,0.000000
30.000002,20.615177,180.226181,180.791016,1.000000,0.000000,0.000000,0.000000
30.000002,20.950951,180.226181,180.791016,1.000000,0.000000,0.000000,0.000000
30.000002,21.367399,180.226181,180.762894,1.000000,0.000000,0.000000,0.000000
30.000002,21.878107,180.226181,180.747177,1.000000,0.000000,0.000000,0.000000
30.000002,22.454165,180.226181,180.747101,1.000000,0.000000,0.000000,0.000000
30.000002,23.069292,180.226181,180.747101,1.000000,0.000000,0.000000,0.000000
30.000002,23.723297,180.226181,180.747101,1.000000,0.000000,0.000000,0.000000
30.000002,24.373339,180.226181,180.739441,1.000000,0.000000,0.000000,0.000000
30.000002,25.123102,180.226181,180.734833,1.000000,0.000000,0.000000,0.000000
30.000002,26.012394,180.226181,180.747009,1.000000,0.000000,0.000000,0.000000
30.000002,26.978783,180.226181,180.747070,1.000000,0.000000,0.000000,0.000000
30.000002,28.015825,180.226181,180.747070,1.000000,0.000000,0.000000,0.000000
30.000002,29.080952,180.226181,180.747070,1.000000,0.000000,0.000000,0.000000
30.000002,30.136162,180.226181,180.747070,1.000000,0.000000,0.000000,0.000000
30.000002,30.958242,180.226181,180.747574,1.000000,0.000000,0.000000,0.000000
30.000002,31.603724,180.226181,180.712631,1.000000,0.000000,0.000000,0.000000
30.000002,32.144730,180.226181,180.703186,1.000000,0.000000,0.000000,0.000000
30.000002,32.608799,180.226181,180.659622,1.000000,0.000000,0.000000,0.000000
30.000002,32.962902,180.226181,180.641617,1.000000,0.000000,0.000000,0.000000
30.000002,33.182072,180.226181,180.496918,1.000000,0.000000,0.000000,0.000000
30.000002,33.281326,180.226181,180.489807,1.000000,0.000000,0.000000,0.000000
30.000002,33.270508,180.226181,180.423157,1.000000,0.000000,0.000000,0.000000
30.000002,33.081913,180.226181,180.367569,1.000000,0.000000,0.000000,0.000000
30.000002,32.731468,180.226181,180.317215,1.000000,0.000000,0.000000,0.000000
30.000002,32.235817,180.226181,180.307678,1.000000,0.000000,0.000000,0.000000
30.000002,31.696640,180.226181,180.267090,1.000000,0.000000,0.000000,0.000000
30.000002,31.069357,180.226181,180.263687,1.000000,0.000000,0.000000,0.000000
30.000002,30.383768,180.226181,180.220474,1.000000,0.000000,0.000000,0.000000
30.000002,29.711460,180.226181,180.185287,1.000000,0.000000,0.000000,0.000000
30.000002,29.152176,180.226181,180.203964,1.000000,0.000000,0.000000,0.000000
30.000002,28.756790,180.226181,180.260162,1.000000,0.000000,0.000000,0.000000
30.000002,28.415937,180.226181,180.271591,1.000000,0.000000,0.000000,0.000000
30.000002,28.134779,180.226181,180.291855,1.000000,0.000000,0.000000,0.000000
30.000002,27.936430,180.226181,180.388992,1.000000,0.000000,0.000000,0.000000
30.000002,27.878456,180.226181,180.476929,1.000000,0.000000,0.000000,0.000000
30.000002,27.884001,180.226181,180.521622,1.000000,0.000000,0.000000,0.000000
30.000002,28.014677,180.226181,180.588394,1.000000,0.000000,0.000000,0.000000
30.000002,28.281464,180.226181,180.615082,1.000000,0.000000,0.000000,0.000000
30.000002,28.723433,180.226181,180.658920,1.000000,0.000000,0.000000,0.000000
30.000002,29.265694,180.226181,180.702576,1.000000,0.000000,0.000000,0.000000
30.000002,29.855959,180.226181,180.720703,1.000000,0.000000,0.000000,0.000000
30.000002,30.318855,180.226181,180.746933,1.000000,0.000000,0.000000,0.000000
30.000002,30.554878,180.226181,180.747070,1.000000,0.000000,0.000000,0.000000
30.000002,30.633125,180.226181,180.712631,1.000000,0.000000,0.000000,0.000000
30.000002,30.621487,180.226181,180.703186,1.000000,0.000000,0.000000,0.000000
30.000002,30.568293,180.226181,180.661240,1.000000,0.000000,0.000000,0.000000
30.000002,30.460787,180.226181,180.618668,1.000000,0.000000,0.000000,0.000000
30.000002,30.275524,180.226181,180.512100,1.000000,0.000000,0.000000,0.000000
30.000002,30.028845,180.226181,180.483582,1.000000,0.000000,0.000000,0.000000
30.000002,29.836233,180.226181,180.399185,1.000000,0.000000,0.000000,0.000000
30.000002,29.669222,180.226181,180.395538,1.000000,0.000000,0.000000,0.000000
30.000002,29.541716,180.226181,180.352005,1.000000,0.000000,0.000000,0.000000
30.000002,29.491501,180.226181,180.351578,1.000000,0.000000,0.000000,0.000000
30.000002,29.493412,180.226181,180.351578,1.000000,0.000000,0.000000,0.000000
30.000002,29.627066,180.226181,180.395264,1.000000,0.000000,0.000000,0.000000
30.000002,29.854649,180.226181,180.395508,1.000000,0.000000,0.000000,0.000000
30.000002,29.999092,180.226181,180.436050,1.000000,0.000000,0.000000,0.000000
30.000002,30.162144,180.226181,180.482651,1.000000,0.000000,0.000000,0.000000
30.000002,30.256018,180.226181,180.525284,1.000000,0.000000,0.000000,0.000000
30.000002,30.293283,180.226181,180.527344,1.000000,0.000000,0.000000,0.000000
30.000002,30.262629,180.226181,180.483841,1.000000,0.000000,0.000000,0.000000
30.000002,30.123539,180.226181,180.483414,1.000000,0.000000,0.000000,0.000000
30.000002,29.975433,180.226181,180.483414,1.000000,0.000000,0.000000,0.000000
30.000002,29.882160,180.226181,180.483414,1.000000,0.000000,0.000000,0.000000
30.000002,29.820524,180.226181,180.483414,1.000000,0.000000,0.000000,0.000000
30.000002,29.802301,180.226181,180.483414,1.000000,0.000000,0.000000,-3.000000
30.000002,29.842955,180.226181,180.483414,1.000000,0.000000,0.000000,0.000000
30.000002,29.810362,180.226181,180.483414,1.000000,0.000000,0.000000,0.000000
30.000002,29.808886,180.226181,180.483414,1.000000,0.000000,0.000000,0.000000
30.000002,29.914753,180.226181,180.483414,1.000000,0.000000,0.000000,0.000000
30.000002,29.960516,180.226181,180.483414,1.000000,0.000000,0.000000,0.000000
30.000002,30.004993,180.226181,180.483414,1.000000,0.000000,0.000000,0.000000
30.000002,30.115561,180.226181,180.483414,1.000000,0.000000,0.000000,0.000000
30.000002,30.194273,180.226181,180.526123,1.000000,0.000000,0.000000,0.000000
30.000002,30.153673,180.226181,180.487717,1.000000,0.000000,0.000000,0.000000
30.000002,30.050156,180.226181,180.483429,1.000000,0.000000,0.000000,0.000000
30.000002,29.941856,180.226181,180.483414,1.000000,0.000000,0.000000,0.000000
30.000002,29.877161,180.226181,180.483414,1.000000,0.000000,0.000000,0.000000
30.000002,29.858063,180.226181,180.483414,1.000000,0.000000,0.000000,0.000000
30.000002,29.858828,180.226181,180.483414,1.000000,0.000000,0.000000,0.000000
30.000002,29.819759,180.226181,180.483414,1.000000,0.000000,0.000000,0.000000
30.000002,29.875986,180.226181,180.483414,1.000000,0.000000,0.000000,0.000000
30.000002,29.883827,180.226181,180.483414,1.000000,0.000000,0.000000,0.000000
30.000002,29.847763,180.226181,180.483414,1.000000,0.000000,0.000000,0.000000
30.000002,29.883881,180.226181,180.483414,1.000000,0.000000,0.000000,0.000000
30.000002,29.920300,180.226181,180.483414,1.000000,0.000000,0.000000,0.000000
30.000002,29.968193,180.226181,180.483414,1.000000,0.000000,0.000000,0.000000
30.000002,30.054663,180.226181,180.483414,1.000000,0.000000,0.000000,0.000000
30.000002,30.110151,180.226181,180.483414,1.000000,0.000000,0.000000,0.000000
30.000002,30.120670,180.226181,180.483414,1.000000,0.000000,0.000000,0.000000
30.000002,30.108431,180.226181,180.483414,1.000000,0.000000,0.000000,0.000000
30.000002,30.057859,180.226181,180.483414,1.000000,0.000000,0.000000,0.000000
30.000002,29.996006,180.226181,180.483414,1.000000,0.000000,0.000000,0.000000
30.000002,29.927320,180.226181,180.483414,1.000000,0.000000,0.000000,0.000000
30.000002,29.878744,180.226181,180.483414,1.000000,0.000000,0.000000,0.000000
30.000002,29.873690,180.226181,180.483414,1.000000,0.000000,0.000000,0.000000
30.000002,29.877542,180.226181,180.483414,1.000000,0.000000,0.000000,0.000000
30.000002,29.859674,180.226181,180.483414,1.000000,0.000000,0.000000,0.000000
30.000002,29.895548,180.226181,180.483414,1.000000,0.000000,0.000000,0.000000
30.000002,29.928360,180.226181,180.483414,1.000000,0.000000,0.000000,0.000000
30.000002,29.929398,180.226181,180.483414,1.000000,0.000000,0.000000,0.000000
30.000002,29.929588,180.226181,180.483414,1.000000,0.000000,0.000000,0.000000
30.000002,29.933687,180.226181,180.483414,1.000000,0.000000,0.000000,0.000000
30.000002,29.930464,180.226181,180.483414,1.000000,0.000000,0.000000,0.000000
30.000002,29.929834,180.226181,180.483414,1.000000,0.000000,0.000000,0.000000
30.000002,29.929752,180.226181,180.483414,1.000000,0.000000,0.000000,0.000000
30.000002,29.919071,180.226181,180.483414,1.000000,0.000000,0.000000,0.000000
30.000002,29.888636,180.226181,180.483414,1.000000,0.000000,0.000000,0.000000
30.000002,29.893389,180.226181,180.483414,1.000000,0.000000,0.000000,0.000000
30.000002,29.870985,180.226181,180.483414,1.000000,0.000000,0.000000,0.000000
30.000002,29.870903,180.226181,180.483414,1.000000,0.000000,0.000000,0.000000
30.000002,29.926966,180.226181,180.483414,1.000000,0.000000,0.000000,0.000000
30.000002,29.929152,180.226181,180.483414,1.000000,0.000000,0.000000,0.000000
30.000002,29.929588,180.226181,180.483414,1.000000,0.000000,0.000000,0.000000
30.000002,29.929588,180.226181,180.483414,1.000000,0.000000,0.000000,0.000000
30.000002,29.910492,180.226181,180.483414,1.000000,0.000000,0.000000,0.000000
30.000002,29.890602,180.226181,180.483414,1.000000,0.000000,0.000000,0.000000
30.000002,29.886696,180.226181,180.483414,1.000000,0.000000,0.000000,0.000000
30.000002,29.887707,180.226181,180.483414,1.000000,0.000000,0.000000,0.000000
30.000002,29.920218,180.226181,180.483414,1.000000,0.000000,0.000000,0.000000
30.000002,29.907433,180.226181,180.483414,1.000000,0.000000,0.000000,0.000000
30.000002,29.889318,180.226181,180.483414,1.000000,0.000000,0.000000,0.000000
30.000002,29.898935,180.226181,180.483414,1.000000,0.000000,0.000000,0.000000
30.000002,29.881340,180.226181,180.483414,1.000000,0.000000,0.000000,0.000000
30.000002,29.884892,180.226181,180.483414,1.000000,0.000000,0.000000,0.000000
30.000002,29.878498,180.226181,180.483414,1.000000,0.000000,0.000000,0.000000
30.000002,29.888308,180.226181,180.483414,1.000000,0.000000,0.000000,0.000000
30.000002,29.884645,180.226181,180.483414,1.000000,0.000000,0.000000,0.000000
30.000002,29.903852,180.226181,180.483414,1.000000,0.000000,0.000000,0.000000
30.000002,29.877926,180.226181,180.483414,1.000000,0.000000,0.000000,0.000000
30.000002,29.911366,180.226181,180.483414,1.000000,0.000000,0.000000,0.000000
30.000002,29.890793,180.226181,180.483414,1.000000,0.000000,0.000000,0.000000
30.000002,29.882898,180.226181,180.483414,1.000000,0.000000,0.000000,0.000000
30.000002,29.901749,180.226181,180.483414,1.000000,0.000000,0.000000,0.000000
30.000002,29.890657,180.226181,180.483414,1.000000,0.000000,0.000000,0.000000
30.000002,29.905001,180.226181,180.483414,1.000000,0.000000,0.000000,0.000000
30.000002,29.889536,180.226181,180.483414,1.000000,0.000000,0.000000,0.000000
30.000002,29.896477,180.226181,180.483414,1.000000,0.000000,0.000000,0.000000
30.000002,29.902132,180.226181,180.483414,1.000000,0.000000,0.000000,0.000000
30.000002,29.890192,180.226181,180.483414,1.000000,0.000000,0.000000,0.000000
30.000002,29.909698,180.226181,180.483414,1.000000,0.000000,0.000000,0.000000
30.000002,29.892569,180.226181,180.483414,1.000000,0.000000,0.000000,0.000000
30.000002,29.887077,180.226181,180.483414,1.000000,0.000000,0.000000,0.000000
30.000002,29.891230,180.226181,180.483414,1.000000,0.000000,0.000000,0.000000
30.000002,29.901121,180.226181,180.483414,1.000000,0.000000,0.000000,0.000000
30.000002,29.899727,180.226181,180.483414,1.000000,0.000000,0.000000,0.000000
30.000002,29.893963,180.226181,180.483414,1.000000,0.000000,0.000000,0.000000
30.000002,29.887379,180.226181,180.483414,1.000000,0.000000,0.000000,0.000000
30.000002,29.875629,180.226181,180.483414,1.000000,0.000000,0.000000,0.000000
30.000002,29.906858,180.226181,180.483414,1.000000,0.000000,0.000000,0.000000
30.000002,29.875494,180.226181,180.483414,1.000000,0.000000,0.000000,0.000000
30.000002,29.908388,180.226181,180.483414,1.000000,0.000000,0.000000,0.000000
30.000002,29.894180,180.226181,180.483414,1.000000,0.000000,0.000000,0.000000
30.000002,29.932293,180.226181,180.483414,1.000000,0.000000,0.000000,0.000000
30.000002,29.894918,180.226181,180.483414,1.000000,0.000000,0.000000,0.000000
30.000002,29.887569,180.226181,180.483414,1.000000,0.000000,0.000000,0.000000
30.000002,29.905546,180.226181,180.483414,1.000000,0.000000,0.000000,0.000000
30.000002,29.912678,180.226181,180.483414,1.000000,0.000000,0.000000,0.000000
30.000002,29.891039,180.226181,180.483414,1.000000,0.000000,0.000000,0.000000
30.000002,29.874592,180.226181,180.483414,1.000000,0.000000,0.000000,0.000000
30.000002,29.908169,180.226181,180.483414,1.000000,0.000000,0.000000,0.000000
30.000002,29.895575,180.226181,180.483414,1.000000,0.000000,0.000000,0.000000
30.000002,29.876314,180.226181,180.483414,1.000000,0.000000,0.000000,0.000000
30.000002,29.902514,180.226181,180.483414,1.000000,0.000000,0.000000,0.000000
30.000002,29.875412,180.226181,180.483414,1.000000,0.000000,0.000000,0.000000
30.000002,29.922430,180.226181,180.483414,1.000000,0.000000,0.000000,0.000000
30.000002,29.894754,180.226181,180.483414,1.000000,0.000000,0.000000,0.000000
30.000002,29.887514,180.226181,180.483414,1.000000,0.000000,0.000000,0.000000
30.000002,29.904125,180.226181,180.483414,1.000000,0.000000,0.000000,0.000000
30.000002,29.899509,180.226181,180.483414,1.000000,0.000000,0.000000,0.000000
30.000002,29.890219,180.226181,180.483414,1.000000,0.000000,0.000000,0.000000
30.000002,29.900902,180.226181,180.483414,1.000000,0.000000,0.000000,0.000000
30.000002,29.882105,180.226181,180.483414,1.000000,0.000000,0.000000,0.000000
30.000002,29.922895,180.226181,180.483414,1.000000,0.000000,0.000000,0.000000
30.000002,29.889782,180.226181,180.483414,1.000000,0.000000,0.000000,0.000000
30.000002,29.914589,180.226181,180.483414,1.000000,0.000000,0.000000,0.000000
30.000002,29.885164,180.226181,180.483414,1.000000,0.000000,0.000000,0.000000
30.000002,29.914316,180.226181,180.483414,1.000000,0.000000,0.000000,0.000000
30.000002,29.893471,180.226181,180.483414,1.000000,0.000000,0.000000,0.000000
30.000002,29.887241,180.226181,180.483414,1.000000,0.000000,0.000000,0.000000
30.000002,29.870794,180.226181,180.483414,1.000000,0.000000,0.000000,0.000000
30.000002,29.898197,180.226181,180.483414,1.000000,0.000000,0.000000,0.000000
30.000002,29.882433,180.226181,180.483414,1.000000,0.000000,0.000000,0.000000
30.000002,29.865084,180.226181,180.483414,1.000000,0.000000,0.000000,0.000000
30.000002,29.893389,180.226181,180.483414,1.000000,0.000000,0.000000,0.000000
30.000002,29.884182,180.226181,180.483414,1.000000,0.000000,0.000000,0.000000
30.000002,29.908497,180.226181,180.483414,1.000000,0.000000,0.000000,0.000000
30.000002,29.884537,180.226181,180.483414,1.000000,0.000000,0.000000,0.000000
30.000002,29.896339,180.226181,180.483414,1.000000,0.000000,0.000000,0.000000
30.000002,29.891859,180.226181,180.483414,1.000000,0.000000,0.000000,0.000000
30.000002,29.937239,180.226181,180.483414,1.000000,0.000000,0.000000,0.000000
30.000002,29.931147,180.226181,180.483414,1.000000,0.000000,0.000000,0.000000
30.000002,29.929943,180.226181,180.483414,1.000000,0.000000,0.000000,0.000000
30.000002,29.920683,180.226181,180.483414,1.000000,0.000000,0.000000,0.000000
30.000002,29.897104,180.226181,180.483414,1.000000,0.000000,0.000000,0.000000
30.000002,29.882980,180.226181,180.483414,1.000000,0.000000,0.000000,0.000000
30.000002,29.903553,180.226181,180.483414,1.000000,0.000000,0.000000,0.000000
30.000002,29.879620,180.226181,180.483414,1.000000,0.000000,0.000000,0.000000
30.000002,29.902868,180.226181,180.483414,1.000000,0.000000,0.000000,0.000000
30.000002,29.891449,180.226181,180.483414,1.000000,0.000000,0.000000,0.000000
30.000002,29.901749,180.226181,180.483414,1.000000,0.000000,0.000000,0.000000
30.000002,29.888498,180.226181,180.483414,1.000000,0.000000,0.000000,0.000000
30.000002,29.899017,180.226181,180.483414,1.000000,0.000000,0.000000,0.000000
30.000002,29.898935,180.226181,180.483414,1.000000,0.000000,0.000000,0.000000
30.000002,29.905792,180.226181,180.483414,1.000000,0.000000,0.000000,0.000000
30.000002,29.901722,180.226181,180.483414,1.000000,0.000000,0.000000,0.000000
30.000002,29.890411,180.226181,180.483414,1.000000,0.000000,0.000000,0.000000
30.000002,29.878061,180.226181,180.483414,1.000000,0.000000,0.000000,0.000000
30.000002,29.922951,180.226181,180.483414,1.000000,0.000000,0.000000,0.000000
30.000002,29.904043,180.226181,180.483414,1.000000,0.000000,0.000000,0.000000
30.000002,29.879673,180.226181,180.483414,1.000000,0.000000,0.000000,0.000000
30.000002,29.907650,180.226181,180.483414,1.000000,0.000000,0.000000,0.000000
30.000002,29.895273,180.226181,180.483414,1.000000,0.000000,0.000000,0.000000
30.000002,29.898443,180.226181,180.483414,1.000000,0.000000,0.000000,0.000000
30.000002,29.895000,180.226181,180.483414,1.000000,0.000000,0.000000,0.000000
30.000002,29.882488,180.226181,180.483414,1.000000,0.000000,0.000000,0.000000
30.000002,29.907351,180.226181,180.483414,1.000000,0.000000,0.000000,0.000000
30.000002,29.893307,180.226181,180.483414,1.000000,0.000000,0.000000,0.000000
30.000002,29.872816,180.226181,180.483414,1.000000,0.000000,0.000000,0.000000
30.000002,29.915327,180.226181,180.483414,1.000000,0.000000,0.000000,0.000000
30.000002,29.891586,180.226181,180.483414,1.000000,0.000000,0.000000,0.000000
30.000002,29.874701,180.226181,180.483414,1.000000,0.000000,0.000000,0.000000
30.000002,29.913988,180.226181,180.483414,1.000000,0.000000,0.000000,0.000000
30.000002,29.899399,180.226181,180.483414,1.000000,0.000000,0.000000,0.000000
30.000002,29.872189,180.226181,180.483414,1.000000,0.000000,0.000000,0.000000
30.000002,29.920628,180.226181,180.483414,1.000000,0.000000,0.000000,0.000000
30.000002,29.880411,180.226181,180.483414,1.000000,0.000000,0.000000,0.000000
30.000002,29.910847,180.226181,180.483414,1.000000,0.000000,0.000000,0.000000
30.000002,29.913771,180.226181,180.483414,1.000000,0.000000,0.000000,0.000000
30.000002,29.896832,180.226181,180.483414,1.000000,0.000000,0.000000,0.000000
30.000002,29.886312,180.226181,180.483414,1.000000,0.000000,0.000000,0.000000
30.000002,29.901693,180.226181,180.483414,1.000000,0.000000,0.000000,0.000000
30.000002,29.911940,180.226181,180.483414,1.000000,0.000000,0.000000,0.000000
30.000002,29.886831,180.226181,180.483414,1.000000,0.000000,0.000000,0.000000
30.000002,29.909235,180.226181,180.483414,1.000000,0.000000,0.000000,0.000000
30.000002,29.888144,180.226181,180.483414,1.000000,0.000000,0.000000,0.000000
30.000002,29.895273,180.226181,180.483414,1.000000,0.000000,0.000000,0.000000
30.000002,29.890575,180.226181,180.483414,1.000000,0.000000,0.000000,0.000000
30.000002,29.874483,180.226181,180.483414,1.000000,0.000000,0.000000,0.000000
30.000002,29.892378,180.226181,180.483414,1.000000,0.000000,0.000000,0.000000
30.000002,29.893826,180.226181,180.483414,1.000000,0.000000,0.000000,0.000000
30.000002,29.887350,180.226181,180.483414,1.000000,0.000000,0.000000,0.000000
30.000002,29.900928,180.226181,180.483414,1.000000,0.000000,0.000000,0.000000
30.000002,29.880602,180.226181,180.483414,1.000000,0.000000,0.000000,0.000000
30.000002,29.918442,180.226181,180.483414,1.000000,0.000000,0.000000,0.000000
30.000002,29.892159,180.226181,180.483414,1.000000,0.000000,0.000000,0.000000
30.000002,29.898006,180.226181,180.483414,1.000000,0.000000,0.000000,0.000000
30.000002,29.896067,180.226181,180.483414,1.000000,0.000000,0.000000,0.000000
30.000002,29.901257,180.226181,180.483414,1.000000,0.000000,0.000000,0.000000
30.000002,29.899645,180.226181,180.483414,1.000000,0.000000,0.000000,0.000000
30.000002,29.896585,180.226181,180.483414,1.000000,0.000000,0.000000,0.000000
30.000002,29.903471,180.226181,180.483414,1.000000,0.000000,0.000000,0.000000
30.000002,29.889236,180.226181,180.483414,1.000000,0.000000,0.000000,0.000000
30.000002,29.897022,180.226181,180.483414,1.000000,0.000000,0.000000,0.000000
30.000002,29.894344,180.226181,180.483414,1.000000,0.000000,0.000000,0.000000
30.000002,29.902786,180.226181,180.483414,1.000000,0.000000,0.000000,0.000000
30.000002,29.892405,180.226181,180.483414,1.000000,0.000000,0.000000,0.000000
30.000002,29.872652,180.226181,180.483414,1.000000,0.000000,0.000000,0.000000
30.000002,29.891640,180.226181,180.483414,1.000000,0.000000,0.000000,0.000000
30.000002,29.886913,180.226181,180.483414,1.000000,0.000000,0.000000,0.000000
30.000002,29.896559,180.226181,180.483414,1.000000,0.000000,0.000000,0.000000
30.000002,29.903990,180.226181,180.483414,1.000000,0.000000,0.000000,0.000000
30.000002,29.889345,180.226181,180.483414,1.000000,0.000000,0.000000,0.000000
30.000002,29.876804,180.226181,180.483414,1.000000,0.000000,0.000000,0.000000
30.000002,29.907076,180.226181,180.483414,1.000000,0.000000,0.000000,0.000000
30.000002,29.881805,180.226181,180.483414,1.000000,0.000000,0.000000,0.000000
30.000002,29.920244,180.226181,180.483414,1.000000,0.000000,0.000000,0.000000
30.000002,29.886913,180.226181,180.483414,1.000000,0.000000,0.000000,0.000000
30.000002,29.904236,180.226181,180.483414,1.000000,0.000000,0.000000,0.000000
30.000002,29.885328,180.226181,180.483414,1.000000,0.000000,0.000000,0.000000
30.000002,29.911011,180.226181,180.483414,1.000000,0.000000,0.000000,0.000000
30.000002,29.879702,180.226181,180.483414,1.000000,0.000000,0.000000,0.000000
30.000002,29.887024,180.226181,180.483414,1.000000,0.000000,0.000000,0.000000
30.000002,29.880083,180.226181,180.483414,1.000000,0.000000,0.000000,0.000000
30.000002,29.884619,180.226181,180.483414,1.000000,0.000000,0.000000,0.000000
30.000002,29.880466,180.226181,180.483414,1.000000,0.000000,0.000000,0.000000
30.000002,29.877762,180.226181,180.483414,1.000000,0.000000,0.000000,0.000000
30.000002,29.887104,180.226181,180.483414,1.000000,0.000000,0.000000,0.000000
30.000002,29.870794,180.226181,180.483414,1.000000,0.000000,0.000000,0.000000
30.000002,29.902542,180.226181,180.483414,1.000000,0.000000,0.000000,0.000000
30.000002,29.890575,180.226181,180.483414,1.000000,0.000000,0.000000,0.000000
30.000002,29.886696,180.226181,180.483414,1.000000,0.000000,0.000000,0.000000
30.000002,29.910847,180.226181,180.483414,1.000000,0.000000,0.000000,0.000000
30.000002,29.903633,180.226181,180.483414,1.000000,0.000000,0.000000,0.000000
30.000002,29.887651,180.226181,180.483414,1.000000,0.000000,0.000000,0.000000
30.000002,29.914808,180.226181,180.483414,1.000000,0.000000,0.000000,0.000000
30.000002,29.892979,180.226181,180.483414,1.000000,0.000000,0.000000,0.000000
30.000002,29.905191,180.226181,180.483414,1.000000,0.000000,0.000000,0.000000
30.000002,29.897896,180.226181,180.483414,1.000000,0.000000,0.000000,0.000000
30.000002,29.892788,180.226181,180.483414,1.000000,0.000000,0.000000,0.000000
30.000002,29.878172,180.226181,180.483414,1.000000,0.000000,0.000000,0.000000
30.000002,29.930681,180.226181,180.483414,1.000000,0.000000,0.000000,0.000000
30.000002,29.900410,180.226181,180.483414,1.000000,0.000000,0.000000,0.000000
30.000002,29.895164,180.226181,180.483414,1.000000,0.000000,0.000000,0.000000
30.000002,29.900219,180.226181,180.483414,1.000000,0.000000,0.000000,0.000000
30.000002,29.870712,180.226181,180.483414,1.000000,0.000000,0.000000,0.000000
30.000002,29.914589,180.226181,180.483414,1.000000,0.000000,0.000000,0.000000
30.000002,29.896149,180.226181,180.483414,1.000000,0.000000,0.000000,0.000000
30.000002,29.887789,180.226181,180.483414,1.000000,0.000000,0.000000,0.000000
30.000002,29.897078,180.226181,180.483414,1.000000,0.000000,0.000000,0.000000
30.000002,29.895874,180.226181,180.483414,1.000000,0.000000,0.000000,0.000000
30.000002,29.901285,180.226181,180.483414,1.000000,0.000000,0.000000,0.000000
30.000002,29.872789,180.226181,180.483414,1.000000,0.000000,0.000000,0.000000
30.000002,29.904755,180.226181,180.483414,1.000000,0.000000,0.000000,0.000000
30.000002,29.889482,180.226181,180.483414,1.000000,0.000000,0.000000,0.000000
30.000002,29.869484,180.226181,180.483414,1.000000,0.000000,0.000000,0.000000
30.000002,29.912186,180.226181,180.483414,1.000000,0.000000,0.000000,0.000000
30.000002,29.918087,180.226181,180.483414,1.000000,0.000000,0.000000,0.000000
30.000002,29.895411,180.226181,180.483414,1.000000,0.000000,0.000000,0.000000
30.000002,29.881041,180.226181,180.483414,1.000000,0.000000,0.000000,0.000000
30.000002,29.908415,180.226181,180.483414,1.000000,0.000000,0.000000,0.000000
30.000002,29.907923,180.226181,180.483414,1.000000,0.000000,0.000000,0.000000
30.000002,29.904371,180.226181,180.483414,1.000000,0.000000,0.000000,0.000000
30.000002,29.886395,180.226181,180.483414,1.000000,0.000000,0.000000,0.000000
30.000002,29.896723,180.226181,180.483414,1.000000,0.000000,0.000000,0.000000
30.000002,29.889673,180.226181,180.483414,1.000000,0.000000,0.000000,0.000000
30.000002,29.887897,180.226181,180.483414,1.000000,0.000000,0.000000,0.000000
30.000002,29.875357,180.226181,180.483414,1.000000,0.000000,0.000000,0.000000
30.000002,29.906803,180.226181,180.483414,1.000000,0.000000,0.000000,0.000000
30.000002,29.920162,180.226181,180.483414,1.000000,0.000000,0.000000,0.000000
30.000002,29.895847,180.226181,180.483414,1.000000,0.000000,0.000000,0.000000
30.000002,29.886095,180.226181,180.483414,1.000000,0.000000,0.000000,0.000000
30.000002,29.890028,180.226181,180.483414,1.000000,0.000000,0.000000,0.000000
30.000002,29.911312,180.226181,180.483414,1.000000,0.000000,0.000000,0.000000
30.000002,29.880356,180.226181,180.483414,1.000000,0.000000,0.000000,0.000000
30.000002,29.903006,180.226181,180.483414,1.000000,0.000000,0.000000,0.000000
30.000002,29.889126,180.226181,180.483414,1.000000,0.000000,0.000000,-3.000000
30.000002,29.879019,180.226181,180.483414,1.000000,0.000000,0.000000,0.000000
30.000002,29.874018,180.226181,180.483414,1.000000,0.000000,0.000000,0.000000
30.000002,29.898417,180.226181,180.483414,1.000000,0.000000,0.000000,0.000000
30.000002,29.914181,180.226181,180.483414,1.000000,0.000000,0.000000,0.000000
30.000002,29.894974,180.226181,180.483414,1.000000,0.000000,0.000000,0.000000
30.000002,29.887569,180.226181,180.483414,1.000000,0.000000,0.000000,0.000000
30.000002,29.906229,180.226181,180.483414,1.000000,0.000000,0.000000,0.000000
30.000002,29.879101,180.226181,180.483414,1.000000,0.000000,0.000000,0.000000
30.000002,29.909044,180.226181,180.483414,1.000000,0.000000,0.000000,0.000000
30.000002,29.891859,180.226181,180.483414,1.000000,0.000000,0.000000,0.000000
30.000002,29.902569,180.226181,180.483414,1.000000,0.000000,0.000000,0.000000
30.000002,29.932266,180.226181,180.483414,1.000000,0.000000,0.000000,0.000000
30.000002,29.913223,180.226181,180.483414,1.000000,0.000000,0.000000,0.000000
30.000002,29.928032,180.226181,180.483414,1.000000,0.000000,0.000000,0.000000
30.000002,29.960680,180.226181,180.483414,1.000000,0.000000,0.000000,0.000000
30.000002,29.935791,180.226181,180.483414,1.000000,0.000000,0.000000,0.000000
30.000002,29.949097,180.226181,180.483414,1.000000,0.000000,0.000000,0.000000
30.000002,29.954969,180.226181,180.483414,1.000000,0.000000,0.000000,0.000000
30.000002,29.936172,180.226181,180.483414,1.000000,0.000000,0.000000,0.000000
30.000002,29.943113,180.226181,180.483414,1.000000,0.000000,0.000000,0.000000
30.000002,29.940271,180.226181,180.483414,1.000000,0.000000,0.000000,0.000000
30.000002,29.942867,180.226181,180.483414,1.000000,0.000000,0.000000,0.000000
30.000002,29.929943,180.226181,180.483414,1.000000,0.000000,0.000000,0.000000
30.000002,29.949587,180.226181,180.483414,1.000000,0.000000,0.000000,0.000000
30.000002,29.928551,180.226181,180.483414,1.000000,0.000000,0.000000,0.000000
30.000002,29.957510,180.226181,180.483414,1.000000,0.000000,0.000000,0.000000
30.000002,29.932184,180.226181,180.483414,1.000000,0.000000,0.000000,0.000000
30.000002,29.945982,180.226181,180.483414,1.000000,0.000000,0.000000,0.000000
30.000002,29.932840,180.226181,180.483414,1.000000,0.000000,0.000000,0.000000
30.000002,29.947948,180.226181,180.483414,1.000000,0.000000,0.000000,0.000000
30.000002,29.940271,180.226181,180.483414,1.000000,0.000000,0.000000,0.000000
30.000002,29.936966,180.226181,180.483414,1.000000,0.000000,0.000000,0.000000
30.000002,29.950817,180.226181,180.483414,1.000000,0.000000,0.000000,0.000000
30.000002,29.951910,180.226181,180.483414,1.000000,0.000000,0.000000,0.000000
30.000002,29.953003,180.226181,180.483414,1.000000,0.000000,0.000000,0.000000
30.000002,29.962593,180.226181,180.483414,1.000000,0.000000,0.000000,0.000000
30.000002,29.966963,180.226181,180.483414,1.000000,0.000000,0.000000,0.000000
30.000002,29.936993,180.226181,180.483414,1.000000,0.000000,0.000000,0.000000
30.000002,29.924507,180.226181,180.483414,1.000000,0.000000,0.000000,0.000000
30.000002,29.930655,180.226181,180.483414,1.000000,0.000000,0.000000,0.000000
30.000002,29.931419,180.226181,180.483414,1.000000,0.000000,0.000000,0.000000
30.000002,29.923031,180.226181,180.483414,1.000000,0.000000,0.000000,0.000000
30.000002,29.936310,180.226181,180.483414,1.000000,0.000000,0.000000,0.000000
30.000002,29.909235,180.226181,180.483414,1.000000,0.000000,0.000000,0.000000
30.000002,29.947594,180.226181,180.483414,1.000000,0.000000,0.000000,0.000000
30.000002,29.936556,180.226181,180.483414,1.000000,0.000000,0.000000,0.000000
30.000002,29.931036,180.226181,180.483414,1.000000,0.000000,0.000000,0.000000
30.000002,29.937101,180.226181,180.483414,1.000000,0.000000,0.000000,0.000000
30.000002,29.935026,180.226181,180.483414,1.000000,0.000000,0.000000,0.000000
30.000002,29.956938,180.226181,180.483414,1.000000,0.000000,0.000000,0.000000
30.000002,29.918087,180.226181,180.483414,1.000000,0.000000,0.000000,0.000000
30.000002,29.961172,180.226181,180.483414,1.000000,0.000000,0.000000,0.000000
30.000002,29.941692,180.226181,180.483414,1.000000,0.000000,0.000000,0.000000
30.000002,29.955133,180.226181,180.483414,1.000000,0.000000,0.000000,0.000000
30.000002,29.933523,180.226181,180.483414,1.000000,0.000000,0.000000,0.000000
30.000002,29.951937,180.226181,180.483414,1.000000,0.000000,0.000000,0.000000
30.000002,29.945490,180.226181,180.483414,1.000000,0.000000,0.000000,0.000000
30.000002,29.932758,180.226181,180.483414,1.000000,0.000000,0.000000,0.000000
30.000002,29.909290,180.226181,180.483414,1.000000,0.000000,0.000000,0.000000
30.000002,29.951063,180.226181,180.483414,1.000000,0.000000,0.000000,0.000000
30.000002,29.937321,180.226181,180.483414,1.000000,0.000000,0.000000,0.000000
30.000002,29.924152,180.226181,180.483414,1.000000,0.000000,0.000000,0.000000
30.000002,29.941092,180.226181,180.483414,1.000000,0.000000,0.000000,0.000000
30.000002,29.941965,180.226181,180.483414,1.000000,0.000000,0.000000,0.000000
30.000002,29.967402,180.226181,180.483414,1.000000,0.000000,0.000000,0.000000
30.000002,29.942566,180.226181,180.483414,1.000000,0.000000,0.000000,0.000000
30.000002,29.942211,180.226181,180.483414,1.000000,0.000000,0.000000,0.000000
30.000002,29.923113,180.226181,180.483414,1.000000,0.000000,0.000000,-3.000000
30.000002,29.962154,180.226181,180.483414,1.000000,0.000000,0.000000,0.000000
30.000002,29.929480,180.226181,180.483414,1.000000,0.000000,0.000000,0.000000
30.000002,29.953220,180.226181,180.483414,1.000000,0.000000,0.000000,0.000000
30.000002,29.962593,180.226181,180.483414,1.000000,0.000000,0.000000,0.000000
30.000002,29.938276,180.226181,180.483414,1.000000,0.000000,0.000000,0.000000
30.000002,29.946501,180.226181,180.483414,1.000000,0.000000,0.000000,0.000000
30.000002,29.943823,180.226181,180.483414,1.000000,0.000000,0.000000,0.000000
30.000002,29.932486,180.226181,180.483414,1.000000,0.000000,0.000000,0.000000
30.000002,29.956745,180.226181,180.483414,1.000000,0.000000,0.000000,0.000000
30.000002,29.941500,180.226181,180.483414,1.000000,0.000000,0.000000,0.000000
30.000002,29.948851,180.226181,180.483414,1.000000,0.000000,0.000000,0.000000
30.000002,29.941364,180.226181,180.483414,1.000000,0.000000,0.000000,0.000000
30.000002,29.945461,180.226181,180.483414,1.000000,0.000000,0.000000,0.000000
30.000002,29.932621,180.226181,180.483414,1.000000,0.000000,0.000000,0.000000
30.000002,29.948494,180.226181,180.483414,1.000000,0.000000,0.000000,0.000000
30.000002,29.945326,180.226181,180.483414,1.000000,0.000000,0.000000,0.000000
30.000002,29.958494,180.226181,180.483414,1.000000,0.000000,0.000000,0.000000
30.000002,29.964533,180.226181,180.483414,1.000000,0.000000,0.000000,0.000000
30.000002,29.939861,180.226181,180.483414,1.000000,0.000000,0.000000,0.000000
30.000002,29.920326,180.226181,180.483414,1.000000,0.000000,0.000000,0.000000
30.000002,29.935545,180.226181,180.483414,1.000000,0.000000,0.000000,0.000000
30.000002,29.967428,180.226181,180.483414,1.000000,0.000000,0.000000,0.000000
30.000002,29.942102,180.226181,180.483414,1.000000,0.000000,0.000000,0.000000
30.000002,29.932102,180.226181,180.483414,1.000000,0.000000,0.000000,0.000000
30.000002,29.938932,180.226181,180.483414,1.000000,0.000000,0.000000,0.000000
30.000002,29.919207,180.226181,180.483414,1.000000,0.000000,0.000000,0.000000
30.000002,29.920000,180.226181,180.483414,1.000000,0.000000,0.000000,0.000000
30.000002,29.954969,180.226181,180.483414,1.000000,0.000000,0.000000,0.000000
30.000002,29.936747,180.226181,180.483414,1.000000,0.000000,0.000000,0.000000
30.000002,29.946718,180.226181,180.483414,1.000000,0.000000,0.000000,0.000000
30.000002,29.948057,180.226181,180.483414,1.000000,0.000000,0.000000,0.000000
30.000002,29.955544,180.226181,180.483414,1.000000,0.000000,0.000000,0.000000
30.000002,29.936773,180.226181,180.483414,1.000000,0.000000,0.000000,0.000000
30.000002,29.955790,180.226181,180.483414,1.000000,0.000000,0.000000,0.000000
30.000002,29.936337,180.226181,180.483414,1.000000,0.000000,0.000000,0.000000
30.000002,29.957211,180.226181,180.483414,1.000000,0.000000,0.000000,0.000000
30.000002,29.930025,180.226181,180.483414,1.000000,0.000000,0.000000,0.000000
30.000002,29.944288,180.226181,180.483414,1.000000,0.000000,0.000000,0.000000
30.000002,29.943550,180.226181,180.483414,1.000000,0.000000,0.000000,0.000000
30.000002,29.916967,180.226181,180.483414,1.000000,0.000000,0.000000,0.000000
30.000002,29.956718,180.226181,180.483414,1.000000,0.000000,0.000000,0.000000
30.000002,29.958357,180.226181,180.483414,1.000000,0.000000,0.000000,0.000000
30.000002,29.943031,180.226181,180.483414,1.000000,0.000000,0.000000,0.000000
30.000002,29.937593,180.226181,180.483414,1.000000,0.000000,0.000000,0.000000
30.000002,29.936665,180.226181,180.483414,1.000000,0.000000,0.000000,0.000000
30.000002,29.939014,180.226181,180.483414,1.000000,0.000000,0.000000,0.000000
30.000002,29.940134,180.226181,180.483414,1.000000,0.000000,0.000000,-3.000000
30.000002,29.956144,180.226181,180.483414,1.000000,0.000000,0.000000,0.000000
30.000002,29.920273,180.226181,180.483414,1.000000,0.000000,0.000000,0.000000
30.000002,29.928141,180.226181,180.483414,1.000000,0.000000,0.000000,0.000000
30.000002,29.936884,180.226181,180.483414,1.000000,0.000000,0.000000,0.000000
30.000002,29.928360,180.226181,180.483414,1.000000,0.000000,0.000000,0.000000
30.000002,29.954041,180.226181,180.483414,1.000000,0.000000,0.000000,0.000000
30.000002,29.945135,180.226181,180.483414,1.000000,0.000000,0.000000,0.000000
30.000002,29.920546,180.226181,180.483414,1.000000,0.000000,0.000000,0.000000
30.000002,29.938004,180.226181,180.483414,1.000000,0.000000,0.000000,0.000000
30.000002,29.960024,180.226181,180.483414,1.000000,0.000000,0.000000,0.000000
30.000002,29.948467,180.226181,180.483414,1.000000,0.000000,0.000000,0.000000
30.000002,29.962511,180.226181,180.483414,1.000000,0.000000,0.000000,0.000000
30.000002,29.968576,180.226181,180.483414,1.000000,0.000000,0.000000,0.000000
30.000002,29.942539,180.226181,180.483414,1.000000,0.000000,0.000000,0.000000
30.000002,29.922049,180.226181,180.483414,1.000000,0.000000,0.000000,0.000000
30.000002,29.951309,180.226181,180.483414,1.000000,0.000000,0.000000,0.000000
30.000002,29.916967,180.226181,180.483414,1.000000,0.000000,0.000000,0.000000
30.000002,29.959423,180.226181,180.483414,1.000000,0.000000,0.000000,0.000000
30.000002,29.954342,180.226181,180.483414,1.000000,0.000000,0.000000,-3.000000
30.000002,29.934534,180.226181,180.483414,1.000000,0.000000,0.000000,0.000000
30.000002,29.946199,180.226181,180.483414,1.000000,0.000000,0.000000,0.000000
30.000002,29.927895,180.226181,180.483414,1.000000,0.000000,0.000000,0.000000
30.000002,29.950817,180.226181,180.483414,1.000000,0.000000,0.000000,0.000000
30.000002,29.973986,180.226181,180.483414,1.000000,0.000000,0.000000,0.000000
30.000002,29.958193,180.226181,180.483414,1.000000,0.000000,0.000000,0.000000
30.000002,29.944916,180.226181,180.483414,1.000000,0.000000,0.000000,0.000000
30.000002,29.923660,180.226181,180.483414,1.000000,0.000000,0.000000,0.000000
30.000002,29.955681,180.226181,180.483414,1.000000,0.000000,0.000000,0.000000
30.000002,29.926966,180.226181,180.483414,1.000000,0.000000,0.000000,0.000000
30.000002,29.943413,180.226181,180.483414,1.000000,0.000000,0.000000,0.000000
30.000002,29.932375,180.226181,180.483414,1.000000,0.000000,0.000000,0.000000
30.000002,29.911720,180.226181,180.483414,1.000000,0.000000,0.000000,0.000000
30.000002,29.885876,180.226181,180.483414,1.000000,0.000000,0.000000,0.000000
30.000002,29.934807,180.226181,180.483414,1.000000,0.000000,0.000000,0.000000
30.000002,29.920109,180.226181,180.483414,1.000000,0.000000,0.000000,0.000000
30.000002,29.936146,180.226181,180.483414,1.000000,0.000000,0.000000,0.000000
30.000002,29.934370,180.226181,180.483414,1.000000,0.000000,0.000000,0.000000
30.000002,29.938414,180.226181,180.483414,1.000000,0.000000,0.000000,0.000000
30.000002,29.935272,180.226181,180.483414,1.000000,0.000000,0.000000,0.000000
30.000002,29.944614,180.226181,180.483414,1.000000,0.000000,0.000000,0.000000
30.000002,29.961582,180.226181,180.483414,1.000000,0.000000,0.000000,0.000000
30.000002,29.937948,180.226181,180.483414,1.000000,0.000000,0.000000,0.000000
30.000002,29.929506,180.226181,180.483414,1.000000,0.000000,0.000000,0.000000
30.000002,29.911066,180.226181,180.483414,1.000000,0.000000,0.000000,0.000000
30.000002,29.885111,180.226181,180.483414,1.000000,0.000000,0.000000,0.000000
30.000002,29.852407,180.226181,180.483414,1.000000,0.000000,0.000000,0.000000
30.000002,29.857899,180.226181,180.483414,1.000000,0.000000,0.000000,0.000000
30.000002,29.867161,180.226181,180.483414,1.000000,0.000000,0.000000,0.000000
30.000002,29.841152,180.226181,180.483414,1.000000,0.000000,0.000000,0.000000
30.000002,29.844402,180.226181,180.483414,1.000000,0.000000,0.000000,0.000000
30.000002,29.820061,180.226181,180.483414,1.000000,0.000000,0.000000,0.000000
30.000002,29.908770,180.226181,180.483414,1.000000,0.000000,0.000000,0.000000
30.000002,29.960871,180.226181,180.483414,1.000000,0.000000,0.000000,0.000000
30.000002,30.003082,180.226181,180.483414,1.000000,0.000000,0.000000,0.000000
30.000002,30.014721,180.226181,180.483414,1.000000,0.000000,0.000000,0.000000
30.000002,30.017015,180.226181,180.483414,1.000000,0.000000,0.000000,0.000000
30.000002,30.010485,180.226181,180.483414,1.000000,0.000000,0.000000,0.000000
30.000002,30.000732,180.226181,180.483414,1.000000,0.000000,0.000000,0.000000
30.000002,29.980515,180.226181,180.483414,1.000000,0.000000,0.000000,0.000000
30.000002,29.974997,180.226181,180.483414,1.000000,0.000000,0.000000,0.000000
30.000002,29.956938,180.226181,180.483414,1.000000,0.000000,0.000000,0.000000
30.000002,29.898581,180.226181,180.483414,1.000000,0.000000,0.000000,0.000000
30.000002,29.819050,180.226181,180.483414,1.000000,0.000000,0.000000,0.000000
30.000002,29.818939,180.226181,180.483414,1.000000,0.000000,0.000000,0.000000
30.000002,29.908606,180.226181,180.483414,1.000000,0.000000,0.000000,0.000000
30.000002,29.928961,180.226181,180.483414,1.000000,0.000000,0.000000,0.000000
30.000002,29.960079,180.226181,180.483414,1.000000,0.000000,0.000000,0.000000
30.000002,29.951063,180.226181,180.483414,1.000000,0.000000,0.000000,0.000000
30.000002,29.933905,180.226181,180.483414,1.000000,0.000000,0.000000,0.000000
30.000002,29.927595,180.226181,180.483414,1.000000,0.000000,0.000000,0.000000
30.000002,29.910709,180.226181,180.483414,1.000000,0.000000,0.000000,0.000000
30.000002,29.890629,180.226181,180.483414,1.000000,0.000000,0.000000,0.000000
30.000002,29.886723,180.226181,180.483414,1.000000,0.000000,0.000000,0.000000
30.000002,29.887487,180.226181,180.483414,1.000000,0.000000,0.000000,0.000000
30.000002,29.834457,180.226181,180.483414,1.000000,0.000000,0.000000,0.000000
30.000002,29.827246,180.226181,180.483414,1.000000,0.000000,0.000000,0.000000
30.000002,29.922213,180.226181,180.483414,1.000000,0.000000,0.000000,0.000000
30.000002,29.940409,180.226181,180.483414,1.000000,0.000000,0.000000,0.000000
30.000002,29.948576,180.226181,180.483414,1.000000,0.000000,0.000000,0.000000
30.000002,29.943686,180.226181,180.483414,1.000000,0.000000,0.000000,0.000000
30.000002,29.934534,180.226181,180.483414,1.000000,0.000000,0.000000,0.000000
30.000002,29.930628,180.226181,180.483414,1.000000,0.000000,0.000000,0.000000
30.000002,29.917677,180.226181,180.483414,1.000000,0.000000,0.000000,0.000000
30.000002,29.893553,180.226181,180.483414,1.000000,0.000000,0.000000,0.000000
30.000002,29.887297,180.226181,180.483414,1.000000,0.000000,0.000000,0.000000
30.000002,29.879482,180.226181,180.483414,1.000000,0.000000,0.000000,0.000000
30.000002,29.838802,180.226181,180.483414,1.000000,0.000000,0.000000,-3.000000
30.000002,29.812164,180.226181,180.483414,1.000000,0.000000,0.000000,0.000000
30.000002,29.885902,180.226181,180.483414,1.000000,0.000000,0.000000,0.000000
30.000002,29.936855,180.226181,180.483414,1.000000,0.000000,0.000000,0.000000
30.000002,29.953302,180.226181,180.483414,1.000000,0.000000,0.000000,0.000000
30.000002,29.959013,180.226181,180.483414,1.000000,0.000000,0.000000,0.000000
30.000002,29.939507,180.226181,180.483414,1.000000,0.000000,0.000000,0.000000
30.000002,29.931610,180.226181,180.483414,1.000000,0.000000,0.000000,0.000000
30.000002,29.927921,180.226181,180.483414,1.000000,0.000000,0.000000,-3.000000
30.000002,29.920300,180.226181,180.483414,1.000000,0.000000,0.000000,0.000000
30.000002,29.922022,180.226181,180.483414,1.000000,0.000000,0.000000,0.000000
30.000002,29.906721,180.226181,180.483414,1.000000,0.000000,0.000000,0.000000
30.000002,29.858801,180.226181,180.483414,1.000000,0.000000,0.000000,0.000000
30.000002,29.841862,180.226181,180.483414,1.000000,0.000000,0.000000,0.000000
30.000002,29.806509,180.226181,180.483414,1.000000,0.000000,0.000000,0.000000
30.000002,29.879482,180.226181,180.483414,1.000000,0.000000,0.000000,0.000000
30.000002,29.942184,180.226181,180.483414,1.000000,0.000000,0.000000,0.000000
30.000002,29.981853,180.226181,180.483414,1.000000,0.000000,0.000000,0.000000
30.000002,29.991690,180.226181,180.483414,1.000000,0.000000,0.000000,0.000000
30.000002,29.977182,180.226181,180.483414,1.000000,0.000000,0.000000,0.000000
30.000002,29.974340,180.226181,180.483414,1.000000,0.000000,0.000000,0.000000
30.000002,29.973793,180.226181,180.483414,1.000000,0.000000,0.000000,0.000000
30.000002,29.968084,180.226181,180.483414,1.000000,0.000000,0.000000,0.000000
30.000002,29.971006,180.226181,180.483414,1.000000,0.000000,0.000000,0.000000
30.000002,29.973110,180.226181,180.483414,1.000000,0.000000,0.000000,0.000000
30.000002,29.917240,180.226181,180.483414,1.000000,0.000000,0.000000,0.000000
30.000002,29.832382,180.226181,180.483414,1.000000,0.000000,0.000000,0.000000
30.000002,29.781565,180.226181,180.483414,1.000000,0.000000,0.000000,0.000000
30.000002,29.831316,180.226181,180.483414,1.000000,0.000000,0.000000,0.000000
30.000002,29.956171,180.226181,180.483414,1.000000,0.000000,0.000000,0.000000
30.000002,30.029911,180.226181,180.483414,1.000000,0.000000,0.000000,0.000000
30.000002,30.085154,180.226181,180.483414,1.000000,0.000000,0.000000,0.000000
30.000002,30.098021,180.226181,180.483414,1.000000,0.000000,0.000000,0.000000
30.000002,30.070536,180.226181,180.483414,1.000000,0.000000,0.000000,0.000000
30.000002,30.069826,180.226181,180.483414,1.000000,0.000000,0.000000,0.000000
30.000002,30.066494,180.226181,180.483414,1.000000,0.000000,0.000000,0.000000
30.000002,30.077641,180.226181,180.483414,1.000000,0.000000,0.000000,0.000000
30.000002,30.098459,180.226181,180.483414,1.000000,0.000000,0.000000,0.000000
30.000002,30.087120,180.226181,180.483414,1.000000,0.000000,0.000000,0.000000
30.000002,29.998055,180.226181,180.483414,1.000000,0.000000,0.000000,0.000000
30.000002,29.880438,180.226181,180.483414,1.000000,0.000000,0.000000,0.000000
30.000002,29.783531,180.226181,180.483414,1.000000,0.000000,0.000000,0.000000
30.000002,29.755665,180.226181,180.483414,1.000000,0.000000,0.000000,0.000000
30.000002,29.851097,180.226181,180.483414,1.000000,0.000000,0.000000,0.000000
30.000002,30.019747,180.226181,180.483414,1.000000,0.000000,0.000000,0.000000
30.000002,30.126844,180.226181,180.483414,1.000000,0.000000,0.000000,0.000000
30.000002,30.194136,180.226181,180.483414,1.000000,0.000000,0.000000,0.000000
30.000002,30.121572,180.226181,180.525299,1.000000,0.000000,0.000000,0.000000
30.000002,29.934124,180.226181,180.485443,1.000000,0.000000,0.000000,0.000000
30.000002,29.826206,180.226181,180.483414,1.000000,0.000000,0.000000,0.000000
30.000002,29.887350,180.226181,180.483414,1.000000,0.000000,0.000000,0.000000
30.000002,29.918879,180.226181,180.483414,1.000000,0.000000,0.000000,0.000000
30.000002,29.954916,180.226181,180.483414,1.000000,0.000000,0.000000,0.000000
30.000002,29.948933,180.226181,180.483414,1.000000,0.000000,0.000000,0.000000
30.000002,29.861532,180.226181,180.483414,1.000000,0.000000,0.000000,0.000000
30.000002,29.772877,180.226181,180.483414,1.000000,0.000000,0.000000,0.000000
30.000002,29.709438,180.226181,180.483414,1.000000,0.000000,0.000000,0.000000
30.000002,29.793777,180.226181,180.483414,1.000000,0.000000,0.000000,0.000000
30.000002,29.996552,180.226181,180.483414,1.000000,0.000000,0.000000,0.000000
30.000002,30.202932,180.226181,180.483414,1.000000,0.000000,0.000000,0.000000
30.000002,30.304565,180.226181,180.526611,1.000000,0.000000,0.000000,0.000000
30.000002,30.249870,180.226181,180.527344,1.000000,0.000000,0.000000,0.000000
30.000002,30.047861,180.226181,180.483673,1.000000,0.000000,0.000000,0.000000
30.000002,29.841343,180.226181,180.483414,1.000000,0.000000,0.000000,0.000000
30.000002,29.771839,180.226181,180.483414,1.000000,0.000000,0.000000,-3.000000
30.000002,29.820442,180.226181,180.483414,1.000000,0.000000,0.000000,0.000000
30.000002,29.971964,180.226181,180.483414,1.000000,0.000000,0.000000,0.000000
30.000002,30.067450,180.226181,180.483414,1.000000,0.000000,0.000000,0.000000
30.000002,30.081055,180.226181,180.483414,1.000000,0.000000,0.000000,0.000000
30.000002,29.967402,180.226181,180.483414,1.000000,0.000000,0.000000,0.000000
30.000002,29.817137,180.226181,180.483414,1.000000,0.000000,0.000000,0.000000
30.000002,29.632120,180.226181,180.483414,1.000000,0.000000,0.000000,0.000000
30.000002,29.697144,180.226181,180.483414,1.000000,0.000000,0.000000,0.000000
30.000002,29.971745,180.226181,180.483414,1.000000,0.000000,0.000000,0.000000
30.000002,30.285988,180.226181,180.483414,1.000000,0.000000,0.000000,0.000000
30.000002,30.457098,180.226181,180.525299,1.000000,0.000000,0.000000,0.000000
30.000002,30.437809,180.226181,180.483841,1.000000,0.000000,0.000000,0.000000
30.000002,30.244160,180.226181,180.483414,1.000000,0.000000,0.000000,0.000000
30.000002,29.910273,180.226181,180.483414,1.000000,0.000000,0.000000,-3.000000
30.000002,29.641737,180.226181,180.483414,1.000000,0.000000,0.000000,-5.000000
30.000002,29.567316,180.226181,180.483414,1.000000,0.000000,0.000000,2.000000
30.000002,29.686653,180.226181,180.483414,1.000000,0.000000,0.000000,0.000000
30.000002,29.938906,180.226181,180.483414,1.000000,0.000000,0.000000,0.000000
30.000002,30.128374,180.226181,180.483414,1.000000,0.000000,0.000000,0.000000
30.000002,30.168373,180.226181,180.483414,1.000000,0.000000,0.000000,0.000000
30.000002,29.984285,180.226181,180.483414,1.000000,0.000000,0.000000,0.000000
30.000002,29.806782,180.226181,180.483414,1.000000,0.000000,0.000000,0.000000
30.000002,29.635700,180.226181,180.483414,1.000000,0.000000,0.000000,0.000000
30.000002,29.739628,180.226181,180.483414,1.000000,0.000000,0.000000,0.000000
30.000002,30.064144,180.226181,180.483414,1.000000,0.000000,0.000000,0.000000
30.000002,30.385326,180.226181,180.483414,1.000000,0.000000,0.000000,0.000000
30.000002,30.535099,180.226181,180.509750,1.000000,0.000000,0.000000,0.000000
30.000002,30.501575,180.226181,180.493454,1.000000,0.000000,0.000000,0.000000
30.000002,30.285688,180.226181,180.483459,1.000000,0.000000,0.000000,0.000000
30.000002,29.871424,180.226181,180.483414,1.000000,0.000000,0.000000,0.000000
30.000002,29.518084,180.226181,180.483414,1.000000,0.000000,0.000000,0.000000
30.000002,29.410822,180.226181,180.483414,1.000000,0.000000,0.000000,0.000000
30.000002,29.486473,180.226181,180.482910,1.000000,0.000000,0.000000,0.000000
30.000002,29.714138,180.226181,180.448959,1.000000,0.000000,0.000000,-3.000000
30.000002,29.973221,180.226181,180.477768,1.000000,0.000000,0.000000,0.000000
30.000002,30.049608,180.226181,180.483383,1.000000,0.000000,0.000000,0.000000
30.000002,30.010950,180.226181,180.483398,1.000000,0.000000,0.000000,0.000000
30.000002,29.972263,180.226181,180.483398,1.000000,0.000000,0.000000,0.000000
30.000002,29.907022,180.226181,180.483398,1.000000,0.000000,0.000000,0.000000
30.000002,29.884892,180.226181,180.493530,1.000000,0.000000,0.000000,0.000000
30.000002,29.969013,180.226181,180.483475,1.000000,0.000000,0.000000,0.000000
30.000002,30.185011,180.226181,180.483414,1.000000,0.000000,0.000000,0.000000
30.000002,30.312626,180.226181,180.483414,1.000000,0.000000,0.000000,0.000000
30.000002,30.246428,180.226181,180.483414,1.000000,0.000000,0.000000,0.000000
30.000002,29.987263,180.226181,180.483414,1.000000,0.000000,0.000000,0.000000
30.000002,29.670807,180.226181,180.483414,1.000000,0.000000,0.000000,0.000000
30.000002,29.436176,180.226181,180.483414,1.000000,0.000000,0.000000,0.000000
30.000002,29.358803,180.226181,180.483414,1.000000,0.000000,0.000000,0.000000
30.000002,29.428854,180.226181,180.483414,1.000000,0.000000,0.000000,0.000000
30.000002,29.632940,180.226181,180.483414,1.000000,0.000000,0.000000,0.000000
30.000002,29.916557,180.226181,180.483414,1.000000,0.000000,0.000000,0.000000
30.000002,30.140614,180.226181,180.483414,1.000000,0.000000,0.000000,0.000000
30.000002,30.235909,180.226181,180.511536,1.000000,0.000000,0.000000,0.000000
30.000002,30.153017,180.226181,180.527252,1.000000,0.000000,0.000000,0.000000
30.000002,29.986034,180.226181,180.510483,1.000000,0.000000,0.000000,0.000000
30.000002,29.961800,180.226181,180.485184,1.000000,0.000000,0.000000,0.000000
30.000002,30.040838,180.226181,180.483414,1.000000,0.000000,0.000000,0.000000
30.000002,30.108431,180.226181,180.483414,1.000000,0.000000,0.000000,0.000000
30.000002,30.137882,180.226181,180.483414,1.000000,0.000000,0.000000,0.000000
30.000002,30.120888,180.226181,180.483414,1.000000,0.000000,0.000000,0.000000
30.000002,30.038107,180.226181,180.483414,1.000000,0.000000,0.000000,0.000000
30.000002,29.862516,180.226181,180.483414,1.000000,0.000000,0.000000,0.000000
30.000002,29.627748,180.226181,180.483414,1.000000,0.000000,0.000000,0.000000
30.000002,29.517263,180.226181,180.483414,1.000000,0.000000,0.000000,0.000000
30.000002,29.603952,180.226181,180.483414,1.000000,0.000000,0.000000,0.000000
30.000002,29.857435,180.226181,180.483414,1.000000,0.000000,0.000000,0.000000
30.000002,30.143209,180.226181,180.483414,1.000000,0.000000,0.000000,0.000000
30.000002,30.307844,180.226181,180.500992,1.000000,0.000000,0.000000,0.000000
30.000002,30.297489,180.226181,180.523560,1.000000,0.000000,0.000000,0.000000
30.000002,30.135424,180.226181,180.527328,1.000000,0.000000,0.000000,0.000000
30.000002,29.896395,180.226181,180.484665,1.000000,0.000000,0.000000,0.000000
30.000002,29.789106,180.226181,180.483414,1.000000,0.000000,0.000000,0.000000
30.000002,29.860987,180.226181,180.483414,1.000000,0.000000,0.000000,0.000000
30.000002,30.014692,180.226181,180.483414,1.000000,0.000000,0.000000,0.000000
30.000002,30.116518,180.226181,180.483414,1.000000,0.000000,0.000000,0.000000
30.000002,30.176704,180.226181,180.483414,1.000000,0.000000,0.000000,0.000000
30.000002,30.039692,180.226181,180.483414,1.000000,0.000000,0.000000,0.000000
30.000002,29.771784,180.226181,180.483414,1.000000,0.000000,0.000000,0.000000
30.000002,29.493769,180.226181,180.483414,1.000000,0.000000,0.000000,0.000000
30.000002,29.433390,180.226181,180.483414,1.000000,0.000000,0.000000,0.000000
30.000002,29.571987,180.226181,180.483414,1.000000,0.000000,0.000000,0.000000
30.000002,29.888771,180.226181,180.483414,1.000000,0.000000,0.000000,0.000000
30.000002,30.247110,180.226181,180.483414,1.000000,0.000000,0.000000,0.000000
30.000002,30.441525,180.226181,180.526123,1.000000,0.000000,0.000000,0.000000
30.000002,30.419832,180.226181,180.527344,1.000000,0.000000,0.000000,0.000000
30.000002,30.196075,180.226181,180.527344,1.000000,0.000000,0.000000,0.000000
30.000002,29.869619,180.226181,180.503448,1.000000,0.000000,0.000000,0.000000
30.000002,29.680723,180.226181,180.483536,1.000000,0.000000,0.000000,0.000000
30.000002,29.761457,180.226181,180.483414,1.000000,0.000000,0.000000,0.000000
30.000002,29.978275,180.226181,180.483414,1.000000,0.000000,0.000000,0.000000
30.000002,30.144440,180.226181,180.483414,1.000000,0.000000,0.000000,0.000000
30.000002,30.250963,180.226181,180.483414,1.000000,0.000000,0.000000,0.000000
30.000002,30.104223,180.226181,180.483414,1.000000,0.000000,0.000000,0.000000
30.000002,29.730175,180.226181,180.483414,1.000000,0.000000,0.000000,0.000000
30.000002,29.364979,180.226181,180.441513,1.000000,0.000000,0.000000,0.000000
30.000002,29.218512,180.226181,180.480011,1.000000,0.000000,0.000000,0.000000
30.000002,29.347410,180.226181,180.442856,1.000000,0.000000,0.000000,0.000000
30.000002,29.669714,180.226181,180.482986,1.000000,0.000000,0.000000,0.000000
30.000002,30.100481,180.226181,180.469070,1.000000,0.000000,0.000000,0.000000
30.000002,30.365765,180.226181,180.511444,1.000000,0.000000,0.000000,0.000000
30.000002,30.435623,180.226181,180.527252,1.000000,0.000000,0.000000,0.000000
30.000002,30.290770,180.226181,180.527344,1.000000,0.000000,0.000000,0.000000
30.000002,29.973547,180.226181,180.527344,1.000000,0.000000,0.000000,0.000000
30.000002,29.705914,180.226181,180.499222,1.000000,0.000000,0.000000,0.000000
30.000002,29.716105,180.226181,180.483505,1.000000,0.000000,0.000000,0.000000
30.000002,29.929480,180.226181,180.483414,1.000000,0.000000,0.000000,0.000000
30.000002,30.106272,180.226181,180.483414,1.000000,0.000000,0.000000,0.000000
30.000002,30.270853,180.226181,180.483414,1.000000,0.000000,0.000000,0.000000
30.000002,30.216457,180.226181,180.483414,1.000000,0.000000,0.000000,0.000000
30.000002,29.881258,180.226181,180.483414,1.000000,0.000000,0.000000,0.000000
30.000002,29.459671,180.226181,180.442871,1.000000,0.000000,0.000000,-3.000000
30.000002,29.185371,180.226181,180.439468,1.000000,0.000000,0.000000,0.000000
30.000002,29.186764,180.226181,180.440765,1.000000,0.000000,0.000000,0.000000
30.000002,29.428307,180.226181,180.457047,1.000000,0.000000,0.000000,0.000000
30.000002,29.811646,180.226181,180.441055,1.000000,0.000000,0.000000,0.000000
30.000002,30.184574,180.226181,180.479095,1.000000,0.000000,0.000000,0.000000
30.000002,30.386938,180.226181,180.517838,1.000000,0.000000,0.000000,0.000000
30.000002,30.368387,180.226181,180.527298,1.000000,0.000000,0.000000,0.000000
30.000002,30.141052,180.226181,180.527344,1.000000,0.000000,0.000000,0.000000
30.000002,29.849894,180.226181,180.527344,1.000000,0.000000,0.000000,0.000000
30.000002,29.738752,180.226181,180.486816,1.000000,0.000000,0.000000,0.000000
30.000002,29.894590,180.226181,180.483414,1.000000,0.000000,0.000000,0.000000
30.000002,30.080235,180.226181,180.483414,1.000000,0.000000,0.000000,0.000000
30.000002,30.211784,180.226181,180.483414,1.000000,0.000000,0.000000,0.000000
30.000002,30.256481,180.226181,180.483414,1.000000,0.000000,0.000000,0.000000
30.000002,30.047123,180.226181,180.483414,1.000000,0.000000,0.000000,0.000000
30.000002,29.639824,180.226181,180.472855,1.000000,0.000000,0.000000,0.000000
30.000002,29.239876,180.226181,180.439850,1.000000,0.000000,0.000000,0.000000
30.000002,29.087973,180.226181,180.439468,1.000000,0.000000,0.000000,0.000000
30.000002,29.186356,180.226181,180.439468,1.000000,0.000000,0.000000,0.000000
30.000002,29.492239,180.226181,180.439468,1.000000,0.000000,0.000000,0.000000
30.000002,29.874565,180.226181,180.439636,1.000000,0.000000,0.000000,0.000000
30.000002,30.203096,180.226181,180.479996,1.000000,0.000000,0.000000,0.000000
30.000002,30.336449,180.226181,180.523926,1.000000,0.000000,0.000000,0.000000
30.000002,30.262054,180.226181,180.527344,1.000000,0.000000,0.000000,0.000000
30.000002,30.024256,180.226181,180.527344,1.000000,0.000000,0.000000,0.000000
30.000002,29.874483,180.226181,180.527344,1.000000,0.000000,0.000000,0.000000
30.000002,29.843939,180.226181,180.485458,1.000000,0.000000,0.000000,0.000000
30.000002,29.900410,180.226181,180.483414,1.000000,0.000000,0.000000,-3.000000
30.000002,29.923906,180.226181,180.483414,1.000000,0.000000,0.000000,0.000000
30.000002,29.921940,180.226181,180.483414,1.000000,0.000000,0.000000,0.000000
30.000002,29.879210,180.226181,180.483414,1.000000,0.000000,0.000000,0.000000
30.000002,29.745010,180.226181,180.483414,1.000000,0.000000,0.000000,-3.000000
30.000002,29.551605,180.226181,180.440201,1.000000,0.000000,0.000000,0.000000
30.000002,29.443552,180.226181,180.445786,1.000000,0.000000,0.000000,0.000000
30.000002,29.496664,180.226181,180.480911,1.000000,0.000000,0.000000,0.000000
30.000002,29.734245,180.226181,180.483398,1.000000,0.000000,0.000000,0.000000
30.000002,30.102175,180.226181,180.482925,1.000000,0.000000,0.000000,0.000000
30.000002,30.358307,180.226181,180.511520,1.000000,0.000000,0.000000,0.000000
30.000002,30.460676,180.226181,180.527252,1.000000,0.000000,0.000000,0.000000
30.000002,30.392567,180.226181,180.527344,1.000000,0.000000,0.000000,0.000000
30.000002,30.265087,180.226181,180.527344,1.000000,0.000000,0.000000,0.000000
30.000002,30.049500,180.226181,180.490616,1.000000,0.000000,0.000000,0.000000
30.000002,29.881340,180.226181,180.483444,1.000000,0.000000,0.000000,0.000000
30.000002,29.788313,180.226181,180.483414,1.000000,0.000000,0.000000,0.000000
30.000002,29.785116,180.226181,180.439896,1.000000,0.000000,0.000000,0.000000
30.000002,29.909071,180.226181,180.439468,1.000000,0.000000,0.000000,0.000000
30.000002,29.938768,180.226181,180.439468,1.000000,0.000000,0.000000,0.000000
30.000002,29.842764,180.226181,180.439468,1.000000,0.000000,0.000000,0.000000
30.000002,29.627420,180.226181,180.439468,1.000000,0.000000,0.000000,0.000000
30.000002,29.547754,180.226181,180.439468,1.000000,0.000000,0.000000,0.000000
30.000002,29.645235,180.226181,180.458405,1.000000,0.000000,0.000000,0.000000
30.000002,29.920847,180.226181,180.439575,1.000000,0.000000,0.000000,-3.000000
30.000002,30.256428,180.226181,180.479996,1.000000,0.000000,0.000000,0.000000
30.000002,30.519335,180.226181,180.526596,1.000000,0.000000,0.000000,0.000000
30.000002,30.614492,180.226181,180.527344,1.000000,0.000000,0.000000,0.000000
30.000002,30.566135,180.226181,180.527344,1.000000,0.000000,0.000000,0.000000
30.000002,30.363087,180.226181,180.499222,1.000000,0.000000,0.000000,0.000000
30.000002,30.044746,180.226181,180.483505,1.000000,0.000000,0.000000,0.000000
30.000002,29.761347,180.226181,180.483414,1.000000,0.000000,0.000000,0.000000
30.000002,29.650999,180.226181,180.442871,1.000000,0.000000,0.000000,0.000000
30.000002,29.648731,180.226181,180.439468,1.000000,0.000000,0.000000,0.000000
30.000002,29.723755,180.226181,180.439468,1.000000,0.000000,0.000000,0.000000
30.000002,29.789843,180.226181,180.439468,1.000000,0.000000,0.000000,0.000000
30.000002,29.848528,180.226181,180.439468,1.000000,0.000000,0.000000,0.000000
30.000002,29.937649,180.226181,180.439468,1.000000,0.000000,0.000000,0.000000
30.000002,29.966555,180.226181,180.439468,1.000000,0.000000,0.000000,0.000000
30.000002,29.936911,180.226181,180.482971,1.000000,0.000000,0.000000,0.000000
30.000002,29.939806,180.226181,180.483398,1.000000,0.000000,0.000000,0.000000
30.000002,30.088951,180.226181,180.484772,1.000000,0.000000,0.000000,0.000000
30.000002,30.334400,180.226181,180.500992,1.000000,0.000000,0.000000,0.000000
30.000002,30.401855,180.226181,180.483688,1.000000,0.000000,0.000000,0.000000
30.000002,30.291561,180.226181,180.483414,1.000000,0.000000,0.000000,-3.000000
30.000002,30.041632,180.226181,180.483414,1.000000,0.000000,0.000000,0.000000
30.000002,29.743124,180.226181,180.483414,1.000000,0.000000,0.000000,0.000000
30.000002,29.522209,180.226181,180.483414,1.000000,0.000000,0.000000,0.000000
30.000002,29.439728,180.226181,180.461075,1.000000,0.000000,0.000000,0.000000
30.000002,29.472376,180.226181,180.471909,1.000000,0.000000,0.000000,0.000000
30.000002,29.628841,180.226181,180.452469,1.000000,0.000000,0.000000,0.000000
30.000002,29.831835,180.226181,180.483215,1.000000,0.000000,0.000000,0.000000
30.000002,30.047340,180.226181,180.483398,1.000000,0.000000,0.000000,0.000000
30.000002,30.120588,180.226181,180.483398,1.000000,0.000000,0.000000,0.000000
30.000002,30.185802,180.226181,180.483398,1.000000,0.000000,0.000000,0.000000
30.000002,30.179684,180.226181,180.526123,1.000000,0.000000,0.000000,0.000000
30.000002,30.107830,180.226181,180.527344,1.000000,0.000000,0.000000,0.000000
30.000002,30.192305,180.226181,180.483673,1.000000,0.000000,0.000000,0.000000
30.000002,30.290632,180.226181,180.483414,1.000000,0.000000,0.000000,0.000000
30.000002,30.204626,180.226181,180.483414,1.000000,0.000000,0.000000,0.000000
30.000002,29.971088,180.226181,180.483414,1.000000,0.000000,0.000000,0.000000
30.000002,29.740692,180.226181,180.483414,1.000000,0.000000,0.000000,0.000000
30.000002,29.533438,180.226181,180.479614,1.000000,0.000000,0.000000,0.000000
30.000002,29.436476,180.226181,180.464890,1.000000,0.000000,0.000000,0.000000
30.000002,29.433498,180.226181,180.471802,1.000000,0.000000,0.000000,0.000000
30.000002,29.512947,180.226181,180.483337,1.000000,0.000000,0.000000,0.000000
30.000002,29.684603,180.226181,180.483398,1.000000,0.000000,0.000000,0.000000
30.000002,29.942511,180.226181,180.483398,1.000000,0.000000,0.000000,0.000000
30.000002,30.163973,180.226181,180.483398,1.000000,0.000000,0.000000,0.000000
30.000002,30.290140,180.226181,180.526123,1.000000,0.000000,0.000000,0.000000
30.000002,30.288420,180.226181,180.544922,1.000000,0.000000,0.000000,0.000000
30.000002,30.249460,180.226181,180.527466,1.000000,0.000000,0.000000,0.000000
30.000002,30.215254,180.226181,180.527359,1.000000,0.000000,0.000000,0.000000
30.000002,30.090425,180.226181,180.484146,1.000000,0.000000,0.000000,0.000000
30.000002,29.890055,180.226181,180.483414,1.000000,0.000000,0.000000,0.000000
30.000002,29.738289,180.226181,180.440689,1.000000,0.000000,0.000000,0.000000
30.000002,29.682009,180.226181,180.439468,1.000000,0.000000,0.000000,0.000000
30.000002,29.673866,180.226181,180.439468,1.000000,0.000000,0.000000,0.000000
30.000002,29.667528,180.226181,180.439468,1.000000,0.000000,0.000000,0.000000
30.000002,29.716814,180.226181,180.439468,1.000000,0.000000,0.000000,0.000000
30.000002,29.853828,180.226181,180.439468,1.000000,0.000000,0.000000,0.000000
30.000002,30.061056,180.226181,180.439636,1.000000,0.000000,0.000000,0.000000
30.000002,30.156624,180.226181,180.481842,1.000000,0.000000,0.000000,0.000000
30.000002,30.258995,180.226181,180.500977,1.000000,0.000000,0.000000,0.000000
30.000002,30.305769,180.226181,180.527206,1.000000,0.000000,0.000000,0.000000
30.000002,30.305304,180.226181,180.492905,1.000000,0.000000,0.000000,0.000000
30.000002,30.235062,180.226181,180.483459,1.000000,0.000000,0.000000,0.000000
30.000002,30.021469,180.226181,180.483414,1.000000,0.000000,0.000000,0.000000
30.000002,29.789761,180.226181,180.483414,1.000000,0.000000,0.000000,0.000000
30.000002,29.668238,180.226181,180.442871,1.000000,0.000000,0.000000,0.000000
30.000002,29.631136,180.226181,180.482986,1.000000,0.000000,0.000000,0.000000
30.000002,29.654169,180.226181,180.478226,1.000000,0.000000,0.000000,0.000000
30.000002,29.699795,180.226181,180.483383,1.000000,0.000000,0.000000,0.000000
30.000002,29.787575,180.226181,180.483398,1.000000,0.000000,0.000000,0.000000
30.000002,29.965052,180.226181,180.483398,1.000000,0.000000,0.000000,0.000000
30.000002,30.081083,180.226181,180.483398,1.000000,0.000000,0.000000,0.000000
30.000002,30.149302,180.226181,180.483398,1.000000,0.000000,0.000000,0.000000
30.000002,30.233614,180.226181,180.517853,1.000000,0.000000,0.000000,0.000000
30.000002,30.301342,180.226181,180.527298,1.000000,0.000000,0.000000,0.000000
30.000002,30.309839,180.226181,180.485458,1.000000,0.000000,0.000000,0.000000
30.000002,30.220364,180.226181,180.483414,1.000000,0.000000,0.000000,0.000000
30.000002,29.992016,180.226181,180.483414,1.000000,0.000000,0.000000,0.000000
30.000002,29.783587,180.226181,180.483414,1.000000,0.000000,0.000000,0.000000
30.000002,29.640945,180.226181,180.439896,1.000000,0.000000,0.000000,0.000000
30.000002,29.570976,180.226181,180.445786,1.000000,0.000000,0.000000,0.000000
30.000002,29.575157,180.226181,180.439499,1.000000,0.000000,0.000000,0.000000
30.000002,29.626137,180.226181,180.439468,1.000000,0.000000,0.000000,0.000000
30.000002,29.740311,180.226181,180.439468,1.000000,0.000000,0.000000,0.000000
30.000002,29.936556,180.226181,180.439758,1.000000,0.000000,0.000000,0.000000
30.000002,30.088978,180.226181,180.477707,1.000000,0.000000,0.000000,0.000000
30.000002,30.204462,180.226181,180.483383,1.000000,0.000000,0.000000,0.000000
30.000002,30.264322,180.226181,180.525299,1.000000,0.000000,0.000000,0.000000
30.000002,30.277901,180.226181,180.527344,1.000000,0.000000,0.000000,0.000000
30.000002,30.273994,180.226181,180.492905,1.000000,0.000000,0.000000,0.000000
30.000002,30.164547,180.226181,180.483459,1.000000,0.000000,0.000000,0.000000
30.000002,29.934151,180.226181,180.483414,1.000000,0.000000,0.000000,0.000000
30.000002,29.754709,180.226181,180.483414,1.000000,0.000000,0.000000,0.000000
30.000002,29.671900,180.226181,180.439896,1.000000,0.000000,0.000000,0.000000
30.000002,29.663130,180.226181,180.441071,1.000000,0.000000,0.000000,0.000000
30.000002,29.665424,180.226181,180.439468,1.000000,0.000000,0.000000,0.000000
30.000002,29.710230,180.226181,180.439468,1.000000,0.000000,0.000000,0.000000
30.000002,29.822001,180.226181,180.482178,1.000000,0.000000,0.000000,0.000000
30.000002,30.028982,180.226181,180.464249,1.000000,0.000000,0.000000,0.000000
30.000002,30.122091,180.226181,180.483109,1.000000,0.000000,0.000000,0.000000
30.000002,30.220747,180.226181,180.483398,1.000000,0.000000,0.000000,0.000000
30.000002,30.267792,180.226181,180.526611,1.000000,0.000000,0.000000,0.000000
30.000002,30.284212,180.226181,180.527344,1.000000,0.000000,0.000000,0.000000
30.000002,30.258286,180.226181,180.483673,1.000000,0.000000,0.000000,0.000000
30.000002,30.083487,180.226181,180.483414,1.000000,0.000000,0.000000,0.000000
30.000002,29.868717,180.226181,180.483414,1.000000,0.000000,0.000000,0.000000
30.000002,29.723427,180.226181,180.448959,1.000000,0.000000,0.000000,0.000000
30.000002,29.642010,180.226181,180.473969,1.000000,0.000000,0.000000,0.000000
30.000002,29.626001,180.226181,180.441452,1.000000,0.000000,0.000000,0.000000
30.000002,29.651873,180.226181,180.450027,1.000000,0.000000,0.000000,0.000000
30.000002,29.745338,180.226181,180.454391,1.000000,0.000000,0.000000,0.000000
30.000002,29.899973,180.226181,180.483231,1.000000,0.000000,0.000000,0.000000
30.000002,30.050701,180.226181,180.481247,1.000000,0.000000,0.000000,0.000000
30.000002,30.128567,180.226181,180.483398,1.000000,0.000000,0.000000,0.000000
30.000002,30.207195,180.226181,180.483398,1.000000,0.000000,0.000000,0.000000
30.000002,30.273256,180.226181,180.527100,1.000000,0.000000,0.000000,0.000000
30.000002,30.287764,180.226181,180.499222,1.000000,0.000000,0.000000,0.000000
30.000002,30.231592,180.226181,180.483505,1.000000,0.000000,0.000000,0.000000
30.000002,30.037970,180.226181,180.483414,1.000000,0.000000,0.000000,0.000000
30.000002,29.835140,180.226181,180.483414,1.000000,0.000000,0.000000,0.000000
30.000002,29.682281,180.226181,180.441513,1.000000,0.000000,0.000000,0.000000
30.000002,29.600401,180.226181,180.462418,1.000000,0.000000,0.000000,0.000000
30.000002,29.597641,180.226181,180.439774,1.000000,0.000000,0.000000,0.000000
30.000002,29.651218,180.226181,180.467590,1.000000,0.000000,0.000000,0.000000
30.000002,29.749245,180.226181,180.481155,1.000000,0.000000,0.000000,0.000000
30.000002,29.926693,180.226181,180.466507,1.000000,0.000000,0.000000,0.000000
30.000002,30.091272,180.226181,180.482346,1.000000,0.000000,0.000000,0.000000
30.000002,30.193480,180.226181,180.483398,1.000000,0.000000,0.000000,0.000000
30.000002,30.244078,180.226181,180.523941,1.000000,0.000000,0.000000,0.000000
30.000002,30.242931,180.226181,180.527344,1.000000,0.000000,0.000000,0.000000
30.000002,30.242411,180.226181,180.485458,1.000000,0.000000,0.000000,0.000000
30.000002,30.154385,180.226181,180.483414,1.000000,0.000000,0.000000,0.000000
30.000002,29.953495,180.226181,180.483414,1.000000,0.000000,0.000000,0.000000
30.000002,29.771975,180.226181,180.465836,1.000000,0.000000,0.000000,0.000000
30.000002,29.679548,180.226181,180.439804,1.000000,0.000000,0.000000,0.000000
30.000002,29.665342,180.226181,180.447311,1.000000,0.000000,0.000000,0.000000
30.000002,29.661272,180.226181,180.443298,1.000000,0.000000,0.000000,-3.000000
30.000002,29.711187,180.226181,180.479340,1.000000,0.000000,0.000000,0.000000
30.000002,29.817410,180.226181,180.481094,1.000000,0.000000,0.000000,0.000000
30.000002,30.013710,180.226181,180.481110,1.000000,0.000000,0.000000,0.000000
30.000002,30.136024,180.226181,180.483398,1.000000,0.000000,0.000000,0.000000
30.000002,30.227549,180.226181,180.483398,1.000000,0.000000,0.000000,0.000000
30.000002,30.269159,180.226181,180.526611,1.000000,0.000000,0.000000,0.000000
30.000002,30.270470,180.226181,180.509766,1.000000,0.000000,0.000000,0.000000
30.000002,30.218369,180.226181,180.483551,1.000000,0.000000,0.000000,0.000000
30.000002,30.035130,180.226181,180.483414,1.000000,0.000000,0.000000,0.000000
30.000002,29.852135,180.226181,180.483414,1.000000,0.000000,0.000000,0.000000
30.000002,29.725803,180.226181,180.445160,1.000000,0.000000,0.000000,0.000000
30.000002,29.698046,180.226181,180.481384,1.000000,0.000000,0.000000,0.000000
30.000002,29.712662,180.226181,180.461563,1.000000,0.000000,0.000000,0.000000
30.000002,29.750555,180.226181,180.465408,1.000000,0.000000,0.000000,0.000000
30.000002,29.829922,180.226181,180.483124,1.000000,0.000000,0.000000,0.000000
30.000002,29.967045,180.226181,180.483398,1.000000,0.000000,0.000000,0.000000
30.000002,30.042915,180.226181,180.483398,1.000000,0.000000,0.000000,0.000000
30.000002,30.087721,180.226181,180.483398,1.000000,0.000000,0.000000,0.000000
30.000002,30.161514,180.226181,180.483398,1.000000,0.000000,0.000000,0.000000
30.000002,30.276562,180.226181,180.521652,1.000000,0.000000,0.000000,0.000000
30.000002,30.320057,180.226181,180.491257,1.000000,0.000000,0.000000,0.000000
30.000002,30.258995,180.226181,180.483459,1.000000,0.000000,0.000000,0.000000
30.000002,30.065947,180.226181,180.483414,1.000000,0.000000,0.000000,0.000000
30.000002,29.853310,180.226181,180.483414,1.000000,0.000000,0.000000,0.000000
30.000002,29.677883,180.226181,180.455292,1.000000,0.000000,0.000000,0.000000
30.000002,29.594309,180.226181,180.481461,1.000000,0.000000,0.000000,0.000000
30.000002,29.598270,180.226181,180.445145,1.000000,0.000000,0.000000,0.000000
30.000002,29.688646,180.226181,180.481140,1.000000,0.000000,0.000000,0.000000
30.000002,29.819159,180.226181,180.482025,1.000000,0.000000,0.000000,0.000000
30.000002,29.966772,180.226181,180.483398,1.000000,0.000000,0.000000,0.000000
30.000002,30.027534,180.226181,180.483398,1.000000,0.000000,0.000000,0.000000
30.000002,30.054827,180.226181,180.483398,1.000000,0.000000,0.000000,0.000000
30.000002,30.102720,180.226181,180.483398,1.000000,0.000000,0.000000,0.000000
30.000002,30.207933,180.226181,180.523941,1.000000,0.000000,0.000000,0.000000
30.000002,30.280880,180.226181,180.527344,1.000000,0.000000,0.000000,0.000000
30.000002,30.244514,180.226181,180.483841,1.000000,0.000000,0.000000,0.000000
30.000002,30.073679,180.226181,180.483414,1.000000,0.000000,0.000000,0.000000
30.000002,29.920000,180.226181,180.483414,1.000000,0.000000,0.000000,0.000000
30.000002,29.811810,180.226181,180.465836,1.000000,0.000000,0.000000,0.000000
30.000002,29.770063,180.226181,180.474075,1.000000,0.000000,0.000000,0.000000
30.000002,29.804569,180.226181,180.442825,1.000000,0.000000,0.000000,0.000000
30.000002,29.891066,180.226181,180.482681,1.000000,0.000000,0.000000,0.000000
30.000002,29.862352,180.226181,180.483398,1.000000,0.000000,0.000000,0.000000
30.000002,29.869373,180.226181,180.483398,1.000000,0.000000,0.000000,0.000000
30.000002,29.951582,180.226181,180.483398,1.000000,0.000000,0.000000,0.000000
30.000002,29.978930,180.226181,180.483398,1.000000,0.000000,0.000000,0.000000
30.000002,30.026905,180.226181,180.483398,1.000000,0.000000,0.000000,0.000000
30.000002,30.157881,180.226181,180.483398,1.000000,0.000000,0.000000,0.000000
30.000002,30.204708,180.226181,180.487350,1.000000,0.000000,0.000000,0.000000
30.000002,30.119768,180.226181,180.484543,1.000000,0.000000,0.000000,0.000000
30.000002,30.040539,180.226181,180.483414,1.000000,0.000000,0.000000,-3.000000
30.000002,29.930408,180.226181,180.483414,1.000000,0.000000,0.000000,0.000000
30.000002,29.867216,180.226181,180.483414,1.000000,0.000000,0.000000,0.000000
30.000002,29.856861,180.226181,180.483414,1.000000,0.000000,0.000000,0.000000
30.000002,29.846861,180.226181,180.483414,1.000000,0.000000,0.000000,0.000000
30.000002,29.819704,180.226181,180.483414,1.000000,0.000000,0.000000,0.000000
30.000002,29.901066,180.226181,180.483414,1.000000,0.000000,0.000000,0.000000
30.000002,29.890301,180.226181,180.483414,1.000000,0.000000,0.000000,0.000000
30.000002,29.871943,180.226181,180.483414,1.000000,0.000000,0.000000,0.000000
30.000002,29.908852,180.226181,180.483414,1.000000,0.000000,0.000000,0.000000
30.000002,29.947975,180.226181,180.483414,1.000000,0.000000,0.000000,0.000000
30.000002,30.008137,180.226181,180.483414,1.000000,0.000000,0.000000,0.000000
30.000002,30.097338,180.226181,180.483414,1.000000,0.000000,0.000000,0.000000
30.000002,30.096573,180.226181,180.483414,1.000000,0.000000,0.000000,0.000000
30.000002,30.044882,180.226181,180.483414,1.000000,0.000000,0.000000,0.000000
30.000002,30.005978,180.226181,180.483414,1.000000,0.000000,0.000000,0.000000
30.000002,29.923578,180.226181,180.483414,1.000000,0.000000,0.000000,0.000000
30.000002,29.888580,180.226181,180.483414,1.000000,0.000000,0.000000,0.000000
30.000002,29.888718,180.226181,180.483414,1.000000,0.000000,0.000000,0.000000
30.000002,29.858391,180.226181,180.483414,1.000000,0.000000,0.000000,0.000000
30.000002,29.868008,180.226181,180.483414,1.000000,0.000000,0.000000,0.000000
30.000002,29.877460,180.226181,180.483414,1.000000,0.000000,0.000000,0.000000
30.000002,29.855413,180.226181,180.483414,1.000000,0.000000,0.000000,0.000000
30.000002,29.940899,180.226181,180.483414,1.000000,0.000000,0.000000,0.000000
30.000002,29.963165,180.226181,180.483414,1.000000,0.000000,0.000000,0.000000
30.000002,29.990404,180.226181,180.483414,1.000000,0.000000,0.000000,0.000000
30.000002,30.022890,180.226181,180.483414,1.000000,0.000000,0.000000,0.000000
30.000002,30.060482,180.226181,180.483414,1.000000,0.000000,0.000000,0.000000
30.000002,30.084799,180.226181,180.483414,1.000000,0.000000,0.000000,-3.000000
30.000002,30.098896,180.226181,180.483414,1.000000,0.000000,0.000000,0.000000
30.000002,30.052614,180.226181,180.483414,1.000000,0.000000,0.000000,0.000000
30.000002,30.021194,180.226181,180.483414,1.000000,0.000000,0.000000,0.000000
30.000002,29.963493,180.226181,180.483414,1.000000,0.000000,0.000000,0.000000
30.000002,29.892050,180.226181,180.483414,1.000000,0.000000,0.000000,0.000000
30.000002,29.883690,180.226181,180.483414,1.000000,0.000000,0.000000,0.000000
30.000002,29.852352,180.226181,180.483414,1.000000,0.000000,0.000000,0.000000
30.000002,29.882870,180.226181,180.483414,1.000000,0.000000,0.000000,0.000000
30.000002,29.900711,180.226181,180.483414,1.000000,0.000000,0.000000,0.000000
30.000002,29.894098,180.226181,180.483414,1.000000,0.000000,0.000000,0.000000
30.000002,29.903143,180.226181,180.483414,1.000000,0.000000,0.000000,0.000000
30.000002,29.900000,180.226181,180.483414,1.000000,0.000000,0.000000,0.000000
30.000002,29.908688,180.226181,180.483414,1.000000,0.000000,0.000000,0.000000
30.000002,29.898197,180.226181,180.483414,1.000000,0.000000,0.000000,0.000000
30.000002,29.876833,180.226181,180.483414,1.000000,0.000000,0.000000,0.000000
30.000002,29.937511,180.226181,180.483414,1.000000,0.000000,0.000000,0.000000
30.000002,29.917376,180.226181,180.483414,1.000000,0.000000,0.000000,0.000000
30.000002,29.894072,180.226181,180.483414,1.000000,0.000000,0.000000,0.000000
30.000002,29.879101,180.226181,180.483414,1.000000,0.000000,0.000000,0.000000
30.000002,29.875412,180.226181,180.483414,1.000000,0.000000,0.000000,0.000000
30.000002,29.892378,180.226181,180.483414,1.000000,0.000000,0.000000,0.000000
30.000002,29.884783,180.226181,180.483414,1.000000,0.000000,0.000000,0.000000
30.000002,29.901613,180.226181,180.483414,1.000000,0.000000,0.000000,0.000000
30.000002,29.883253,180.226181,180.483414,1.000000,0.000000,0.000000,0.000000
30.000002,29.905300,180.226181,180.483414,1.000000,0.000000,0.000000,0.000000
30.000002,29.906202,180.226181,180.483414,1.000000,0.000000,0.000000,0.000000
30.000002,29.922377,180.226181,180.483414,1.000000,0.000000,0.000000,0.000000
30.000002,29.892952,180.226181,180.483414,1.000000,0.000000,0.000000,0.000000
30.000002,29.891203,180.226181,180.483414,1.000000,0.000000,0.000000,0.000000
30.000002,29.885164,180.226181,180.483414,1.000000,0.000000,0.000000,0.000000
30.000002,29.889864,180.226181,180.483414,1.000000,0.000000,0.000000,0.000000
30.000002,29.903990,180.226181,180.483414,1.000000,0.000000,0.000000,0.000000
30.000002,29.886040,180.226181,180.483414,1.000000,0.000000,0.000000,0.000000
30.000002,29.907595,180.226181,180.483414,1.000000,0.000000,0.000000,0.000000
30.000002,29.901066,180.226181,180.483414,1.000000,0.000000,0.000000,0.000000
30.000002,29.881668,180.226181,180.483414,1.000000,0.000000,0.000000,0.000000
30.000002,29.899509,180.226181,180.483414,1.000000,0.000000,0.000000,0.000000
30.000002,29.879101,180.226181,180.483414,1.000000,0.000000,0.000000,0.000000
30.000002,29.881340,180.226181,180.483414,1.000000,0.000000,0.000000,0.000000
30.000002,29.904890,180.226181,180.483414,1.000000,0.000000,0.000000,0.000000
30.000002,29.889482,180.226181,180.483414,1.000000,0.000000,0.000000,0.000000
30.000002,29.899973,180.226181,180.483414,1.000000,0.000000,0.000000,0.000000
30.000002,29.896477,180.226181,180.483414,1.000000,0.000000,0.000000,0.000000
30.000002,29.873446,180.226181,180.483414,1.000000,0.000000,0.000000,0.000000
30.000002,29.895056,180.226181,180.483414,1.000000,0.000000,0.000000,0.000000
30.000002,29.918579,180.226181,180.483414,1.000000,0.000000,0.000000,0.000000
30.000002,29.913879,180.226181,180.483414,1.000000,0.000000,0.000000,0.000000
30.000002,29.891258,180.226181,180.483414,1.000000,0.000000,0.000000,0.000000
30.000002,29.886831,180.226181,180.483414,1.000000,0.000000,0.000000,0.000000
30.000002,29.903278,180.226181,180.483414,1.000000,0.000000,0.000000,0.000000
30.000002,29.894619,180.226181,180.483414,1.000000,0.000000,0.000000,0.000000
30.000002,29.898525,180.226181,180.483414,1.000000,0.000000,0.000000,0.000000
30.000002,29.873690,180.226181,180.483414,1.000000,0.000000,0.000000,0.000000
30.000002,29.906448,180.226181,180.483414,1.000000,0.000000,0.000000,0.000000
30.000002,29.889837,180.226181,180.483414,1.000000,0.000000,0.000000,0.000000
30.000002,29.880548,180.226181,180.483414,1.000000,0.000000,0.000000,0.000000
30.000002,29.902241,180.226181,180.483414,1.000000,0.000000,0.000000,0.000000
30.000002,29.906284,180.226181,180.483414,1.000000,0.000000,0.000000,0.000000
30.000002,29.905382,180.226181,180.483414,1.000000,0.000000,0.000000,0.000000
30.000002,29.891394,180.226181,180.483414,1.000000,0.000000,0.000000,0.000000
30.000002,29.881258,180.226181,180.483414,1.000000,0.000000,0.000000,0.000000
30.000002,29.885656,180.226181,180.483414,1.000000,0.000000,0.000000,0.000000
30.000002,29.906448,180.226181,180.483414,1.000000,0.000000,0.000000,0.000000
30.000002,29.910519,180.226181,180.483414,1.000000,0.000000,0.000000,0.000000
30.000002,29.924261,180.226181,180.483414,1.000000,0.000000,0.000000,0.000000
30.000002,29.905273,180.226181,180.483414,1.000000,0.000000,0.000000,0.000000
30.000002,29.891394,180.226181,180.483414,1.000000,0.000000,0.000000,0.000000
30.000002,29.885302,180.226181,180.483414,1.000000,0.000000,0.000000,0.000000
30.000002,29.870821,180.226181,180.483414,1.000000,0.000000,0.000000,0.000000
30.000002,29.912924,180.226181,180.483414,1.000000,0.000000,0.000000,0.000000
30.000002,29.892923,180.226181,180.483414,1.000000,0.000000,0.000000,0.000000
30.000002,29.887133,180.226181,180.483414,1.000000,0.000000,0.000000,0.000000
30.000002,29.879427,180.226181,180.483414,1.000000,0.000000,0.000000,0.000000
30.000002,29.897488,180.226181,180.483414,1.000000,0.000000,0.000000,0.000000
30.000002,29.879183,180.226181,180.483414,1.000000,0.000000,0.000000,0.000000
30.000002,29.894754,180.226181,180.483414,1.000000,0.000000,0.000000,0.000000
30.000002,29.872051,180.226181,180.483414,1.000000,0.000000,0.000000,0.000000
30.000002,29.920244,180.226181,180.483414,1.000000,0.000000,0.000000,0.000000
30.000002,29.895027,180.226181,180.483414,1.000000,0.000000,0.000000,0.000000
30.000002,29.870604,180.226181,180.483414,1.000000,0.000000,0.000000,0.000000
30.000002,29.905819,180.226181,180.483414,1.000000,0.000000,0.000000,0.000000
30.000002,29.897432,180.226181,180.483414,1.000000,0.000000,0.000000,0.000000
30.000002,29.895956,180.226181,180.483414,1.000000,0.000000,0.000000,0.000000
30.000002,29.887789,180.226181,180.483414,1.000000,0.000000,0.000000,0.000000
30.000002,29.879538,180.226181,180.483414,1.000000,0.000000,0.000000,0.000000
30.000002,29.906038,180.226181,180.483414,1.000000,0.000000,0.000000,0.000000
30.000002,29.894590,180.226181,180.483414,1.000000,0.000000,0.000000,0.000000
30.000002,29.903307,180.226181,180.483414,1.000000,0.000000,0.000000,0.000000
30.000002,29.914125,180.226181,180.483414,1.000000,0.000000,0.000000,0.000000
30.000002,29.893444,180.226181,180.483414,1.000000,0.000000,0.000000,0.000000
30.000002,29.887241,180.226181,180.483414,1.000000,0.000000,0.000000,0.000000
30.000002,29.902050,180.226181,180.483414,1.000000,0.000000,0.000000,0.000000
30.000002,29.884100,180.226181,180.483414,1.000000,0.000000,0.000000,0.000000
30.000002,29.892952,180.226181,180.483414,1.000000,0.000000,0.000000,0.000000
30.000002,29.902241,180.226181,180.483414,1.000000,0.000000,0.000000,0.000000
30.000002,29.892050,180.226181,180.483414,1.000000,0.000000,0.000000,0.000000
30.000002,29.910109,180.226181,180.483414,1.000000,0.000000,0.000000,0.000000
30.000002,29.870440,180.226181,180.483414,1.000000,0.000000,0.000000,0.000000
30.000002,29.904318,180.226181,180.483414,1.000000,0.000000,0.000000,0.000000
30.000002,29.879755,180.226181,180.483414,1.000000,0.000000,0.000000,0.000000
30.000002,29.907650,180.226181,180.483414,1.000000,0.000000,0.000000,0.000000
30.000002,29.890055,180.226181,180.483414,1.000000,0.000000,0.000000,0.000000
30.000002,29.886585,180.226181,180.483414,1.000000,0.000000,0.000000,0.000000
30.000002,29.884592,180.226181,180.483414,1.000000,0.000000,0.000000,0.000000
30.000002,29.896339,180.226181,180.483414,1.000000,0.000000,0.000000,0.000000
30.000002,29.886204,180.226181,180.483414,1.000000,0.000000,0.000000,0.000000
30.000002,29.896694,180.226181,180.483414,1.000000,0.000000,0.000000,0.000000
30.000002,29.877460,180.226181,180.483414,1.000000,0.000000,0.000000,0.000000
30.000002,29.902460,180.226181,180.483414,1.000000,0.000000,0.000000,0.000000
30.000002,29.882433,180.226181,180.483414,1.000000,0.000000,0.000000,0.000000
30.000002,29.912760,180.226181,180.483414,1.000000,0.000000,0.000000,0.000000
30.000002,29.880411,180.226181,180.483414,1.000000,0.000000,0.000000,0.000000
30.000002,29.913033,180.226181,180.483414,1.000000,0.000000,0.000000,0.000000
30.000002,29.891094,180.226181,180.483414,1.000000,0.000000,0.000000,0.000000
30.000002,29.912842,180.226181,180.483414,1.000000,0.000000,0.000000,0.000000
30.000002,29.920000,180.226181,180.483414,1.000000,0.000000,0.000000,0.000000
30.000002,29.906094,180.226181,180.483414,1.000000,0.000000,0.000000,0.000000
30.000002,29.894344,180.226181,180.483414,1.000000,0.000000,0.000000,0.000000
30.000002,29.902868,180.226181,180.483414,1.000000,0.000000,0.000000,0.000000
30.000002,29.937157,180.226181,180.483414,1.000000,0.000000,0.000000,0.000000
30.000002,29.914207,180.226181,180.483414,1.000000,0.000000,0.000000,0.000000
30.000002,29.896914,180.226181,180.483414,1.000000,0.000000,0.000000,0.000000
30.000002,29.875767,180.226181,180.483414,1.000000,0.000000,0.000000,0.000000
30.000002,29.921940,180.226181,180.483414,1.000000,0.000000,0.000000,0.000000
30.000002,29.905956,180.226181,180.483414,1.000000,0.000000,0.000000,0.000000
30.000002,29.889729,180.226181,180.483414,1.000000,0.000000,0.000000,0.000000
30.000002,29.876068,180.226181,180.483414,1.000000,0.000000,0.000000,0.000000
30.000002,29.877243,180.226181,180.483414,1.000000,0.000000,0.000000,0.000000
30.000002,29.890411,180.226181,180.483414,1.000000,0.000000,0.000000,0.000000
30.000002,29.886667,180.226181,180.483414,1.000000,0.000000,0.000000,0.000000
30.000002,29.889236,180.226181,180.483414,1.000000,0.000000,0.000000,0.000000
30.000002,29.906530,180.226181,180.483414,1.000000,0.000000,0.000000,0.000000
30.000002,29.889837,180.226181,180.483414,1.000000,0.000000,0.000000,0.000000
30.000002,29.880959,180.226181,180.483414,1.000000,0.000000,0.000000,0.000000
30.000002,29.903471,180.226181,180.483414,1.000000,0.000000,0.000000,0.000000
30.000002,29.891039,180.226181,180.483414,1.000000,0.000000,0.000000,0.000000
30.000002,29.880194,180.226181,180.483414,1.000000,0.000000,0.000000,0.000000
30.000002,29.910902,180.226181,180.483414,1.000000,0.000000,0.000000,0.000000
30.000002,29.878527,180.226181,180.483414,1.000000,0.000000,0.000000,0.000000
30.000002,29.908962,180.226181,180.483414,1.000000,0.000000,0.000000,0.000000
30.000002,29.890301,180.226181,180.483414,1.000000,0.000000,0.000000,0.000000
30.000002,29.901722,180.226181,180.483414,1.000000,0.000000,0.000000,0.000000
30.000002,29.899727,180.226181,180.483414,1.000000,0.000000,0.000000,0.000000
30.000002,29.903852,180.226181,180.483414,1.000000,0.000000,0.000000,0.000000
30.000002,29.883362,180.226181,180.483414,1.000000,0.000000,0.000000,0.000000
30.000002,29.905628,180.226181,180.483414,1.000000,0.000000,0.000000,0.000000
30.000002,29.901804,180.226181,180.483414,1.000000,0.000000,0.000000,0.000000
30.000002,29.908770,180.226181,180.483414,1.000000,0.000000,0.000000,0.000000
30.000002,29.893198,180.226181,180.483414,1.000000,0.000000,0.000000,0.000000
30.000002,29.880630,180.226181,180.483414,1.000000,0.000000,0.000000,-3.000000
30.000002,29.916203,180.226181,180.483414,1.000000,0.000000,0.000000,0.000000
30.000002,29.880466,180.226181,180.483414,1.000000,0.000000,0.000000,0.000000
30.000002,29.911858,180.226181,180.483414,1.000000,0.000000,0.000000,0.000000
30.000002,29.890875,180.226181,180.483414,1.000000,0.000000,0.000000,-3.000000
30.000002,29.886749,180.226181,180.483414,1.000000,0.000000,0.000000,0.000000
30.000002,29.880329,180.226181,180.483414,1.000000,0.000000,0.000000,0.000000
30.000002,29.900410,180.226181,180.483414,1.000000,0.000000,0.000000,0.000000
30.000002,29.896284,180.226181,180.483414,1.000000,0.000000,0.000000,-3.000000
30.000002,29.901585,180.226181,180.483414,1.000000,0.000000,0.000000,0.000000
30.000002,29.874456,180.226181,180.483414,1.000000,0.000000,0.000000,0.000000
30.000002,29.926693,180.226181,180.483414,1.000000,0.000000,0.000000,0.000000
30.000002,29.904644,180.226181,180.483414,1.000000,0.000000,0.000000,0.000000
30.000002,29.890984,180.226181,180.483414,1.000000,0.000000,0.000000,0.000000
30.000002,29.894863,180.226181,180.483414,1.000000,0.000000,0.000000,0.000000
30.000002,29.895437,180.226181,180.483414,1.000000,0.000000,0.000000,0.000000
30.000002,29.894127,180.226181,180.483414,1.000000,0.000000,0.000000,0.000000
30.000002,29.923359,180.226181,180.483414,1.000000,0.000000,0.000000,0.000000
30.000002,29.917431,180.226181,180.483414,1.000000,0.000000,0.000000,0.000000
30.000002,29.891968,180.226181,180.483414,1.000000,0.000000,0.000000,0.000000
30.000002,29.885439,180.226181,180.483414,1.000000,0.000000,0.000000,0.000000
30.000002,29.904016,180.226181,180.483414,1.000000,0.000000,0.000000,0.000000
30.000002,29.885931,180.226181,180.483414,1.000000,0.000000,0.000000,0.000000
30.000002,29.901367,180.226181,180.483414,1.000000,0.000000,0.000000,0.000000
30.000002,29.888826,180.226181,180.483414,1.000000,0.000000,0.000000,0.000000
30.000002,29.862789,180.226181,180.483414,1.000000,0.000000,0.000000,0.000000
30.000002,29.902786,180.226181,180.483414,1.000000,0.000000,0.000000,0.000000
30.000002,29.882488,180.226181,180.483414,1.000000,0.000000,0.000000,0.000000
30.000002,29.897652,180.226181,180.483414,1.000000,0.000000,0.000000,0.000000
30.000002,29.899591,180.226181,180.483414,1.000000,0.000000,0.000000,0.000000
30.000002,29.899836,180.226181,180.483414,1.000000,0.000000,0.000000,0.000000
30.000002,29.917650,180.226181,180.483414,1.000000,0.000000,0.000000,0.000000
30.000002,29.903032,180.226181,180.483414,1.000000,0.000000,0.000000,0.000000
30.000002,29.889126,180.226181,180.483414,1.000000,0.000000,0.000000,0.000000
30.000002,29.864758,180.226181,180.483414,1.000000,0.000000,0.000000,0.000000
30.000002,29.906584,180.226181,180.483414,1.000000,0.000000,0.000000,0.000000
30.000002,29.883253,180.226181,180.483414,1.000000,0.000000,0.000000,0.000000
30.000002,29.931856,180.226181,180.483414,1.000000,0.000000,0.000000,0.000000
30.000002,29.927622,180.226181,180.483414,1.000000,0.000000,0.000000,0.000000
30.000002,29.900219,180.226181,180.483414,1.000000,0.000000,0.000000,0.000000
30.000002,29.877243,180.226181,180.483414,1.000000,0.000000,0.000000,0.000000
30.000002,29.905655,180.226181,180.483414,1.000000,0.000000,0.000000,0.000000
30.000002,29.889565,180.226181,180.483414,1.000000,0.000000,0.000000,0.000000
30.000002,29.893034,180.226181,180.483414,1.000000,0.000000,0.000000,0.000000
30.000002,29.915028,180.226181,180.483414,1.000000,0.000000,0.000000,0.000000
30.000002,29.896940,180.226181,180.483414,1.000000,0.000000,0.000000,0.000000
30.000002,29.914152,180.226181,180.483414,1.000000,0.000000,0.000000,0.000000
30.000002,29.867762,180.226181,180.483414,1.000000,0.000000,0.000000,0.000000
30.000002,29.909372,180.226181,180.483414,1.000000,0.000000,0.000000,0.000000
30.000002,29.883799,180.226181,180.483414,1.000000,0.000000,0.000000,0.000000
30.000002,29.909918,180.226181,180.483414,1.000000,0.000000,0.000000,0.000000
30.000002,29.890493,180.226181,180.483414,1.000000,0.000000,0.000000,0.000000
30.000002,29.908361,180.226181,180.483414,1.000000,0.000000,0.000000,0.000000
30.000002,29.895657,180.226181,180.483414,1.000000,0.000000,0.000000,0.000000
30.000002,29.906229,180.226181,180.483414,1.000000,0.000000,0.000000,0.000000
30.000002,29.874592,180.226181,180.483414,1.000000,0.000000,0.000000,0.000000
30.000002,29.918825,180.226181,180.483414,1.000000,0.000000,0.000000,0.000000
30.000002,29.892241,180.226181,180.483414,1.000000,0.000000,0.000000,0.000000
30.000002,29.887024,180.226181,180.483414,1.000000,0.000000,0.000000,0.000000
30.000002,29.909727,180.226181,180.483414,1.000000,0.000000,0.000000,0.000000
30.000002,29.891994,180.226181,180.483414,1.000000,0.000000,0.000000,0.000000
30.000002,29.870029,180.226181,180.483414,1.000000,0.000000,0.000000,0.000000
30.000002,29.897406,180.226181,180.483414,1.000000,0.000000,0.000000,0.000000
30.000002,29.888035,180.226181,180.483414,1.000000,0.000000,0.000000,0.000000
30.000002,29.902950,180.226181,180.483414,1.000000,0.000000,0.000000,0.000000
30.000002,29.889126,180.226181,180.483414,1.000000,0.000000,0.000000,0.000000
30.000002,29.883663,180.226181,180.483414,1.000000,0.000000,0.000000,0.000000
30.000002,29.885328,180.226181,180.483414,1.000000,0.000000,0.000000,0.000000
30.000002,29.885656,180.226181,180.483414,1.000000,0.000000,0.000000,0.000000
30.000002,29.874510,180.226181,180.483414,1.000000,0.000000,0.000000,0.000000
30.000002,29.892679,180.226181,180.483414,1.000000,0.000000,0.000000,0.000000
30.000002,29.889236,180.226181,180.483414,1.000000,0.000000,0.000000,0.000000
30.000002,29.886450,180.226181,180.483414,1.000000,0.000000,0.000000,0.000000
30.000002,29.880276,180.226181,180.483414,1.000000,0.000000,0.000000,0.000000
30.000002,29.908497,180.226181,180.483414,1.000000,0.000000,0.000000,0.000000
30.000002,29.890219,180.226181,180.483414,1.000000,0.000000,0.000000,0.000000
30.000002,29.877024,180.226181,180.483414,1.000000,0.000000,0.000000,0.000000
30.000002,29.910902,180.226181,180.483414,1.000000,0.000000,0.000000,0.000000
30.000002,29.890711,180.226181,180.483414,1.000000,0.000000,0.000000,0.000000
30.000002,29.886723,180.226181,180.483414,1.000000,0.000000,0.000000,0.000000
30.000002,29.901886,180.226181,180.483414,1.000000,0.000000,0.000000,0.000000
30.000002,29.885656,180.226181,180.483414,1.000000,0.000000,0.000000,0.000000
30.000002,29.896175,180.226181,180.483414,1.000000,0.000000,0.000000,0.000000
30.000002,29.877979,180.226181,180.483414,1.000000,0.000000,0.000000,0.000000
30.000002,29.911366,180.226181,180.483414,1.000000,0.000000,0.000000,0.000000
30.000002,29.890793,180.226181,180.483414,1.000000,0.000000,0.000000,0.000000
30.000002,29.886749,180.226181,180.483414,1.000000,0.000000,0.000000,0.000000
30.000002,29.888771,180.226181,180.483414,1.000000,0.000000,0.000000,0.000000
30.000002,29.889673,180.226181,180.483414,1.000000,0.000000,0.000000,0.000000
30.000002,29.888443,180.226181,180.483414,1.000000,0.000000,0.000000,0.000000
30.000002,29.886257,180.226181,180.483414,1.000000,0.000000,0.000000,0.000000
30.000002,29.887051,180.226181,180.483414,1.000000,0.000000,0.000000,0.000000
30.000002,29.900274,180.226181,180.483414,1.000000,0.000000,0.000000,0.000000
30.000002,29.888580,180.226181,180.483414,1.000000,0.000000,0.000000,0.000000
30.000002,29.902241,180.226181,180.483414,1.000000,0.000000,0.000000,0.000000
30.000002,29.890520,180.226181,180.483414,1.000000,0.000000,0.000000,0.000000
30.000002,29.865686,180.226181,180.483414,1.000000,0.000000,0.000000,0.000000
30.000002,29.908169,180.226181,180.483414,1.000000,0.000000,0.000000,0.000000
30.000002,29.890137,180.226181,180.483414,1.000000,0.000000,0.000000,0.000000
30.000002,29.908989,180.226181,180.483414,1.000000,0.000000,0.000000,0.000000
30.000002,29.914562,180.226181,180.483414,1.000000,0.000000,0.000000,0.000000
30.000002,29.892952,180.226181,180.483414,1.000000,0.000000,0.000000,0.000000
30.000002,29.882706,180.226181,180.483414,1.000000,0.000000,0.000000,0.000000
30.000002,29.890575,180.226181,180.483414,1.000000,0.000000,0.000000,0.000000
30.000002,29.880411,180.226181,180.483414,1.000000,0.000000,0.000000,0.000000
30.000002,29.867706,180.226181,180.483414,1.000000,0.000000,0.000000,0.000000
30.000002,29.907568,180.226181,180.483414,1.000000,0.000000,0.000000,0.000000
30.000002,29.878691,180.226181,180.483414,1.000000,0.000000,0.000000,0.000000
30.000002,29.905109,180.226181,180.483414,1.000000,0.000000,0.000000,0.000000
30.000002,29.897324,180.226181,180.483414,1.000000,0.000000,0.000000,0.000000
30.000002,29.898880,180.226181,180.483414,1.000000,0.000000,0.000000,0.000000
30.000002,29.888334,180.226181,180.483414,1.000000,0.000000,0.000000,0.000000
30.000002,29.902214,180.226181,180.483414,1.000000,0.000000,0.000000,0.000000
30.000002,29.894426,180.226181,180.483414,1.000000,0.000000,0.000000,0.000000
30.000002,29.892679,180.226181,180.483414,1.000000,0.000000,0.000000,0.000000
30.000002,29.899481,180.226181,180.483414,1.000000,0.000000,0.000000,0.000000
30.000002,29.881832,180.226181,180.483414,1.000000,0.000000,0.000000,0.000000
30.000002,29.911474,180.226181,180.483414,1.000000,0.000000,0.000000,0.000000
30.000002,29.894810,180.226181,180.483414,1.000000,0.000000,0.000000,0.000000
30.000002,29.887514,180.226181,180.483414,1.000000,0.000000,0.000000,0.000000
30.000002,29.877243,180.226181,180.483414,1.000000,0.000000,0.000000,0.000000
30.000002,29.886585,180.226181,180.483414,1.000000,0.000000,0.000000,0.000000
30.000002,29.885902,180.226181,180.483414,1.000000,0.000000,0.000000,0.000000
30.000002,29.873499,180.226181,180.483414,1.000000,0.000000,0.000000,0.000000
30.000002,29.894236,180.226181,180.483414,1.000000,0.000000,0.000000,0.000000
30.000002,29.891312,180.226181,180.483414,1.000000,0.000000,0.000000,0.000000
30.000002,29.886831,180.226181,180.483414,1.000000,0.000000,0.000000,0.000000
30.000002,29.877762,180.226181,180.483414,1.000000,0.000000,0.000000,0.000000
30.000002,29.884155,180.226181,180.483414,1.000000,0.000000,0.000000,0.000000
30.000002,29.874811,180.226181,180.483414,1.000000,0.000000,0.000000,0.000000
30.000002,29.887651,180.226181,180.483414,1.000000,0.000000,0.000000,0.000000
30.000002,29.886122,180.226181,180.483414,1.000000,0.000000,0.000000,0.000000
30.000002,29.885820,180.226181,180.483414,1.000000,0.000000,0.000000,0.000000
30.000002,29.876122,180.226181,180.483414,1.000000,0.000000,0.000000,0.000000
30.000002,29.872517,180.226181,180.483414,1.000000,0.000000,0.000000,0.000000
30.000002,29.887625,180.226181,180.483414,1.000000,0.000000,0.000000,-3.000000
30.000002,29.906721,180.226181,180.483414,1.000000,0.000000,0.000000,0.000000
30.000002,29.891994,180.226181,180.483414,1.000000,0.000000,0.000000,0.000000
30.000002,29.886995,180.226181,180.483414,1.000000,0.000000,0.000000,0.000000
30.000002,29.885958,180.226181,180.483414,1.000000,0.000000,0.000000,0.000000
30.000002,29.883499,180.226181,180.483414,1.000000,0.000000,0.000000,0.000000
30.000002,29.899591,180.226181,180.483414,1.000000,0.000000,0.000000,0.000000
30.000002,29.895437,180.226181,180.483414,1.000000,0.000000,0.000000,0.000000
30.000002,29.900301,180.226181,180.483414,1.000000,0.000000,0.000000,0.000000
30.000002,29.888607,180.226181,180.483414,1.000000,0.000000,0.000000,0.000000
30.000002,29.874975,180.226181,180.483414,1.000000,0.000000,0.000000,0.000000
30.000002,29.887514,180.226181,180.483414,1.000000,0.000000,0.000000,0.000000
30.000002,29.881805,180.226181,180.483414,1.000000,0.000000,0.000000,0.000000
30.000002,29.879019,180.226181,180.483414,1.000000,0.000000,0.000000,0.000000
30.000002,29.873035,180.226181,180.483414,1.000000,0.000000,0.000000,0.000000
30.000002,29.893034,180.226181,180.483414,1.000000,0.000000,0.000000,0.000000
30.000002,29.870193,180.226181,180.483414,1.000000,0.000000,0.000000,0.000000
30.000002,29.896067,180.226181,180.483414,1.000000,0.000000,0.000000,0.000000
30.000002,29.889290,180.226181,180.483414,1.000000,0.000000,0.000000,0.000000
30.000002,29.876778,180.226181,180.483414,1.000000,0.000000,0.000000,0.000000
30.000002,29.889372,180.226181,180.483414,1.000000,0.000000,0.000000,0.000000
30.000002,29.900738,180.226181,180.483414,1.000000,0.000000,0.000000,0.000000
30.000002,29.888718,180.226181,180.483414,1.000000,0.000000,0.000000,0.000000
30.000002,29.886339,180.226181,180.483414,1.000000,0.000000,0.000000,0.000000
30.000002,29.912077,180.226181,180.483414,1.000000,0.000000,0.000000,0.000000
30.000002,29.890930,180.226181,180.483414,1.000000,0.000000,0.000000,0.000000
30.000002,29.891039,180.226181,180.483414,1.000000,0.000000,0.000000,0.000000
30.000002,29.892569,180.226181,180.483414,1.000000,0.000000,0.000000,0.000000
30.000002,29.885466,180.226181,180.483414,1.000000,0.000000,0.000000,0.000000
30.000002,29.908798,180.226181,180.483414,1.000000,0.000000,0.000000,0.000000
30.000002,29.891832,180.226181,180.483414,1.000000,0.000000,0.000000,0.000000
30.000002,29.879948,180.226181,180.483414,1.000000,0.000000,0.000000,0.000000
30.000002,29.884592,180.226181,180.483414,1.000000,0.000000,0.000000,0.000000
30.000002,29.872597,180.226181,180.483414,1.000000,0.000000,0.000000,0.000000
30.000002,29.905329,180.226181,180.483414,1.000000,0.000000,0.000000,0.000000
30.000002,29.889618,180.226181,180.483414,1.000000,0.000000,0.000000,0.000000
30.000002,29.883444,180.226181,180.483414,1.000000,0.000000,0.000000,0.000000
30.000002,29.912458,180.226181,180.483414,1.000000,0.000000,0.000000,0.000000
30.000002,29.887924,180.226181,180.483414,1.000000,0.000000,0.000000,0.000000
30.000002,29.894318,180.226181,180.483414,1.000000,0.000000,0.000000,0.000000
30.000002,29.873007,180.226181,180.483414,1.000000,0.000000,0.000000,0.000000
30.000002,29.900028,180.226181,180.483414,1.000000,0.000000,0.000000,0.000000
30.000002,29.888554,180.226181,180.483414,1.000000,0.000000,0.000000,0.000000
30.000002,29.903196,180.226181,180.483414,1.000000,0.000000,0.000000,0.000000
30.000002,29.904644,180.226181,180.483414,1.000000,0.000000,0.000000,0.000000
30.000002,29.889482,180.226181,180.483414,1.000000,0.000000,0.000000,0.000000
30.000002,29.881258,180.226181,180.483414,1.000000,0.000000,0.000000,0.000000
30.000002,29.901449,180.226181,180.483414,1.000000,0.000000,0.000000,0.000000
30.000002,29.888826,180.226181,180.483414,1.000000,0.000000,0.000000,0.000000
30.000002,29.886339,180.226181,180.483414,1.000000,0.000000,0.000000,0.000000
30.000002,29.891832,180.226181,180.483414,1.000000,0.000000,0.000000,0.000000
30.000002,29.914562,180.226181,180.483414,1.000000,0.000000,0.000000,0.000000
30.000002,29.891394,180.226181,180.483414,1.000000,0.000000,0.000000,0.000000
30.000002,29.876450,180.226181,180.483414,1.000000,0.000000,0.000000,0.000000
30.000002,29.890739,180.226181,180.483414,1.000000,0.000000,0.000000,0.000000
30.000002,29.874537,180.226181,180.483414,1.000000,0.000000,0.000000,0.000000
30.000002,29.908415,180.226181,180.483414,1.000000,0.000000,0.000000,0.000000
30.000002,29.893553,180.226181,180.483414,1.000000,0.000000,0.000000,0.000000
30.000002,29.884701,180.226181,180.483414,1.000000,0.000000,0.000000,0.000000
30.000002,29.899836,180.226181,180.483414,1.000000,0.000000,0.000000,0.000000
30.000002,29.898470,180.226181,180.483414,1.000000,0.000000,0.000000,0.000000
30.000002,29.899099,180.226181,180.483414,1.000000,0.000000,0.000000,0.000000
30.000002,29.882761,180.226181,180.483414,1.000000,0.000000,0.000000,0.000000
30.000002,29.891531,180.226181,180.483414,1.000000,0.000000,0.000000,0.000000
30.000002,29.884127,180.226181,180.483414,1.000000,0.000000,0.000000,0.000000
30.000002,29.900438,180.226181,180.483414,1.000000,0.000000,0.000000,0.000000
30.000002,29.888607,180.226181,180.483414,1.000000,0.000000,0.000000,0.000000
30.000002,29.879728,180.226181,180.483414,1.000000,0.000000,0.000000,0.000000
30.000002,29.903553,180.226181,180.483414,1.000000,0.000000,0.000000,0.000000
30.000002,29.894672,180.226181,180.483414,1.000000,0.000000,0.000000,0.000000
30.000002,29.892733,180.226181,180.483414,1.000000,0.000000,0.000000,0.000000
30.000002,29.922403,180.226181,180.483414,1.000000,0.000000,0.000000,0.000000
30.000002,29.894482,180.226181,180.483414,1.000000,0.000000,0.000000,0.000000
30.000002,29.887487,180.226181,180.483414,1.000000,0.000000,0.000000,0.000000
30.000002,29.896395,180.226181,180.483414,1.000000,0.000000,0.000000,0.000000
30.000002,29.881449,180.226181,180.483414,1.000000,0.000000,0.000000,0.000000
30.000002,29.894754,180.226181,180.483414,1.000000,0.000000,0.000000,0.000000
30.000002,29.887514,180.226181,180.483414,1.000000,0.000000,0.000000,0.000000
30.000002,29.878281,180.226181,180.483414,1.000000,0.000000,0.000000,0.000000
30.000002,29.905165,180.226181,180.483414,1.000000,0.000000,0.000000,0.000000
30.000002,29.883963,180.226181,180.483414,1.000000,0.000000,0.000000,0.000000
30.000002,29.904945,180.226181,180.483414,1.000000,0.000000,0.000000,0.000000
30.000002,29.891066,180.226181,180.483414,1.000000,0.000000,0.000000,0.000000
30.000002,29.886805,180.226181,180.483414,1.000000,0.000000,0.000000,0.000000
30.000002,29.903744,180.226181,180.483414,1.000000,0.000000,0.000000,0.000000
30.000002,29.897213,180.226181,180.483414,1.000000,0.000000,0.000000,0.000000
30.000002,29.881395,180.226181,180.483414,1.000000,0.000000,0.000000,-3.000000
30.000002,29.909809,180.226181,180.483414,1.000000,0.000000,0.000000,0.000000
30.000002,29.904016,180.226181,180.483414,1.000000,0.000000,0.000000,0.000000
30.000002,29.889345,180.226181,180.483414,1.000000,0.000000,0.000000,0.000000
30.000002,29.876833,180.226181,180.483414,1.000000,0.000000,0.000000,0.000000
30.000002,29.918251,180.226181,180.483414,1.000000,0.000000,0.000000,0.000000
30.000002,29.894236,180.226181,180.483414,1.000000,0.000000,0.000000,0.000000
30.000002,29.884317,180.226181,180.483414,1.000000,0.000000,0.000000,0.000000
30.000002,29.916475,180.226181,180.483414,1.000000,0.000000,0.000000,-3.000000
30.000002,29.886175,180.226181,180.483414,1.000000,0.000000,0.000000,0.000000
30.000002,29.911448,180.226181,180.483414,1.000000,0.000000,0.000000,0.000000
30.000002,29.875385,180.226181,180.483414,1.000000,0.000000,0.000000,0.000000
30.000002,29.911612,180.226181,180.483414,1.000000,0.000000,0.000000,0.000000
30.000002,29.890821,180.226181,180.483414,1.000000,0.000000,0.000000,0.000000
30.000002,29.880138,180.226181,180.483414,1.000000,0.000000,0.000000,0.000000
30.000002,29.895220,180.226181,180.483414,1.000000,0.000000,0.000000,0.000000
30.000002,29.887596,180.226181,180.483414,1.000000,0.000000,0.000000,0.000000
30.000002,29.902050,180.226181,180.483414,1.000000,0.000000,0.000000,0.000000
30.000002,29.896858,180.226181,180.483414,1.000000,0.000000,0.000000,0.000000
30.000002,29.886559,180.226181,180.483414,1.000000,0.000000,0.000000,0.000000
30.000002,29.910820,180.226181,180.483414,1.000000,0.000000,0.000000,0.000000
30.000002,29.890657,180.226181,180.483414,1.000000,0.000000,0.000000,0.000000
30.000002,29.869728,180.226181,180.483414,1.000000,0.000000,0.000000,0.000000
30.000002,29.899973,180.226181,180.483414,1.000000,0.000000,0.000000,0.000000
30.000002,29.903442,180.226181,180.483414,1.000000,0.000000,0.000000,0.000000
30.000002,29.889236,180.226181,180.483414,1.000000,0.000000,0.000000,0.000000
30.000002,29.874210,180.226181,180.483414,1.000000,0.000000,0.000000,0.000000
30.000002,29.911366,180.226181,180.483414,1.000000,0.000000,0.000000,0.000000
30.000002,29.886723,180.226181,180.483414,1.000000,0.000000,0.000000,0.000000
30.000002,29.905956,180.226181,180.483414,1.000000,0.000000,0.000000,0.000000
30.000002,29.889729,180.226181,180.483414,1.000000,0.000000,0.000000,0.000000
30.000002,29.894619,180.226181,180.483414,1.000000,0.000000,0.000000,0.000000
30.000002,29.900438,180.226181,180.483414,1.000000,0.000000,0.000000,0.000000
30.000002,29.865084,180.226181,180.483414,1.000000,0.000000,0.000000,0.000000
30.000002,29.904755,180.226181,180.483414,1.000000,0.000000,0.000000,0.000000
30.000002,29.918442,180.226181,180.483414,1.000000,0.000000,0.000000,0.000000
30.000002,29.932894,180.226181,180.483414,1.000000,0.000000,0.000000,0.000000
30.000002,29.898935,180.226181,180.483414,1.000000,0.000000,0.000000,0.000000
30.000002,29.888334,180.226181,180.483414,1.000000,0.000000,0.000000,0.000000
30.000002,29.884701,180.226181,180.483414,1.000000,0.000000,0.000000,0.000000
30.000002,29.905956,180.226181,180.483414,1.000000,0.000000,0.000000,0.000000
30.000002,29.891258,180.226181,180.483414,1.000000,0.000000,0.000000,0.000000
30.000002,29.880247,180.226181,180.483414,1.000000,0.000000,0.000000,0.000000
30.000002,29.898962,180.226181,180.483414,1.000000,0.000000,0.000000,0.000000
30.000002,29.873909,180.226181,180.483414,1.000000,0.000000,0.000000,0.000000
30.000002,29.902431,180.226181,180.483414,1.000000,0.000000,0.000000,0.000000
30.000002,29.866997,180.226181,180.483414,1.000000,0.000000,0.000000,0.000000
30.000002,29.894810,180.226181,180.483414,1.000000,0.000000,0.000000,0.000000
30.000002,29.887514,180.226181,180.483414,1.000000,0.000000,0.000000,0.000000
30.000002,29.905710,180.226181,180.483414,1.000000,0.000000,0.000000,0.000000
30.000002,29.900520,180.226181,180.483414,1.000000,0.000000,0.000000,0.000000
30.000002,29.900793,180.226181,180.483414,1.000000,0.000000,0.000000,0.000000
30.000002,29.896641,180.226181,180.483414,1.000000,0.000000,0.000000,0.000000
30.000002,29.887897,180.226181,180.483414,1.000000,0.000000,0.000000,0.000000
30.000002,29.866205,180.226181,180.483414,1.000000,0.000000,0.000000,0.000000
30.000002,29.900219,180.226181,180.483414,1.000000,0.000000,0.000000,0.000000
30.000002,29.888580,180.226181,180.483414,1.000000,0.000000,0.000000,0.000000
30.000002,29.884756,180.226181,180.483414,1.000000,0.000000,0.000000,0.000000
30.000002,29.900137,180.226181,180.483414,1.000000,0.000000,0.000000,0.000000
30.000002,29.888580,180.226181,180.483414,1.000000,0.000000,0.000000,0.000000
30.000002,29.916365,180.226181,180.483414,1.000000,0.000000,0.000000,0.000000
30.000002,29.920654,180.226181,180.483414,1.000000,0.000000,0.000000,0.000000
30.000002,29.894180,180.226181,180.483414,1.000000,0.000000,0.000000,0.000000
30.000002,29.909016,180.226181,180.483414,1.000000,0.000000,0.000000,0.000000
30.000002,29.908415,180.226181,180.483414,1.000000,0.000000,0.000000,0.000000
30.000002,29.894482,180.226181,180.483414,1.000000,0.000000,0.000000,0.000000
30.000002,29.914181,180.226181,180.483414,1.000000,0.000000,0.000000,0.000000
30.000002,29.894646,180.226181,180.483414,1.000000,0.000000,0.000000,0.000000
30.000002,29.895601,180.226181,180.483414,1.000000,0.000000,0.000000,0.000000
30.000002,29.891312,180.226181,180.483414,1.000000,0.000000,0.000000,0.000000
30.000002,29.911257,180.226181,180.483414,1.000000,0.000000,0.000000,0.000000
30.000002,29.892296,180.226181,180.483414,1.000000,0.000000,0.000000,0.000000
30.000002,29.893963,180.226181,180.483414,1.000000,0.000000,0.000000,0.000000
30.000002,29.910683,180.226181,180.483414,1.000000,0.000000,0.000000,0.000000
30.000002,29.890629,180.226181,180.483414,1.000000,0.000000,0.000000,0.000000
30.000002,29.869728,180.226181,180.483414,1.000000,0.000000,0.000000,0.000000
30.000002,29.921556,180.226181,180.483414,1.000000,0.000000,0.000000,0.000000
30.000002,29.917103,180.226181,180.483414,1.000000,0.000000,0.000000,0.000000
30.000002,29.891914,180.226181,180.483414,1.000000,0.000000,0.000000,0.000000
30.000002,29.874729,180.226181,180.483414,1.000000,0.000000,0.000000,0.000000
30.000002,29.900000,180.226181,180.483414,1.000000,0.000000,0.000000,0.000000
30.000002,29.877188,180.226181,180.483414,1.000000,0.000000,0.000000,0.000000
30.000002,29.900875,180.226181,180.483414,1.000000,0.000000,0.000000,0.000000
30.000002,29.916256,180.226181,180.483414,1.000000,0.000000,0.000000,0.000000
30.000002,29.889482,180.226181,180.483414,1.000000,0.000000,0.000000,0.000000
30.000002,29.923414,180.226181,180.483414,1.000000,0.000000,0.000000,0.000000
30.000002,29.893169,180.226181,180.483414,1.000000,0.000000,0.000000,0.000000
30.000002,29.893717,180.226181,180.483414,1.000000,0.000000,0.000000,0.000000
30.000002,29.898170,180.226181,180.483414,1.000000,0.000000,0.000000,0.000000
30.000002,29.888170,180.226181,180.483414,1.000000,0.000000,0.000000,0.000000
30.000002,29.891449,180.226181,180.483414,1.000000,0.000000,0.000000,0.000000
30.000002,29.877815,180.226181,180.483414,1.000000,0.000000,0.000000,0.000000
30.000002,29.916775,180.226181,180.483414,1.000000,0.000000,0.000000,0.000000
30.000002,29.895164,180.226181,180.483414,1.000000,0.000000,0.000000,0.000000
30.000002,29.876232,180.226181,180.483414,1.000000,0.000000,0.000000,0.000000
30.000002,29.900684,180.226181,180.483414,1.000000,0.000000,0.000000,0.000000
30.000002,29.909153,180.226181,180.483414,1.000000,0.000000,0.000000,0.000000
30.000002,29.889208,180.226181,180.483414,1.000000,0.000000,0.000000,0.000000
30.000002,29.934233,180.226181,180.483414,1.000000,0.000000,0.000000,0.000000
30.000002,29.901585,180.226181,180.483414,1.000000,0.000000,0.000000,0.000000
30.000002,29.905437,180.226181,180.483414,1.000000,0.000000,0.000000,0.000000
30.000002,29.901995,180.226181,180.483414,1.000000,0.000000,0.000000,0.000000
30.000002,29.874510,180.226181,180.483414,1.000000,0.000000,0.000000,0.000000
30.000002,29.901857,180.226181,180.483414,1.000000,0.000000,0.000000,0.000000
30.000002,29.888853,180.226181,180.483414,1.000000,0.000000,0.000000,0.000000
30.000002,29.902241,180.226181,180.483414,1.000000,0.000000,0.000000,0.000000
30.000002,29.872734,180.226181,180.483414,1.000000,0.000000,0.000000,0.000000
30.000002,29.904482,180.226181,180.483414,1.000000,0.000000,0.000000,0.000000
30.000002,29.883116,180.226181,180.483414,1.000000,0.000000,0.000000,0.000000
30.000002,29.899481,180.226181,180.483414,1.000000,0.000000,0.000000,0.000000
30.000002,29.872189,180.226181,180.483414,1.000000,0.000000,0.000000,0.000000
30.000002,29.913879,180.226181,180.483414,1.000000,0.000000,0.000000,0.000000
30.000002,29.894754,180.226181,180.483414,1.000000,0.000000,0.000000,0.000000
30.000002,29.887514,180.226181,180.483414,1.000000,0.000000,0.000000,0.000000
30.000002,29.865084,180.226181,180.483414,1.000000,0.000000,0.000000,0.000000
30.000002,29.903006,180.226181,180.483414,1.000000,0.000000,0.000000,0.000000
30.000002,29.882542,180.226181,180.483414,1.000000,0.000000,0.000000,0.000000
30.000002,29.911638,180.226181,180.483414,1.000000,0.000000,0.000000,0.000000
30.000002,29.894836,180.226181,180.483414,1.000000,0.000000,0.000000,0.000000
30.000002,29.902214,180.226181,180.483414,1.000000,0.000000,0.000000,0.000000
30.000002,29.896284,180.226181,180.483414,1.000000,0.000000,0.000000,0.000000
30.000002,29.898663,180.226181,180.483414,1.000000,0.000000,0.000000,0.000000
30.000002,29.900438,180.226181,180.483414,1.000000,0.000000,0.000000,0.000000
30.000002,29.870932,180.226181,180.483414,1.000000,0.000000,0.000000,0.000000
30.000002,29.939671,180.226181,180.483414,1.000000,0.000000,0.000000,0.000000
30.000002,29.931610,180.226181,180.483414,1.000000,0.000000,0.000000,0.000000
30.000002,29.926584,180.226181,180.483414,1.000000,0.000000,0.000000,0.000000
30.000002,29.897104,180.226181,180.483414,1.000000,0.000000,0.000000,0.000000
30.000002,29.893251,180.226181,180.483414,1.000000,0.000000,0.000000,0.000000
30.000002,29.891504,180.226181,180.483414,1.000000,0.000000,0.000000,0.000000
30.000002,29.902815,180.226181,180.483414,1.000000,0.000000,0.000000,0.000000
60.000004,29.889509,180.226181,180.483414,1.000000,0.000000,0.000000,0.000000
60.000004,30.032261,180.226181,180.483414,1.000000,0.000000,0.000000,0.000000
60.000004,30.474447,180.226181,180.483414,1.000000,0.000000,0.000000,0.000000
60.000004,31.110582,180.226181,180.489883,1.000000,0.000000,0.000000,-3.000000
60.000004,31.881794,180.226181,180.526657,1.000000,0.000000,0.000000,0.000000
60.000004,32.790890,180.226181,180.565598,1.000000,0.000000,0.000000,0.000000
60.000004,33.817360,180.226181,180.571274,1.000000,0.000000,0.000000,0.000000
60.000004,34.981144,180.226181,180.609543,1.000000,0.000000,0.000000,0.000000
60.000004,36.354828,180.226181,180.615219,1.000000,0.000000,0.000000,0.000000
60.000004,37.830753,180.226181,180.602844,1.000000,0.000000,0.000000,0.000000
60.000004,39.199001,180.226181,180.571487,1.000000,0.000000,0.000000,0.000000
60.000004,40.896496,180.226181,180.571304,1.000000,0.000000,0.000000,0.000000
60.000004,42.948311,180.226181,180.527618,1.000000,0.000000,0.000000,0.000000
60.000004,44.986603,180.226181,180.527359,1.000000,0.000000,0.000000,0.000000
60.000004,47.114616,180.226181,180.527359,1.000000,0.000000,0.000000,0.000000
60.000004,49.329514,180.226181,180.527359,1.000000,0.000000,0.000000,0.000000
60.000004,51.652294,180.226181,180.484665,1.000000,0.000000,0.000000,0.000000
60.000004,54.024693,180.226181,180.483414,1.000000,0.000000,0.000000,0.000000
60.000004,56.648769,180.226181,180.483414,1.000000,0.000000,0.000000,0.000000
60.000004,59.831966,180.226181,180.483414,1.000000,0.000000,0.000000,0.000000
60.000004,62.574532,180.226181,180.483414,1.000000,0.000000,-5.000000,0.000000
60.000004,64.743477,180.226181,180.440689,1.000000,0.000000,-7.000000,0.000000
60.000004,66.538307,180.226181,180.395782,1.000000,0.000000,6.000000,0.000000
60.000004,68.046387,180.226181,180.292542,1.000000,0.000000,4.000000,0.000000
60.000004,69.266235,180.226181,180.263855,1.000000,0.000000,-5.000000,-3.000000
60.000004,70.263519,180.226181,180.220184,1.000000,0.000000,-5.000000,0.000000
60.000004,70.998810,180.226181,180.194595,1.000000,0.000000,2.000000,0.000000
60.000004,71.278519,180.226181,180.201996,1.000000,0.000000,2.000000,0.000000
60.000004,71.121475,180.226181,180.177322,1.000000,0.000000,-3.000000,0.000000
60.000004,70.764038,180.226181,180.219299,1.000000,0.000000,-3.000000,0.000000
60.000004,70.300491,180.226181,180.219727,1.000000,0.000000,0.000000,0.000000
60.000004,69.630798,180.226181,180.219727,1.000000,0.000000,2.000000,0.000000
60.000004,68.838799,180.226181,180.219727,1.000000,0.000000,0.000000,0.000000
60.000004,67.944565,180.226181,180.219727,1.000000,0.000000,0.000000,0.000000
60.000004,66.932167,180.226181,180.258804,1.000000,0.000000,0.000000,0.000000
60.000004,65.789421,180.226181,180.263657,1.000000,0.000000,0.000000,0.000000
60.000004,64.581596,180.226181,180.263672,1.000000,0.000000,0.000000,0.000000
60.000004,63.351124,180.226181,180.302078,1.000000,0.000000,0.000000,0.000000
60.000004,62.179558,180.226181,180.301346,1.000000,0.000000,0.000000,0.000000
60.000004,61.072903,180.226181,180.307587,1.000000,0.000000,0.000000,0.000000
60.000004,59.818195,180.226181,180.307617,1.000000,0.000000,0.000000,-3.000000
60.000004,58.924835,180.226181,180.307617,1.000000,0.000000,0.000000,0.000000
60.000004,58.414619,180.226181,180.307617,1.000000,0.000000,0.000000,0.000000
60.000004,58.110157,180.226181,180.351135,1.000000,0.000000,0.000000,0.000000
60.000004,57.987514,180.226181,180.386017,1.000000,0.000000,0.000000,0.000000
60.000004,58.097069,180.226181,180.466309,1.000000,0.000000,0.000000,0.000000
60.000004,58.428963,180.226181,180.511429,1.000000,0.000000,0.000000,0.000000
60.000004,58.912186,180.226181,180.526764,1.000000,0.000000,0.000000,0.000000
60.000004,59.456059,180.226181,180.570541,1.000000,0.000000,0.000000,0.000000
60.000004,60.488865,180.226181,180.648468,1.000000,0.000000,0.000000,0.000000
60.000004,61.305893,180.226181,180.659119,1.000000,0.000000,0.000000,0.000000
60.000004,61.995716,180.226181,180.615982,1.000000,0.000000,0.000000,0.000000
60.000004,62.646549,180.226181,180.572235,1.000000,0.000000,0.000000,0.000000
60.000004,63.179741,180.226181,180.511841,1.000000,0.000000,0.000000,0.000000
60.000004,63.512947,180.226181,180.518036,1.000000,0.000000,0.000000,-3.000000
60.000004,63.739601,180.226181,180.485397,1.000000,0.000000,0.000000,0.000000
60.000004,63.860001,180.226181,180.462738,1.000000,0.000000,0.000000,0.000000
60.000004,63.828636,180.226181,180.439606,1.000000,0.000000,0.000000,0.000000
60.000004,63.645836,180.226181,180.439468,1.000000,0.000000,0.000000,0.000000
60.000004,63.353748,180.226181,180.438965,1.000000,0.000000,0.000000,0.000000
60.000004,63.036034,180.226181,180.397079,1.000000,0.000000,0.000000,0.000000
60.000004,62.690510,180.226181,180.395523,1.000000,0.000000,0.000000,0.000000
60.000004,62.289631,180.226181,180.395523,1.000000,0.000000,0.000000,0.000000
60.000004,61.888535,180.226181,180.395523,1.000000,0.000000,0.000000,0.000000
60.000004,61.490635,180.226181,180.395523,1.000000,0.000000,0.000000,0.000000
60.000004,61.098637,180.226181,180.395523,1.000000,0.000000,0.000000,0.000000
60.000004,60.710136,180.226181,180.395523,1.000000,0.000000,0.000000,0.000000
60.000004,60.322674,180.226181,180.429962,1.000000,0.000000,0.000000,0.000000
60.000004,59.824043,180.226181,180.439407,1.000000,0.000000,0.000000,0.000000
60.000004,59.510838,180.226181,180.439453,1.000000,0.000000,0.000000,0.000000
60.000004,59.592064,180.226181,180.481354,1.000000,0.000000,0.000000,0.000000
60.000004,60.101868,180.226181,180.515320,1.000000,0.000000,0.000000,0.000000
60.000004,60.501434,180.226181,180.570496,1.000000,0.000000,0.000000,0.000000
60.000004,60.583424,180.226181,180.543167,1.000000,0.000000,0.000000,0.000000
60.000004,60.584763,180.226181,180.570938,1.000000,0.000000,0.000000,0.000000
60.000004,60.598312,180.226181,180.553711,1.000000,0.000000,0.000000,0.000000
60.000004,60.602493,180.226181,180.509933,1.000000,0.000000,0.000000,0.000000
60.000004,60.627766,180.226181,180.483566,1.000000,0.000000,0.000000,0.000000
60.000004,60.744041,180.226181,180.485199,1.000000,0.000000,0.000000,0.000000
60.000004,60.874908,180.226181,180.440704,1.000000,0.000000,0.000000,0.000000
60.000004,60.901302,180.226181,180.439468,1.000000,0.000000,0.000000,0.000000
60.000004,60.800514,180.226181,180.439468,1.000000,0.000000,0.000000,0.000000
60.000004,60.586567,180.226181,180.439468,1.000000,0.000000,0.000000,0.000000
60.000004,60.347046,180.226181,180.441132,1.000000,0.000000,0.000000,0.000000
60.000004,60.095039,180.226181,180.473923,1.000000,0.000000,0.000000,0.000000
60.000004,59.944118,180.226181,180.440781,1.000000,0.000000,0.000000,0.000000
60.000004,59.664410,180.226181,180.411346,1.000000,0.000000,0.000000,0.000000
60.000004,59.825027,180.226181,180.395615,1.000000,0.000000,0.000000,-3.000000
60.000004,60.429390,180.226181,180.437408,1.000000,0.000000,0.000000,0.000000
60.000004,60.679184,180.226181,180.439453,1.000000,0.000000,0.000000,0.000000
60.000004,60.672409,180.226181,180.439453,1.000000,0.000000,0.000000,0.000000
60.000004,60.606674,180.226181,180.498932,1.000000,0.000000,0.000000,0.000000
60.000004,60.568806,180.226181,180.527176,1.000000,0.000000,0.000000,0.000000
60.000004,60.591236,180.226181,180.527344,1.000000,0.000000,0.000000,0.000000
60.000004,60.601101,180.226181,180.527344,1.000000,0.000000,0.000000,0.000000
60.000004,60.667572,180.226181,180.483841,1.000000,0.000000,0.000000,-3.000000
60.000004,60.721966,180.226181,180.483414,1.000000,0.000000,0.000000,0.000000
60.000004,60.683746,180.226181,180.483414,1.000000,0.000000,0.000000,0.000000
60.000004,60.558727,180.226181,180.483414,1.000000,0.000000,0.000000,0.000000
60.000004,60.336254,180.226181,180.483414,1.000000,0.000000,0.000000,0.000000
60.000004,60.092934,180.226181,180.483414,1.000000,0.000000,0.000000,0.000000
60.000004,59.855160,180.226181,180.483414,1.000000,0.000000,0.000000,0.000000
60.000004,59.683941,180.226181,180.483414,1.000000,0.000000,0.000000,0.000000
60.000004,60.157467,180.226181,180.468323,1.000000,0.000000,0.000000,0.000000
60.000004,60.585419,180.226181,180.483307,1.000000,0.000000,0.000000,0.000000
60.000004,60.684811,180.226181,180.483398,1.000000,0.000000,0.000000,0.000000
60.000004,60.648090,180.226181,180.483398,1.000000,0.000000,0.000000,0.000000
60.000004,60.613804,180.226181,180.483398,1.000000,0.000000,0.000000,0.000000
60.000004,60.582195,180.226181,180.483398,1.000000,0.000000,0.000000,0.000000
60.000004,60.557415,180.226181,180.483398,1.000000,0.000000,0.000000,0.000000
60.000004,60.552197,180.226181,180.483398,1.000000,0.000000,0.000000,0.000000
60.000004,60.597439,180.226181,180.483398,1.000000,0.000000,0.000000,0.000000
60.000004,60.610226,180.226181,180.483398,1.000000,0.000000,0.000000,0.000000
60.000004,60.551430,180.226181,180.483398,1.000000,0.000000,0.000000,0.000000
60.000004,60.388737,180.226181,180.483398,1.000000,0.000000,0.000000,0.000000
60.000004,60.193283,180.226181,180.483887,1.000000,0.000000,0.000000,0.000000
60.000004,59.990562,180.226181,180.483414,1.000000,0.000000,0.000000,0.000000
60.000004,59.693314,180.226181,180.483414,1.000000,0.000000,0.000000,0.000000
60.000004,59.791286,180.226181,180.483414,1.000000,0.000000,0.000000,0.000000
60.000004,60.410263,180.226181,180.483414,1.000000,0.000000,0.000000,0.000000
60.000004,60.687653,180.226181,180.483414,1.000000,0.000000,0.000000,0.000000
60.000004,60.703033,180.226181,180.483414,1.000000,0.000000,-3.000000,0.000000
60.000004,60.664677,180.226181,180.483414,1.000000,0.000000,0.000000,0.000000
60.000004,60.650826,180.226181,180.483414,1.000000,0.000000,0.000000,0.000000
60.000004,60.628231,180.226181,180.483414,1.000000,0.000000,0.000000,0.000000
60.000004,60.608368,180.226181,180.483414,1.000000,0.000000,0.000000,0.000000
60.000004,60.672188,180.226181,180.483414,1.000000,0.000000,0.000000,0.000000
60.000004,60.742676,180.226181,180.483414,1.000000,0.000000,0.000000,0.000000
60.000004,60.700165,180.226181,180.483414,1.000000,0.000000,0.000000,0.000000
60.000004,60.567524,180.226181,180.483414,1.000000,0.000000,0.000000,0.000000
60.000004,60.369831,180.226181,180.483414,1.000000,0.000000,0.000000,0.000000
60.000004,60.139107,180.226181,180.483414,1.000000,0.000000,0.000000,0.000000
60.000004,59.949364,180.226181,180.483414,1.000000,0.000000,0.000000,0.000000
60.000004,59.673943,180.226181,180.483414,1.000000,0.000000,0.000000,0.000000
60.000004,59.980453,180.226181,180.483414,1.000000,0.000000,0.000000,0.000000
60.000004,60.526405,180.226181,180.483414,1.000000,0.000000,0.000000,0.000000
60.000004,60.727978,180.226181,180.483414,1.000000,0.000000,0.000000,0.000000
60.000004,60.699921,180.226181,180.483414,1.000000,0.000000,0.000000,0.000000
60.000004,60.634430,180.226181,180.521652,1.000000,0.000000,0.000000,0.000000
60.000004,60.609623,180.226181,180.484604,1.000000,0.000000,0.000000,0.000000
60.000004,60.604679,180.226181,180.517868,1.000000,0.000000,0.000000,0.000000
60.000004,60.603722,180.226181,180.484085,1.000000,0.000000,0.000000,0.000000
60.000004,60.681206,180.226181,180.483414,1.000000,0.000000,0.000000,0.000000
60.000004,60.724670,180.226181,180.483414,1.000000,0.000000,0.000000,0.000000
60.000004,60.660358,180.226181,180.483414,1.000000,0.000000,0.000000,0.000000
60.000004,60.515560,180.226181,180.483414,1.000000,0.000000,0.000000,0.000000
60.000004,60.298084,180.226181,180.483414,1.000000,0.000000,0.000000,0.000000
60.000004,60.075886,180.226181,180.483414,1.000000,0.000000,0.000000,0.000000
60.000004,59.886444,180.226181,180.483414,1.000000,0.000000,0.000000,0.000000
60.000004,59.672222,180.226181,180.483414,1.000000,0.000000,0.000000,0.000000
60.000004,60.060448,180.226181,180.457779,1.000000,0.000000,0.000000,0.000000
60.000004,60.586567,180.226181,180.483261,1.000000,0.000000,0.000000,0.000000
60.000004,60.734753,180.226181,180.472855,1.000000,0.000000,0.000000,0.000000
60.000004,60.684345,180.226181,180.483337,1.000000,0.000000,0.000000,0.000000
60.000004,60.628174,180.226181,180.521652,1.000000,0.000000,0.000000,0.000000
60.000004,60.608368,180.226181,180.484116,1.000000,0.000000,0.000000,0.000000
60.000004,60.604462,180.226181,180.500275,1.000000,0.000000,0.000000,0.000000
60.000004,60.610279,180.226181,180.483521,1.000000,0.000000,0.000000,0.000000
60.000004,60.693115,180.226181,180.483414,1.000000,0.000000,0.000000,0.000000
60.000004,60.703087,180.226181,180.483414,1.000000,0.000000,0.000000,0.000000
60.000004,60.627354,180.226181,180.483414,1.000000,0.000000,0.000000,0.000000
60.000004,60.455673,180.226181,180.483414,1.000000,0.000000,0.000000,0.000000
60.000004,60.232132,180.226181,180.483414,1.000000,0.000000,0.000000,0.000000
60.000004,60.010071,180.226181,180.483414,1.000000,0.000000,0.000000,0.000000
60.000004,59.714157,180.226181,180.483414,1.000000,0.000000,0.000000,0.000000
60.000004,59.716125,180.226181,180.483414,1.000000,0.000000,0.000000,0.000000
60.000004,60.323605,180.226181,180.483414,1.000000,0.000000,0.000000,0.000000
60.000004,60.651096,180.226181,180.483414,1.000000,0.000000,0.000000,0.000000
60.000004,60.704292,180.226181,180.483414,1.000000,0.000000,0.000000,0.000000
60.000004,60.672600,180.226181,180.483414,1.000000,0.000000,0.000000,0.000000
60.000004,60.632000,180.226181,180.486084,1.000000,0.000000,0.000000,0.000000
60.000004,60.609131,180.226181,180.483414,1.000000,0.000000,0.000000,0.000000
60.000004,60.604626,180.226181,180.483414,1.000000,0.000000,0.000000,0.000000
60.000004,60.648037,180.226181,180.483414,1.000000,0.000000,0.000000,0.000000
60.000004,60.718143,180.226181,180.483414,1.000000,0.000000,0.000000,0.000000
60.000004,60.695492,180.226181,180.483414,1.000000,0.000000,0.000000,0.000000
60.000004,60.579899,180.226181,180.483414,1.000000,0.000000,0.000000,0.000000
60.000004,60.382698,180.226181,180.483414,1.000000,0.000000,0.000000,0.000000
60.000004,60.156399,180.226181,180.483414,1.000000,0.000000,0.000000,0.000000
60.000004,59.979305,180.226181,180.483414,1.000000,0.000000,0.000000,0.000000
60.000004,59.750004,180.226181,180.483414,1.000000,0.000000,0.000000,0.000000
60.000004,59.704514,180.226181,180.483414,1.000000,0.000000,0.000000,0.000000
60.000004,60.300762,180.226181,180.482040,1.000000,0.000000,0.000000,0.000000
60.000004,60.683117,180.226181,180.483398,1.000000,0.000000,0.000000,0.000000
60.000004,60.753960,180.226181,180.483398,1.000000,0.000000,0.000000,0.000000
60.000004,60.707024,180.226181,180.483398,1.000000,0.000000,0.000000,0.000000
60.000004,60.659184,180.226181,180.498962,1.000000,0.000000,0.000000,0.000000
60.000004,60.649731,180.226181,180.483505,1.000000,0.000000,0.000000,0.000000
60.000004,60.647873,180.226181,180.488831,1.000000,0.000000,0.000000,0.000000
60.000004,60.700520,180.226181,180.483429,1.000000,0.000000,0.000000,0.000000
60.000004,60.763794,180.226181,180.483414,1.000000,0.000000,0.000000,0.000000
60.000004,60.764042,180.226181,180.483414,1.000000,0.000000,0.000000,0.000000
60.000004,60.652245,180.226181,180.483414,1.000000,0.000000,0.000000,0.000000
60.000004,60.449963,180.226181,180.483414,1.000000,0.000000,0.000000,0.000000
60.000004,60.224400,180.226181,180.483414,1.000000,0.000000,0.000000,0.000000
60.000004,60.008759,180.226181,180.483414,1.000000,0.000000,0.000000,0.000000
60.000004,59.902946,180.226181,180.483414,1.000000,0.000000,0.000000,0.000000
60.000004,59.662224,180.226181,180.455292,1.000000,0.000000,0.000000,0.000000
60.000004,60.001217,180.226181,180.439560,1.000000,0.000000,0.000000,0.000000
60.000004,60.514519,180.226181,180.483154,1.000000,0.000000,0.000000,0.000000
60.000004,60.685276,180.226181,180.475143,1.000000,0.000000,0.000000,0.000000
60.000004,60.624241,180.226181,180.483353,1.000000,0.000000,0.000000,0.000000
60.000004,60.572277,180.226181,180.523941,1.000000,0.000000,0.000000,0.000000
60.000004,60.546925,180.226181,180.501709,1.000000,0.000000,0.000000,0.000000
60.000004,60.553425,180.226181,180.502838,1.000000,0.000000,0.000000,0.000000
60.000004,60.558369,180.226181,180.483521,1.000000,0.000000,0.000000,0.000000
60.000004,60.611591,180.226181,180.483414,1.000000,0.000000,0.000000,0.000000
60.000004,60.628174,180.226181,180.483414,1.000000,0.000000,0.000000,0.000000
60.000004,60.587330,180.226181,180.483414,1.000000,0.000000,0.000000,0.000000
60.000004,60.428734,180.226181,180.483414,1.000000,0.000000,0.000000,0.000000
60.000004,60.214100,180.226181,180.483414,1.000000,0.000000,0.000000,0.000000
60.000004,60.003048,180.226181,180.483414,1.000000,0.000000,0.000000,0.000000
60.000004,59.776833,180.226181,180.483414,1.000000,0.000000,0.000000,0.000000
60.000004,59.717876,180.226181,180.483414,1.000000,0.000000,0.000000,0.000000
60.000004,60.305382,180.226181,180.483414,1.000000,0.000000,0.000000,0.000000
60.000004,60.639431,180.226181,180.483414,1.000000,0.000000,0.000000,0.000000
60.000004,60.703770,180.226181,180.483414,1.000000,0.000000,0.000000,0.000000
60.000004,60.675961,180.226181,180.483414,1.000000,0.000000,0.000000,0.000000
60.000004,60.632656,180.226181,180.491669,1.000000,0.000000,0.000000,0.000000
60.000004,60.609241,180.226181,180.483459,1.000000,0.000000,0.000000,0.000000
60.000004,60.604626,180.226181,180.483414,1.000000,0.000000,0.000000,0.000000
60.000004,60.631317,180.226181,180.483414,1.000000,0.000000,0.000000,0.000000
60.000004,60.711529,180.226181,180.483414,1.000000,0.000000,0.000000,0.000000
60.000004,60.692104,180.226181,180.483414,1.000000,0.000000,0.000000,0.000000
60.000004,60.596676,180.226181,180.483414,1.000000,0.000000,0.000000,0.000000
60.000004,60.407341,180.226181,180.483414,1.000000,0.000000,0.000000,0.000000
60.000004,60.200577,180.226181,180.483414,1.000000,0.000000,0.000000,0.000000
60.000004,59.998867,180.226181,180.483414,1.000000,0.000000,0.000000,0.000000
60.000004,59.718338,180.226181,180.483414,1.000000,0.000000,0.000000,0.000000
60.000004,59.791012,180.226181,180.483414,1.000000,0.000000,0.000000,0.000000
60.000004,60.383572,180.226181,180.481796,1.000000,0.000000,0.000000,0.000000
60.000004,60.645332,180.226181,180.483398,1.000000,0.000000,0.000000,-3.000000
60.000004,60.668690,180.226181,180.483398,1.000000,0.000000,0.000000,0.000000
60.000004,60.616318,180.226181,180.483398,1.000000,0.000000,0.000000,0.000000
60.000004,60.591946,180.226181,180.488663,1.000000,0.000000,0.000000,0.000000
60.000004,60.585007,180.226181,180.483429,1.000000,0.000000,0.000000,0.000000
60.000004,60.564545,180.226181,180.486084,1.000000,0.000000,0.000000,0.000000
60.000004,60.612793,180.226181,180.483414,1.000000,0.000000,0.000000,0.000000
60.000004,60.675930,180.226181,180.483414,1.000000,0.000000,0.000000,0.000000
60.000004,60.644894,180.226181,180.483414,1.000000,0.000000,0.000000,0.000000
60.000004,60.548588,180.226181,180.483414,1.000000,0.000000,0.000000,0.000000
60.000004,60.353054,180.226181,180.483414,1.000000,0.000000,0.000000,0.000000
60.000004,60.135799,180.226181,180.483414,1.000000,0.000000,0.000000,0.000000
60.000004,59.960892,180.226181,180.483414,1.000000,0.000000,0.000000,0.000000
60.000004,59.711399,180.226181,180.483414,1.000000,0.000000,0.000000,0.000000
60.000004,59.779209,180.226181,180.455292,1.000000,0.000000,0.000000,0.000000
60.000004,60.391987,180.226181,180.480072,1.000000,0.000000,0.000000,0.000000
60.000004,60.665741,180.226181,180.483398,1.000000,0.000000,0.000000,0.000000
60.000004,60.682053,180.226181,180.482910,1.000000,0.000000,0.000000,0.000000
60.000004,60.622272,180.226181,180.483398,1.000000,0.000000,0.000000,0.000000
60.000004,60.607193,180.226181,180.488663,1.000000,0.000000,0.000000,0.000000
60.000004,60.604214,180.226181,180.483429,1.000000,0.000000,0.000000,0.000000
60.000004,60.603642,180.226181,180.483414,1.000000,0.000000,0.000000,0.000000
60.000004,60.634594,180.226181,180.483414,1.000000,0.000000,0.000000,0.000000
60.000004,60.707569,180.226181,180.483414,1.000000,0.000000,0.000000,0.000000
60.000004,60.662106,180.226181,180.483414,1.000000,0.000000,0.000000,0.000000
60.000004,60.551979,180.226181,180.483414,1.000000,0.000000,0.000000,0.000000
60.000004,60.347126,180.226181,180.483414,1.000000,0.000000,0.000000,0.000000
60.000004,60.120827,180.226181,180.483414,1.000000,0.000000,0.000000,0.000000
60.000004,59.957943,180.226181,180.483414,1.000000,0.000000,0.000000,0.000000
60.000004,59.699131,180.226181,180.483414,1.000000,0.000000,0.000000,0.000000
60.000004,59.843086,180.226181,180.455292,1.000000,0.000000,0.000000,0.000000
60.000004,60.422558,180.226181,180.481461,1.000000,0.000000,0.000000,0.000000
60.000004,60.670441,180.226181,180.483398,1.000000,0.000000,0.000000,0.000000
60.000004,60.657379,180.226181,180.483398,1.000000,0.000000,0.000000,0.000000
60.000004,60.614105,180.226181,180.500977,1.000000,0.000000,0.000000,0.000000
60.000004,60.571812,180.226181,180.485306,1.000000,0.000000,0.000000,0.000000
60.000004,60.564079,180.226181,180.483414,1.000000,0.000000,0.000000,0.000000
60.000004,60.567059,180.226181,180.483704,1.000000,0.000000,0.000000,0.000000
60.000004,60.613285,180.226181,180.483414,1.000000,0.000000,0.000000,0.000000
60.000004,60.662300,180.226181,180.483414,1.000000,0.000000,0.000000,0.000000
60.000004,60.625935,180.226181,180.483414,1.000000,0.000000,0.000000,0.000000
60.000004,60.513565,180.226181,180.483414,1.000000,0.000000,0.000000,0.000000
60.000004,60.301144,180.226181,180.483414,1.000000,0.000000,0.000000,0.000000
60.000004,60.079411,180.226181,180.483414,1.000000,0.000000,0.000000,0.000000
60.000004,59.943573,180.226181,180.483414,1.000000,0.000000,0.000000,0.000000
60.000004,59.677193,180.226181,180.483414,1.000000,0.000000,0.000000,0.000000
60.000004,59.908165,180.226181,180.445160,1.000000,0.000000,0.000000,0.000000
60.000004,60.479385,180.226181,180.483002,1.000000,0.000000,0.000000,0.000000
60.000004,60.712322,180.226181,180.483398,1.000000,0.000000,0.000000,0.000000
60.000004,60.691204,180.226181,180.483398,1.000000,0.000000,0.000000,0.000000
60.000004,60.640415,180.226181,180.511520,1.000000,0.000000,0.000000,0.000000
60.000004,60.610771,180.226181,180.485367,1.000000,0.000000,0.000000,0.000000
60.000004,60.610527,180.226181,180.483414,1.000000,0.000000,0.000000,0.000000
60.000004,60.611481,180.226181,180.484192,1.000000,0.000000,0.000000,0.000000
60.000004,60.691833,180.226181,180.483414,1.000000,0.000000,0.000000,-3.000000
60.000004,60.726776,180.226181,180.483414,1.000000,0.000000,0.000000,0.000000
60.000004,60.689320,180.226181,180.483414,1.000000,0.000000,0.000000,0.000000
60.000004,60.559845,180.226181,180.483414,1.000000,0.000000,0.000000,0.000000
60.000004,60.348656,180.226181,180.483414,1.000000,0.000000,0.000000,0.000000
60.000004,60.111485,180.226181,180.483414,1.000000,0.000000,0.000000,0.000000
60.000004,59.954334,180.226181,180.483414,1.000000,0.000000,0.000000,0.000000
60.000004,59.864777,180.226181,180.483414,1.000000,0.000000,0.000000,0.000000
60.000004,59.671127,180.226181,180.483414,1.000000,0.000000,0.000000,0.000000
60.000004,60.103287,180.226181,180.477982,1.000000,0.000000,0.000000,0.000000
60.000004,60.568207,180.226181,180.483383,1.000000,0.000000,0.000000,0.000000
60.000004,60.690247,180.226181,180.482590,1.000000,0.000000,0.000000,0.000000
60.000004,60.613804,180.226181,180.483398,1.000000,0.000000,0.000000,0.000000
60.000004,60.572712,180.226181,180.525299,1.000000,0.000000,0.000000,0.000000
60.000004,60.562141,180.226181,180.522095,1.000000,0.000000,0.000000,0.000000
60.000004,60.593834,180.226181,180.483643,1.000000,0.000000,0.000000,0.000000
60.000004,60.601593,180.226181,180.483414,1.000000,0.000000,0.000000,0.000000
60.000004,60.664265,180.226181,180.483414,1.000000,0.000000,0.000000,0.000000
60.000004,60.677761,180.226181,180.483414,1.000000,0.000000,0.000000,0.000000
60.000004,60.611343,180.226181,180.483414,1.000000,0.000000,0.000000,0.000000
60.000004,60.435593,180.226181,180.483414,1.000000,0.000000,0.000000,0.000000
60.000004,60.221615,180.226181,180.483414,1.000000,0.000000,0.000000,0.000000
60.000004,60.024223,180.226181,180.483414,1.000000,0.000000,0.000000,0.000000
60.000004,59.926277,180.226181,180.483414,1.000000,0.000000,0.000000,0.000000
60.000004,59.704460,180.226181,180.483414,1.000000,0.000000,0.000000,0.000000
60.000004,59.730850,180.226181,180.441513,1.000000,0.000000,0.000000,0.000000
60.000004,60.397095,180.226181,180.482971,1.000000,0.000000,0.000000,0.000000
60.000004,60.720383,180.226181,180.483398,1.000000,0.000000,0.000000,0.000000
60.000004,60.737812,180.226181,180.483398,1.000000,0.000000,0.000000,0.000000
60.000004,60.659512,180.226181,180.511520,1.000000,0.000000,0.000000,0.000000
60.000004,60.641453,180.226181,180.527252,1.000000,0.000000,0.000000,0.000000
60.000004,60.665302,180.226181,180.486816,1.000000,0.000000,0.000000,0.000000
60.000004,60.681503,180.226181,180.486572,1.000000,0.000000,0.000000,0.000000
60.000004,60.717022,180.226181,180.483414,1.000000,0.000000,0.000000,0.000000
60.000004,60.767048,180.226181,180.483414,1.000000,0.000000,0.000000,0.000000
60.000004,60.749508,180.226181,180.483414,1.000000,0.000000,0.000000,0.000000
60.000004,60.626507,180.226181,180.483414,1.000000,0.000000,0.000000,0.000000
