I0,I1,I2,I3,I4,I5,I6,I7
0.000000,0.000000,0.000000,0.000000,0.000000,0.000000,0.000000,0.000000
418.877136,76.069344,-60.092529,76.069344,0.000000,0.000000,0.000000,0.000000
418.877136,76.069344,-60.090672,76.069344,0.000000,0.000000,0.000000,0.000000
418.877136,76.069344,-60.088821,76.069344,0.000000,0.000000,0.000000,0.000000
418.877136,76.069344,-60.087738,76.069344,0.000000,0.000000,0.000000,0.000000
418.877136,76.069344,-60.086533,76.069344,0.000000,0.000000,0.000000,0.000000
418.877136,76.069344,-60.084969,76.069344,0.000000,0.000000,0.000000,0.000000
418.877136,76.069344,-60.083015,76.069344,0.000000,0.000000,0.000000,0.000000
418.877136,76.069344,-60.081078,76.069344,0.000000,0.000000,0.000000,0.000000
418.877136,76.069344,-60.079136,76.069344,0.000000,0.000000,0.000000,0.000000
418.877136,76.069344,-60.077244,76.069344,0.000000,0.000000,0.000000,0.000000
418.877136,76.069344,-60.075314,76.069344,0.000000,0.000000,0.000000,0.000000
418.877136,76.069344,-60.073753,76.069344,0.000000,0.000000,0.000000,0.000000
418.877136,76.069344,-60.071789,76.069344,0.000000,0.000000,0.000000,0.000000
418.877136,76.069344,-60.070183,76.069344,0.000000,0.000000,0.000000,0.000000
418.877136,76.069344,-60.068665,76.069344,0.000000,0.000000,0.000000,0.000000
418.877136,76.069344,-60.067196,76.069344,0.000000,0.000000,0.000000,0.000000
418.877136,76.069344,-60.065701,76.069344,0.000000,0.000000,0.000000,0.000000
418.877136,76.069344,-60.063911,76.069344,0.000000,0.000000,0.000000,0.000000
418.877136,76.069344,-60.062477,76.069344,0.000000,0.000000,0.000000,0.000000
418.877136,76.069344,-60.060741,76.069344,0.000000,0.000000,0.000000,0.000000
418.877136,76.069344,-60.059097,76.069344,0.000000,0.000000,0.000000,0.000000
418.877136,76.069344,-60.057724,76.069344,0.000000,0.000000,0.000000,0.000000
418.877136,76.069344,-60.056248,76.069344,0.000000,0.000000,0.000000,0.000000
418.877136,76.069344,-60.054794,76.069344,0.000000,0.000000,0.000000,0.000000
418.877136,76.069344,-60.053066,76.069344,0.000000,0.000000,0.000000,0.000000
418.877136,76.069344,-60.051434,76.069344,0.000000,0.000000,0.000000,0.000000
418.877136,76.069344,-60.049789,76.069344,0.000000,0.000000,0.000000,0.000000
418.877136,76.069344,-60.048279,76.069344,0.000000,0.000000,0.000000,0.000000
418.877136,76.069344,-60.047382,76.069344,0.000000,0.000000,0.000000,0.000000
418.877136,76.069344,-60.046154,76.069344,0.000000,0.000000,0.000000,0.000000
418.877136,76.069344,-60.045532,76.069344,0.000000,0.000000,0.000000,0.000000
418.877136,76.069344,-60.043941,76.069344,0.000000,0.000000,0.000000,0.000000
418.877136,76.069344,-60.042412,76.069344,0.000000,0.000000,0.000000,0.000000
418.877136,76.069344,-60.040962,76.069344,0.000000,0.000000,0.000000,0.000000
418.877136,76.069344,-60.039345,76.069344,0.000000,0.000000,0.000000,0.000000
0.000000,230.361328,0.000000,230.361328,0.000000,0.000000,0.000000,0.000000
0.000000,230.361328,0.000042,230.361328,0.000000,0.000000,0.000000,0.000000
0.000000,230.361328,0.000282,230.361328,0.000000,0.000000,0.000000,0.000000
0.000000,230.361328,0.001375,230.361328,0.000000,0.000000,0.000000,0.000000
0.000000,230.361328,0.001986,230.361328,0.000000,0.000000,0.000000,0.000000
0.000000,230.361328,0.002706,230.361328,0.000000,0.000000,0.000000,0.000000
0.000000,230.361328,0.004413,230.361328,0.000000,0.000000,0.000000,0.000000
0.000000,230.361328,0.006707,230.361328,0.000000,0.000000,0.000000,0.000000
0.000000,230.361328,0.009074,230.361328,0.000000,0.000000,0.000000,0.000000
0.000000,230.361328,0.012394,230.361328,0.000000,0.000000,0.000000,0.000000
0.000000,230.361328,0.015398,230.361328,0.000000,0.000000,0.000000,0.000000
0.000000,230.361328,0.019511,230.361328,0.000000,0.000000,0.000000,0.000000
0.000000,230.361328,0.022970,230.361328,0.000000,0.000000,0.000000,0.000000
0.000000,230.361328,0.025482,230.361328,0.000000,0.000000,0.000000,0.000000
0.000000,230.361328,0.028484,230.361328,0.000000,0.000000,0.000000,0.000000
0.000000,230.361328,0.032204,230.361328,0.000000,0.000000,0.000000,0.000000
0.000000,230.361328,0.036130,230.361328,0.000000,0.000000,0.000000,0.000000
0.000000,230.361328,0.038990,230.361328,0.000000,0.000000,0.000000,0.000000
0.000000,230.361328,0.042346,230.361328,0.000000,0.000000,0.000000,0.000000
0.000000,230.361328,0.045470,230.361328,0.000000,0.000000,0.000000,0.000000
0.000000,230.361328,0.048137,230.361328,0.000000,0.000000,0.000000,0.000000
0.000000,230.361328,0.049364,230.361328,0.000000,0.000000,0.000000,0.000000
0.000000,230.361328,0.050322,230.361328,0.000000,0.000000,0.000000,0.000000
0.000000,230.361328,0.050612,230.361328,0.000000,0.000000,0.000000,0.000000
0.000000,230.361328,0.051849,230.361328,0.000000,0.000000,0.000000,0.000000
0.000000,230.361328,0.052705,230.361328,0.000000,0.000000,0.000000,0.000000
0.000000,230.361328,0.053491,230.361328,0.000000,0.000000,0.000000,0.000000
0.000000,230.361328,0.054265,230.361328,0.000000,0.000000,0.000000,0.000000
0.000000,230.361328,0.055169,230.361328,0.000000,0.000000,0.000000,0.000000
0.000000,230.361328,0.056113,230.361328,0.000000,0.000000,0.000000,0.000000
0.000000,230.361328,0.057071,230.361328,0.000000,0.000000,0.000000,0.000000
0.000000,230.361328,0.057918,230.361328,0.000000,0.000000,0.000000,0.000000
0.000000,230.361328,0.058856,230.361328,0.000000,0.000000,0.000000,0.000000
0.000000,230.361328,0.059929,230.361328,0.000000,0.000000,0.000000,0.000000
0.000000,230.361328,0.060970,230.361328,0.000000,0.000000,0.000000,0.000000
0.000000,230.361328,0.062087,230.361328,0.000000,0.000000,0.000000,0.000000
0.000000,230.361328,0.063457,230.361328,0.000000,0.000000,0.000000,0.000000
0.000000,230.361328,0.065080,230.361328,0.000000,0.000000,0.000000,0.000000
0.000000,230.361328,0.066851,230.361328,0.000000,0.000000,0.000000,0.000000
0.000000,230.361328,0.068506,230.361328,0.000000,0.000000,0.000000,0.000000
0.000000,230.361328,0.069716,230.361328,0.000000,0.000000,0.000000,0.000000
230.291031,230.361328,0.071143,230.310898,-19.925777,-0.747840,-20.168116,-2303.000000
230.291031,230.258240,0.072333,230.291031,1.606851,-15.796816,0.000000,653.000000
230.291031,230.315674,0.073584,230.291031,0.000000,8.884550,0.000000,-333.000000
230.291031,230.432770,0.075616,230.291031,0.000000,19.530365,0.000000,-733.000000
230.291031,230.419815,0.078092,230.291031,0.000000,-2.170792,0.000000,82.000000
230.291031,230.275589,0.080266,230.291031,0.000000,-20.604321,0.000000,773.000000
230.291031,230.261200,0.081423,230.291031,0.000000,-5.668714,0.000000,213.000000
230.291031,230.373322,0.084300,230.291031,0.000000,15.207892,0.000000,-571.000000
230.291031,230.402802,0.088386,230.291031,0.000000,8.233036,0.000000,-309.000000
230.291031,230.353073,0.092528,230.291031,0.000000,-8.849899,0.000000,332.000000
230.291031,230.262039,0.096480,230.291031,0.000000,-13.322845,0.000000,499.000000
230.291031,230.270264,0.100367,230.291031,0.000000,-1.021930,0.000000,38.000000
230.291031,230.365753,0.104621,230.291031,0.000000,14.402787,0.000000,-540.000000
230.291031,230.402206,0.108898,230.291031,0.000000,6.248895,0.000000,-234.000000
230.291031,230.318817,0.113042,230.291031,0.000000,-10.489997,0.000000,393.000000
230.291031,230.259399,0.115295,230.291031,0.000000,-10.772170,0.000000,404.000000
230.291031,230.270050,0.117400,230.291031,0.000000,0.665217,0.000000,-25.000000
230.291031,230.365753,0.121091,230.291031,0.000000,13.671978,0.000000,-513.000000
230.291031,230.402206,0.124406,230.291031,0.000000,6.440208,0.000000,-242.000000
230.291031,230.312485,0.125991,230.291031,0.000000,-10.902359,0.000000,409.000000
230.291031,230.265930,0.128428,230.291031,0.000000,-9.441765,0.000000,354.000000
230.291031,230.290451,0.130931,230.291031,0.000000,1.935453,0.000000,-73.000000
230.291031,230.371140,0.133137,230.291031,0.000000,12.943154,0.000000,-486.000000
230.291031,230.385040,0.134900,230.291031,0.000000,4.198882,0.000000,-158.000000
230.291031,230.311172,0.136426,230.291031,0.000000,-11.078411,0.000000,415.000000
230.291031,230.276367,0.137894,230.291031,0.000000,-7.997253,0.000000,300.000000
230.291031,230.325699,0.139238,230.291031,0.000000,7.241801,0.000000,-272.000000
230.291031,230.386703,0.140414,230.291031,0.000000,11.617485,0.000000,-436.000000
230.291031,230.375702,0.141485,230.291031,0.000000,1.930844,0.000000,-73.000000
230.291031,230.296082,0.142573,230.291031,0.000000,-12.046927,0.000000,451.000000
230.291031,230.275192,0.143223,230.291031,0.000000,-6.714817,0.000000,252.000000
230.291031,230.325623,0.144089,230.291031,0.000000,8.525933,0.000000,-320.000000
230.291031,230.396820,0.145024,230.291031,0.000000,10.949722,0.000000,-411.000000
230.291031,230.376495,0.146093,230.291031,0.000000,-2.175123,0.000000,81.000000
230.291031,230.287537,0.147313,230.291031,0.000000,-12.841023,0.000000,482.000000
230.291031,230.274536,0.148429,230.291031,0.000000,-3.863965,0.000000,145.000000
230.291031,230.339905,0.149718,230.291031,0.000000,11.842962,0.000000,-444.000000
230.291031,230.400208,0.151081,230.291031,0.000000,8.177472,0.000000,-307.000000
230.291031,230.349060,0.152623,230.291031,0.000000,-6.532594,0.000000,244.000000
230.291031,230.281586,0.153893,230.291031,0.000000,-12.121555,0.000000,454.000000
230.291031,230.291626,0.155241,230.291031,0.000000,0.095534,0.000000,-4.000000
230.291031,230.367416,0.157184,230.291031,0.000000,12.558508,0.000000,-471.000000
230.291031,230.402359,0.159135,230.291031,0.000000,5.926425,0.000000,-222.000000
230.291031,230.318817,0.161311,230.291031,0.000000,-9.836582,0.000000,369.000000
230.291031,230.276962,0.163516,230.291031,0.000000,-9.604918,0.000000,360.000000
230.291031,230.301849,0.165757,230.291031,0.000000,3.588136,0.000000,-135.000000
230.291031,230.382553,0.167662,230.291031,0.000000,12.447128,0.000000,-467.000000
230.291031,230.385941,0.170041,230.291031,0.000000,3.148586,0.000000,-118.000000
230.291031,230.296844,0.172383,230.291031,0.000000,-12.303365,0.000000,461.000000
230.291031,230.275269,0.174593,230.291031,0.000000,-7.065458,0.000000,265.000000
230.291031,230.325623,0.175853,230.291031,0.000000,7.192261,0.000000,-270.000000
230.291031,230.393021,0.177023,230.291031,0.000000,11.122766,0.000000,-418.000000
230.291031,230.369873,0.178552,230.291031,0.000000,-1.965098,0.000000,74.000000
230.291031,230.287018,0.180266,230.291031,0.000000,-12.589376,0.000000,472.000000
230.291031,230.274475,0.181578,230.291031,0.000000,-3.310368,0.000000,125.000000
230.291031,230.342178,0.183607,230.291031,0.000000,11.042363,0.000000,-415.000000
230.291031,230.400391,0.185562,230.291031,0.000000,7.820190,0.000000,-293.000000
230.291031,230.338516,0.187333,230.291031,0.000000,-6.413420,0.000000,240.000000
230.291031,230.280792,0.189101,230.291031,0.000000,-12.096966,0.000000,454.000000
230.291031,230.274017,0.190660,230.291031,0.000000,-1.772212,0.000000,67.000000
230.291031,230.366058,0.192329,230.291031,0.000000,12.352254,0.000000,-463.000000
230.291031,230.402222,0.193622,230.291031,0.000000,6.978981,0.000000,-262.000000
230.291031,230.349228,0.195276,230.291031,0.000000,-7.728829,0.000000,290.000000
230.291031,230.279312,0.196882,230.291031,0.000000,-11.868937,0.000000,445.000000
230.291031,230.291473,0.198457,230.291031,0.000000,2.024732,0.000000,-76.000000
230.291031,230.381744,0.200396,230.291031,0.000000,12.724842,0.000000,-477.000000
230.291031,230.403458,0.202339,230.291031,0.000000,4.784632,0.000000,-180.000000
230.291031,230.312592,0.204292,230.291031,0.000000,-10.416619,0.000000,391.000000
230.291031,230.276505,0.206204,230.291031,0.000000,-10.212007,0.000000,383.000000
230.291031,230.301804,0.208197,230.291031,0.000000,4.138894,0.000000,-155.000000
230.291031,230.384857,0.210427,230.291031,0.000000,12.950065,0.000000,-486.000000
230.291031,230.386108,0.212623,230.291031,0.000000,2.386594,0.000000,-90.000000
230.291031,230.296875,0.214454,230.291031,0.000000,-12.623278,0.000000,473.000000
230.291031,230.275269,0.216748,230.291031,0.000000,-7.981176,0.000000,299.000000
230.291031,230.325623,0.218212,230.291031,0.000000,7.472223,0.000000,-280.000000
230.291031,230.393021,0.219619,230.291031,0.000000,12.298532,0.000000,-462.000000
230.291031,230.376190,0.220607,230.291031,0.000000,-1.349318,0.000000,50.000000
230.291031,230.287506,0.223086,230.291031,0.000000,-13.125979,0.000000,492.000000
230.291031,230.274536,0.225444,230.291031,0.000000,-4.780612,0.000000,179.000000
230.291031,230.339905,0.227666,230.291031,0.000000,10.559818,0.000000,-396.000000
230.291031,230.397934,0.229721,230.291031,0.000000,9.384254,0.000000,-352.000000
230.291031,230.348892,0.231612,230.291031,0.000000,-4.832905,0.000000,181.000000
230.291031,230.281586,0.233389,230.291031,0.000000,-12.060082,0.000000,452.000000
230.291031,230.274063,0.235002,230.291031,0.000000,-0.675059,0.000000,26.000000
230.291031,230.366058,0.236442,230.291031,0.000000,12.136858,0.000000,-456.000000
230.291031,230.402222,0.237788,230.291031,0.000000,5.760773,0.000000,-216.000000
230.291031,230.330078,0.239249,230.291031,0.000000,-9.222584,0.000000,346.000000
230.291031,230.277832,0.240829,230.291031,0.000000,-9.418204,0.000000,353.000000
230.291031,230.291367,0.242325,230.291031,0.000000,2.017580,0.000000,-75.000000
230.291031,230.371185,0.243529,230.291031,0.000000,12.830270,0.000000,-482.000000
230.291031,230.402634,0.244902,230.291031,0.000000,4.375077,0.000000,-164.000000
230.291031,230.318817,0.246371,230.291031,0.000000,-10.605561,0.000000,397.000000
230.291031,230.276962,0.247860,230.291031,0.000000,-9.729342,0.000000,365.000000
230.291031,230.301849,0.249420,230.291031,0.000000,4.098935,0.000000,-154.000000
230.291031,230.384857,0.251216,230.291031,0.000000,13.227892,0.000000,-497.000000
230.291031,230.386108,0.252266,230.291031,0.000000,2.926291,0.000000,-110.000000
230.291031,230.300674,0.253967,230.291031,0.000000,-12.603505,0.000000,472.000000
230.291031,230.275543,0.255644,230.291031,0.000000,-8.086967,0.000000,303.000000
230.291031,230.325653,0.257519,230.291031,0.000000,7.213129,0.000000,-271.000000
230.291031,230.393021,0.258318,230.291031,0.000000,11.718204,0.000000,-440.000000
230.291031,230.376190,0.259896,230.291031,0.000000,-0.117836,0.000000,4.000000
230.291031,230.289780,0.261375,230.291031,0.000000,-14.283826,0.000000,535.000000
230.291031,230.274689,0.263390,230.291031,0.000000,-4.888425,0.000000,183.000000
230.291031,230.339905,0.265580,230.291031,0.000000,10.313855,0.000000,-387.000000
230.291031,230.397934,0.267755,230.291031,0.000000,10.327279,0.000000,-387.000000
230.291031,230.352661,0.269671,230.291031,0.000000,-5.088624,0.000000,191.000000
230.291031,230.281876,0.271511,230.291031,0.000000,-12.626168,0.000000,473.000000
230.291031,230.274094,0.273249,230.291031,0.000000,-1.880448,0.000000,70.000000
230.291031,230.348480,0.274269,230.291031,0.000000,12.387499,0.000000,-464.000000
230.291031,230.400894,0.275815,230.291031,0.000000,7.065780,0.000000,-265.000000
230.291031,230.336304,0.277510,230.291031,0.000000,-8.783148,0.000000,329.000000
230.291031,230.278320,0.279240,230.291031,0.000000,-10.810095,0.000000,406.000000
230.291031,230.291382,0.280908,230.291031,0.000000,2.563030,0.000000,-96.000000
230.291031,230.381744,0.282812,230.291031,0.000000,12.542637,0.000000,-471.000000
230.291031,230.385864,0.284616,230.291031,0.000000,3.442822,0.000000,-129.000000
230.291031,230.307419,0.286242,230.291031,0.000000,-10.759077,0.000000,403.000000
230.291031,230.276093,0.288186,230.291031,0.000000,-7.800466,0.000000,293.000000
230.291031,230.325699,0.289408,230.291031,0.000000,7.193244,0.000000,-269.000000
230.291031,230.393021,0.291202,230.291031,0.000000,11.343182,0.000000,-425.000000
230.291031,230.369873,0.293355,230.291031,0.000000,-1.359400,0.000000,51.000000
230.291031,230.287018,0.295477,230.291031,0.000000,-12.586898,0.000000,471.000000
230.291031,230.274475,0.297125,230.291031,0.000000,-4.126098,0.000000,155.000000
230.291031,230.339905,0.299149,230.291031,0.000000,10.303015,0.000000,-386.000000
230.291031,230.400208,0.300694,230.291031,0.000000,8.302448,0.000000,-311.000000
230.291031,230.370422,0.301452,230.291031,0.000000,-3.291208,0.000000,123.000000
230.291031,230.287064,0.303368,230.291031,0.000000,-11.999145,0.000000,450.000000
230.291031,230.274475,0.305347,230.291031,0.000000,-2.676221,0.000000,101.000000
230.291031,230.348511,0.307536,230.291031,0.000000,11.614988,0.000000,-435.000000
230.291031,230.400894,0.309657,230.291031,0.000000,8.350209,0.000000,-314.000000
230.291031,230.349091,0.311832,230.291031,0.000000,-6.183507,0.000000,231.000000
230.291031,230.281601,0.314020,230.291031,0.000000,-12.919972,0.000000,485.000000
230.291031,230.274063,0.316119,230.291031,0.000000,-0.327703,0.000000,12.000000
230.291031,230.366058,0.318329,230.291031,0.000000,13.359838,0.000000,-501.000000
230.291031,230.402222,0.320479,230.291031,0.000000,6.268365,0.000000,-235.000000
230.291031,230.318817,0.322569,230.291031,0.000000,-10.443439,0.000000,392.000000
230.291031,230.276962,0.324576,230.291031,0.000000,-10.484620,0.000000,393.000000
230.291031,230.291306,0.326392,230.291031,0.000000,3.018304,0.000000,-113.000000
230.291031,230.381744,0.328330,230.291031,0.000000,13.200157,0.000000,-496.000000
230.291031,230.385864,0.330077,230.291031,0.000000,2.774066,0.000000,-104.000000
230.291031,230.296844,0.331521,230.291031,0.000000,-12.618031,0.000000,473.000000
230.291031,230.268936,0.333267,230.291031,0.000000,-7.696379,0.000000,289.000000
230.291031,230.301224,0.335099,230.291031,0.000000,7.047777,0.000000,-264.000000
230.291031,230.391113,0.336919,230.291031,0.000000,12.119338,0.000000,-455.000000
230.291031,230.376053,0.338128,230.291031,0.000000,-0.238785,0.000000,9.000000
230.291031,230.287476,0.339696,230.291031,0.000000,-13.635440,0.000000,511.000000
230.291031,230.274536,0.341026,230.291031,0.000000,-4.845150,0.000000,182.000000
230.291031,230.339905,0.342295,230.291031,0.000000,11.400062,0.000000,-428.000000
230.291031,230.400208,0.343346,230.291031,0.000000,8.636318,0.000000,-324.000000
230.291031,230.349060,0.344018,230.291031,0.000000,-5.553387,0.000000,208.000000
230.291031,230.281586,0.345027,230.291031,0.000000,-12.188760,0.000000,457.000000
230.291031,230.291626,0.346293,230.291031,0.000000,0.501687,0.000000,-19.000000
230.291031,230.367416,0.347732,230.291031,0.000000,12.497700,0.000000,-468.000000
230.291031,230.402359,0.349075,230.291031,0.000000,5.469690,0.000000,-205.000000
230.291031,230.312485,0.350523,230.291031,0.000000,-9.610556,0.000000,360.000000
230.291031,230.276474,0.351936,230.291031,0.000000,-9.203304,0.000000,345.000000
230.291031,230.301804,0.353375,230.291031,0.000000,4.440358,0.000000,-167.000000
230.291031,230.382553,0.354967,230.291031,0.000000,11.979560,0.000000,-449.000000
230.291031,230.375397,0.356253,230.291031,0.000000,1.614091,0.000000,-60.000000
230.291031,230.306610,0.357543,230.291031,0.000000,-11.809170,0.000000,442.000000
230.291031,230.276001,0.358868,230.291031,0.000000,-7.454614,0.000000,279.000000
230.291031,230.319336,0.360682,230.291031,0.000000,6.601437,0.000000,-248.000000
230.291031,230.392532,0.362558,230.291031,0.000000,11.752586,0.000000,-441.000000
230.291031,230.376160,0.364305,230.291031,0.000000,0.821759,0.000000,-31.000000
230.291031,230.296112,0.366008,230.291031,0.000000,-13.508965,0.000000,506.000000
230.291031,230.275192,0.367574,230.291031,0.000000,-6.415513,0.000000,240.000000
230.291031,230.325623,0.369035,230.291031,0.000000,8.214474,0.000000,-308.000000
230.291031,230.396820,0.370479,230.291031,0.000000,10.818905,0.000000,-406.000000
230.291031,230.370148,0.371779,230.291031,0.000000,-2.037417,0.000000,76.000000
230.291031,230.287018,0.372794,230.291031,0.000000,-13.071427,0.000000,491.000000
230.291031,230.274475,0.374153,230.291031,0.000000,-4.190501,0.000000,157.000000
230.291031,230.339905,0.375260,230.291031,0.000000,11.480035,0.000000,-430.000000
230.291031,230.397934,0.376314,230.291031,0.000000,8.964521,0.000000,-336.000000
230.291031,230.352661,0.377620,230.291031,0.000000,-6.023918,0.000000,225.000000
230.291031,230.281876,0.378971,230.291031,0.000000,-12.433400,0.000000,467.000000
230.291031,230.274094,0.380401,230.291031,0.000000,-0.357336,0.000000,13.000000
230.291031,230.366058,0.381915,230.291031,0.000000,12.906218,0.000000,-484.000000
230.291031,230.402222,0.383418,230.291031,0.000000,5.503491,0.000000,-207.000000
230.291031,230.318817,0.384998,230.291031,0.000000,-10.342251,0.000000,387.000000
230.291031,230.276962,0.386209,230.291031,0.000000,-10.337091,0.000000,388.000000
230.291031,230.301849,0.387116,230.291031,0.000000,4.049564,0.000000,-151.000000
230.291031,230.384857,0.388469,230.291031,0.000000,12.455439,0.000000,-467.000000
230.291031,230.386108,0.390126,230.291031,0.000000,2.122455,0.000000,-80.000000
230.291031,230.296875,0.391640,230.291031,0.000000,-12.132327,0.000000,454.000000
230.291031,230.275269,0.393201,230.291031,0.000000,-6.471858,0.000000,243.000000
230.291031,230.325623,0.394711,230.291031,0.000000,7.559367,0.000000,-284.000000
230.291031,230.393021,0.396322,230.291031,0.000000,10.437148,0.000000,-391.000000
230.291031,230.369873,0.397833,230.291031,0.000000,-1.828907,0.000000,69.000000
230.291031,230.287018,0.399275,230.291031,0.000000,-12.797320,0.000000,480.000000
230.291031,230.274475,0.400671,230.291031,0.000000,-2.728841,0.000000,102.000000
230.291031,230.342178,0.402056,230.291031,0.000000,11.409258,0.000000,-428.000000
230.291031,230.400391,0.403298,230.291031,0.000000,7.677725,0.000000,-288.000000
230.291031,230.349091,0.404419,230.291031,0.000000,-5.534923,0.000000,207.000000
230.291031,230.281601,0.405688,230.291031,0.000000,-12.657723,0.000000,474.000000
230.291031,230.274063,0.406649,230.291031,0.000000,-1.181180,0.000000,44.000000
230.291031,230.366058,0.407833,230.291031,0.000000,12.502508,0.000000,-469.000000
230.291031,230.402222,0.409021,230.291031,0.000000,7.501501,0.000000,-281.000000
230.291031,230.338684,0.410641,230.291031,0.000000,-8.104146,0.000000,303.000000
230.291031,230.278519,0.412328,230.291031,0.000000,-11.923388,0.000000,447.000000
230.291031,230.291412,0.413891,230.291031,0.000000,1.034195,0.000000,-39.000000
230.291031,230.381744,0.415587,230.291031,0.000000,13.366013,0.000000,-501.000000
230.291031,230.403458,0.417191,230.291031,0.000000,4.740909,0.000000,-178.000000
230.291031,230.312592,0.418722,230.291031,0.000000,-11.121550,0.000000,417.000000
230.291031,230.276505,0.419308,230.291031,0.000000,-10.347884,0.000000,388.000000
230.291031,230.301804,0.420775,230.291031,0.000000,3.992583,0.000000,-149.000000
230.291031,230.391159,0.422270,230.291031,0.000000,13.149465,0.000000,-493.000000
230.291031,230.386597,0.423770,230.291031,0.000000,2.123507,0.000000,-80.000000
230.291031,230.296936,0.425291,230.291031,0.000000,-12.562902,0.000000,471.000000
230.291031,230.275269,0.426706,230.291031,0.000000,-7.404552,0.000000,277.000000
230.291031,230.325623,0.428299,230.291031,0.000000,8.642910,0.000000,-324.000000
230.291031,230.393021,0.430057,230.291031,0.000000,11.554978,0.000000,-433.000000
230.291031,230.376190,0.431577,230.291031,0.000000,-2.228205,0.000000,84.000000
230.291031,230.287506,0.433081,230.291031,0.000000,-13.177733,0.000000,495.000000
230.291031,230.274536,0.434530,230.291031,0.000000,-3.790269,0.000000,143.000000
230.291031,230.339905,0.436152,230.291031,0.000000,11.236366,0.000000,-421.000000
230.291031,230.400208,0.437612,230.291031,0.000000,8.971033,0.000000,-337.000000
230.291031,230.349060,0.438988,230.291031,0.000000,-6.529101,0.000000,244.000000
230.291031,230.281586,0.439775,230.291031,0.000000,-11.796267,0.000000,442.000000
230.291031,230.274063,0.440775,230.291031,0.000000,-0.204113,0.000000,8.000000
230.291031,230.366058,0.442085,230.291031,0.000000,12.256845,0.000000,-460.000000
230.291031,230.384659,0.443139,230.291031,0.000000,5.421508,0.000000,-204.000000
230.291031,230.311111,0.444160,230.291031,0.000000,-9.612613,0.000000,360.000000
230.291031,230.276367,0.445192,230.291031,0.000000,-10.285001,0.000000,386.000000
230.291031,230.291245,0.446233,230.291031,0.000000,1.225185,0.000000,-46.000000
230.291031,230.371185,0.447422,230.291031,0.000000,13.192936,0.000000,-495.000000
230.291031,230.402634,0.448510,230.291031,0.000000,5.528129,0.000000,-208.000000
230.291031,230.318817,0.449623,230.291031,0.000000,-10.335497,0.000000,388.000000
230.291031,230.276962,0.450856,230.291031,0.000000,-10.580981,0.000000,397.000000
230.291031,230.301849,0.452023,230.291031,0.000000,3.718983,0.000000,-140.000000
230.291031,230.382553,0.453456,230.291031,0.000000,13.234674,0.000000,-497.000000
230.291031,230.385941,0.454970,230.291031,0.000000,3.211708,0.000000,-121.000000
230.291031,230.311218,0.456529,230.291031,0.000000,-12.290470,0.000000,460.000000
230.291031,230.265839,0.458076,230.291031,0.000000,-8.920404,0.000000,334.000000
230.291031,230.307312,0.459338,230.291031,0.000000,7.003745,0.000000,-262.000000
230.291031,230.391571,0.460806,230.291031,0.000000,12.064113,0.000000,-453.000000
230.291031,230.376083,0.462260,230.291031,0.000000,0.553337,0.000000,-21.000000
230.291031,230.289780,0.463949,230.291031,0.000000,-13.780859,0.000000,516.000000
230.291031,230.264587,0.465455,230.291031,0.000000,-5.556335,0.000000,208.000000
230.291031,230.324799,0.467090,230.291031,0.000000,9.809449,0.000000,-368.000000
230.291031,230.396729,0.467984,230.291031,0.000000,9.965036,0.000000,-374.000000
230.291031,230.370148,0.468555,230.291031,0.000000,-3.298591,0.000000,123.000000
230.291031,230.283249,0.469866,230.291031,0.000000,-12.915942,0.000000,484.000000
230.291031,230.274200,0.471080,230.291031,0.000000,-2.258948,0.000000,85.000000
230.291031,230.339874,0.472357,230.291031,0.000000,11.469759,0.000000,-431.000000
230.291031,230.400208,0.473638,230.291031,0.000000,7.993124,0.000000,-300.000000
230.291031,230.338516,0.474870,230.291031,0.000000,-7.496024,0.000000,281.000000
230.291031,230.278488,0.476073,230.291031,0.000000,-11.584991,0.000000,434.000000
230.291031,230.291412,0.477187,230.291031,0.000000,1.006441,0.000000,-38.000000
230.291031,230.371216,0.478309,230.291031,0.000000,13.098741,0.000000,-491.000000
230.291031,230.402634,0.479345,230.291031,0.000000,5.224510,0.000000,-196.000000
230.291031,230.312500,0.480353,230.291031,0.000000,-10.515624,0.000000,394.000000
230.291031,230.276474,0.481238,230.291031,0.000000,-10.112722,0.000000,379.000000
230.291031,230.291245,0.482037,230.291031,0.000000,2.931715,0.000000,-110.000000
230.291031,230.381744,0.482592,230.291031,0.000000,13.223951,0.000000,-496.000000
230.291031,230.403458,0.483241,230.291031,0.000000,4.310957,0.000000,-162.000000
230.291031,230.312592,0.484071,230.291031,0.000000,-11.956737,0.000000,448.000000
230.291031,230.265945,0.485002,230.291031,0.000000,-9.783952,0.000000,367.000000
230.291031,230.300980,0.485940,230.291031,0.000000,6.019027,0.000000,-226.000000
230.291031,230.391113,0.487117,230.291031,0.000000,12.912713,0.000000,-484.000000
230.291031,230.386597,0.488312,230.291031,0.000000,1.861948,0.000000,-70.000000
230.291031,230.296936,0.489024,230.291031,0.000000,-13.461489,0.000000,505.000000
230.291031,230.258408,0.490443,230.291031,0.000000,-7.247520,0.000000,272.000000
230.291031,230.324310,0.491346,230.291031,0.000000,8.867743,0.000000,-332.000000
230.291031,230.396713,0.492896,230.291031,0.000000,11.953851,0.000000,-448.000000
230.291031,230.370148,0.494444,230.291031,0.000000,-2.477624,0.000000,92.000000
230.291031,230.287018,0.495996,230.291031,0.000000,-13.690376,0.000000,513.000000
230.291031,230.274475,0.497493,230.291031,0.000000,-4.326912,0.000000,162.000000
230.291031,230.339905,0.499166,230.291031,0.000000,11.389133,0.000000,-427.000000
230.291031,230.400208,0.500677,230.291031,0.000000,9.399860,0.000000,-353.000000
230.291031,230.349060,0.501768,230.291031,0.000000,-5.704101,0.000000,214.000000
230.291031,230.281586,0.502606,230.291031,0.000000,-12.706476,0.000000,477.000000
230.291031,230.274063,0.504068,230.291031,0.000000,-0.724555,0.000000,27.000000
230.291031,230.366058,0.505114,230.291031,0.000000,13.236971,0.000000,-496.000000
230.291031,230.402222,0.506319,230.291031,0.000000,6.135048,0.000000,-231.000000
230.291031,230.336380,0.507812,230.291031,0.000000,-9.252232,0.000000,347.000000
230.291031,230.278320,0.509192,230.291031,0.000000,-10.086596,0.000000,378.000000
230.291031,230.291382,0.510485,230.291031,0.000000,3.643993,0.000000,-137.000000
230.291031,230.381744,0.511960,230.291031,0.000000,12.467139,0.000000,-468.000000
230.291031,230.385864,0.513111,230.291031,0.000000,3.062014,0.000000,-115.000000
230.291031,230.296844,0.514316,230.291031,0.000000,-12.166366,0.000000,456.000000
230.291031,230.275269,0.515399,230.291031,0.000000,-7.631343,0.000000,286.000000
230.291031,230.325623,0.516236,230.291031,0.000000,7.513710,0.000000,-281.000000
230.291031,230.393021,0.517511,230.291031,0.000000,12.581233,0.000000,-472.000000
230.291031,230.376190,0.518521,230.291031,0.000000,-0.001652,0.000000,0.000000
230.291031,230.293823,0.519422,230.291031,0.000000,-12.903719,0.000000,484.000000
230.291031,230.275024,0.520349,230.291031,0.000000,-6.042817,0.000000,227.000000
230.291031,230.325592,0.521394,230.291031,0.000000,9.183986,0.000000,-345.000000
230.291031,230.396820,0.523238,230.291031,0.000000,10.844375,0.000000,-407.000000
230.291031,230.376495,0.525024,230.291031,0.000000,-1.455251,0.000000,55.000000
230.291031,230.287537,0.526889,230.291031,0.000000,-13.949104,0.000000,523.000000
230.291031,230.270767,0.528605,230.291031,0.000000,-4.771735,0.000000,179.000000
230.291031,230.339615,0.530402,230.291031,0.000000,11.027145,0.000000,-414.000000
230.291031,230.400177,0.532357,230.291031,0.000000,9.635980,0.000000,-362.000000
230.291031,230.352859,0.534192,230.291031,0.000000,-3.956933,0.000000,148.000000
230.291031,230.281906,0.535874,230.291031,0.000000,-15.199366,0.000000,570.000000
230.291031,230.271820,0.537524,230.291031,0.000000,-2.951336,0.000000,111.000000
230.291031,230.365891,0.539389,230.291031,0.000000,13.582025,0.000000,-509.000000
230.291031,230.402222,0.541105,230.291031,0.000000,7.066698,0.000000,-265.000000
230.291031,230.338684,0.542477,230.291031,0.000000,-9.269297,0.000000,347.000000
230.291031,230.278519,0.543432,230.291031,0.000000,-11.490369,0.000000,431.000000
230.291031,230.291412,0.545054,230.291031,0.000000,2.106010,0.000000,-79.000000
230.291031,230.381744,0.546635,230.291031,0.000000,13.651073,0.000000,-512.000000
230.291031,230.403458,0.547740,230.291031,0.000000,4.420931,0.000000,-166.000000
230.291031,230.312592,0.548936,230.291031,0.000000,-12.453451,0.000000,467.000000
230.291031,230.276505,0.549942,230.291031,0.000000,-8.763042,0.000000,329.000000
230.291031,230.325699,0.551069,230.291031,0.000000,7.121504,0.000000,-267.000000
230.291031,230.393021,0.552217,230.291031,0.000000,11.098715,0.000000,-417.000000
230.291031,230.376190,0.553341,230.291031,0.000000,-0.179140,0.000000,6.000000
230.291031,230.287506,0.554251,230.291031,0.000000,-13.304517,0.000000,499.000000
230.291031,230.274536,0.555080,230.291031,0.000000,-4.660326,0.000000,175.000000
230.291031,230.339905,0.556454,230.291031,0.000000,10.382010,0.000000,-389.000000
230.291031,230.394119,0.558011,230.291031,0.000000,9.357795,0.000000,-351.000000
230.291031,230.369965,0.559475,230.291031,0.000000,-3.073324,0.000000,115.000000
230.291031,230.283218,0.561040,230.291031,0.000000,-12.261754,0.000000,460.000000
230.291031,230.274200,0.562513,230.291031,0.000000,-1.427983,0.000000,53.000000
230.291031,230.348480,0.564064,230.291031,0.000000,11.995867,0.000000,-450.000000
230.291031,230.400894,0.565581,230.291031,0.000000,6.701055,0.000000,-252.000000
230.291031,230.336304,0.567119,230.291031,0.000000,-7.683662,0.000000,288.000000
230.291031,230.280594,0.568682,230.291031,0.000000,-12.051665,0.000000,452.000000
230.291031,230.273987,0.570191,230.291031,0.000000,-0.825009,0.000000,31.000000
230.291031,230.366058,0.571317,230.291031,0.000000,13.582400,0.000000,-510.000000
230.291031,230.402222,0.572543,230.291031,0.000000,6.664488,0.000000,-250.000000
230.291031,230.338684,0.573543,230.291031,0.000000,-10.042461,0.000000,377.000000
230.291031,230.278519,0.574792,230.291031,0.000000,-10.882829,0.000000,408.000000
230.291031,230.291412,0.575896,230.291031,0.000000,2.812811,0.000000,-106.000000
230.291031,230.381744,0.577234,230.291031,0.000000,13.799767,0.000000,-518.000000
230.291031,230.385864,0.578665,230.291031,0.000000,3.540346,0.000000,-133.000000
230.291031,230.300674,0.580066,230.291031,0.000000,-12.671763,0.000000,475.000000
230.291031,230.275543,0.581469,230.291031,0.000000,-8.458265,0.000000,317.000000
230.291031,230.301743,0.582825,230.291031,0.000000,6.811623,0.000000,-255.000000
230.291031,230.394928,0.583929,230.291031,0.000000,12.005667,0.000000,-450.000000
230.291031,230.376358,0.585196,230.291031,0.000000,0.114335,0.000000,-5.000000
230.291031,230.296112,0.585465,230.291031,0.000000,-13.674296,0.000000,513.000000
230.291031,230.275192,0.586849,230.291031,0.000000,-5.436421,0.000000,204.000000
230.291031,230.339966,0.588422,230.291031,0.000000,10.531825,0.000000,-395.000000
230.291031,230.397934,0.590199,230.291031,0.000000,9.606756,0.000000,-360.000000
230.291031,230.352661,0.591914,230.291031,0.000000,-3.757683,0.000000,141.000000
230.291031,230.281876,0.593678,230.291031,0.000000,-12.880716,0.000000,483.000000
230.291031,230.274094,0.595240,230.291031,0.000000,-2.156139,0.000000,81.000000
230.291031,230.348480,0.596952,230.291031,0.000000,11.965241,0.000000,-449.000000
230.291031,230.400894,0.598536,230.291031,0.000000,7.625842,0.000000,-286.000000
230.291031,230.336304,0.599820,230.291031,0.000000,-7.717581,0.000000,289.000000
230.291031,230.278320,0.601373,230.291031,0.000000,-11.413213,0.000000,428.000000
230.291031,230.291382,0.602975,230.291031,0.000000,1.554787,0.000000,-58.000000
230.291031,230.381744,0.604624,230.291031,0.000000,13.064619,0.000000,-490.000000
230.291031,230.385864,0.606143,230.291031,0.000000,3.695342,0.000000,-139.000000
230.291031,230.311188,0.607825,230.291031,0.000000,-11.492657,0.000000,431.000000
230.291031,230.276367,0.609418,230.291031,0.000000,-8.633305,0.000000,324.000000
230.291031,230.301804,0.610768,230.291031,0.000000,6.525296,0.000000,-245.000000
230.291031,230.384857,0.612178,230.291031,0.000000,12.530064,0.000000,-470.000000
230.291031,230.386108,0.613355,230.291031,0.000000,3.130536,0.000000,-118.000000
230.291031,230.296875,0.614465,230.291031,0.000000,-12.903770,0.000000,484.000000
230.291031,230.254593,0.615436,230.291031,0.000000,-8.245483,0.000000,310.000000
230.291031,230.317673,0.616590,230.291031,0.000000,7.767817,0.000000,-292.000000
230.291031,230.392395,0.617530,230.291031,0.000000,12.020269,0.000000,-450.000000
230.291031,230.376129,0.618439,230.291031,0.000000,0.533954,0.000000,-20.000000
230.291031,230.289780,0.619569,230.291031,0.000000,-13.947906,0.000000,523.000000
230.291031,230.270920,0.620698,230.291031,0.000000,-5.866119,0.000000,220.000000
230.291031,230.325287,0.622024,230.291031,0.000000,10.026975,0.000000,-376.000000
230.291031,230.396790,0.623261,230.291031,0.000000,10.918143,0.000000,-410.000000
230.291031,230.370148,0.624518,230.291031,0.000000,-2.903300,0.000000,109.000000
230.291031,230.283249,0.625448,230.291031,0.000000,-13.247891,0.000000,497.000000
230.291031,230.274200,0.626463,230.291031,0.000000,-3.585215,0.000000,134.000000
230.291031,230.339874,0.628029,230.291031,0.000000,12.201329,0.000000,-457.000000
230.291031,230.400208,0.629414,230.291031,0.000000,8.946881,0.000000,-336.000000
230.291031,230.349060,0.630569,230.291031,0.000000,-6.539619,0.000000,245.000000
230.291031,230.279312,0.631887,230.291031,0.000000,-11.947920,0.000000,449.000000
230.291031,230.273895,0.632885,230.291031,0.000000,-0.274350,0.000000,11.000000
230.291031,230.366058,0.633976,230.291031,0.000000,12.781957,0.000000,-479.000000
230.291031,230.402222,0.635089,230.291031,0.000000,6.044754,0.000000,-226.000000
230.291031,230.318817,0.636294,230.291031,0.000000,-10.408105,0.000000,390.000000
230.291031,230.276962,0.637397,230.291031,0.000000,-9.882639,0.000000,371.000000
230.291031,230.301849,0.638543,230.291031,0.000000,4.636864,0.000000,-174.000000
230.291031,230.384857,0.640026,230.291031,0.000000,12.328038,0.000000,-462.000000
230.291031,230.375565,0.641418,230.291031,0.000000,1.928343,0.000000,-73.000000
230.291031,230.296082,0.642835,230.291031,0.000000,-12.113860,0.000000,454.000000
230.291031,230.275192,0.644054,230.291031,0.000000,-6.837066,0.000000,256.000000
230.291031,230.325623,0.645270,230.291031,0.000000,8.645527,0.000000,-324.000000
230.291031,230.396820,0.646852,230.291031,0.000000,10.405065,0.000000,-391.000000
230.291031,230.376495,0.648235,230.291031,0.000000,-3.205622,0.000000,120.000000
230.291031,230.293869,0.649623,230.291031,0.000000,-13.006864,0.000000,487.000000
230.291031,230.275024,0.651215,230.291031,0.000000,-6.000226,0.000000,225.000000
230.291031,230.339966,0.652863,230.291031,0.000000,10.216611,0.000000,-383.000000
230.291031,230.400208,0.654216,230.291031,0.000000,10.771456,0.000000,-404.000000
230.291031,230.376770,0.655962,230.291031,0.000000,-3.829510,0.000000,144.000000
230.291031,230.283737,0.657363,230.291031,0.000000,-14.134302,0.000000,530.000000
230.291031,230.271957,0.659132,230.291031,0.000000,-2.311448,0.000000,87.000000
230.291031,230.365891,0.660657,230.291031,0.000000,13.089728,0.000000,-491.000000
230.291031,230.402222,0.662502,230.291031,0.000000,7.636942,0.000000,-286.000000
230.291031,230.338684,0.664400,230.291031,0.000000,-8.493243,0.000000,319.000000
230.291031,230.278519,0.666364,230.291031,0.000000,-12.157472,0.000000,456.000000
230.291031,230.291412,0.667951,230.291031,0.000000,1.648209,0.000000,-62.000000
230.291031,230.371216,0.670176,230.291031,0.000000,13.313420,0.000000,-499.000000
230.291031,230.402634,0.672255,230.291031,0.000000,4.743348,0.000000,-178.000000
230.291031,230.312500,0.674345,230.291031,0.000000,-11.550673,0.000000,433.000000
230.291031,230.276474,0.676468,230.291031,0.000000,-9.349521,0.000000,350.000000
230.291031,230.301804,0.678704,230.291031,0.000000,5.359343,0.000000,-201.000000
230.291031,230.391159,0.681040,230.291031,0.000000,12.283495,0.000000,-461.000000
230.291031,230.386597,0.682710,230.291031,0.000000,1.290781,0.000000,-48.000000
230.291031,230.296936,0.684448,230.291031,0.000000,-13.560008,0.000000,509.000000
230.291031,230.275269,0.686522,230.291031,0.000000,-6.759591,0.000000,254.000000
230.291031,230.325623,0.687891,230.291031,0.000000,8.903379,0.000000,-333.000000
230.291031,230.396820,0.690246,230.291031,0.000000,11.117889,0.000000,-417.000000
230.291031,230.370148,0.692464,230.291031,0.000000,-2.634712,0.000000,99.000000
230.291031,230.287018,0.694652,230.291031,0.000000,-13.173553,0.000000,494.000000
230.291031,230.270706,0.696610,230.291031,0.000000,-3.346501,0.000000,126.000000
230.291031,230.341873,0.698321,230.291031,0.000000,11.762356,0.000000,-441.000000
230.291031,230.400345,0.700559,230.291031,0.000000,8.210142,0.000000,-308.000000
230.291031,230.338516,0.702778,230.291031,0.000000,-7.007059,0.000000,263.000000
230.291031,230.278488,0.705087,230.291031,0.000000,-12.011838,0.000000,450.000000
230.291031,230.273819,0.707364,230.291031,0.000000,-2.344664,0.000000,88.000000
230.291031,230.366058,0.709778,230.291031,0.000000,13.090678,0.000000,-490.000000
230.291031,230.402222,0.711499,230.291031,0.000000,8.085681,0.000000,-303.000000
230.291031,230.349228,0.713698,230.291031,0.000000,-7.863072,0.000000,295.000000
230.291031,230.261749,0.715886,230.291031,0.000000,-12.783120,0.000000,479.000000
230.291031,230.290131,0.717828,230.291031,0.000000,1.215789,0.000000,-46.000000
230.291031,230.381653,0.719821,230.291031,0.000000,14.045413,0.000000,-527.000000
230.291031,230.403458,0.721759,230.291031,0.000000,4.790245,0.000000,-179.000000
230.291031,230.318893,0.723235,230.291031,0.000000,-11.018142,0.000000,413.000000
230.291031,230.270645,0.724656,230.291031,0.000000,-10.693891,0.000000,401.000000
230.291031,230.301361,0.725712,230.291031,0.000000,4.288047,0.000000,-161.000000
230.291031,230.384796,0.727269,230.291031,0.000000,13.056933,0.000000,-490.000000
230.291031,230.386108,0.729342,230.291031,0.000000,2.414143,0.000000,-90.000000
230.291031,230.296875,0.731497,230.291031,0.000000,-12.893044,0.000000,483.000000
230.291031,230.275269,0.733619,230.291031,0.000000,-7.480336,0.000000,281.000000
230.291031,230.325623,0.735631,230.291031,0.000000,7.622375,0.000000,-286.000000
230.291031,230.393021,0.737587,230.291031,0.000000,11.957004,0.000000,-448.000000
230.291031,230.376190,0.739385,230.291031,0.000000,-0.634294,0.000000,24.000000
230.291031,230.287506,0.741308,230.291031,0.000000,-13.960990,0.000000,523.000000
230.291031,230.272263,0.743208,230.291031,0.000000,-4.701850,0.000000,176.000000
230.291031,230.325378,0.744758,230.291031,0.000000,10.178333,0.000000,-381.000000
230.291031,230.399078,0.746531,230.291031,0.000000,10.368236,0.000000,-388.000000
230.291031,230.352783,0.748368,230.291031,0.000000,-4.514317,0.000000,169.000000
230.291031,230.281876,0.750273,230.291031,0.000000,-12.515387,0.000000,469.000000
230.291031,230.271820,0.751571,230.291031,0.000000,-1.939072,0.000000,73.000000
230.291031,230.365891,0.753216,230.291031,0.000000,12.834984,0.000000,-482.000000
230.291031,230.402222,0.754691,230.291031,0.000000,7.020474,0.000000,-264.000000
230.291031,230.349228,0.756101,230.291031,0.000000,-5.438690,0.000000,204.000000
230.291031,230.281601,0.757513,230.291031,0.000000,-12.965389,0.000000,486.000000
260.291016,230.291626,0.758866,230.366684,23.683891,-0.037437,25.210144,2474.000000
260.291016,230.554489,0.759462,230.568344,43.505795,47.094612,50.420288,1450.000000
260.291016,231.052902,0.760736,230.896072,65.754066,83.542992,75.630447,917.000000
260.291016,231.246353,0.760427,231.349854,99.163040,44.135448,100.840607,3648.000000
260.291016,231.304001,0.755674,231.929703,122.748367,23.347017,126.050758,5311.000000
260.291016,231.699966,0.744201,232.635559,144.568069,68.656082,151.260925,4431.000000
260.291016,232.115540,0.724055,233.467514,174.516983,77.628082,176.471085,5218.000000
260.291016,232.442810,0.689031,234.425476,201.160950,72.241455,201.681244,6419.000000
260.291016,232.991928,0.634365,235.509537,225.221344,101.562309,226.891403,6221.000000
260.291016,233.580673,0.567990,236.719604,253.903168,114.554298,252.101486,6810.000000
260.291016,234.271729,0.458501,238.055756,279.039063,134.823883,277.311584,6993.000000
260.291016,235.128357,0.314279,239.517929,303.461517,163.925507,302.521667,6817.000000
260.291016,236.062958,0.169492,241.106201,332.029877,182.182388,327.731781,7204.000000
260.291016,237.076736,-0.065106,242.820465,358.209015,200.037170,352.941864,7516.000000
260.291016,238.265793,-0.348936,244.660828,384.110229,230.287094,378.151947,7353.000000
260.291016,239.587143,-0.687159,246.566711,380.190094,255.615265,373.109924,3088.000000
260.291016,240.772018,-1.098407,248.356644,363.071564,237.350006,347.899841,3131.000000
260.291016,241.917709,-1.573629,250.020493,336.950897,236.635025,322.689758,2178.000000
260.291016,243.396149,-2.107570,251.558334,309.704987,280.824036,297.479645,-500.000000
260.291016,244.724945,-2.698713,252.970108,290.478729,265.754242,272.269562,-656.000000
260.291016,245.884293,-3.345483,254.255814,267.398499,239.773575,247.059479,-547.000000
260.291016,247.094559,-3.785717,255.415466,241.549835,244.317596,221.849350,-1687.000000
260.291016,248.329529,-4.246392,256.469299,226.089447,242.405762,206.723267,-2195.000000
260.291016,249.481567,-5.058938,257.427277,200.978073,236.839462,181.513092,-2928.000000
260.291016,250.665436,-5.900725,258.259216,174.439117,234.778473,156.302933,-3845.000000
260.291016,251.552322,-6.766751,258.965057,151.518021,223.742630,131.092773,-4292.000000
260.291016,252.604523,-7.649986,259.544922,124.362717,215.188461,105.882622,-4989.000000
260.291016,253.648453,-8.542613,259.998688,96.180595,209.427322,80.672455,-5830.000000
260.291016,254.612000,-9.262202,260.291016,17.578543,196.607452,0.000000,-16384.000000
260.291016,255.371658,-10.168797,260.291016,17.149685,155.633896,0.000000,-5192.000000
260.291016,255.944351,-10.889038,260.291016,12.049542,127.251602,0.000000,-4319.000000
260.291016,256.894836,-11.772613,260.291016,1.896481,177.728592,0.000000,-6593.000000
260.291016,257.697144,-12.623569,260.291016,4.883592,156.135376,0.000000,-5671.000000
260.291016,258.016510,-13.439036,260.291016,8.205505,83.920792,0.000000,-2839.000000
260.291016,258.432007,-14.064812,260.291016,0.454297,89.227348,0.000000,-3328.000000
260.291016,259.080505,-14.804335,260.291016,-3.449699,118.604744,0.000000,-4576.000000
260.291016,259.413513,-15.500126,260.291016,2.681450,74.928337,0.000000,-2709.000000
260.291016,259.508148,-16.147257,260.291016,2.525860,31.244694,0.000000,-1076.000000
260.291016,259.777557,-16.743750,260.291016,-2.983043,52.609669,0.000000,-2084.000000
260.291016,260.083130,-17.289455,260.291016,-2.477606,55.074112,0.000000,-2158.000000
260.291016,260.122467,-17.786926,260.291016,1.481598,17.562395,0.000000,-602.000000
260.291016,260.197052,-18.063810,260.291016,-1.766647,18.898132,0.000000,-775.000000
260.291016,260.399445,-18.407978,260.291016,-3.687901,35.065334,0.000000,-1453.000000
260.291016,260.430756,-18.799427,260.291016,-0.086681,9.087718,0.000000,-344.000000
260.291016,260.380249,-19.150393,260.291016,-0.152049,-4.881461,0.000000,177.000000
260.291016,260.466614,-19.461681,260.291016,0.000000,12.468675,0.000000,-468.000000
260.291016,260.504578,-19.735020,260.291016,-1.270472,6.278557,0.000000,-283.000000
260.291016,260.400665,-19.974506,260.291016,0.663223,-13.798461,0.000000,542.000000
260.291016,260.337372,-20.184473,260.291016,0.025203,-9.692809,0.000000,364.000000
260.291016,260.370728,-20.366953,260.291016,0.000000,1.756764,0.000000,-66.000000
260.291016,260.375580,-20.494566,260.291016,0.000000,-0.824393,0.000000,31.000000
260.291016,260.309570,-20.632830,260.291016,0.000000,-11.150876,0.000000,418.000000
260.291016,260.221100,-20.729067,260.291016,0.000000,-14.641865,0.000000,549.000000
260.291016,260.167358,-20.812607,260.291016,0.000000,-11.397419,0.000000,428.000000
260.291016,260.129028,-20.902214,260.291016,0.000000,-8.072363,0.000000,303.000000
260.291016,260.085480,-20.978014,260.291016,1.068802,-9.142984,0.000000,383.000000
260.291016,260.013855,-21.041883,260.291016,3.111432,-14.937774,0.000000,678.000000
260.291016,259.948608,-21.096207,260.291016,2.385371,-10.619750,0.000000,489.000000
260.291016,259.937469,-21.142851,260.291016,1.886202,-3.801446,0.000000,280.000000
260.291016,259.919037,-21.183723,260.291016,3.256826,-4.876682,0.000000,306.000000
260.291016,259.894623,-21.220486,260.291016,2.164739,-5.830975,0.000000,301.000000
260.291016,259.892731,-21.241280,260.291016,2.080523,-2.167861,0.000000,280.000000
260.291016,259.892609,-21.261234,260.291016,2.073277,0.585488,0.000000,280.000000
260.291016,259.892609,-21.286921,260.291016,2.073515,2.937777,0.000000,280.000000
260.291016,259.933136,-21.317871,260.291016,1.692977,4.363891,0.000000,280.000000
260.291016,259.936279,-21.342611,260.291016,1.834630,3.717999,0.000000,280.000000
260.291016,259.977020,-21.373150,260.291016,1.463032,5.417662,0.000000,280.000000
260.291016,259.980194,-21.403069,260.291016,1.604516,3.062122,0.000000,280.000000
260.291016,259.980438,-21.432301,260.291016,1.617767,1.719429,0.000000,280.000000
260.291016,260.021027,-21.461227,260.291016,1.234843,3.807700,0.000000,280.000000
260.291016,260.052277,-21.490084,260.291016,0.441363,5.638986,0.000000,-194.000000
260.291016,260.084686,-21.518250,260.291016,-0.304972,6.856357,0.000000,-267.000000
260.291016,260.110168,-21.545259,260.291016,0.837246,4.691870,0.000000,-144.000000
260.291016,260.112152,-21.571260,260.291016,0.925338,2.281922,0.000000,-50.000000
260.291016,260.112305,-21.596025,260.291016,0.932931,1.884821,0.000000,-35.000000
260.291016,260.116119,-21.619370,260.291016,1.103706,1.143965,0.000000,-1.000000
260.291016,260.153137,-21.641266,260.291016,0.000000,1.494894,0.000000,-56.000000
260.291016,260.138428,-21.661360,260.291016,0.000000,-0.324282,0.000000,12.000000
260.291016,260.114349,-21.679884,260.291016,0.000000,-1.631181,0.000000,61.000000
260.291016,260.112488,-21.696543,260.291016,0.000000,-1.261753,0.000000,47.000000
260.291016,260.112335,-21.711365,260.291016,0.000000,-0.895759,0.000000,34.000000
260.291016,260.112335,-21.724028,260.291016,0.000000,-1.546441,0.000000,58.000000
260.291016,260.112335,-21.734810,260.291016,0.000000,-1.345403,0.000000,50.000000
260.291016,260.112335,-21.742111,260.291016,0.000000,-0.454635,0.000000,17.000000
260.291016,260.112335,-21.746750,260.291016,0.000000,-0.558207,0.000000,21.000000
260.291016,260.112335,-21.753193,260.291016,0.000000,-0.330907,0.000000,13.000000
260.291016,260.112335,-21.757467,260.291016,0.000000,-0.333930,0.000000,12.000000
260.291016,260.106262,-21.761580,260.291016,0.657638,0.065464,0.000000,23.000000
260.291016,260.084167,-21.764326,260.291016,1.864837,-0.225540,0.000000,280.000000
260.291016,260.103790,-21.765768,260.291016,0.547716,0.339121,0.000000,8.000000
260.291016,260.109406,-21.766109,260.291016,0.797377,0.292866,0.000000,19.000000
260.291016,260.080170,-21.765717,260.291016,1.687168,-0.302782,0.000000,280.000000
260.291016,260.097412,-21.764614,260.291016,0.261664,0.358037,0.000000,-4.000000
260.291016,260.111145,-21.762943,260.291016,0.878797,1.888551,0.000000,-37.000000
260.291016,260.112213,-21.761745,260.291016,0.926639,0.037606,0.000000,34.000000
260.291016,260.077850,-21.759542,260.291016,1.584957,-2.551367,0.000000,280.000000
260.291016,260.069092,-21.757181,260.291016,1.192052,-2.586260,0.000000,142.000000
260.291016,260.068420,-21.754704,260.291016,1.162953,0.926509,0.000000,9.000000
260.291016,260.102844,-21.752251,260.291016,0.504592,2.565281,0.000000,-77.000000
260.291016,260.093994,-21.749855,260.291016,2.308823,-0.575244,0.000000,280.000000
260.291016,260.070343,-21.747318,260.291016,1.249536,-3.630446,0.000000,280.000000
260.291016,260.068512,-21.744909,260.291016,1.166980,-1.874176,0.000000,114.000000
260.291016,260.068390,-21.742771,260.291016,1.159628,1.213394,0.000000,-2.000000
260.291016,260.068390,-21.740904,260.291016,1.159761,1.261829,0.000000,-4.000000
290.291016,260.068390,-21.739298,260.321289,16.065968,-1.573471,15.126087,2246.000000
290.291016,260.166077,-21.737911,260.472534,37.021557,20.527941,40.336231,2203.000000
290.291016,260.618530,-21.736691,260.749847,56.943722,75.836082,65.546379,877.000000
290.291016,261.037842,-21.736662,261.153229,84.830360,75.644478,90.756546,1929.000000
290.291016,261.078186,-21.739250,261.682648,116.167023,25.560808,115.966698,4983.000000
290.291016,261.321198,-21.747797,262.338074,139.663315,49.756710,141.176849,4956.000000
290.291016,261.769775,-21.763660,263.119598,162.035492,77.971977,166.387024,4737.000000
290.291016,262.073303,-21.791706,264.027161,191.749619,69.130104,191.597183,6183.000000
290.291016,262.513336,-21.837706,265.060791,217.250076,87.488777,216.807343,6451.000000
290.291016,263.126465,-21.905836,266.220459,242.369080,113.614647,242.017456,6413.000000
290.291016,263.707062,-22.001774,267.506165,271.085388,118.484573,267.227539,7307.000000
290.291016,264.474762,-22.130594,268.917938,295.652771,145.877167,292.437653,7201.000000
290.291016,265.394775,-22.298094,270.455780,321.108765,175.910156,317.647736,7029.000000
290.291016,266.372284,-22.509762,272.119629,349.796204,191.855438,342.857819,7508.000000
290.291016,267.450012,-22.770399,273.909546,374.844025,212.748947,368.067902,7664.000000
290.291016,268.708252,-23.085003,275.815460,389.956604,244.307922,383.193970,3878.000000
290.291016,270.031342,-23.457499,277.655792,370.504761,257.193024,357.983887,2666.000000
290.291016,271.127411,-23.891619,279.370056,351.213318,229.067398,332.773773,2997.000000
290.291016,272.462677,-24.404970,280.958344,322.208130,263.494568,307.563690,618.000000
290.291016,273.967407,-24.997095,282.420502,297.940155,287.608521,282.353607,-1196.000000
290.291016,275.224670,-25.647820,283.756653,277.311859,255.389465,257.143524,-761.000000
290.291016,276.376160,-26.349197,284.966736,253.487946,239.103561,231.933426,-1043.000000
290.291016,277.566254,-26.947872,286.050781,228.543488,238.038330,206.723267,-1939.000000
290.291016,278.746735,-27.748787,287.059204,212.601852,238.101379,191.597168,-2539.000000
290.291016,280.005524,-28.580284,287.941559,185.286133,246.956909,166.387009,-3896.000000
290.291016,281.137329,-28.924322,288.697845,160.417358,228.983475,141.176849,-4154.000000
290.291016,282.163574,-29.830175,289.328094,134.558929,210.876083,115.966682,-4445.000000
290.291016,283.222382,-30.746811,289.832306,107.305595,212.953339,90.756523,-5545.000000
290.291016,284.225372,-31.666468,290.210449,81.286942,201.508972,65.546364,-6091.000000
290.291016,285.046570,-32.581886,290.291016,17.240330,168.437607,0.000000,-5669.000000
290.291016,285.620789,-33.484966,290.291016,14.400868,129.125198,0.000000,-4301.000000
290.291016,286.492584,-34.367481,290.291016,5.120268,168.595657,0.000000,-6129.000000
290.291016,287.338959,-35.220631,290.291016,5.688013,162.776535,0.000000,-5890.000000
290.291016,287.742340,-36.041180,290.291016,8.382686,101.811096,0.000000,-3502.000000
290.291016,288.171783,-36.670582,290.291016,5.646977,97.712509,0.000000,-3451.000000
290.291016,288.784698,-37.278633,290.291016,-4.245669,116.634621,0.000000,-4532.000000
290.291016,289.182922,-37.997902,290.291016,2.607935,80.395164,0.000000,-2916.000000
290.291016,289.333282,-38.668777,290.291016,2.752778,48.010147,0.000000,-1696.000000
290.291016,289.619141,-39.289249,290.291016,-2.015786,58.613434,0.000000,-2273.000000
290.291016,289.939056,-39.859123,290.291016,-0.867676,58.367321,0.000000,-2220.000000
290.291016,290.011444,-40.380878,290.291016,2.374653,23.259718,0.000000,-782.000000
290.291016,290.088959,-40.856705,290.291016,-0.743250,19.772005,0.000000,-769.000000
290.291016,290.282959,-41.286610,290.291016,-3.040877,35.644043,0.000000,-1450.000000
290.291016,290.382233,-41.598263,290.291016,-0.786869,17.465134,0.000000,-684.000000
290.291016,290.311218,-41.950024,290.291016,0.000000,-6.280555,0.000000,235.000000
290.291016,290.369781,-42.262505,290.291016,0.000000,10.609148,0.000000,-398.000000
290.291016,290.429565,-42.537678,290.291016,0.000000,10.910381,0.000000,-410.000000
290.291016,290.378357,-42.638382,290.291016,0.000000,-6.992660,0.000000,262.000000
290.291016,290.310883,-42.822113,290.291016,0.000000,-11.480031,0.000000,430.000000
290.291016,290.303375,-43.024582,290.291016,0.000000,-1.687221,0.000000,63.000000
290.291016,290.343323,-43.199261,290.291016,0.000000,3.590146,0.000000,-135.000000
290.291016,290.280060,-43.349995,290.291016,0.000000,-10.435699,0.000000,391.000000
290.291016,290.157349,-43.480286,290.291016,0.000000,-19.490164,0.000000,731.000000
290.291016,290.129303,-43.592403,290.291016,0.000000,-10.892605,0.000000,409.000000
290.291016,290.099030,-43.688492,290.291016,0.000000,-4.326779,0.000000,163.000000
290.291016,290.032227,-43.770325,290.291016,3.200174,-13.268496,0.000000,618.000000
290.291016,289.959747,-43.840153,290.291016,2.151122,-13.372022,0.000000,583.000000
290.291016,289.951874,-43.899742,290.291016,1.796914,-4.081127,0.000000,280.000000
290.291016,289.912994,-43.950321,290.291016,2.253378,-8.001227,0.000000,386.000000
290.291016,289.867157,-43.994110,290.291016,2.397618,-7.649145,0.000000,378.000000
290.291016,289.863586,-44.032429,290.291016,2.240266,-1.515937,0.000000,280.000000
290.291016,289.863312,-44.066559,290.291016,2.225551,-1.190506,0.000000,280.000000
290.291016,289.863312,-44.097641,290.291016,2.225807,0.522978,0.000000,280.000000
290.291016,289.891418,-44.126400,290.291016,1.288934,3.418177,0.000000,280.000000
290.291016,289.906006,-44.153889,290.291016,1.942767,3.266489,0.000000,280.000000
290.291016,289.924744,-44.180233,290.291016,0.583460,4.601228,0.000000,-149.000000
290.291016,289.949127,-44.205551,290.291016,1.678040,4.270329,0.000000,280.000000
290.291016,289.951019,-44.230350,290.291016,1.762698,2.804714,0.000000,280.000000
290.291016,289.989441,-44.254791,290.291016,1.284468,5.189935,0.000000,280.000000
290.291016,289.994690,-44.269554,290.291016,1.521556,3.022027,0.000000,280.000000
290.291016,289.995117,-44.285027,290.291016,1.540093,1.640932,0.000000,280.000000
290.291016,290.012695,-44.305607,290.291016,0.131233,1.775266,0.000000,-61.000000
290.291016,290.037018,-44.331165,290.291016,1.222088,5.180042,0.000000,280.000000
290.291016,290.038910,-44.356537,290.291016,1.306694,1.947363,0.000000,280.000000
290.291016,290.067169,-44.381714,290.291016,0.377059,2.329705,0.000000,-72.000000
290.291016,290.099365,-44.406620,290.291016,-0.378251,5.877261,0.000000,-234.000000
290.291016,290.124786,-44.426353,290.291016,0.762051,3.871698,0.000000,-115.000000
290.291016,290.126801,-44.450981,290.291016,0.850134,0.735982,0.000000,5.000000
290.291016,290.126923,-44.474892,290.291016,0.857718,0.950491,0.000000,-2.000000
290.291016,290.126923,-44.497902,290.291016,0.857817,2.846928,0.000000,-74.000000
290.291016,290.133301,-44.519623,290.291016,1.140364,2.258497,0.000000,-41.000000
290.291016,290.139862,-44.535946,290.291016,0.000000,0.391237,0.000000,-15.000000
290.291016,290.166229,-44.554836,290.291016,0.000000,0.858135,0.000000,-32.000000
290.291016,290.152954,-44.572002,290.291016,0.000000,-0.450942,0.000000,17.000000
290.291016,290.128967,-44.581333,290.291016,0.000000,-0.662099,0.000000,25.000000
290.291016,290.127136,-44.594833,290.291016,0.000000,-0.343325,0.000000,13.000000
290.291016,290.126984,-44.603924,290.291016,0.000000,-1.078051,0.000000,40.000000
290.291016,290.126984,-44.611244,290.291016,0.000000,-1.492495,0.000000,56.000000
290.291016,290.126984,-44.618195,290.291016,0.000000,-1.241944,0.000000,46.000000
290.291016,290.126984,-44.620327,290.291016,0.000000,0.089897,0.000000,-3.000000
290.291016,290.126984,-44.624340,290.291016,0.000000,-0.646194,0.000000,25.000000
290.291016,290.126984,-44.626423,290.291016,0.000000,-1.194645,0.000000,45.000000
290.291016,290.098846,-44.627575,290.291016,0.000000,-2.081747,0.000000,78.000000
290.291016,290.084259,-44.627644,290.291016,1.136740,-1.312917,0.000000,91.000000
290.291016,290.083130,-44.626923,290.291016,1.085316,-0.824896,0.000000,72.000000
290.291016,290.083069,-44.625160,290.291016,1.081769,0.390819,0.000000,27.000000
290.291016,290.083069,-44.622398,290.291016,1.081894,-0.448996,0.000000,58.000000
290.291016,290.083069,-44.618793,290.291016,1.082018,-0.476092,0.000000,58.000000
290.291016,290.083069,-44.614502,290.291016,1.082143,-0.501968,0.000000,60.000000
290.291016,290.083069,-44.609844,290.291016,1.082268,-0.724627,0.000000,68.000000
290.291016,290.083069,-44.604530,290.291016,1.082393,-0.467688,0.000000,59.000000
290.291016,290.083069,-44.599781,290.291016,1.082517,-1.951798,0.000000,114.000000
290.291016,290.044769,-44.594707,290.291016,1.566513,-3.194780,0.000000,280.000000
290.291016,290.039520,-44.589352,290.291016,1.331803,-1.363370,0.000000,280.000000
320.291016,290.067230,-44.582535,290.306152,10.286785,3.050925,10.084058,1856.000000
320.291016,290.133820,-44.575745,290.432220,34.111130,12.174879,35.294205,2407.000000
320.291016,290.410919,-44.570660,290.684296,54.838589,49.244667,60.504349,1794.000000
320.291016,290.838013,-44.565712,291.062439,78.543709,75.274582,85.714508,1708.000000
320.291016,290.992798,-44.564674,291.566650,110.486023,38.827049,110.924667,4272.000000
320.291016,291.140839,-44.571854,292.196930,133.988754,36.829437,136.134827,5229.000000
320.291016,291.603271,-44.587536,292.953217,156.850235,78.150406,161.344986,4536.000000
320.291016,291.972931,-44.616119,293.835571,187.199829,74.387123,186.555145,5816.000000
320.291016,292.389160,-44.663555,294.843964,211.504547,82.827148,211.765305,6410.000000
320.291016,293.008728,-44.733562,295.978424,236.780670,115.207382,236.975433,6144.000000
320.291016,293.626556,-44.831779,297.238922,264.836060,120.436150,262.185516,7000.000000
320.291016,294.360413,-44.886078,298.625488,289.952332,144.573593,287.395630,7036.000000
320.291016,295.281586,-45.053558,300.138092,315.328308,175.272705,312.605713,6837.000000
320.291016,296.255402,-45.263748,301.776764,343.719421,191.821198,337.815796,7281.000000
320.291016,297.343414,-45.521053,303.541473,369.094940,212.629288,363.025909,7452.000000
320.291016,298.572021,-45.830280,305.432251,394.831543,240.972519,388.235992,7355.000000
320.291016,299.904083,-46.195766,307.297821,373.716278,258.696136,363.025909,2730.000000
320.291016,301.027039,-46.621227,309.037292,353.561554,231.114258,337.815796,3009.000000
320.291016,302.342957,-47.006569,310.650757,326.019196,262.779968,312.605713,788.000000
320.291016,303.710358,-47.465084,312.138153,311.110382,284.022827,287.395630,-567.000000
320.291016,305.008240,-47.959545,313.499512,277.054291,259.833832,262.185516,-937.000000
320.291016,306.131744,-48.507114,314.734802,263.090515,242.738785,236.975433,-820.000000
320.291016,307.385040,-49.256931,315.844055,227.924469,241.185150,211.765289,-2080.000000
320.291016,308.505066,-50.047382,316.867584,222.535141,232.668701,196.639191,-1963.000000
320.291016,309.775696,-50.870640,317.775146,184.900238,243.703339,171.429031,-3788.000000
320.291016,310.891876,-51.719955,318.556671,170.446121,236.355072,146.218872,-4055.000000
320.291016,311.868103,-52.607994,319.212128,142.478897,213.600784,121.008713,-4250.000000
320.291016,312.882355,-53.529781,319.741547,113.359146,210.201401,95.798553,-5214.000000
320.291016,313.950775,-54.459404,320.144897,86.012871,210.662491,70.588394,-6257.000000
320.291016,314.877563,-55.384869,320.291016,15.527761,188.091370,0.000000,-6470.000000
320.291016,315.498596,-56.298031,320.291016,16.983522,136.533127,0.000000,-4482.000000
320.291016,316.221222,-57.191185,320.291016,7.614044,149.239441,0.000000,-5310.000000
320.291016,317.221924,-57.892956,320.291016,1.906484,184.579773,0.000000,-6849.000000
320.291016,317.823700,-58.239330,320.291016,6.897117,127.297241,0.000000,-4514.000000
320.291016,318.139618,-58.925499,320.291016,5.669665,81.378464,0.000000,-2838.000000
320.291016,318.707642,-59.736603,320.291016,-1.840067,111.142250,0.000000,-4236.000000
320.291016,319.274384,-60.495007,320.291016,-0.618614,108.577194,0.000000,-4094.000000
320.291016,319.463959,-61.202312,320.291016,3.481860,52.054348,0.000000,-1820.000000
320.291016,319.653717,-61.857090,320.291016,-1.200860,43.907600,0.000000,-1690.000000
320.291016,320.004761,-62.458275,320.291016,-3.052675,61.325912,0.000000,-2413.000000
320.291016,320.128693,-63.005695,320.291016,0.302639,32.329880,0.000000,-1200.000000
320.291016,320.168732,-63.407829,320.291016,-0.100065,15.670505,0.000000,-590.000000
320.291016,320.325592,-63.778320,320.291016,-1.862466,28.063133,0.000000,-1121.000000
320.291016,320.405426,-64.198547,320.291016,-0.484723,13.621971,0.000000,-528.000000
320.291016,320.330322,-64.574425,320.291016,0.000000,-4.725101,0.000000,177.000000
320.291016,320.374237,-64.907623,320.291016,0.000000,7.281742,0.000000,-273.000000
320.291016,320.443390,-65.201805,320.291016,0.000000,7.564705,0.000000,-284.000000
320.291016,320.352417,-65.461365,320.291016,0.000000,-10.497082,0.000000,393.000000
320.291016,320.320129,-65.645485,320.291016,0.000000,-7.690660,0.000000,289.000000
320.291016,320.317627,-65.810280,320.291016,0.000000,0.014570,0.000000,0.000000
320.291016,320.317444,-65.987915,320.291016,0.000000,-0.440467,0.000000,16.000000
320.291016,320.227112,-66.111168,320.291016,0.000000,-14.698635,0.000000,551.000000
320.291016,320.150574,-66.246719,320.291016,0.000000,-18.241640,0.000000,684.000000
320.291016,320.101807,-66.341400,320.291016,0.000000,-9.290778,0.000000,349.000000
320.291016,320.069885,-66.442375,320.291016,1.957278,-8.451027,0.000000,391.000000
320.291016,319.982300,-66.527931,320.291016,2.427255,-16.343513,0.000000,705.000000
320.291016,319.928864,-66.572922,320.291016,2.232014,-11.128767,0.000000,502.000000
320.291016,319.922424,-66.639320,320.291016,1.943918,-3.669379,0.000000,280.000000
320.291016,319.893799,-66.696548,320.291016,2.859380,-5.416954,0.000000,312.000000
320.291016,319.844727,-66.746101,320.291016,2.858657,-7.724672,0.000000,399.000000
320.291016,319.834839,-66.789604,320.291016,2.414486,-2.108140,0.000000,280.000000
320.291016,319.834045,-66.828125,320.291016,2.381997,-0.311731,0.000000,280.000000
320.291016,319.851593,-66.862778,320.291016,0.969420,1.075651,0.000000,-2.000000
320.291016,319.875916,-66.888428,320.291016,2.058322,1.061959,0.000000,280.000000
320.291016,319.877777,-66.918587,320.291016,2.143024,1.367672,0.000000,280.000000
320.291016,319.877930,-66.947273,320.291016,2.150758,3.663419,0.000000,280.000000
320.291016,319.916199,-66.969788,320.291016,1.667135,3.877649,0.000000,280.000000
320.291016,319.921448,-66.997665,320.291016,1.902360,2.593199,0.000000,280.000000
320.291016,319.949982,-67.025238,320.291016,0.983812,4.571414,0.000000,-133.000000
320.291016,319.964600,-67.052498,320.291016,1.639374,4.491345,0.000000,280.000000
320.291016,319.983337,-67.074577,320.291016,0.280032,4.037145,0.000000,-140.000000
320.291016,320.007721,-67.102448,320.291016,1.374576,3.807829,0.000000,280.000000
320.291016,320.009613,-67.130852,320.291016,1.459199,-0.459039,0.000000,280.000000
320.291016,320.009735,-67.159210,320.291016,1.466854,0.369694,0.000000,280.000000
320.291016,320.037903,-67.187355,320.291016,0.529752,5.252030,0.000000,-176.000000
320.291016,320.052490,-67.215157,320.291016,1.183354,5.217077,0.000000,-150.000000
320.291016,320.053619,-67.242363,320.291016,1.235046,1.445206,0.000000,280.000000
320.291016,320.081848,-67.268761,320.291016,0.301589,2.781717,0.000000,-91.000000
320.291016,320.130920,-67.284187,320.291016,0.300627,7.690636,0.000000,-275.000000
320.291016,320.140778,-67.304382,320.291016,0.745303,2.749346,0.000000,-74.000000
320.291016,320.107086,-67.328529,320.291016,0.000000,-1.637437,0.000000,61.000000
320.291016,320.136658,-67.351089,320.291016,0.000000,1.197665,0.000000,-44.000000
320.291016,320.141235,-67.371941,320.291016,0.000000,0.571863,0.000000,-21.000000
320.291016,320.103363,-67.391022,320.291016,0.000000,-1.753535,0.000000,66.000000
320.291016,320.138641,-67.408089,320.291016,0.000000,0.572778,0.000000,-22.000000
320.291016,320.106934,-67.423363,320.291016,0.000000,-2.618271,0.000000,98.000000
320.291016,320.098389,-67.436607,320.291016,0.000000,-1.327603,0.000000,50.000000
320.291016,320.097717,-67.445663,320.291016,0.000000,-0.398722,0.000000,15.000000
320.291016,320.097687,-67.453606,320.291016,0.000000,-0.547715,0.000000,20.000000
320.291016,320.097687,-67.462051,320.291016,0.000000,-1.886443,0.000000,71.000000
320.291016,320.097687,-67.468956,320.291016,0.000000,-1.161794,0.000000,44.000000
320.291016,320.097687,-67.474617,320.291016,0.000000,-0.600562,0.000000,22.000000
320.291016,320.097687,-67.479050,320.291016,0.000000,-0.267039,0.000000,11.000000
320.291016,320.097687,-67.482155,320.291016,0.000000,-1.089053,0.000000,41.000000
320.291016,320.097687,-67.483742,320.291016,0.000000,-1.055014,0.000000,40.000000
320.291016,320.063477,-67.484138,320.291016,1.670948,-1.686160,0.000000,280.000000
320.291016,320.054504,-67.483551,320.291016,1.267037,-0.498719,0.000000,280.000000
320.291016,320.088226,-67.481529,320.291016,0.583549,1.756957,0.000000,-44.000000
320.291016,320.114532,-67.478592,320.291016,-0.436148,4.912429,0.000000,-201.000000
320.291016,320.121948,-67.475533,320.291016,2.092774,1.125837,0.000000,280.000000
320.291016,320.071442,-67.471619,320.291016,2.027726,-6.345376,0.000000,314.000000
320.291016,320.055115,-67.469200,320.291016,1.297297,-5.456616,0.000000,280.000000
320.291016,320.053833,-67.462433,320.291016,1.240454,-1.564479,0.000000,280.000000
320.291016,320.071320,-67.455101,320.291016,-0.174020,3.274750,0.000000,-129.000000
320.291016,320.095612,-67.447502,320.291016,0.914893,3.095976,0.000000,-81.000000
350.291016,320.056976,-67.439903,320.366669,26.356108,-2.081958,25.210144,2651.000000
350.291016,320.258606,-67.432404,320.568329,45.635944,32.340408,50.420288,2084.000000
350.291016,320.671234,-67.425339,320.896057,68.430931,73.861107,75.630447,1381.000000
350.291016,320.972626,-67.420647,321.349823,97.887749,56.893967,100.840607,3122.000000
350.291016,321.062500,-67.421967,321.929688,125.116814,28.126629,126.050758,5222.000000
350.291016,321.436493,-67.430458,322.635559,145.950562,67.292145,151.260925,4535.000000
350.291016,321.845581,-67.448738,323.467499,175.605591,76.083748,176.471085,5317.000000
350.291016,322.167572,-67.482796,324.425476,204.213486,72.595566,201.681244,6521.000000
350.291016,322.718781,-67.537346,325.509521,223.972397,104.088387,226.891403,6081.000000
350.291016,323.305939,-67.616814,326.719604,256.977905,114.109444,252.101486,6942.000000
350.291016,323.977264,-67.726837,328.055725,276.835754,130.101410,277.311584,7087.000000
350.291016,324.780487,-67.885742,329.517914,309.853271,162.101517,302.521667,7126.000000
350.291016,325.671143,-68.056351,331.106171,336.449707,178.892487,327.731781,7493.000000
350.291016,326.637177,-68.309494,332.820465,360.494232,197.027161,352.941864,7715.000000
350.291016,327.807159,-68.611168,334.660797,385.540070,227.183685,378.151947,7523.000000
350.291016,329.087250,-68.966614,336.566711,381.969971,251.190948,373.109924,3321.000000
350.291016,330.353729,-69.379814,338.356628,364.111786,248.425888,347.899841,2755.000000
350.291016,331.474701,-69.575294,340.020477,341.279633,233.472885,322.689758,2460.000000
350.291016,332.915894,-69.910202,341.558319,312.363129,277.533356,297.479645,280.000000
350.291016,334.348724,-70.526398,342.970093,291.204803,280.742889,272.269562,-1191.000000
350.291016,335.571350,-71.196190,344.255798,268.764954,250.291626,247.059479,-890.000000
350.291016,336.685669,-71.915558,345.415466,245.210266,231.408813,221.849350,-1065.000000
350.291016,337.826080,-72.679665,346.469269,229.910049,227.253616,206.723267,-1483.000000
350.291016,339.011932,-73.481789,347.427246,201.916290,238.766663,181.513092,-2964.000000
350.291016,340.285767,-74.314362,348.259186,175.016312,248.938980,156.302933,-4354.000000
350.291016,341.401184,-75.003235,348.965057,151.347488,225.612015,131.092773,-4367.000000
350.291016,342.413757,-75.717651,349.544922,124.615639,210.516342,105.882622,-4804.000000
350.291016,343.534088,-76.640259,349.998688,95.458405,218.894257,80.672455,-6211.000000
350.291016,344.538940,-77.563782,350.291016,18.704987,203.735672,0.000000,-16384.000000
350.291016,345.246674,-78.480354,350.291016,18.148750,150.440170,0.000000,-4960.000000
350.291016,345.913910,-79.381393,350.291016,10.690413,145.379730,0.000000,-5050.000000
350.291016,346.955933,-80.257103,350.291016,2.444303,193.194290,0.000000,-7152.000000
350.291016,347.652130,-81.101303,350.291016,7.270011,140.576172,0.000000,-4997.000000
350.291016,347.977692,-81.916679,350.291016,6.471986,87.231163,0.000000,-3027.000000
350.291016,348.534241,-82.694916,350.291016,2.843497,114.806244,0.000000,-4198.000000
350.291016,349.114166,-83.424446,350.291016,0.260990,108.050560,0.000000,-4041.000000
350.291016,349.328766,-83.976852,350.291016,3.284762,57.581432,0.000000,-2035.000000
350.291016,349.559021,-84.622314,350.291016,-1.780699,52.409836,0.000000,-2031.000000
350.291016,349.873260,-85.215866,350.291016,-0.885906,62.765217,0.000000,-2385.000000
350.291016,350.012695,-85.654343,350.291016,0.964971,29.569788,0.000000,-1071.000000
350.291016,350.069214,-85.759117,350.291016,-0.896342,18.533333,0.000000,-727.000000
350.291016,350.270203,-86.158714,350.291016,-2.879803,34.852688,0.000000,-1414.000000
350.291016,350.365448,-86.612907,350.291016,-0.805705,19.940109,0.000000,-777.000000
350.291016,350.294098,-87.019958,350.291016,0.000000,-5.867416,0.000000,220.000000
350.291016,350.340607,-87.382500,350.291016,0.000000,9.849120,0.000000,-369.000000
350.291016,350.413757,-87.703171,350.291016,0.000000,11.435616,0.000000,-429.000000
350.291016,350.356842,-87.987068,350.291016,0.000000,-9.945941,0.000000,372.000000
350.291016,350.259003,-88.190033,350.291016,0.000000,-15.191061,0.000000,570.000000
350.291016,350.210846,-88.414268,350.291016,0.000000,-8.240137,0.000000,309.000000
350.291016,350.269684,-88.571487,350.291016,0.000000,5.523484,0.000000,-207.000000
350.291016,350.269104,-88.742813,350.291016,0.000000,0.992872,0.000000,-37.000000
350.291016,350.155823,-88.891182,350.291016,0.000000,-19.591160,0.000000,734.000000
350.291016,350.040710,-89.018578,350.291016,2.117095,-20.918711,0.000000,864.000000
350.291016,350.025696,-89.105156,350.291016,1.443385,-7.437942,0.000000,334.000000
350.291016,349.968719,-89.197311,350.291016,3.282855,-9.617351,0.000000,484.000000
350.291016,349.883209,-89.260147,350.291016,3.848503,-14.176479,0.000000,677.000000
350.291016,349.879028,-89.327705,350.291016,1.466945,-4.958030,0.000000,280.000000
350.291016,349.833435,-89.385620,350.291016,3.816896,-6.642586,0.000000,393.000000
350.291016,349.806946,-89.425964,350.291016,2.629249,-7.652323,0.000000,387.000000
350.291016,349.804871,-89.470345,350.291016,2.537885,-2.110270,0.000000,280.000000
350.291016,349.804718,-89.509865,350.291016,2.530691,-1.185919,0.000000,280.000000
350.291016,349.804718,-89.524620,350.291016,2.530983,1.447738,0.000000,280.000000
350.291016,349.804718,-89.545738,350.291016,2.531275,2.614490,0.000000,280.000000
350.291016,349.845245,-89.578598,350.291016,2.150789,2.463757,0.000000,280.000000
350.291016,349.848389,-89.609085,350.291016,2.292494,3.373060,0.000000,280.000000
350.291016,349.876740,-89.638031,350.291016,1.366646,4.515166,0.000000,280.000000
350.291016,349.891357,-89.665825,350.291016,2.020346,2.713007,0.000000,280.000000
350.291016,349.892487,-89.692657,350.291016,2.072134,3.972781,0.000000,280.000000
350.291016,349.933136,-89.718987,350.291016,1.692934,5.083157,0.000000,280.000000
350.291016,349.936279,-89.745087,350.291016,1.836636,1.845903,0.000000,280.000000
350.291016,349.970978,-89.770569,350.291016,1.193326,6.114545,0.000000,-184.000000
350.291016,349.979736,-89.795235,350.291016,1.586408,3.843454,0.000000,280.000000
350.291016,349.980438,-89.819237,350.291016,1.615828,0.098688,0.000000,280.000000
350.291016,349.980469,-89.842857,350.291016,1.619970,1.370413,0.000000,280.000000
350.291016,349.998047,-89.865746,350.291016,0.209070,2.244023,0.000000,-74.000000
350.291016,350.022400,-89.887856,350.291016,1.299792,3.203526,0.000000,280.000000
350.291016,350.024292,-89.909180,350.291016,1.384406,-0.120648,0.000000,280.000000
350.291016,350.024414,-89.929939,350.291016,1.392052,-0.531506,0.000000,280.000000
350.291016,350.024414,-89.950203,350.291016,1.392212,1.413339,0.000000,280.000000
350.291016,350.042023,-89.969421,350.291016,-0.018715,4.050355,0.000000,-151.000000
350.291016,350.083923,-89.987587,350.291016,-0.338964,7.412620,0.000000,-289.000000
350.291016,350.092560,-90.004539,350.291016,2.247245,1.787733,0.000000,280.000000
350.291016,350.035797,-90.017227,350.291016,1.903154,-7.732833,0.000000,362.000000
350.291016,349.987061,-90.029167,350.291016,1.914987,-8.944166,0.000000,408.000000
350.291016,349.980988,-90.042969,350.291016,1.643451,-1.250455,0.000000,280.000000
350.291016,350.021057,-90.055237,350.291016,1.242735,5.712992,0.000000,280.000000
350.291016,350.062408,-90.066277,350.291016,0.898700,5.668447,0.000000,-177.000000
350.291016,350.050354,-90.076302,350.291016,2.553747,-1.110889,0.000000,280.000000
350.291016,349.998322,-90.085159,350.291016,2.420742,-7.501960,0.000000,374.000000
350.291016,349.971344,-90.092781,350.291016,1.210963,-6.627782,0.000000,296.000000
350.291016,349.977509,-90.099373,350.291016,1.488456,2.686262,0.000000,280.000000
350.291016,350.020782,-90.104851,350.291016,1.230803,6.674868,0.000000,280.000000
350.291016,350.024170,-90.108948,350.291016,1.381370,3.104164,0.000000,280.000000
350.291016,350.024414,-90.111702,350.291016,1.394595,1.046551,0.000000,280.000000
350.291016,350.052551,-90.113190,350.291016,0.457483,1.931108,0.000000,-54.000000
350.291016,350.067139,-90.113373,350.291016,1.111220,3.578439,0.000000,-91.000000
350.291016,350.068268,-90.112350,350.291016,1.162902,-2.157606,0.000000,126.000000
350.291016,350.010254,-90.110031,350.291016,2.958430,-6.930592,0.000000,373.000000
350.291016,349.982819,-90.106323,350.291016,1.726472,-5.649310,0.000000,280.000000
350.291016,349.998230,-90.102371,350.291016,0.222293,1.109343,0.000000,-31.000000
350.291016,350.022430,-90.097649,350.291016,1.303622,2.919299,0.000000,280.000000
350.291016,349.996155,-90.090927,350.291016,2.325507,-2.051920,0.000000,280.000000
350.291016,349.981689,-90.083626,350.291016,1.679719,-2.205471,0.000000,280.000000
350.291016,349.980591,-90.078918,350.291016,1.628214,0.020503,0.000000,280.000000
350.291016,349.980499,-90.075592,350.291016,1.624729,-0.269702,0.000000,280.000000
350.291016,349.980499,-90.067482,350.291016,1.624915,0.148180,0.000000,280.000000
350.291016,349.980499,-90.059792,350.291016,1.625101,0.307663,0.000000,280.000000
380.291016,349.998077,-90.052841,350.366669,25.190208,2.796174,25.210144,2426.000000
380.291016,350.179016,-90.046753,350.568329,47.938080,31.206848,50.420288,2213.000000
380.291016,350.585052,-90.042107,350.896057,68.244972,69.523621,75.630447,1538.000000
380.291016,350.915955,-90.040482,351.349823,96.823036,63.352177,100.840607,2842.000000
380.291016,351.013519,-90.043686,351.929688,126.591972,31.122440,126.050758,5166.000000
380.291016,351.351349,-90.056015,352.635529,148.005081,62.644878,151.260925,4788.000000
380.291016,351.795319,-90.078499,353.467499,174.829300,80.177010,176.471085,5136.000000
380.291016,352.184448,-90.116875,354.425446,202.051315,77.615402,201.681244,6253.000000
380.291016,352.701691,-90.175919,355.509521,226.876007,102.783440,226.891403,6240.000000
380.291016,353.315613,-90.259926,356.719574,254.492599,116.628990,252.101486,6756.000000
380.291016,353.987000,-90.374443,358.055725,280.944031,132.172714,277.311584,7165.000000
380.291016,354.818481,-90.503387,359.517914,306.435944,160.307755,302.521667,7066.000000
380.291016,355.749512,-90.706352,361.106171,332.648132,180.438889,327.731781,7295.000000
380.291016,356.704376,-90.953911,362.820435,356.189423,197.770813,352.941864,7527.000000
380.291016,357.788879,-91.250916,364.660797,390.588898,222.545944,378.151947,7888.000000
380.291016,359.115051,-91.469452,366.566681,378.095367,250.114899,373.109924,3218.000000
380.291016,360.316833,-91.892365,368.356628,368.327271,241.465164,347.899841,3175.000000
380.291016,361.512268,-92.095505,370.020477,335.647339,234.881134,322.689758,2197.000000
380.291016,362.898743,-92.642342,371.558319,317.463409,277.655487,297.479645,280.000000
380.291016,364.358154,-93.244286,372.970093,286.511688,274.101746,272.269562,-1116.000000
380.291016,365.446259,-93.901039,374.255798,271.225952,250.000854,247.059479,-786.000000
380.291016,366.557800,-94.607407,375.415436,245.347992,231.521118,221.849350,-1063.000000
380.291016,367.667542,-95.358803,376.469269,230.873215,224.874313,206.723267,-1356.000000
380.291016,368.847198,-95.837479,377.427246,202.604446,237.565109,181.513092,-2892.000000
380.291016,370.158813,-96.688286,378.259186,175.196472,255.516861,156.302933,-4593.000000
380.291016,371.283264,-97.562988,378.965057,151.931625,227.249283,131.092773,-4405.000000
380.291016,372.258270,-98.456406,379.544891,125.714867,203.084839,105.882622,-4482.000000
380.291016,373.390961,-99.361107,379.998657,94.917786,223.912292,80.672455,-6418.000000
380.291016,374.475586,-100.097733,380.291016,17.341827,217.091934,0.000000,-16384.000000
380.291016,375.180237,-100.837502,380.291016,18.846491,150.999954,0.000000,-4953.000000
380.291016,375.824310,-101.759529,380.291016,10.348911,141.371628,0.000000,-4910.000000
380.291016,376.931183,-102.663536,380.291016,0.614144,202.488770,0.000000,-7568.000000
380.291016,377.635620,-103.544479,380.291016,8.003351,145.757401,0.000000,-5163.000000
380.291016,377.914917,-104.389366,380.291016,7.333174,80.108994,0.000000,-2726.000000
380.291016,378.566559,-105.186981,380.291016,-3.021010,122.975494,0.000000,-4722.000000
380.291016,379.168854,-105.933479,380.291016,-0.207787,113.103493,0.000000,-4246.000000
380.291016,379.328125,-106.497734,380.291016,2.534026,50.615215,0.000000,-1799.000000
380.291016,379.612671,-107.158592,380.291016,-2.295327,59.506554,0.000000,-2314.000000
380.291016,379.959930,-107.408394,380.291016,-2.119301,64.630997,0.000000,-2500.000000
380.291016,379.998444,-107.884262,380.291016,1.805309,17.479748,0.000000,-584.000000
380.291016,380.131378,-108.432137,380.291016,-3.227659,29.114748,0.000000,-1209.000000
380.291016,380.351257,-108.929413,380.291016,-2.168275,43.530369,0.000000,-1711.000000
380.291016,380.369995,-109.378235,380.291016,0.871321,7.311973,0.000000,-239.000000
380.291016,380.310272,-109.781647,380.291016,0.390923,-4.562160,0.000000,189.000000
380.291016,380.430328,-110.141365,380.291016,0.000000,17.873726,0.000000,-671.000000
380.291016,380.474792,-110.459717,380.291016,0.000000,9.703769,0.000000,-364.000000
380.291016,380.345154,-110.741493,380.291016,0.000000,-15.595542,0.000000,584.000000
380.291016,380.306061,-110.990021,380.291016,0.000000,-8.502258,0.000000,319.000000
380.291016,380.343506,-111.208511,380.291016,0.000000,3.616049,0.000000,-135.000000
380.291016,380.386993,-111.397964,380.291016,0.000000,7.010938,0.000000,-263.000000
380.291016,380.338318,-111.561249,380.291016,0.000000,-9.322746,0.000000,349.000000
380.291016,380.212952,-111.702629,380.291016,0.000000,-22.023151,0.000000,826.000000
380.291016,380.133667,-111.823860,380.291016,0.000000,-16.723043,0.000000,627.000000
380.291016,380.125214,-111.926491,380.291016,0.000000,-5.250285,0.000000,197.000000
380.291016,380.058167,-112.011917,380.291016,2.165618,-11.332831,0.000000,507.000000
380.291016,379.933655,-112.083282,380.291016,3.180131,-17.448730,0.000000,774.000000
380.291016,379.943756,-112.144348,380.291016,1.433213,-4.472474,0.000000,280.000000
380.291016,379.916138,-112.186211,380.291016,2.396681,-5.716446,0.000000,305.000000
380.291016,379.869659,-112.231270,380.291016,2.511539,-8.876307,0.000000,428.000000
380.291016,379.863800,-112.270432,380.291016,2.247276,-1.574305,0.000000,280.000000
380.291016,379.863312,-112.298653,380.291016,2.227408,-2.197093,0.000000,280.000000
380.291016,379.863312,-112.312027,380.291016,2.225615,0.644233,0.000000,280.000000
380.291016,379.897736,-112.343216,380.291016,1.573524,4.582755,0.000000,280.000000
380.291016,379.906494,-112.372139,380.291016,1.964744,3.791197,0.000000,280.000000
380.291016,379.924744,-112.399551,380.291016,0.585312,4.180078,0.000000,-133.000000
380.291016,379.949127,-112.425697,380.291016,1.677842,2.954867,0.000000,280.000000
380.291016,379.951019,-112.451027,380.291016,1.762501,2.328676,0.000000,280.000000
380.291016,379.979309,-112.475426,380.291016,0.832919,4.906851,0.000000,-151.000000
380.291016,379.993896,-112.499306,380.291016,1.486699,2.411995,0.000000,280.000000
380.291016,379.995026,-112.522888,380.291016,1.538426,0.028043,0.000000,280.000000
380.291016,379.995087,-112.545708,380.291016,1.542275,2.962629,0.000000,280.000000
380.291016,380.033356,-112.567535,380.291016,1.058582,6.050047,0.000000,-186.000000
380.291016,380.038635,-112.588821,380.291016,1.293595,0.440653,0.000000,280.000000
380.291016,379.998505,-112.609268,380.291016,1.693025,-6.039847,0.000000,291.000000
380.291016,379.995392,-112.628853,380.291016,1.553669,-1.317377,0.000000,280.000000
380.291016,380.029602,-112.647423,380.291016,0.890342,6.516607,0.000000,-209.000000
380.291016,380.038330,-112.662094,380.291016,1.281482,3.228024,0.000000,280.000000
380.291016,380.004547,-112.680168,380.291016,1.965547,-5.333539,0.000000,280.000000
380.291016,379.995819,-112.697517,380.291016,1.576642,-3.202230,0.000000,280.000000
380.291016,380.029663,-112.713928,380.291016,0.892764,4.575225,0.000000,-137.000000
380.291016,380.038361,-112.729195,380.291016,1.281997,3.567200,0.000000,280.000000
380.291016,380.010895,-112.740822,380.291016,2.250844,-3.874192,0.000000,280.000000
380.291016,379.996338,-112.751823,380.291016,1.599184,-1.828809,0.000000,280.000000
380.291016,380.033478,-112.759674,380.291016,1.066133,4.406080,0.000000,-124.000000
380.291016,380.038635,-112.771965,380.291016,1.297616,2.624306,0.000000,280.000000
380.291016,380.039063,-112.781128,380.291016,1.314077,-2.383173,0.000000,280.000000
380.291016,380.039063,-112.791794,380.291016,1.316278,0.100073,0.000000,280.000000
380.291016,380.039063,-112.801338,380.291016,1.316429,3.491238,0.000000,280.000000
380.291016,380.079590,-112.809906,380.291016,0.935660,4.456042,0.000000,-131.000000
380.291016,380.082733,-112.817207,380.291016,1.077225,0.738335,0.000000,14.000000
380.291016,380.027161,-112.823372,380.291016,2.980989,-6.844872,0.000000,370.000000
380.291016,379.963196,-112.828445,380.291016,2.309856,-9.340911,0.000000,438.000000
380.291016,380.004150,-112.832497,380.291016,-0.247034,2.923994,0.000000,-117.000000
380.291016,380.070801,-112.835472,380.291016,0.541645,9.398403,0.000000,-331.000000
380.291016,380.053955,-112.837349,380.291016,1.983860,-0.941692,0.000000,280.000000
380.291016,379.973877,-112.837952,380.291016,2.789750,-12.843416,0.000000,588.000000
380.291016,379.952942,-112.837395,380.291016,1.853755,-5.789873,0.000000,288.000000
380.291016,380.013885,-112.835854,380.291016,0.190760,10.401427,0.000000,-381.000000
410.290985,380.077637,-112.833839,380.296051,5.792331,10.648239,5.042029,1404.000000
410.290985,380.082581,-112.830994,380.396912,31.117445,2.523712,30.252174,2658.000000
410.290985,380.253418,-112.826820,380.623779,51.346294,34.576992,55.462318,2215.000000
410.290985,380.691772,-112.822441,380.976715,73.228836,71.797264,80.672478,1639.000000
410.290985,380.922455,-112.820122,381.455719,104.043083,47.625195,105.882637,3702.000000
410.290985,380.986969,-112.821709,382.060760,132.463318,27.846336,131.092789,5509.000000
410.290985,381.368591,-112.829102,382.791840,151.573212,67.473175,156.302948,4740.000000
410.290985,381.796051,-112.847610,383.648987,182.183929,78.243462,181.513107,5484.000000
410.290985,382.167053,-112.882195,384.632202,206.529129,77.422432,206.723267,6428.000000
410.290985,382.710266,-112.937775,385.741455,234.845673,106.876205,231.933426,6385.000000
410.290985,383.378387,-113.018707,386.976715,258.428711,122.567825,257.143524,6681.000000
410.290985,384.007874,-113.130791,388.338074,289.728882,134.387024,282.353607,7411.000000
410.290985,384.836639,-113.279053,389.825470,313.032440,163.864090,307.563690,7180.000000
410.290985,385.760651,-113.468758,391.438934,339.057800,184.383789,332.773773,7387.000000
410.290985,386.824677,-113.704758,393.178436,365.426819,204.757660,357.983887,7612.000000
410.290985,387.978973,-113.991951,395.044006,392.097229,227.184204,383.193970,7770.000000
410.290985,389.287476,-114.194511,396.934753,377.690399,254.442642,368.067902,3040.000000
410.290985,390.479218,-114.610641,398.699463,360.749725,238.801453,342.857819,2991.000000
410.290985,391.604065,-115.087662,400.338135,335.762573,231.715485,317.647736,2320.000000
410.290985,393.068481,-115.623398,401.850739,307.757965,280.846710,292.437653,-572.000000
410.290985,394.440491,-116.216682,403.237305,288.139313,272.973083,267.227539,-1013.000000
410.290985,395.605499,-116.866493,404.497803,265.179718,240.546753,242.017456,-658.000000
410.290985,396.715393,-117.454788,405.632263,241.295883,228.778900,216.807327,-1112.000000
410.290985,397.883545,-118.088890,406.670929,224.961288,233.215256,201.681229,-1890.000000
410.290985,399.158905,-118.917313,407.603699,196.457092,248.759262,176.471069,-3543.000000
410.290985,400.353241,-119.773239,408.410431,172.451981,240.144638,151.260910,-4119.000000
410.290985,401.405762,-120.652695,409.091095,148.034653,217.542206,126.050743,-4188.000000
410.290985,402.531433,-121.548325,409.645721,117.444397,224.464172,100.840584,-5594.000000
410.290985,403.657379,-121.920395,410.074280,90.608284,222.352142,75.630424,-6521.000000
410.290985,404.564758,-122.857986,410.290985,16.901930,189.054657,0.000000,-6453.000000
410.290985,405.228851,-123.785896,410.290985,18.090935,144.090469,0.000000,-4723.000000
410.290985,406.064026,-124.695198,410.290985,7.169245,167.986954,0.000000,-6028.000000
410.290985,407.036072,-125.576897,410.290985,4.577701,181.914459,0.000000,-6647.000000
410.290985,407.530365,-126.426376,410.290985,9.147941,116.870743,0.000000,-4037.000000
410.290985,407.941132,-127.238297,410.290985,3.380495,97.966782,0.000000,-3544.000000
410.290985,408.605957,-127.708939,410.290985,0.207348,120.928116,0.000000,-4524.000000
410.290985,408.981415,-128.455750,410.290985,3.843692,85.641624,0.000000,-3064.000000
410.290985,409.159851,-129.152954,410.290985,0.853180,51.603203,0.000000,-1900.000000
410.290985,409.520203,-129.797684,410.290985,-0.579594,70.751305,0.000000,-2672.000000
410.290985,409.762970,-130.275452,410.290985,1.508553,46.803204,0.000000,-1696.000000
410.290985,409.787933,-130.827042,410.290985,2.626884,17.654881,0.000000,-561.000000
410.290985,409.968658,-131.329605,410.290985,-2.459943,35.483257,0.000000,-1420.000000
410.290985,410.125885,-131.697433,410.290985,0.187534,29.739748,0.000000,-1105.000000
410.290985,410.056458,-132.115784,410.290985,3.667449,-4.156800,0.000000,296.000000
410.290985,410.097382,-132.490692,410.290985,-1.090037,8.548857,0.000000,-359.000000
410.290985,410.241272,-132.824448,410.290985,-1.233775,21.840170,0.000000,-863.000000
410.290985,410.225250,-133.120560,410.290985,2.441498,1.302310,0.000000,280.000000
410.290985,410.113678,-133.382828,410.290985,0.000000,-14.794092,0.000000,555.000000
410.290985,410.098938,-133.613724,410.290985,0.000000,-4.055002,0.000000,152.000000
410.290985,410.136017,-133.736694,410.290985,0.000000,1.522354,0.000000,-57.000000
410.290985,410.141174,-133.848114,410.290985,0.000000,0.628369,0.000000,-24.000000
410.290985,410.089569,-134.012817,410.290985,1.047491,-7.150179,0.000000,308.000000
410.290985,409.990143,-134.155167,410.290985,2.779723,-16.672441,0.000000,730.000000
410.290985,409.929504,-134.277435,410.290985,2.259304,-11.827112,0.000000,529.000000
410.290985,409.904907,-134.381485,410.290985,3.356591,-6.372745,0.000000,366.000000
410.290985,409.851929,-134.469818,410.290985,3.179468,-10.299295,0.000000,507.000000
410.290985,409.779572,-134.545837,410.290985,4.332544,-12.769577,0.000000,642.000000
410.290985,409.748718,-134.599335,410.290985,2.952512,-7.046300,0.000000,376.000000
410.290985,409.728729,-134.657715,410.290985,4.253341,-5.511735,0.000000,368.000000
410.290985,409.704224,-134.708405,410.290985,3.155789,-3.838283,0.000000,280.000000
410.290985,409.702332,-134.753113,410.290985,3.071830,0.377529,0.000000,280.000000
410.290985,409.702179,-134.794098,410.290985,3.064697,0.194169,0.000000,280.000000
410.290985,409.736633,-134.832062,410.290985,2.410512,2.402120,0.000000,280.000000
410.290985,409.779816,-134.867798,410.290985,2.149339,6.293233,0.000000,280.000000
410.290985,409.817383,-134.902161,410.290985,1.636688,8.291973,0.000000,280.000000
410.290985,409.832733,-134.929291,410.290985,2.321563,5.790384,0.000000,280.000000
410.290985,409.872131,-134.963028,410.290985,1.893472,5.499400,0.000000,280.000000
410.290985,409.905609,-134.989487,410.290985,1.195124,8.316107,0.000000,-266.000000
410.290985,409.955048,-135.022232,410.290985,1.214818,6.841464,0.000000,280.000000
410.290985,409.964966,-135.054504,410.290985,1.659316,2.347967,0.000000,280.000000
410.290985,409.965759,-135.080093,410.290985,1.692274,2.318309,0.000000,280.000000
410.290985,409.993927,-135.099335,410.290985,0.759154,4.110051,0.000000,-124.000000
410.290985,410.008545,-135.112411,410.290985,1.412783,3.676909,0.000000,280.000000
410.290985,410.009674,-135.145111,410.290985,1.464501,-0.013220,0.000000,280.000000
410.290985,410.009766,-135.177109,410.290985,1.468342,0.347222,0.000000,280.000000
410.290985,410.009766,-135.208206,410.290985,1.468511,1.717675,0.000000,280.000000
410.290985,410.037903,-135.238037,410.290985,0.531408,3.617560,0.000000,-115.000000
410.290985,410.052490,-135.266571,410.290985,1.185153,5.179836,0.000000,-148.000000
410.290985,410.053619,-135.294037,410.290985,1.236844,-2.523680,0.000000,280.000000
410.290985,410.013214,-135.320358,410.290985,1.621294,-4.626565,0.000000,280.000000
410.290985,410.010071,-135.340744,410.290985,1.480023,-0.010859,0.000000,280.000000
410.290985,410.050323,-135.360397,410.290985,1.088398,6.581645,0.000000,-205.000000
410.290985,410.076416,-135.370270,410.290985,2.258098,3.020653,0.000000,280.000000
410.290985,410.037903,-135.394363,410.290985,2.729030,-5.120417,0.000000,296.000000
410.290985,410.046387,-135.416916,410.290985,0.914617,0.662598,0.000000,11.000000
410.290985,410.091431,-135.437836,410.290985,0.731844,5.916855,0.000000,-193.000000
410.290985,410.069061,-135.453369,410.290985,1.928031,-1.052059,0.000000,280.000000
410.290985,410.054932,-135.464066,410.290985,1.294838,-4.371626,0.000000,280.000000
410.290985,410.053833,-135.480026,410.290985,1.245338,2.345067,0.000000,280.000000
410.290985,410.094269,-135.491058,410.290985,0.861031,5.379524,0.000000,-168.000000
410.290985,410.079834,-135.502640,410.290985,2.411482,-1.832005,0.000000,280.000000
410.290985,410.027618,-135.512192,410.290985,2.269208,-8.445574,0.000000,403.000000
410.290985,410.011169,-135.520081,410.290985,1.533227,-2.395480,0.000000,280.000000
410.290985,410.050415,-135.525070,410.290985,1.093726,4.813177,0.000000,-138.000000
410.290985,410.053436,-135.527863,410.290985,1.231778,1.269799,0.000000,280.000000
410.290985,410.036133,-135.531250,410.290985,2.651832,-4.249753,0.000000,280.000000
410.290985,410.011841,-135.533386,410.290985,1.563204,-1.063056,0.000000,280.000000
410.290985,410.050476,-135.534134,410.290985,1.096092,3.687027,0.000000,-95.000000
410.290985,410.053436,-135.533768,410.290985,1.232379,0.897494,0.000000,280.000000
410.290985,410.019226,-135.532135,410.290985,1.896027,-4.183356,0.000000,280.000000
410.290985,410.010529,-135.529755,410.290985,1.505065,-1.699672,0.000000,280.000000
410.290985,410.044281,-135.526688,410.290985,0.821462,4.420845,0.000000,-134.000000
410.290985,410.053009,-135.523758,410.290985,1.210686,3.945262,0.000000,280.000000
410.290985,410.036072,-135.519485,410.290985,2.651290,-3.452154,0.000000,280.000000
410.290985,410.011841,-135.514832,410.290985,1.564427,-5.008843,0.000000,280.000000
410.290985,410.009949,-135.509949,410.290985,1.480142,-1.227184,0.000000,280.000000
410.290985,410.037933,-135.504959,410.290985,0.535695,4.789631,0.000000,-158.000000
410.290985,410.086975,-135.499863,410.290985,0.534901,7.539917,0.000000,-261.000000
410.290985,410.062378,-135.494507,410.290985,1.634143,-2.072820,0.000000,280.000000
410.290985,410.013885,-135.490021,410.290985,1.656979,-9.250271,0.000000,410.000000
410.290985,409.969574,-135.485336,410.290985,1.869159,-5.526827,0.000000,280.000000
410.290985,410.004364,-135.479721,410.290985,1.231405,3.340730,0.000000,280.000000
410.290985,410.043823,-135.474152,410.290985,0.801023,7.023859,0.000000,-232.000000
410.290985,410.052948,-135.468826,410.290985,1.210656,2.576537,0.000000,280.000000
410.290985,410.019226,-135.464661,410.290985,1.896477,-5.917114,0.000000,295.000000
410.290985,409.982391,-135.460617,410.290985,2.444693,-5.526803,0.000000,301.000000
410.290985,410.001556,-135.457581,410.290985,1.107514,0.194005,0.000000,37.000000
410.290985,410.009155,-135.452820,410.290985,1.445215,3.085127,0.000000,280.000000
410.290985,410.047974,-135.448471,410.290985,0.989408,5.250371,0.000000,-158.000000
410.290985,410.053253,-135.445297,410.290985,1.226461,0.152179,0.000000,280.000000
410.290985,410.013184,-135.441467,410.290985,1.625598,-5.162221,0.000000,280.000000
410.290985,410.010071,-135.437881,410.290985,1.486234,-2.945914,0.000000,280.000000
410.290985,410.009827,-135.434784,410.290985,1.475387,2.042132,0.000000,280.000000
410.290985,410.044250,-135.433060,410.290985,0.823208,7.498649,0.000000,-248.000000
410.290985,410.073669,-135.430573,410.290985,2.141556,4.568631,0.000000,280.000000
410.290985,410.027161,-135.428391,410.290985,2.254409,-6.115067,0.000000,315.000000
410.290985,409.993561,-135.426895,410.290985,2.945683,-6.572736,0.000000,359.000000
410.290985,410.006226,-135.425232,410.290985,1.318559,-1.022123,0.000000,280.000000
410.290985,410.027069,-135.423645,410.290985,0.054660,3.878677,0.000000,-141.000000
410.290985,410.079773,-135.422211,410.290985,0.217201,8.032793,0.000000,-291.000000
410.290985,410.061798,-135.420776,410.290985,1.611962,-0.722212,0.000000,280.000000
410.290985,410.016113,-135.419388,410.290985,1.759496,-8.250182,0.000000,378.000000
410.290985,409.972015,-135.417801,410.290985,1.982971,-5.679768,0.000000,290.000000
410.290985,410.000763,-135.416138,410.290985,1.073357,2.005036,0.000000,-32.000000
410.290985,410.043518,-135.414673,410.290985,0.791759,7.020450,0.000000,-232.000000
410.290985,410.052917,-135.413284,410.290985,1.214315,4.128669,0.000000,280.000000
410.290985,410.025543,-135.411392,410.290985,2.182585,-5.947755,0.000000,307.000000
410.290985,409.972748,-135.410599,410.290985,2.016835,-6.898722,0.000000,337.000000
410.290985,409.983948,-135.408508,410.290985,0.321583,-1.099811,0.000000,55.000000
410.290985,410.025330,-135.406387,410.290985,-0.020521,5.445423,0.000000,-203.000000
410.290985,410.051544,-135.404312,410.290985,1.150681,3.505843,0.000000,-87.000000
410.290985,410.013031,-135.402084,410.290985,1.623541,-3.523648,0.000000,280.000000
410.290985,409.975586,-135.399841,410.290985,2.144294,-4.760425,0.000000,280.000000
410.290985,409.984161,-135.397690,410.290985,0.331540,-0.072878,0.000000,17.000000
410.290985,410.007782,-135.395523,410.290985,1.389081,4.047684,0.000000,280.000000
410.290985,410.041534,-135.393387,410.290985,0.705620,4.534409,0.000000,-141.000000
410.290985,410.035187,-135.391418,410.290985,2.617712,0.245767,0.000000,280.000000
410.290985,410.011780,-135.389450,410.290985,1.567568,-4.429107,0.000000,280.000000
410.290985,410.006165,-135.387634,410.290985,1.316286,-2.604746,0.000000,280.000000
410.290985,410.009521,-135.385880,410.290985,1.467004,1.368821,0.000000,280.000000
410.290985,410.037872,-135.384033,410.290985,0.543108,5.871163,0.000000,-197.000000
410.290985,410.086945,-135.382309,410.290985,0.542172,6.754564,0.000000,-231.000000
410.290985,410.040985,-135.380951,410.290985,2.879499,-4.280525,0.000000,280.000000
410.290985,409.994629,-135.379288,410.290985,2.999860,-7.597750,0.000000,400.000000
410.290985,409.985626,-135.377441,410.290985,0.399407,-2.780791,0.000000,122.000000
410.290985,410.007904,-135.375488,410.290985,1.396432,3.077296,0.000000,280.000000
410.290985,410.047882,-135.373627,410.290985,0.992032,5.389383,0.000000,-162.000000
410.290985,410.053253,-135.372208,410.290985,1.232614,1.574074,0.000000,280.000000
410.290985,410.015442,-135.370758,410.290985,1.734702,-4.475540,0.000000,280.000000
410.290985,410.010223,-135.370041,410.290985,1.499726,-3.047653,0.000000,280.000000
410.290985,410.009827,-135.368866,410.290985,1.483584,0.706464,0.000000,280.000000
410.290985,410.037933,-135.367203,410.290985,0.544574,5.738289,0.000000,-192.000000
410.290985,410.090759,-135.365219,410.290985,0.714591,8.775131,0.000000,-300.000000
410.290985,410.062683,-135.363266,410.290985,1.655798,-1.924622,0.000000,280.000000
440.290985,409.985779,-135.361343,410.341431,22.528761,-10.357416,20.168116,2820.000000
440.290985,410.103363,-135.359360,410.517883,42.309319,20.603952,45.378262,2401.000000
440.290985,410.589600,-135.357788,410.820435,61.682865,79.249344,70.588417,928.000000
440.290985,410.897614,-135.357071,411.248962,93.498451,58.708572,95.798576,2891.000000
440.290985,410.909241,-135.361115,411.803619,121.484802,20.158154,121.008728,5387.000000
440.290985,411.266266,-135.371796,412.484283,141.429535,63.171356,146.218887,4521.000000
440.290985,411.732391,-135.391068,413.291016,169.115875,81.681984,171.429047,4865.000000
440.290985,412.050537,-135.425415,414.223755,197.420029,69.868462,196.639206,6370.000000
440.290985,412.573761,-135.470062,415.282623,220.185028,99.912453,221.849365,6097.000000
440.290985,413.211121,-135.548569,416.467499,248.720734,119.709541,247.059479,6424.000000
440.290985,413.835510,-135.662857,417.778412,275.133698,126.654984,272.269562,7155.000000
440.290985,414.671570,-135.820465,419.215393,300.697968,158.802841,297.479645,6908.000000
440.290985,415.599213,-136.016571,420.778412,326.626587,179.675323,322.689758,7097.000000
440.290985,416.594879,-136.256012,422.467499,354.061920,196.796951,347.899841,7484.000000
440.290985,417.745789,-136.543259,424.282654,380.321442,223.571442,373.109924,7465.000000
440.290985,419.022125,-136.883560,426.193573,386.438080,248.921951,378.151947,3575.000000
440.290985,420.273926,-137.035370,428.008698,368.053589,244.593887,352.941864,3048.000000
440.290985,421.349213,-137.408615,429.697784,345.505951,225.096512,327.731781,2935.000000
440.290985,422.744049,-137.937653,431.260834,316.838470,272.974640,302.521667,280.000000
440.290985,424.173218,-138.521866,432.697784,295.649811,275.098358,277.311584,-810.000000
440.290985,425.301636,-139.162079,434.008728,273.511414,241.671082,252.101486,-387.000000
440.290985,426.318787,-139.853546,435.193604,254.523361,231.010529,226.891388,-699.000000
440.290985,427.667786,-140.591202,436.262512,226.674576,250.357452,211.765289,699.000000
440.290985,428.851105,-141.369339,437.245697,211.883759,252.128189,186.555130,-3090.000000
440.290985,429.948395,-142.180023,438.102875,185.994064,223.939209,161.344971,-3004.000000
440.290985,430.890930,-143.018921,438.833954,159.105820,207.836838,136.134811,-3409.000000
440.290985,432.083435,-143.879639,439.438995,127.379150,235.378860,110.924652,-5631.000000
440.290985,433.291962,-144.753723,439.917969,102.308220,231.566803,85.714493,-6428.000000
440.290985,434.098846,-145.634308,440.270935,80.561401,176.362518,60.504330,-5174.000000
440.290985,434.872620,-146.512558,440.290985,16.792309,161.861420,0.000000,-5437.000000
440.290985,435.682159,-147.220703,440.290985,11.313193,163.869217,0.000000,-5718.000000
440.290985,436.591644,-148.100876,440.290985,5.918339,174.876022,0.000000,-6333.000000
440.290985,437.270569,-148.958511,440.290985,7.770733,142.137253,0.000000,-5036.000000
440.290985,437.737000,-149.779541,440.290985,6.697320,106.095589,0.000000,-3725.000000
440.290985,438.281647,-150.556641,440.290985,2.534648,109.882660,0.000000,-4022.000000
440.290985,438.788300,-151.287933,440.290985,1.062829,99.240852,0.000000,-3678.000000
440.290985,439.074036,-151.840424,440.290985,2.878762,66.570190,0.000000,-2385.000000
440.290985,439.350922,-152.235123,440.290985,-0.097109,58.691277,0.000000,-2201.000000
440.290985,439.642365,-152.735291,440.290985,-0.222975,55.093670,0.000000,-2072.000000
440.290985,439.777405,-153.312576,440.290985,1.431678,33.913101,0.000000,-1215.000000
440.290985,439.905701,-153.838852,440.290985,0.586521,28.956253,0.000000,-1061.000000
440.290985,440.041046,-154.316956,440.290985,0.059114,26.522282,0.000000,-990.000000
440.290985,440.066254,-154.748734,440.290985,1.188294,7.307543,0.000000,-227.000000
440.290985,440.068207,-155.136337,440.290985,1.276554,5.269125,0.000000,280.000000
440.290985,440.160919,-155.482117,440.290985,-1.160180,16.603237,0.000000,-663.000000
440.290985,440.207275,-155.789063,440.290985,0.914217,7.991945,0.000000,-264.000000
440.290985,440.128052,-156.061935,440.290985,0.000000,-10.492159,0.000000,393.000000
440.290985,440.085419,-156.302567,440.290985,1.068944,-7.132824,0.000000,308.000000
440.290985,440.069702,-156.512665,440.290985,1.216475,-2.982719,0.000000,280.000000
440.290985,440.068481,-156.694778,440.290985,1.161388,-0.495245,0.000000,62.000000
440.290985,440.106628,-156.822144,440.290985,0.674264,1.224351,0.000000,-21.000000
440.290985,440.053772,-156.961166,440.290985,2.701238,-7.004187,0.000000,365.000000
440.290985,439.960327,-157.080551,440.290985,2.910662,-13.671302,0.000000,622.000000
440.290985,439.920837,-157.180191,440.290985,3.335552,-11.021545,0.000000,540.000000
440.290985,439.894775,-157.264191,440.290985,2.172076,-7.386111,0.000000,359.000000
440.290985,439.834656,-157.336258,440.290985,3.872238,-10.244501,0.000000,530.000000
440.290985,439.778931,-157.386993,440.290985,3.572221,-11.243526,0.000000,557.000000
440.290985,439.744568,-157.431717,440.290985,4.232646,-7.823699,0.000000,453.000000
440.290985,439.718964,-157.471344,440.290985,3.085443,-4.696128,0.000000,293.000000
440.290985,439.716980,-157.498413,440.290985,2.995754,-2.098393,0.000000,280.000000
440.290985,439.716858,-157.540344,440.290985,2.988613,0.232810,0.000000,280.000000
440.290985,439.716858,-157.579407,440.290985,2.988957,1.090231,0.000000,280.000000
440.290985,439.755066,-157.615936,440.290985,2.505716,4.425014,0.000000,280.000000
440.290985,439.794769,-157.650742,440.290985,2.088547,6.383834,0.000000,280.000000
440.290985,439.832062,-157.684769,440.290985,1.560917,7.305380,0.000000,280.000000
440.290985,439.847351,-157.718216,440.290985,2.245925,5.698076,0.000000,280.000000
440.290985,439.904388,-157.751236,440.290985,0.408788,9.175589,0.000000,-327.000000
440.290985,439.951599,-157.777649,440.290985,0.327293,8.861167,0.000000,-319.000000
440.290985,439.937714,-157.804413,440.290985,1.899725,0.913032,0.000000,280.000000
440.290985,439.936646,-157.837875,440.290985,1.852203,-0.769540,0.000000,280.000000
440.290985,439.964661,-157.864838,440.290985,0.911614,3.818561,0.000000,-108.000000
440.290985,439.979248,-157.898300,440.290985,1.565403,4.784855,0.000000,280.000000
440.290985,439.980377,-157.931320,440.290985,1.617138,2.341414,0.000000,280.000000
440.290985,440.020996,-157.957718,440.290985,1.238028,1.748289,0.000000,280.000000
440.290985,439.985931,-157.991791,440.290985,1.863214,-1.222991,0.000000,280.000000
440.290985,440.019165,-158.025665,440.290985,1.155827,2.683755,0.000000,-56.000000
440.290985,440.024017,-158.058716,440.290985,1.374537,4.350858,0.000000,280.000000
440.290985,440.064941,-158.090698,440.290985,1.010230,5.239469,0.000000,-158.000000
440.290985,440.068115,-158.115555,440.290985,1.151662,2.355069,0.000000,-44.000000
440.290985,440.068359,-158.133698,440.290985,1.164860,-0.343411,0.000000,58.000000
440.290985,440.068359,-158.162506,440.290985,1.164994,1.595044,0.000000,-15.000000
440.290985,440.068359,-158.178833,440.290985,1.165127,1.156031,0.000000,2.000000
440.290985,440.068359,-158.204056,440.290985,1.165261,-0.219688,0.000000,53.000000
440.290985,440.068359,-158.226578,440.290985,1.165395,0.102725,0.000000,41.000000
440.290985,440.068359,-158.246170,440.290985,1.165528,-1.442265,0.000000,99.000000
440.290985,440.068359,-158.262924,440.290985,1.165662,-2.189091,0.000000,127.000000
440.290985,440.062042,-158.276733,440.290985,0.883062,-1.523286,0.000000,91.000000
440.290985,440.033691,-158.285629,440.290985,1.809320,-0.774515,0.000000,280.000000
440.290985,440.025146,-158.292252,440.290985,1.427742,-0.369807,0.000000,280.000000
440.290985,440.065033,-158.298065,440.290985,1.015558,1.505593,0.000000,-17.000000
440.290985,440.050537,-158.301620,440.290985,2.564262,-1.322618,0.000000,280.000000
440.290985,440.026459,-158.303055,440.290985,1.486925,-5.071960,0.000000,280.000000
440.290985,439.984070,-158.302811,440.290985,1.783266,-3.014543,0.000000,280.000000
440.290985,440.021271,-158.300674,440.290985,1.255940,2.746005,0.000000,280.000000
440.290985,440.024170,-158.296890,440.290985,1.384475,1.427584,0.000000,280.000000
440.290985,440.024384,-158.291473,440.290985,1.395793,0.945326,0.000000,280.000000
440.290985,440.024384,-158.284332,440.290985,1.395953,1.643185,0.000000,280.000000
440.290985,440.064972,-158.275757,440.290985,1.013002,1.563205,0.000000,-19.000000
440.290985,440.010010,-158.266037,440.290985,2.946440,-6.292858,0.000000,348.000000
440.290985,439.982788,-158.255310,440.290985,1.727547,-4.470837,0.000000,280.000000
440.290985,439.980682,-158.243851,440.290985,1.632122,0.228847,0.000000,280.000000
440.290985,439.980530,-158.233978,440.290985,1.624964,-1.261885,0.000000,280.000000
440.290985,439.980530,-158.226440,440.290985,1.625150,-1.110425,0.000000,280.000000
440.290985,439.980530,-158.213791,440.290985,1.625337,-0.929649,0.000000,280.000000
440.290985,439.980530,-158.201492,440.290985,1.625523,-0.901653,0.000000,280.000000
440.290985,439.980530,-158.189850,440.290985,1.625709,0.852985,0.000000,280.000000
440.290985,439.980530,-158.179352,440.290985,1.625895,0.463192,0.000000,280.000000
440.290985,439.980530,-158.170013,440.290985,1.626082,0.802405,0.000000,280.000000
440.290985,439.980530,-158.161911,440.290985,1.626268,0.912341,0.000000,280.000000
440.290985,440.014954,-158.155136,440.290985,0.974107,1.517779,0.000000,-18.000000
440.290985,439.995575,-158.149612,440.290985,2.302385,-0.375341,0.000000,280.000000
440.290985,439.981659,-158.145432,440.290985,1.678202,-0.089743,0.000000,280.000000
440.290985,440.018829,-158.142151,440.290985,1.149116,1.808151,0.000000,-23.000000
440.290985,440.023987,-158.139679,440.290985,1.380607,-0.306528,0.000000,280.000000
440.290985,440.014252,-158.137772,440.290985,0.943677,-0.701519,0.000000,64.000000
440.290985,440.023621,-158.136292,440.290985,1.364343,0.974877,0.000000,280.000000
440.290985,440.024384,-158.135239,440.290985,1.395501,0.260357,0.000000,280.000000
440.290985,440.024384,-158.134445,440.290985,1.399617,1.280572,0.000000,280.000000
440.290985,440.024384,-158.133957,440.290985,1.399777,1.429101,0.000000,280.000000
440.290985,440.024384,-158.133163,440.290985,1.399937,1.154109,0.000000,280.000000
440.290985,440.024384,-158.132660,440.290985,1.400097,-0.033175,0.000000,280.000000
440.290985,440.024384,-158.132202,440.290985,1.400257,0.471584,0.000000,280.000000
440.290985,440.024384,-158.131760,440.290985,1.400417,0.527115,0.000000,280.000000
440.290985,440.024384,-158.131332,440.290985,1.400577,0.422492,0.000000,280.000000
440.290985,440.024384,-158.130569,440.290985,1.400737,0.419157,0.000000,280.000000
440.290985,440.024384,-158.129776,440.290985,1.400897,0.326085,0.000000,280.000000
440.290985,440.034973,-158.129013,440.290985,1.872681,0.480204,0.000000,280.000000
470.290985,440.042847,-158.128204,440.341431,19.952480,0.703312,20.168116,2308.000000
470.290985,440.202393,-158.127411,440.517883,41.613007,26.473700,45.378262,2155.000000
470.290985,440.530640,-158.126755,440.820404,64.895912,59.343990,70.588417,1795.000000
470.290985,440.830658,-158.127686,441.248962,91.958382,54.322929,95.798576,2998.000000
470.290985,440.981628,-158.132294,441.803619,119.597198,35.733353,121.008728,4732.000000
470.290985,441.270111,-158.143600,442.484283,143.062119,58.625557,146.218887,4753.000000
470.290985,441.690979,-158.164459,443.291016,168.721588,77.209297,171.429047,5018.000000
470.290985,442.070435,-158.199539,444.223755,195.373154,79.062912,196.639206,5948.000000
470.290985,442.569916,-158.254272,445.282593,223.670959,99.601746,221.849365,6239.000000
470.290985,443.209412,-158.333054,446.467468,245.708298,118.301216,247.059479,6364.000000
470.290985,443.821442,-158.444351,447.778412,278.158569,127.774437,272.269562,7226.000000
470.290985,444.667175,-158.597870,449.215363,297.564362,155.645248,297.479645,6909.000000
470.290985,445.543518,-158.795685,450.778412,329.986755,180.653717,322.689758,7187.000000
470.290985,446.501617,-158.984863,452.467499,355.738495,199.022949,347.899841,7463.000000
470.290985,447.592224,-159.279236,454.282623,381.492157,217.819809,373.109924,7724.000000
470.290985,448.879150,-159.625763,456.193573,385.885681,249.277267,378.151947,3541.000000
470.290985,450.210571,-160.028473,458.008698,366.677612,257.774078,352.941864,2502.000000
470.290985,451.265228,-160.299240,459.697754,347.597565,222.290619,327.731781,3118.000000
470.290985,452.619293,-160.724686,461.260773,317.105255,266.552704,302.521667,315.000000
470.290985,454.148041,-161.312134,462.697723,293.782196,289.340729,277.311584,-1415.000000
470.290985,455.332153,-161.956299,464.008698,274.144928,248.227432,252.101486,-609.000000
470.290985,456.420563,-162.653015,465.193542,249.557007,224.544678,226.891388,-643.000000
470.290985,457.597870,-163.396957,466.262482,233.793167,236.075027,211.765289,1502.000000
470.290985,458.880035,-164.182571,467.245667,205.851700,254.073776,186.555130,-3389.000000
470.290985,460.125977,-165.000748,468.102814,182.227707,246.247559,161.344971,-3982.000000
470.290985,461.161377,-165.684097,468.833923,157.301086,215.274216,136.134811,-3755.000000
470.290985,462.240448,-166.567856,469.438965,129.282837,216.299393,110.924652,-4844.000000
470.290985,463.378082,-167.462997,469.917938,101.037682,223.614243,85.714493,-6178.000000
470.290985,464.320801,-168.361771,470.270874,76.580284,193.992462,60.504330,-5984.000000
470.290985,465.066437,-169.256454,470.290985,18.143833,156.319870,0.000000,-5178.000000
470.290985,465.716827,-170.138535,470.290985,12.125494,139.892105,0.000000,-4788.000000
470.290985,466.670441,-170.833603,470.290985,4.316881,181.383118,0.000000,-6637.000000
470.290985,467.394226,-171.682297,470.290985,8.177591,145.364548,0.000000,-5141.000000
470.290985,467.768463,-172.503281,470.290985,7.368323,93.371452,0.000000,-3222.000000
470.290985,468.315216,-173.280884,470.290985,1.100562,110.111977,0.000000,-4085.000000
470.290985,468.842377,-173.727783,470.290985,0.552694,100.047813,0.000000,-3728.000000
470.290985,469.065918,-174.438843,470.290985,3.972762,59.484398,0.000000,-2079.000000
470.290985,469.339569,-174.841385,470.290985,0.853840,61.293007,0.000000,-2264.000000
470.290985,469.677429,-175.226120,470.290985,-1.591012,61.403038,0.000000,-2360.000000
470.290985,469.767731,-175.472595,470.290985,2.459857,26.946209,0.000000,-915.000000
470.290985,469.878876,-176.050369,470.290985,-1.351200,25.379139,0.000000,-1000.000000
470.290985,470.078308,-176.575027,470.290985,-1.207863,36.081169,0.000000,-1396.000000
470.290985,470.105591,-177.048523,470.290985,2.215821,10.462861,0.000000,-307.000000
470.290985,470.064117,-177.474548,470.290985,0.353869,-1.466447,0.000000,71.000000
470.290985,470.147949,-177.855255,470.290985,-0.282694,14.503199,0.000000,-552.000000
470.290985,470.209686,-178.193405,470.290985,0.281482,11.024640,0.000000,-400.000000
470.290985,470.124176,-178.493210,470.290985,0.000000,-10.803922,0.000000,405.000000
470.290985,470.051758,-178.706848,470.290985,1.879237,-13.408547,0.000000,574.000000
470.290985,470.040070,-178.943924,470.290985,1.354161,-5.774489,0.000000,280.000000
470.290985,470.056732,-179.110947,470.290985,-0.097024,2.276531,0.000000,-89.000000
470.290985,470.080994,-179.294128,470.290985,0.989991,2.697062,0.000000,-64.000000
470.290985,469.990295,-179.423279,470.290985,3.523163,-13.209119,0.000000,628.000000
470.290985,469.913696,-179.563828,470.290985,2.286591,-14.740013,0.000000,639.000000
470.290985,469.907776,-179.684280,470.290985,2.018344,-5.234516,0.000000,280.000000
470.290985,469.849213,-179.785446,470.290985,3.790314,-8.998882,0.000000,481.000000
470.290985,469.748932,-179.871918,470.290985,3.697288,-15.539051,0.000000,723.000000
470.290985,469.732819,-179.947144,470.290985,2.970015,-5.674659,0.000000,325.000000
470.290985,469.713959,179.987152,470.290985,4.326500,-5.497236,0.000000,370.000000
470.290985,469.671997,179.940826,470.290985,4.639333,-7.012643,0.000000,438.000000
470.290985,469.686310,179.888931,470.290985,3.085835,-0.730161,0.000000,280.000000
470.290985,469.687408,179.860229,470.290985,3.137888,-1.043965,0.000000,280.000000
470.290985,469.687469,179.815491,470.290985,3.142064,-0.116353,0.000000,280.000000
470.290985,469.687469,179.782059,470.290985,3.142426,3.668597,0.000000,280.000000
470.290985,469.728058,179.741943,470.290985,2.759535,3.503306,0.000000,280.000000
470.290985,469.731171,179.703644,470.290985,2.903502,3.827681,0.000000,280.000000
470.290985,469.765869,179.666901,470.290985,2.260316,7.258140,0.000000,280.000000
470.290985,469.812927,179.631210,470.290985,2.171700,9.133239,0.000000,280.000000
470.290985,469.859436,179.596222,470.290985,2.053108,7.083410,0.000000,280.000000
470.290985,469.891113,179.568130,470.290985,1.277942,7.291734,0.000000,280.000000
470.290985,469.940399,179.539276,470.290985,1.292351,10.234897,0.000000,-334.000000
470.290985,469.950287,179.503418,470.290985,1.736999,3.729318,0.000000,280.000000
470.290985,469.951111,179.467545,470.290985,1.769824,-0.747039,0.000000,280.000000
470.290985,469.951111,179.431335,470.290985,1.774126,3.402288,0.000000,280.000000
470.290985,469.991760,179.401901,470.290985,1.390793,5.275954,0.000000,280.000000
470.290985,469.994873,179.364838,470.290985,1.534602,2.820742,0.000000,280.000000
470.290985,469.995117,179.328247,470.290985,1.545937,1.693555,0.000000,280.000000
470.290985,470.053253,179.291382,470.290985,-0.243842,6.808107,0.000000,-263.000000
470.290985,470.080658,179.254715,470.290985,0.986520,6.365316,0.000000,-201.000000
470.290985,470.082794,179.219070,470.290985,1.082114,0.857732,0.000000,9.000000
470.290985,470.082977,179.184921,470.290985,1.089583,1.805718,0.000000,-26.000000
470.290985,470.117432,179.158676,470.290985,0.435027,3.094371,0.000000,-98.000000
470.290985,470.126251,179.127869,470.290985,0.827880,0.859549,0.000000,0.000000
470.290985,470.126892,179.105026,470.290985,0.857353,1.067427,0.000000,-7.000000
470.290985,470.126892,179.094284,470.290985,0.861550,1.123182,0.000000,-9.000000
470.290985,470.126892,179.069626,470.290985,0.861648,-0.940668,0.000000,69.000000
470.290985,470.126892,179.048096,470.290985,0.861747,-0.971668,0.000000,69.000000
470.290985,470.126892,179.029572,470.290985,0.861845,-0.383141,0.000000,48.000000
470.290985,470.092468,179.013870,470.290985,1.516340,-1.578427,0.000000,280.000000
470.290985,470.083740,179.000839,470.290985,1.123427,-0.802803,0.000000,73.000000
470.290985,470.089417,178.990585,470.290985,1.376767,0.231756,0.000000,280.000000
470.290985,470.083527,178.982956,470.290985,1.112513,-0.518465,0.000000,63.000000
470.290985,470.083069,178.977631,470.290985,1.090323,0.126955,0.000000,37.000000
470.290985,470.083069,178.974777,470.290985,1.090447,-1.052387,0.000000,81.000000
470.290985,470.083069,178.973495,470.290985,1.090572,-2.580215,0.000000,139.000000
470.290985,470.044769,178.973587,470.290985,1.576758,-4.137368,0.000000,280.000000
470.290985,470.039520,178.974823,470.290985,1.337808,-2.330311,0.000000,280.000000
470.290985,470.067230,178.978348,470.290985,0.386568,3.523512,0.000000,-116.000000
470.290985,470.081818,178.983368,470.290985,1.036198,4.112760,0.000000,-114.000000
470.290985,470.054779,178.990219,470.290985,2.025285,-3.738919,0.000000,280.000000
470.290985,470.005859,178.998840,470.290985,2.025662,-8.681638,0.000000,403.000000
470.290985,469.996033,179.008652,470.290985,1.585208,-3.521024,0.000000,280.000000
470.290985,470.023346,179.017181,470.290985,0.615493,2.489085,0.000000,-69.000000
470.290985,470.020294,179.028671,470.290985,2.676519,0.262172,0.000000,280.000000
470.290985,469.997131,179.040619,470.290985,1.637400,-4.755844,0.000000,280.000000
470.290985,469.995331,179.052963,470.290985,1.556795,-1.537981,0.000000,280.000000
470.290985,469.995209,179.060425,470.290985,1.549345,0.535703,0.000000,280.000000
470.290985,469.995209,179.068069,470.290985,1.549522,-0.507886,0.000000,280.000000
470.290985,469.995209,179.080536,470.290985,1.549700,-0.073861,0.000000,280.000000
470.290985,469.995209,179.092148,470.290985,1.549877,0.101277,0.000000,280.000000
470.290985,469.995209,179.102844,470.290985,1.550055,0.341763,0.000000,280.000000
470.290985,469.995209,179.112518,470.290985,1.550232,0.695350,0.000000,280.000000
470.290985,469.995209,179.120941,470.290985,1.550410,1.681386,0.000000,280.000000
470.290985,469.995209,179.128113,470.290985,1.550587,1.148345,0.000000,280.000000
470.290985,469.995209,179.132950,470.290985,1.550764,1.041500,0.000000,280.000000
470.290985,470.012756,179.137070,470.290985,0.144238,1.237249,0.000000,-39.000000
470.290985,470.002594,179.141632,470.290985,1.885675,0.420420,0.000000,280.000000
470.290985,469.995697,179.143875,470.290985,1.577411,-1.038591,0.000000,280.000000
470.290985,470.029633,179.146423,470.290985,0.901160,1.909588,0.000000,-35.000000
470.290985,470.020782,179.148987,470.290985,2.701338,-0.195920,0.000000,280.000000
470.290985,469.997192,179.151138,470.290985,1.639903,-1.858972,0.000000,280.000000
470.290985,470.023407,179.152695,470.290985,0.622595,1.153136,0.000000,-18.000000
470.290985,470.037872,179.154053,470.290985,1.268721,1.082922,0.000000,280.000000
470.290985,470.000793,179.154999,470.290985,1.801958,-2.434256,0.000000,280.000000
470.290985,470.013123,179.155899,470.290985,0.164242,0.689343,0.000000,-18.000000
470.290985,470.037079,179.156677,470.290985,1.232497,1.860170,0.000000,280.000000
470.290985,470.004517,179.157318,470.290985,1.971641,-2.119110,0.000000,280.000000
470.290985,469.995880,179.157806,470.290985,1.586408,-0.559035,0.000000,280.000000
470.290985,470.029694,179.158020,470.290985,0.902530,2.639807,0.000000,-63.000000
470.290985,470.020782,179.158585,470.290985,2.702991,-0.692022,0.000000,280.000000
470.290985,469.997192,179.159286,470.290985,1.641557,-3.029965,0.000000,280.000000
470.290985,469.995331,179.160141,470.290985,1.561236,0.670745,0.000000,280.000000
470.290985,470.035706,179.161179,470.290985,1.171101,2.590512,0.000000,-51.000000
470.290985,470.000610,179.162628,470.290985,1.796278,-2.105979,0.000000,280.000000
470.290985,469.995605,179.164398,470.290985,1.572610,-1.758091,0.000000,280.000000
470.290985,469.995209,179.166000,470.290985,1.554286,1.598625,0.000000,280.000000
470.290985,470.035706,179.168411,470.290985,1.171779,1.889212,0.000000,-24.000000
470.290985,470.004395,179.171082,470.290985,1.965860,-3.282676,0.000000,280.000000
470.290985,469.995880,179.173813,470.290985,1.588255,-2.333431,0.000000,280.000000
470.290985,469.995209,179.176712,470.290985,1.559057,1.972716,0.000000,280.000000
470.290985,470.035706,179.179749,470.290985,1.172452,2.095901,0.000000,-33.000000
470.290985,469.998322,179.182877,470.290985,1.694821,-3.617810,0.000000,280.000000
470.290985,469.995422,179.185745,470.290985,1.566623,-1.553282,0.000000,280.000000
470.290985,469.995209,179.188309,470.290985,1.555643,2.633534,0.000000,280.000000
500.290985,470.005707,179.190704,470.296021,6.970913,1.543523,5.042029,1790.000000
500.290985,470.048004,179.192383,470.396881,29.579609,5.872728,30.252174,2475.000000
500.290985,470.256836,179.193619,470.623749,51.506218,37.026253,55.462318,2130.000000
500.290985,470.623108,179.193985,470.976685,74.556541,63.298374,80.672478,2009.000000
500.290985,470.863800,179.191422,471.455658,103.620026,48.857788,105.882637,3640.000000
500.290985,471.015320,179.185333,472.060730,129.348297,38.983566,131.092789,4976.000000
500.290985,471.405579,179.172531,472.791809,153.240997,70.842583,156.302948,4677.000000
500.290985,471.843475,179.150238,473.648987,179.922653,81.653198,181.513107,5272.000000
500.290985,472.259766,179.107361,474.632141,206.298355,84.213379,206.723267,6166.000000
500.290985,472.836578,179.043579,475.741425,231.725235,111.385201,231.933426,6100.000000
500.290985,473.489319,178.954865,476.976715,259.015015,123.070663,257.143524,6685.000000
500.290985,474.193756,178.835739,478.338043,284.876404,139.275116,282.353607,7047.000000
500.290985,475.068298,178.708618,479.825439,310.234619,167.023621,307.563690,6957.000000
500.290985,476.032349,178.510391,481.438904,338.057739,188.467621,332.773773,7197.000000
500.290985,477.095276,178.366867,483.178406,364.379120,205.999176,357.983887,7526.000000
500.290985,478.275085,178.062317,485.043976,389.994598,231.522354,383.193970,7529.000000
500.290985,479.587189,177.704132,486.934723,377.939606,256.815277,368.067902,2961.000000
500.290985,480.667511,177.288391,488.699493,358.211823,226.968735,342.857819,3341.000000
500.290985,481.717560,176.907425,490.338135,340.854767,235.833450,317.647736,2358.000000
500.290985,483.283539,176.362335,491.850739,302.017151,282.155273,292.437653,-836.000000
500.290985,484.472198,175.998001,493.237305,289.566772,266.005646,267.227539,-697.000000
500.290985,485.573517,175.315384,494.497772,265.952637,233.677856,242.017456,-370.000000
500.290985,486.752502,174.548859,495.632233,238.574432,241.174667,216.807327,-1678.000000
500.290985,488.096039,173.733566,496.670929,221.303238,262.322754,201.681229,-3119.000000
500.290985,489.372894,172.887238,497.603699,197.264313,252.518814,176.471069,-3652.000000
500.290985,490.375336,172.015915,498.410431,175.648178,210.490479,151.260910,-2887.000000
500.290985,491.410431,171.465698,499.091095,146.051483,213.903885,126.050743,-4125.000000
500.290985,492.696075,170.527634,499.645721,116.040855,246.797745,100.840584,-6484.000000
500.290985,493.734589,170.139877,500.074280,94.072960,225.820862,75.630424,-6520.000000
500.290985,494.502106,169.164963,500.290985,18.497850,178.850861,0.000000,-6010.000000
500.290985,495.194946,168.204529,500.290985,16.578455,146.919434,0.000000,-4884.000000
500.290985,496.020844,167.267197,500.290985,7.442553,167.057663,0.000000,-5982.000000
500.290985,496.951630,166.360962,500.290985,5.198905,176.274612,0.000000,-6412.000000
500.290985,497.450348,165.491440,500.290985,9.963514,115.867783,0.000000,-3968.000000
500.290985,497.848938,164.822205,500.290985,5.851453,90.726845,0.000000,-3179.000000
500.290985,498.436676,164.183472,500.290985,1.419577,112.309097,0.000000,-4154.000000
500.290985,498.864990,163.427322,500.290985,3.033110,83.770325,0.000000,-3024.000000
500.290985,499.042572,162.858673,500.290985,4.397208,50.647293,0.000000,-1730.000000
500.290985,499.345520,162.322357,500.290985,0.388324,59.297123,0.000000,-2206.000000
500.290985,499.578735,161.702850,500.290985,2.048879,46.067661,0.000000,-1647.000000
500.290985,499.649750,161.138916,500.290985,3.036375,21.495052,0.000000,-689.000000
500.290985,499.816528,160.626022,500.290985,-0.481956,32.598896,0.000000,-1238.000000
500.290985,499.951996,160.251205,500.290985,1.190802,22.179140,0.000000,-784.000000
500.290985,499.924225,159.824509,500.290985,2.146786,1.531076,0.000000,280.000000
500.290985,499.974121,159.441269,500.290985,-0.009848,9.693291,0.000000,-361.000000
500.290985,500.045258,159.165283,500.290985,0.976843,12.000805,0.000000,-410.000000
500.290985,500.001068,158.855148,500.290985,3.391160,-6.558888,0.000000,376.000000
500.290985,499.968597,158.632401,500.290985,1.937272,-4.593168,0.000000,280.000000
500.290985,499.966095,158.431458,500.290985,1.827594,0.683168,0.000000,280.000000
500.290985,499.965912,158.339737,500.290985,1.816347,0.610845,0.000000,280.000000
500.290985,499.965912,158.212769,500.290985,1.816542,-2.373006,0.000000,280.000000
500.290985,499.931396,158.058441,500.290985,2.471702,-5.247987,0.000000,293.000000
500.290985,499.866791,157.887405,500.290985,3.971650,-11.025606,0.000000,566.000000
500.290985,499.808441,157.737961,500.290985,3.554114,-11.282837,0.000000,559.000000
500.290985,499.791504,157.607407,500.290985,2.798282,-6.641731,0.000000,357.000000
500.290985,499.755707,157.493988,500.290985,3.390414,-7.228359,0.000000,401.000000
500.290985,499.688782,157.413177,500.290985,4.783847,-10.357457,0.000000,572.000000
500.290985,499.660645,157.322403,500.290985,3.524898,-3.851591,0.000000,280.000000
500.290985,499.658447,157.241821,500.290985,3.425994,-2.197765,0.000000,280.000000
500.290985,499.658295,157.169144,500.290985,3.419029,-2.365804,0.000000,280.000000
500.290985,499.658295,157.115707,500.290985,3.419409,-0.190301,0.000000,280.000000
500.290985,499.658295,157.065796,500.290985,3.419788,1.431769,0.000000,280.000000
500.290985,499.686371,157.007446,500.290985,2.483181,2.509184,0.000000,280.000000
500.290985,499.700958,156.953125,500.290985,3.137137,4.590033,0.000000,280.000000
500.290985,499.742584,156.901398,500.290985,2.806212,7.025658,0.000000,280.000000
500.290985,499.784119,156.851746,500.290985,2.467639,6.368446,0.000000,280.000000
500.290985,499.807190,156.803970,500.290985,1.307112,5.371204,0.000000,280.000000
500.290985,499.849487,156.758209,500.290985,1.005506,7.755599,0.000000,-249.000000
500.290985,499.910187,156.713821,500.290985,1.526088,10.566724,0.000000,-335.000000
500.290985,499.920959,156.669785,500.290985,2.011288,3.892555,0.000000,280.000000
500.290985,499.921814,156.634735,500.290985,2.047945,2.160131,0.000000,280.000000
500.290985,499.956360,156.608475,500.290985,1.397300,4.536471,0.000000,280.000000
500.290985,499.999573,156.590454,500.290985,1.135852,7.993857,0.000000,-253.000000
500.290985,500.009033,156.545914,500.290985,1.558150,3.661308,0.000000,280.000000
500.290985,500.027283,156.502426,500.290985,0.184804,4.793785,0.000000,-169.000000
500.290985,500.086121,156.460403,500.290985,0.620686,7.978423,0.000000,-272.000000
500.290985,500.096741,156.420639,500.290985,1.098436,3.639910,0.000000,-92.000000
500.290985,500.097595,156.383026,500.290985,1.134987,0.840799,0.000000,15.000000
500.290985,500.097595,156.347717,500.290985,1.139201,1.547813,0.000000,-12.000000
500.290985,500.097595,156.314743,500.290985,1.139317,1.159423,0.000000,3.000000
500.290985,500.097595,156.284470,500.290985,1.139433,-0.732563,0.000000,74.000000
500.290985,500.097595,156.257355,500.290985,1.139549,-0.155691,0.000000,52.000000
500.290985,500.097595,156.233261,500.290985,1.139665,-0.745163,0.000000,75.000000
500.290985,500.097595,156.212265,500.290985,1.139781,-1.719934,0.000000,111.000000
500.290985,500.065735,156.197571,500.290985,1.907981,-1.217697,0.000000,280.000000
500.290985,500.078522,156.181885,500.290985,0.284344,0.075731,0.000000,11.000000
500.290985,500.096130,156.171219,500.290985,1.074066,0.298842,0.000000,33.000000
500.290985,500.063141,156.162323,500.290985,1.786761,-1.044589,0.000000,280.000000
500.290985,500.054443,156.153473,500.290985,1.401777,-0.941886,0.000000,280.000000
500.290985,500.071381,156.146652,500.290985,-0.038542,1.093773,0.000000,-38.000000
500.290985,500.095642,156.141647,500.290985,1.048464,3.448239,0.000000,-87.000000
500.290985,500.097504,156.138290,500.290985,1.133176,0.406068,0.000000,31.000000
500.290985,500.063171,156.136459,500.290985,1.795316,-3.881845,0.000000,280.000000
500.290985,500.020020,156.136185,500.290985,2.056817,-7.949174,0.000000,379.000000
500.290985,500.010559,156.137009,500.290985,1.634856,-1.276803,0.000000,280.000000
500.290985,500.050385,156.138809,500.290985,1.218867,5.817734,0.000000,280.000000
500.290985,500.053467,156.142197,500.290985,1.358827,2.471306,0.000000,280.000000
500.290985,500.053680,156.147141,500.290985,1.370127,-0.807345,0.000000,280.000000
500.290985,500.053680,156.153198,500.290985,1.370269,-0.704942,0.000000,280.000000
500.290985,500.053680,156.160202,500.290985,1.370412,-1.192915,0.000000,280.000000
500.290985,500.047394,156.167969,500.290985,1.087679,-2.172236,0.000000,126.000000
500.290985,500.012695,156.176208,500.290985,1.731355,-3.315678,0.000000,280.000000
500.290985,500.010010,156.184540,500.290985,1.610208,-2.484874,0.000000,280.000000
500.290985,500.009857,156.191223,500.290985,1.598935,-0.971131,0.000000,280.000000
500.290985,500.009857,156.199387,500.290985,1.599103,0.097093,0.000000,280.000000
500.290985,500.009857,156.206833,500.290985,1.599272,-0.019829,0.000000,280.000000
500.290985,500.009857,156.213394,500.290985,1.599441,1.238663,0.000000,280.000000
500.290985,500.009857,156.219025,500.290985,1.599609,0.509541,0.000000,280.000000
500.290985,500.009857,156.223663,500.290985,1.599778,1.355705,0.000000,280.000000
500.290985,500.009857,156.227280,500.290985,1.599947,1.343205,0.000000,280.000000
500.290985,500.040192,156.229355,500.290985,0.766221,1.397913,0.000000,-19.000000
500.290985,500.014435,156.230942,500.290985,1.809989,-0.683337,0.000000,280.000000
500.290985,500.010193,156.231674,500.290985,1.615119,-0.405725,0.000000,280.000000
500.290985,500.044281,156.231812,500.290985,0.946204,3.002089,0.000000,-73.000000
500.290985,500.053009,156.231491,500.290985,1.339384,1.479676,0.000000,280.000000
500.290985,500.036774,156.231064,500.290985,0.612496,-1.693926,0.000000,91.000000
500.290985,500.052429,156.230606,500.290985,1.314118,0.707282,0.000000,280.000000
500.290985,500.053619,156.229828,500.290985,1.369481,1.876579,0.000000,280.000000
500.290985,500.053680,156.229233,500.290985,1.373438,1.664028,0.000000,280.000000
500.290985,500.053680,156.228409,500.290985,1.373580,2.029581,0.000000,280.000000
500.290985,500.091980,156.227783,500.290985,0.887661,1.025238,0.000000,-1.000000
500.290985,500.058960,156.227295,500.290985,1.608558,-2.240444,0.000000,280.000000
500.290985,500.054169,156.226959,500.290985,1.391914,-2.996502,0.000000,280.000000
500.290985,500.053772,156.226807,500.290985,1.373555,1.091715,0.000000,280.000000
500.290985,500.071320,156.226913,500.290985,-0.033007,2.901071,0.000000,-106.000000
500.290985,500.055084,156.227264,500.290985,1.436683,0.102784,0.000000,280.000000
500.290985,500.053833,156.227814,500.290985,1.377791,-0.458376,0.000000,280.000000
500.290985,500.053772,156.228638,500.290985,1.374119,-0.078459,0.000000,280.000000
500.290985,500.053772,156.229736,500.290985,1.374262,-0.110779,0.000000,280.000000
500.290985,500.053772,156.230942,500.290985,1.374404,-0.194585,0.000000,280.000000
500.290985,500.053772,156.231934,500.290985,1.374546,-0.221800,0.000000,280.000000
500.290985,500.053772,156.232574,500.290985,1.374689,-0.056876,0.000000,280.000000
500.290985,500.053772,156.233215,500.290985,1.374831,0.577798,0.000000,280.000000
500.290985,500.053772,156.233749,500.290985,1.374973,0.658907,0.000000,280.000000
500.290985,500.053772,156.234131,500.290985,1.375116,0.487729,0.000000,280.000000
500.290985,500.053772,156.234375,500.290985,1.375258,0.306227,0.000000,280.000000
500.290985,500.091980,156.234619,500.290985,0.894005,0.401783,0.000000,23.000000
500.290985,500.056732,156.234955,500.290985,1.507711,-1.209116,0.000000,280.000000
500.290985,500.053955,156.235245,500.290985,1.387106,-1.155128,0.000000,280.000000
500.290985,500.053772,156.235794,500.290985,1.375806,1.398907,0.000000,280.000000
500.290985,500.091980,156.236465,500.290985,0.894554,1.429278,0.000000,-15.000000
500.290985,500.056732,156.237244,500.290985,1.508259,-1.362844,0.000000,280.000000
500.290985,500.053955,156.238113,500.290985,1.387654,-2.623556,0.000000,280.000000
500.290985,500.053772,156.239151,500.290985,1.376355,0.868274,0.000000,280.000000
500.290985,500.053772,156.240585,500.290985,1.376497,1.571184,0.000000,280.000000
500.290985,500.053772,156.241974,500.290985,1.376639,0.340018,0.000000,280.000000
500.290985,500.053772,156.243851,500.290985,1.376782,-0.008005,0.000000,280.000000
530.290955,500.053772,156.245682,500.321259,16.282997,0.796562,15.126087,2170.000000
530.290955,500.155304,156.247040,500.472504,37.407215,16.916546,40.336231,2357.000000
530.290955,500.466614,156.248550,500.749817,59.805050,51.426895,65.546379,1904.000000
530.290955,500.803833,156.248474,501.153168,86.202736,64.536476,90.756546,2402.000000
530.290955,501.006561,156.245575,501.682526,113.832359,43.266792,115.966698,4236.000000
530.290955,501.224091,156.234863,502.338013,138.381409,47.308235,141.176849,5005.000000
530.290955,501.655487,156.213577,503.119568,162.183121,78.073624,166.387024,4743.000000
530.290955,502.079010,156.175827,504.027100,190.680969,81.600929,191.597183,5680.000000
530.290955,502.528778,156.119644,505.060760,216.616776,90.972900,216.807343,6301.000000
530.290955,503.154694,156.058716,506.220398,242.312515,115.407715,242.017456,6349.000000
530.290955,503.788300,155.950394,507.506134,269.009277,127.142921,267.227539,6910.000000
530.290955,504.552429,155.809509,508.917908,295.609650,149.397980,292.437653,7073.000000
530.290955,505.468384,155.702438,510.455658,320.883453,175.445389,317.647736,7044.000000
530.290955,506.463135,155.564636,512.119568,348.149445,193.954254,342.857819,7372.000000
530.290955,507.547607,155.293503,513.909485,375.695038,213.446808,368.067902,7674.000000
530.290955,508.804077,154.971680,515.815430,390.726501,243.066650,383.193970,3959.000000
530.290955,509.987762,154.594910,517.655762,378.218445,249.712616,357.983887,3240.000000
530.290955,511.077667,154.158936,519.370056,347.662842,221.441467,332.773773,3155.000000
530.290955,512.301025,153.662033,520.958313,329.019684,258.154175,307.563690,1079.000000
530.290955,513.863892,153.106842,522.420471,294.173401,282.074066,282.353607,-1125.000000
530.290955,514.931824,152.493134,523.756592,280.445129,249.290573,257.143524,-409.000000
530.290955,516.092957,151.962479,524.966736,248.270691,230.632217,231.933426,-917.000000
530.290955,517.402405,151.362473,526.050720,230.861053,258.799225,206.723267,-2626.000000
530.290955,518.669312,150.731384,527.059143,212.203735,265.853027,191.597168,-3590.000000
530.290955,519.827026,149.897186,527.941528,189.153259,235.975037,166.387009,-3334.000000
530.290955,520.765930,149.036514,528.697876,164.433640,199.459686,141.176849,-2892.000000
530.290955,521.946045,148.154617,529.328064,132.275177,235.052658,115.966682,-5432.000000
530.290955,523.234741,147.260727,529.832275,106.531258,246.510880,90.756523,-6828.000000
530.290955,524.094421,146.533188,530.210449,85.087769,184.591522,65.546364,-5309.000000
530.290955,524.889893,145.590958,530.290955,15.488817,167.389175,0.000000,-5691.000000
530.290955,525.727783,144.659637,530.290955,11.286160,170.966751,0.000000,-5982.000000
530.290955,526.582153,143.752350,530.290955,7.812991,167.976379,0.000000,-6001.000000
530.290955,527.257446,143.042648,530.290955,7.303432,142.086349,0.000000,-5049.000000
530.290955,527.828552,142.188416,530.290955,4.327061,117.845299,0.000000,-4251.000000
530.290955,528.363098,141.535736,530.290955,1.909278,108.709824,0.000000,-3999.000000
530.290955,528.800659,140.912018,530.290955,1.741341,89.737320,0.000000,-3294.000000
530.290955,529.158997,140.176010,530.290955,0.210977,77.147644,0.000000,-2880.000000
530.290955,529.499817,139.492432,530.290955,0.098827,70.615150,0.000000,-2639.000000
530.290955,529.737305,138.861389,530.290955,-0.242251,49.578037,0.000000,-1862.000000
530.290955,529.889771,138.281021,530.290955,-0.006087,35.619865,0.000000,-1330.000000
530.290955,530.081238,137.751022,530.290955,-2.411561,37.015919,0.000000,-1472.000000
530.290955,530.216797,137.268845,530.290955,-0.735424,28.106735,0.000000,-1076.000000
530.290955,530.259583,136.832535,530.290955,-1.015246,13.924076,0.000000,-555.000000
530.290955,530.303406,136.439774,530.290955,-1.247216,10.331453,0.000000,-429.000000
530.290955,530.364319,136.088318,530.290955,-0.719562,11.957614,0.000000,-470.000000
530.290955,530.375061,135.775467,530.290955,-0.234635,2.393478,0.000000,-94.000000
530.290955,530.337708,135.497452,530.290955,0.000000,-4.017455,0.000000,151.000000
530.290955,530.332520,135.251389,530.290955,0.000000,-1.497613,0.000000,56.000000
530.290955,530.332092,135.034729,530.290955,0.000000,-0.436941,0.000000,16.000000
530.290955,530.332092,134.844757,530.290955,0.000000,-0.427884,0.000000,16.000000
530.290955,530.279968,134.679840,530.290955,0.000000,-9.346809,0.000000,351.000000
530.290955,530.142334,134.538834,530.290955,0.000000,-22.826010,0.000000,857.000000
530.290955,530.039673,134.417633,530.290955,2.069076,-18.291519,0.000000,764.000000
530.290955,530.025635,134.314362,530.290955,1.437381,-7.934835,0.000000,353.000000
530.290955,529.972534,134.226578,530.290955,3.451333,-11.647413,0.000000,567.000000
530.290955,529.883484,134.152267,530.290955,3.861137,-16.151503,0.000000,752.000000
530.290955,529.851379,134.101425,530.290955,2.422008,-7.971448,0.000000,392.000000
530.290955,529.820740,134.068237,530.290955,3.249671,-6.486728,0.000000,366.000000
530.290955,529.777893,134.019318,530.290955,3.521906,-8.061452,0.000000,436.000000
530.290955,529.762146,133.976608,530.290955,2.817214,-2.093239,0.000000,280.000000
530.290955,529.760925,133.938583,530.290955,2.762596,-0.084857,0.000000,280.000000
530.290955,529.788940,133.904343,530.290955,1.822113,1.461779,0.000000,280.000000
530.290955,529.821045,133.873291,530.290955,1.069303,6.113937,0.000000,-188.000000
530.290955,529.846497,133.844711,530.290955,2.207581,5.840898,0.000000,280.000000
530.290955,529.876648,133.822906,530.290955,1.358701,4.917305,0.000000,280.000000
530.290955,529.891357,133.801651,530.290955,2.020170,5.286088,0.000000,280.000000
530.290955,529.933044,133.776123,530.290955,1.688564,5.442214,0.000000,280.000000
530.290955,529.936279,133.751755,530.290955,1.835937,2.844499,0.000000,280.000000
530.290955,529.971008,133.727982,530.290955,1.192627,4.832913,0.000000,-135.000000
530.290955,529.979797,133.713806,530.290955,1.585567,2.142130,0.000000,280.000000
530.290955,529.980469,133.690338,530.290955,1.615129,0.285228,0.000000,280.000000
530.290955,529.980469,133.667587,530.290955,1.619413,3.612003,0.000000,280.000000
530.290955,530.021057,133.649567,530.290955,1.236347,3.352179,0.000000,280.000000
530.290955,529.989746,133.627563,530.290955,2.030437,-2.342394,0.000000,280.000000
530.290955,529.981201,133.606857,530.290955,1.652841,-0.928487,0.000000,280.000000
530.290955,530.015015,133.587387,530.290955,0.968971,3.130707,0.000000,-79.000000
530.290955,530.023743,133.569016,530.290955,1.358355,0.274701,0.000000,280.000000
530.290955,529.983887,133.551987,530.290955,1.770575,-1.399132,0.000000,280.000000
530.290955,530.015198,133.539505,530.290955,0.980930,1.529271,0.000000,-19.000000
530.290955,530.023743,133.530838,530.290955,1.358872,0.219985,0.000000,280.000000
530.290955,529.996277,133.517624,530.290955,2.325394,-1.471700,0.000000,280.000000
530.290955,530.016174,133.506042,530.290955,1.021395,1.384620,0.000000,-12.000000
530.290955,530.023804,133.496140,530.290955,1.363186,-0.075577,0.000000,280.000000
530.290955,529.983887,133.487717,530.290955,1.771592,-1.669749,0.000000,280.000000
530.290955,530.018982,133.481995,530.290955,1.150851,1.276445,0.000000,-3.000000
530.290955,529.995850,133.477280,530.290955,2.312127,-1.169710,0.000000,280.000000
530.290955,529.981689,133.472656,530.290955,1.676928,-0.894822,0.000000,280.000000
530.290955,530.015015,133.469238,530.290955,0.971027,1.196159,0.000000,-7.000000
530.290955,529.989258,133.468216,530.290955,2.015091,-1.548203,0.000000,280.000000
530.290955,529.981201,133.466888,530.290955,1.651331,-1.744017,0.000000,280.000000
530.290955,529.980530,133.466553,530.290955,1.626240,1.620456,0.000000,280.000000
530.290955,529.982788,133.466705,530.290955,1.725421,-0.175472,0.000000,280.000000
530.290955,529.980652,133.467255,530.290955,1.630137,-1.428877,0.000000,280.000000
530.290955,529.980530,133.468094,530.290955,1.622696,0.698171,0.000000,280.000000
530.290955,529.980530,133.469147,530.290955,1.622882,0.093227,0.000000,280.000000
530.290955,529.980530,133.470825,530.290955,1.623068,0.192453,0.000000,280.000000
530.290955,529.980530,133.472595,530.290955,1.623254,0.018191,0.000000,280.000000
530.290955,529.980530,133.474564,530.290955,1.623441,-0.438458,0.000000,280.000000
530.290955,529.980530,133.476685,530.290955,1.623627,0.157522,0.000000,280.000000
530.290955,529.980530,133.478699,530.290955,1.623813,0.126412,0.000000,280.000000
530.290955,529.980530,133.479523,530.290955,1.623999,0.208895,0.000000,280.000000
530.290955,529.980530,133.481537,530.290955,1.624186,-0.393868,0.000000,280.000000
530.290955,529.980530,133.483215,530.290955,1.624372,-0.097827,0.000000,280.000000
530.290955,529.980530,133.484512,530.290955,1.624558,0.018159,0.000000,280.000000
530.290955,529.980530,133.485306,530.290955,1.624744,0.009591,0.000000,280.000000
530.290955,529.980530,133.485641,530.290955,1.624931,0.563152,0.000000,280.000000
530.290955,529.980530,133.485565,530.290955,1.625117,0.227880,0.000000,280.000000
530.290955,529.980530,133.485001,530.290955,1.625303,0.925266,0.000000,280.000000
530.290955,530.021057,133.484009,530.290955,1.242805,0.613197,0.000000,280.000000
530.290955,529.983643,133.482300,530.290955,1.765182,-1.597451,0.000000,280.000000
530.290955,529.998291,133.480209,530.290955,0.230289,1.048057,0.000000,-29.000000
530.290955,530.022400,133.477859,530.290955,1.305897,2.167692,0.000000,280.000000
530.290955,530.006653,133.475342,530.290955,2.801740,-0.733725,0.000000,280.000000
530.290955,530.000122,133.472900,530.290955,0.307480,-0.192568,0.000000,21.000000
530.290955,530.022522,133.470734,530.290955,1.314031,1.820623,0.000000,280.000000
530.290955,530.024292,133.468872,530.290955,1.391159,-0.254140,0.000000,280.000000
530.290955,530.024353,133.467575,530.290955,1.398947,-0.169484,0.000000,280.000000
530.290955,530.024353,133.467148,530.290955,1.399107,1.743122,0.000000,280.000000
530.290955,530.024353,133.467499,530.290955,1.399267,1.605382,0.000000,280.000000
530.290955,530.024353,133.468628,530.290955,1.399427,-0.571857,0.000000,280.000000
530.290955,530.024353,133.470032,530.290955,1.399587,-1.307789,0.000000,280.000000
530.290955,530.024353,133.470932,530.290955,1.399747,-0.460772,0.000000,280.000000
530.290955,530.024353,133.473236,530.290955,1.399907,-0.971446,0.000000,280.000000
530.290955,529.987732,133.476440,530.290955,1.951371,-0.931706,0.000000,280.000000
530.290955,529.981079,133.479935,530.290955,1.654273,-1.387841,0.000000,280.000000
530.290955,529.980530,133.483353,530.290955,1.628330,0.170405,0.000000,280.000000
530.290955,529.980530,133.486603,530.290955,1.628516,-0.201137,0.000000,280.000000
530.290955,529.980530,133.489639,530.290955,1.628702,0.407758,0.000000,280.000000
530.290955,529.982788,133.492355,530.290955,1.731981,-0.054693,0.000000,280.000000
530.290955,529.980652,133.494202,530.290955,1.636697,0.331210,0.000000,280.000000
530.290955,530.018738,133.496140,530.290955,1.147861,1.042971,0.000000,6.000000
530.290955,529.985718,133.497681,530.290955,1.864703,-1.533619,0.000000,280.000000
530.290955,529.980957,133.498993,530.290955,1.648103,0.214749,0.000000,280.000000
530.290955,530.021057,133.500137,530.290955,1.251202,1.347681,0.000000,280.000000
530.290955,529.983643,133.501175,530.290955,1.769481,-1.366539,0.000000,280.000000
530.290955,529.998291,133.502258,530.290955,0.234588,0.486672,0.000000,-7.000000
530.290955,530.022400,133.503479,530.290955,1.310196,0.665146,0.000000,280.000000
530.290955,529.983765,133.504654,530.290955,1.777636,-2.098064,0.000000,280.000000
530.290955,529.980774,133.506424,530.290955,1.641819,0.938743,0.000000,280.000000
530.290955,530.003479,133.508179,530.290955,2.658966,0.485873,0.000000,280.000000
530.290955,529.982300,133.509949,530.290955,1.712079,-3.166391,0.000000,280.000000
530.290955,529.980591,133.511917,530.290955,1.639111,0.725417,0.000000,280.000000
530.290955,529.980530,133.513138,530.290955,1.631386,1.230143,0.000000,280.000000
530.290955,529.980530,133.515274,530.290955,1.631572,0.070965,0.000000,280.000000
530.290955,529.980530,133.517227,530.290955,1.631758,0.298933,0.000000,280.000000
530.290955,529.980530,133.518951,530.290955,1.631944,-0.042611,0.000000,280.000000
530.290955,529.998108,133.520660,530.290955,0.225426,0.381032,0.000000,-3.000000
530.290955,530.016296,133.522217,530.290955,1.040764,0.470307,0.000000,24.000000
530.290955,529.989380,133.523376,530.290955,2.029039,-1.944101,0.000000,280.000000
530.290955,529.981201,133.524292,530.290955,1.662033,-0.774559,0.000000,280.000000
530.290955,530.015015,133.524994,530.290955,0.982262,1.714733,0.000000,-24.000000
530.290955,529.989258,133.525879,530.290955,2.026326,-1.062707,0.000000,280.000000
530.290955,529.981201,133.526382,530.290955,1.662566,-0.962303,0.000000,280.000000
530.290955,530.008667,133.527191,530.290955,0.700487,2.063399,0.000000,-48.000000
530.290955,529.984985,133.528442,530.290955,1.831831,-0.950693,0.000000,280.000000
530.290955,529.980835,133.529556,530.290955,1.648705,-0.917612,0.000000,280.000000
530.290955,529.998108,133.531097,530.290955,0.227215,1.598163,0.000000,-48.000000
530.290955,529.981873,133.532593,530.290955,1.696949,-0.456258,0.000000,280.000000
530.290955,529.980591,133.533905,530.290955,1.638101,-0.011747,0.000000,280.000000
530.290955,529.980530,133.535645,530.290955,1.634473,0.670933,0.000000,280.000000
530.290955,529.986572,133.537277,530.290955,1.906655,-0.709876,0.000000,280.000000
530.290955,529.980957,133.538681,530.290955,1.657435,-0.300192,0.000000,280.000000
530.290955,530.014954,133.539841,530.290955,0.980625,1.259832,0.000000,-7.000000
530.290955,529.989258,133.541107,530.290955,2.028503,-1.528468,0.000000,280.000000
530.290955,529.981201,133.542740,530.290955,1.664743,-0.895033,0.000000,280.000000
530.290955,530.008667,133.544449,530.290955,0.702665,1.743535,0.000000,-36.000000
530.290955,529.988770,133.546234,530.290955,2.007010,-1.144602,0.000000,280.000000
530.290955,529.981140,133.548019,530.290955,1.665565,-1.759251,0.000000,280.000000
530.290955,529.980530,133.549759,530.290955,1.636092,1.644807,0.000000,280.000000
530.290955,530.003479,133.551239,530.290955,2.664680,0.877430,0.000000,280.000000
530.290955,529.982300,133.553177,530.290955,1.717510,-3.441301,0.000000,280.000000
530.290955,529.980591,133.555069,530.290955,1.644542,0.557659,0.000000,280.000000
530.290955,529.980530,133.556931,530.290955,1.636816,1.556477,0.000000,280.000000
530.290955,529.980530,133.558365,530.290955,1.637002,0.344520,0.000000,280.000000
530.290955,529.980530,133.559921,530.290955,1.637188,0.465932,0.000000,280.000000
500.290985,529.980530,133.561371,530.240540,-18.288404,-0.595948,-20.168116,-2244.000000
500.290985,529.862122,133.562729,530.064087,-40.299419,-23.949535,-45.378262,-2194.000000
500.290985,529.508911,133.563675,529.761536,-62.503723,-59.377647,-70.588417,-1699.000000
500.290985,529.338135,133.566330,529.333008,-92.561668,-36.593697,-95.798576,-3679.000000
500.290985,529.224915,133.574310,528.778381,-116.316788,-29.390604,-121.008728,-4841.000000
500.290985,528.805725,133.590363,528.097717,-139.042206,-75.317032,-146.218887,-3971.000000
500.290985,528.343079,133.616226,527.291016,-166.574158,-82.864021,-171.429047,-4720.000000
500.290985,528.055481,133.656265,526.358215,-195.701035,-63.726669,-196.639206,-6530.000000
500.290985,527.540405,133.701859,525.299377,-218.108368,-100.729256,-221.849365,-5983.000000
500.290985,526.803467,133.737091,524.114502,-244.505264,-136.269958,-247.059479,-5640.000000
500.290985,526.202332,133.849258,522.803528,-274.272186,-119.538773,-272.269562,-7383.000000
500.290985,525.501404,133.994461,521.366577,-298.180420,-142.707352,-297.479645,-7411.000000
500.290985,524.460510,134.176605,519.803589,-322.591492,-195.038284,-322.689758,-6364.000000
500.290985,523.428894,134.400513,518.114502,-351.632446,-198.819443,-347.899841,-7311.000000
500.290985,522.415161,134.672729,516.299377,-378.332611,-204.116364,-373.109924,-8114.000000
500.290985,521.121460,134.996552,514.388367,-383.035248,-251.850464,-378.151947,-3333.000000
500.290985,519.837463,135.374542,512.573242,-366.095612,-246.075623,-352.941864,-2914.000000
500.290985,518.971558,135.732788,510.884155,-347.351532,-190.947845,-327.731781,-4279.000000
500.290985,517.649048,136.240509,509.321136,-315.439331,-257.500183,-302.521667,-585.000000
500.290985,516.288513,136.804413,507.884186,-297.767273,-289.680817,-277.311584,1284.000000
500.290985,515.267456,137.299942,506.573212,-277.414368,-232.400330,-252.101486,-280.000000
500.290985,514.244629,137.982727,505.388367,-249.893082,-216.808670,-226.891388,346.000000
500.290985,512.889832,138.710648,504.319427,-228.897202,-264.145203,-211.765289,-280.000000
500.290985,511.452209,139.478851,503.336273,-203.526123,-276.388000,-186.555130,4319.000000
500.290985,510.375183,140.316772,502.479095,-185.517715,-226.248611,-161.344971,3114.000000
500.290985,509.455841,141.191895,501.747986,-157.588287,-198.884399,-136.134811,3135.000000
500.290985,508.117462,142.086227,501.142944,-123.611069,-255.282394,-110.924652,6525.000000
500.290985,506.943146,142.989700,500.663971,-101.400131,-230.204285,-85.714493,6417.000000
500.290985,506.111725,143.899048,500.311035,-76.353447,-184.736023,-60.504330,5651.000000
500.290985,505.097412,144.804581,500.290985,-10.175569,-200.133240,0.000000,7126.000000
500.290985,504.271179,144.990189,500.290985,-9.840501,-166.512421,0.000000,5879.000000
500.290985,503.547241,145.917450,500.290985,-4.922452,-152.688736,0.000000,5544.000000
500.290985,502.772675,146.813019,500.290985,-2.269363,-154.874100,0.000000,5726.000000
500.290985,502.245026,147.672333,500.290985,-3.940413,-111.078758,0.000000,4021.000000
500.290985,501.797272,148.489960,500.290985,0.173555,-96.806999,0.000000,3640.000000
500.290985,501.281647,149.260269,500.290985,1.243671,-100.806648,0.000000,3830.000000
500.290985,500.997437,149.982178,500.290985,-0.508330,-63.544338,0.000000,2366.000000
500.290985,500.761169,150.654068,500.290985,2.092798,-52.252274,0.000000,2041.000000
500.290985,500.482727,151.034332,500.290985,2.802912,-53.505283,0.000000,2115.000000
500.290985,500.336334,151.627228,500.290985,0.638006,-33.603508,0.000000,1287.000000
500.290985,500.250214,152.168564,500.290985,1.175968,-21.639404,0.000000,859.000000
500.290985,500.128052,152.659775,500.290985,2.290843,-25.982086,0.000000,1064.000000
500.290985,500.031372,153.103455,500.290985,2.359215,-18.918673,0.000000,802.000000
500.290985,500.011505,153.501480,500.290985,1.462866,-6.302681,0.000000,295.000000
500.290985,499.981812,153.857147,500.290985,2.334495,-7.375063,0.000000,368.000000
500.290985,499.967133,154.050797,500.290985,1.673460,-4.130247,0.000000,280.000000
500.290985,500.004211,154.342819,500.290985,1.140569,5.235888,0.000000,-150.000000
500.290985,500.009369,154.601318,500.290985,1.372211,3.486016,0.000000,280.000000
500.290985,500.037872,154.829926,500.290985,0.449512,2.789383,0.000000,-84.000000
500.290985,500.052521,154.993530,500.290985,1.107070,2.648390,0.000000,-54.000000
500.290985,500.053619,155.175720,500.290985,1.158904,1.638912,0.000000,-13.000000
500.290985,500.071259,155.242477,500.290985,-0.248226,3.005100,0.000000,-118.000000
500.290985,500.123779,155.394913,500.290985,-0.094962,7.821747,0.000000,-293.000000
500.290985,500.174713,155.530411,500.290985,-0.011354,10.829263,0.000000,-402.000000
500.290985,500.184692,155.651337,500.290985,0.440782,4.717833,0.000000,-156.000000
500.290985,500.185516,155.759735,500.290985,0.000000,1.834507,0.000000,-69.000000
500.290985,500.226135,155.857300,500.290985,0.000000,3.420936,0.000000,-129.000000
500.290985,500.229248,155.945129,500.290985,0.000000,4.471657,0.000000,-168.000000
500.290985,500.269989,156.009354,500.290985,0.000000,3.229367,0.000000,-122.000000
500.290985,500.273163,156.082993,500.290985,0.000000,1.089272,0.000000,-41.000000
500.290985,500.273376,156.137131,500.290985,0.000000,0.017655,0.000000,-1.000000
500.290985,500.273376,156.199844,500.290985,0.000000,-0.609149,0.000000,22.000000
500.290985,500.273376,156.257416,500.290985,0.000000,-0.815406,0.000000,31.000000
500.290985,500.245300,156.310150,500.290985,0.000000,-1.191176,0.000000,44.000000
500.290985,500.236816,156.358429,500.290985,0.000000,-1.108344,0.000000,41.000000
500.290985,500.230042,156.402634,500.290985,0.000000,-0.269929,0.000000,10.000000
500.290985,500.229553,156.443497,500.290985,0.000000,-0.129892,0.000000,4.000000
500.290985,500.229553,156.481186,500.290985,0.000000,-0.867496,0.000000,32.000000
500.290985,500.229553,156.515762,500.290985,0.000000,-2.325914,0.000000,87.000000
500.290985,500.229553,156.547668,500.290985,0.000000,-2.083775,0.000000,78.000000
500.290985,500.195099,156.577484,500.290985,0.000000,-2.137599,0.000000,80.000000
500.290985,500.186279,156.600235,500.290985,0.000000,-1.083788,0.000000,40.000000
500.290985,500.185638,156.611084,500.290985,0.000000,-0.774823,0.000000,29.000000
500.290985,500.185638,156.637421,500.290985,0.000000,-0.426893,0.000000,16.000000
500.290985,500.185638,156.662201,500.290985,0.000000,-0.334904,0.000000,13.000000
500.290985,500.185638,156.685501,500.290985,0.000000,-0.362618,0.000000,14.000000
500.290985,500.185638,156.707443,500.290985,0.000000,-0.143167,0.000000,5.000000
500.290985,500.185638,156.727921,500.290985,0.000000,-0.811504,0.000000,31.000000
500.290985,500.185638,156.747070,500.290985,0.000000,0.427880,0.000000,-16.000000
500.290985,500.185638,156.765045,500.290985,0.000000,0.369733,0.000000,-14.000000
500.290985,500.185638,156.778534,500.290985,0.000000,0.018114,0.000000,-1.000000
500.290985,500.185638,156.791428,500.290985,0.000000,-0.132147,0.000000,5.000000
500.290985,500.185638,156.803635,500.290985,0.000000,-0.105853,0.000000,4.000000
500.290985,500.185638,156.817856,500.290985,0.000000,-1.062580,0.000000,40.000000
500.290985,500.185638,156.830795,500.290985,0.000000,-1.621929,0.000000,61.000000
500.290985,500.185638,156.842438,500.290985,0.000000,-1.124329,0.000000,42.000000
500.290985,500.185638,156.852966,500.290985,0.000000,-0.241143,0.000000,9.000000
500.290985,500.185638,156.860550,500.290985,0.000000,0.036276,0.000000,-1.000000
500.290985,500.168030,156.868851,500.290985,0.000000,-0.982139,0.000000,37.000000
500.290985,500.143677,156.875961,500.290985,0.000000,-2.371117,0.000000,89.000000
500.290985,500.141815,156.881989,500.290985,0.000000,-0.618106,0.000000,24.000000
500.290985,500.141693,156.887283,500.290985,0.000000,0.368768,0.000000,-14.000000
500.290985,500.147980,156.890991,500.290985,0.000000,-0.144624,0.000000,5.000000
500.290985,500.142151,156.893433,500.290985,0.000000,-0.392443,0.000000,15.000000
500.290985,500.141693,156.896271,500.290985,0.000000,-0.245940,0.000000,9.000000
500.290985,500.141693,156.899445,500.290985,0.000000,0.311884,0.000000,-12.000000
500.290985,500.141693,156.902328,500.290985,0.000000,-0.337630,0.000000,13.000000
500.290985,500.141693,156.904922,500.290985,0.000000,-0.166068,0.000000,6.000000
500.290985,500.141693,156.907333,500.290985,0.000000,0.840027,0.000000,-32.000000
500.290985,500.141693,156.909241,500.290985,0.000000,0.128105,0.000000,-4.000000
500.290985,500.141693,156.911209,500.290985,0.000000,0.193705,0.000000,-8.000000
500.290985,500.141693,156.913223,500.290985,0.000000,-0.115651,0.000000,4.000000
500.290985,500.141693,156.915802,500.290985,0.000000,-0.422369,0.000000,16.000000
500.290985,500.141693,156.918579,500.290985,0.000000,-0.414347,0.000000,16.000000
500.290985,500.141693,156.920776,500.290985,0.000000,0.146494,0.000000,-5.000000
500.290985,500.141693,156.923523,500.290985,0.000000,-0.047245,0.000000,2.000000
500.290985,500.141693,156.925735,500.290985,0.000000,-0.352000,0.000000,13.000000
500.290985,500.141693,156.928528,500.290985,0.000000,0.144161,0.000000,-5.000000
500.290985,500.141693,156.931412,500.290985,0.000000,0.248983,0.000000,-9.000000
500.290985,500.141693,156.934738,500.290985,0.000000,-1.021126,0.000000,39.000000
500.290985,500.141693,156.938110,500.290985,0.000000,-0.473425,0.000000,18.000000
500.290985,500.141693,156.940948,500.290985,0.000000,0.332057,0.000000,-12.000000
500.290985,500.141693,156.944717,500.290985,0.000000,-0.191754,0.000000,7.000000
500.290985,500.141693,156.948547,500.290985,0.000000,-0.762405,0.000000,28.000000
500.290985,500.141693,156.951660,500.290985,0.000000,-0.740885,0.000000,28.000000
500.290985,500.141693,156.954163,500.290985,0.000000,0.202626,0.000000,-8.000000
500.290985,500.141693,156.958282,500.290985,0.000000,0.025779,0.000000,-1.000000
500.290985,500.141693,156.962067,500.290985,0.000000,0.193045,0.000000,-7.000000
500.290985,500.141693,156.965714,500.290985,0.000000,0.051798,0.000000,-2.000000
500.290985,500.141693,156.969025,500.290985,0.000000,-0.346142,0.000000,13.000000
500.290985,500.141693,156.972061,500.290985,0.000000,0.923023,0.000000,-34.000000
500.290985,500.141693,156.974762,500.290985,0.000000,0.216850,0.000000,-8.000000
500.290985,500.141693,156.977280,500.290985,0.000000,0.024235,0.000000,-1.000000
500.290985,500.141693,156.979263,500.290985,0.000000,0.053033,0.000000,-2.000000
500.290985,500.141693,156.981445,500.290985,0.000000,-0.637579,0.000000,24.000000
500.290985,500.141693,156.983612,500.290985,0.000000,-0.147268,0.000000,5.000000
500.290985,500.141693,156.985641,500.290985,0.000000,0.198366,0.000000,-7.000000
500.290985,500.141693,156.987228,500.290985,0.000000,-0.239705,0.000000,9.000000
500.290985,500.141693,156.989212,500.290985,0.000000,-0.540188,0.000000,21.000000
500.290985,500.141693,156.991196,500.290985,0.000000,-0.127752,0.000000,5.000000
500.290985,500.141693,156.992996,500.290985,0.000000,-0.919246,0.000000,35.000000
500.290985,500.141693,156.994675,500.290985,0.000000,0.521991,0.000000,-19.000000
500.290985,500.141693,156.996170,500.290985,0.000000,0.151912,0.000000,-6.000000
500.290985,500.141693,156.997528,500.290985,0.000000,-0.115138,0.000000,5.000000
500.290985,500.141693,156.998718,500.290985,0.000000,0.340257,0.000000,-13.000000
500.290985,500.141693,156.999741,500.290985,0.000000,-0.441100,0.000000,17.000000
500.290985,500.141693,157.000336,500.290985,0.000000,0.013508,0.000000,0.000000
500.290985,500.141693,157.000488,500.290985,0.000000,-0.008626,0.000000,0.000000
500.290985,500.141693,157.001205,500.290985,0.000000,0.501486,0.000000,-19.000000
500.290985,500.141693,157.002014,500.290985,0.000000,-0.192288,0.000000,8.000000
500.290985,500.141693,157.002823,500.290985,0.000000,-0.136488,0.000000,5.000000
500.290985,500.141693,157.003647,500.290985,0.000000,-0.010229,0.000000,1.000000
500.290985,500.141693,157.004471,500.290985,0.000000,-0.046530,0.000000,2.000000
500.290985,500.141693,157.005295,500.290985,0.000000,0.300894,0.000000,-11.000000
500.290985,500.141693,157.005875,500.290985,0.000000,0.065868,0.000000,-3.000000
500.290985,500.141693,157.007141,500.290985,0.000000,-0.316440,0.000000,12.000000
500.290985,500.141693,157.008560,500.290985,0.000000,0.274338,0.000000,-10.000000
500.290985,500.141693,157.010025,500.290985,0.000000,-0.573291,0.000000,22.000000
500.290985,500.141693,157.011383,500.290985,0.000000,-0.386109,0.000000,14.000000
500.290985,500.141693,157.012878,500.290985,0.000000,1.019640,0.000000,-38.000000
500.290985,500.141693,157.014938,500.290985,0.000000,0.556177,0.000000,-21.000000
500.290985,500.141693,157.016907,500.290985,0.000000,-0.305001,0.000000,11.000000
500.290985,500.139343,157.018982,500.290985,0.000000,-0.391397,0.000000,15.000000
500.290985,500.141479,157.020828,500.290985,0.000000,-0.005936,0.000000,0.000000
500.290985,500.141602,157.022568,500.290985,0.000000,0.048652,0.000000,-2.000000
500.290985,500.141602,157.024200,500.290985,0.000000,-0.115142,0.000000,5.000000
500.290985,500.141602,157.025620,500.290985,0.000000,0.519085,0.000000,-20.000000
500.290985,500.141602,157.026657,500.290985,0.000000,0.404818,0.000000,-15.000000
500.290985,500.141602,157.028015,500.290985,0.000000,-0.738134,0.000000,28.000000
500.290985,500.141602,157.029114,500.290985,0.000000,0.183908,0.000000,-7.000000
500.290985,500.141602,157.030197,500.290985,0.000000,0.564611,0.000000,-21.000000
470.290985,500.113464,157.031326,500.215363,-23.257439,-3.834803,-25.210144,-2312.000000
470.290985,499.859802,157.032455,500.013672,-42.676468,-41.765244,-50.420288,-1619.000000
470.290985,499.492889,157.033722,499.685944,-67.817345,-67.516212,-75.630447,-1595.000000
470.290985,499.259308,157.036301,499.232178,-96.429626,-55.069069,-100.840607,-3136.000000
470.290985,499.100555,157.043060,498.652344,-120.157196,-38.269592,-126.050758,-4655.000000
470.290985,498.756378,157.057419,497.946472,-144.051254,-69.027611,-151.260925,-4397.000000
470.290985,498.224823,157.081451,497.114502,-170.401398,-97.028847,-176.471085,-4336.000000
470.290985,497.860138,157.118408,496.156525,-200.918076,-74.355827,-201.681244,-6330.000000
470.290985,497.480774,157.173904,495.072510,-226.162125,-82.910576,-226.891403,-6956.000000
470.290985,496.743439,157.252014,493.862396,-248.323654,-134.823395,-252.101486,-5841.000000
470.290985,496.013763,157.358429,492.526245,-279.577789,-138.839828,-277.311584,-6862.000000
470.290985,495.372101,157.499786,491.064117,-307.556305,-133.183670,-302.521667,-8124.000000
470.290985,494.417084,157.679474,489.475830,-328.250366,-181.348007,-327.731781,-7093.000000
470.290985,493.270691,157.901352,487.761566,-355.977509,-216.566864,-352.941864,-6812.000000
470.290985,492.269165,158.181778,485.921204,-386.659027,-202.828720,-378.151947,-8478.000000
470.290985,491.070709,158.521698,484.015289,-379.427368,-237.189682,-373.109924,-3750.000000
470.290985,489.684967,158.916611,482.225342,-360.323792,-262.335480,-347.899841,-2091.000000
470.290985,488.813080,159.279816,480.561462,-346.106140,-192.594177,-322.689758,-4173.000000
470.290985,487.597321,159.597015,479.023682,-311.482666,-241.580490,-297.479645,-1037.000000
470.290985,485.923431,159.961578,477.611908,-285.751282,-309.403748,-272.269562,2470.000000
470.290985,484.782776,160.227188,476.326202,-270.616272,-241.584045,-247.059479,495.000000
470.290985,483.865967,160.971054,475.166534,-247.002533,-199.583344,-221.849350,-280.000000
470.290985,482.631775,161.755646,474.112732,-224.915771,-242.309494,-206.723267,2236.000000
470.290985,481.109070,162.576859,473.154755,-196.639435,-285.157410,-181.513092,4904.000000
470.290985,479.976318,163.428284,472.322784,-178.800201,-234.846985,-156.302933,3685.000000
470.290985,478.980133,164.307190,471.616913,-149.782471,-212.899292,-131.092773,3951.000000
470.290985,477.683716,165.205551,471.037048,-118.191330,-247.036255,-105.882622,6415.000000
470.290985,476.662018,166.111740,470.583313,-97.802330,-210.867630,-80.672455,5824.000000
470.290985,475.766846,167.021301,470.290985,-16.135723,-189.187668,0.000000,16384.000000
470.290985,474.907532,167.926437,470.290985,-13.580081,-168.807297,0.000000,5821.000000
470.290985,474.210144,168.817642,470.290985,-7.472730,-150.631454,0.000000,5369.000000
470.290985,473.409607,169.685349,470.290985,-1.586619,-164.488892,0.000000,6109.000000
470.290985,472.817230,170.522629,470.290985,-6.159124,-132.329254,0.000000,4731.000000
470.290985,472.374298,171.171402,470.290985,-1.832819,-97.365761,0.000000,3583.000000
470.290985,471.917725,171.947632,470.290985,-0.316181,-100.452660,0.000000,3755.000000
470.290985,471.493591,172.679871,470.290985,-1.738361,-86.259865,0.000000,3169.000000
470.290985,471.249603,173.368332,470.290985,-1.683367,-55.983601,0.000000,2036.000000
470.290985,470.999908,173.883835,470.290985,0.311324,-50.878227,0.000000,1919.000000
470.290985,470.782990,174.369431,470.290985,-0.614153,-44.962883,0.000000,1663.000000
470.290985,470.670410,174.931732,470.290985,-1.266712,-26.480711,0.000000,946.000000
470.290985,470.496613,175.443970,470.290985,1.935995,-31.969055,0.000000,1272.000000
470.290985,470.370758,175.818893,470.290985,0.692862,-26.151875,0.000000,1007.000000
470.290985,470.348572,176.080460,470.290985,-0.302405,-8.702806,0.000000,315.000000
470.290985,470.284271,176.481064,470.290985,1.208163,-13.271546,0.000000,543.000000
470.290985,470.226349,176.840057,470.290985,0.812692,-12.283887,0.000000,491.000000
470.290985,470.215790,177.160797,470.290985,0.338917,-2.369083,0.000000,102.000000
470.290985,470.227325,177.446396,470.290985,0.000000,0.132004,0.000000,-5.000000
470.290985,470.215790,177.700607,470.290985,0.000000,-0.932532,0.000000,35.000000
470.290985,470.249390,177.925964,470.290985,0.000000,2.680229,0.000000,-101.000000
470.290985,470.258087,178.124390,470.290985,0.000000,4.214418,0.000000,-158.000000
470.290985,470.299225,178.299591,470.290985,0.000000,3.987733,0.000000,-150.000000
470.290985,470.302460,178.454102,470.290985,0.000000,0.461920,0.000000,-18.000000
470.290985,470.294098,178.590088,470.290985,0.000000,0.924226,0.000000,-35.000000
470.290985,470.354156,178.709534,470.290985,0.000000,11.417571,0.000000,-429.000000
470.290985,470.415955,178.814087,470.290985,0.000000,9.623831,0.000000,-361.000000
470.290985,470.416290,178.888489,470.290985,0.000000,2.628336,0.000000,-99.000000
470.290985,470.430878,178.970840,470.290985,0.000000,3.655003,0.000000,-138.000000
470.290985,470.474792,179.042953,470.290985,0.000000,9.327337,0.000000,-350.000000
470.290985,470.518799,179.106537,470.290985,-1.369108,6.212846,0.000000,-285.000000
470.290985,470.522217,179.140900,470.290985,-1.219125,0.652685,0.000000,-280.000000
470.290985,470.522461,179.173203,470.290985,-1.204008,-0.127039,0.000000,-280.000000
470.290985,470.494293,179.223572,470.290985,-0.266875,-3.027428,0.000000,103.000000
470.290985,470.479706,179.252121,470.290985,-0.920590,-2.381858,0.000000,54.000000
470.290985,470.478638,179.279709,470.290985,-0.972394,-0.610493,0.000000,-14.000000
470.290985,470.444092,179.306656,470.290985,-0.321640,-5.510870,0.000000,194.000000
470.290985,470.407196,179.349762,470.290985,0.222507,-6.374536,0.000000,246.000000
470.290985,470.391907,179.382813,470.290985,-0.460246,-3.244049,0.000000,103.000000
470.290985,470.390747,179.423157,470.290985,0.000000,0.470584,0.000000,-18.000000
470.290985,470.428894,179.461899,470.290985,0.000000,1.749079,0.000000,-65.000000
470.290985,470.399719,179.499313,470.290985,0.000000,-1.510238,0.000000,57.000000
470.290985,470.391357,179.535660,470.290985,0.000000,-3.637410,0.000000,136.000000
470.290985,470.380157,179.564255,470.290985,0.000000,-2.680503,0.000000,100.000000
470.290985,470.389832,179.592712,470.290985,0.000000,-0.527041,0.000000,20.000000
470.290985,470.350067,179.627319,470.290985,0.000000,-1.782154,0.000000,67.000000
470.290985,470.346985,179.654236,470.290985,0.000000,-4.508577,0.000000,169.000000
470.290985,470.346771,179.686493,470.290985,0.000000,-1.244961,0.000000,47.000000
470.290985,470.346771,179.716705,470.290985,0.000000,-0.637941,0.000000,24.000000
470.290985,470.336182,179.744705,470.290985,0.000000,-0.990330,0.000000,37.000000
470.290985,470.305298,179.770248,470.290985,0.000000,-0.484432,0.000000,18.000000
470.290985,470.343506,179.793182,470.290985,0.000000,0.148955,0.000000,-6.000000
470.290985,470.346436,179.813522,470.290985,0.000000,-0.180571,0.000000,7.000000
470.290985,470.346680,179.831299,470.290985,0.000000,0.740711,0.000000,-27.000000
470.290985,470.346680,179.843719,470.290985,0.000000,-0.036329,0.000000,1.000000
470.290985,470.346680,179.856857,470.290985,0.000000,0.071671,0.000000,-3.000000
470.290985,470.346680,179.867889,470.290985,0.000000,0.909970,0.000000,-34.000000
470.290985,470.346680,179.876923,470.290985,0.000000,1.838887,0.000000,-69.000000
470.290985,470.346680,179.879898,470.290985,0.000000,-0.800535,0.000000,30.000000
470.290985,470.346680,179.886154,470.290985,0.000000,0.380848,0.000000,-14.000000
470.290985,470.346680,179.891159,470.290985,0.000000,0.878754,0.000000,-33.000000
470.290985,470.346680,179.895050,470.290985,0.000000,0.358175,0.000000,-13.000000
470.290985,470.346680,179.897919,470.290985,0.000000,0.282444,0.000000,-11.000000
470.290985,470.346680,179.900055,470.290985,0.000000,0.095460,0.000000,-3.000000
470.290985,470.346680,179.901810,470.290985,0.000000,0.186060,0.000000,-7.000000
470.290985,470.346680,179.903152,470.290985,0.000000,0.204702,0.000000,-7.000000
470.290985,470.346680,179.904022,470.290985,0.000000,-0.596716,0.000000,22.000000
470.290985,470.346680,179.904510,470.290985,0.000000,-0.037261,0.000000,2.000000
470.290985,470.346680,179.904694,470.290985,0.000000,0.308335,0.000000,-12.000000
470.290985,470.346680,179.904755,470.290985,0.000000,0.296578,0.000000,-11.000000
470.290985,470.346680,179.904739,470.290985,0.000000,0.099324,0.000000,-4.000000
470.290985,470.346680,179.904587,470.290985,0.000000,-0.557256,0.000000,21.000000
470.290985,470.346680,179.904449,470.290985,0.000000,0.366396,0.000000,-14.000000
470.290985,470.346680,179.904465,470.290985,0.000000,-0.005723,0.000000,0.000000
470.290985,470.346680,179.904541,470.290985,0.000000,-0.397424,0.000000,15.000000
470.290985,470.346680,179.904648,470.290985,0.000000,0.933896,0.000000,-35.000000
470.290985,470.346680,179.904800,470.290985,0.000000,-0.093691,0.000000,4.000000
470.290985,470.346680,179.905334,470.290985,0.000000,-0.995740,0.000000,37.000000
470.290985,470.346680,179.906235,470.290985,0.000000,0.860875,0.000000,-32.000000
470.290985,470.346680,179.907181,470.290985,0.000000,0.655307,0.000000,-24.000000
470.290985,470.346680,179.908310,470.290985,0.000000,-0.541018,0.000000,20.000000
470.290985,470.346680,179.909821,470.290985,0.000000,-0.509090,0.000000,19.000000
470.290985,470.346680,179.911652,470.290985,0.000000,0.701956,0.000000,-26.000000
470.290985,470.346680,179.913666,470.290985,0.000000,0.242360,0.000000,-9.000000
470.290985,470.346680,179.915894,470.290985,0.000000,-0.552508,0.000000,20.000000
470.290985,470.346680,179.918320,470.290985,0.000000,0.852948,0.000000,-32.000000
470.290985,470.346680,179.920639,470.290985,0.000000,0.928904,0.000000,-35.000000
470.290985,470.346680,179.922928,470.290985,0.000000,-0.464255,0.000000,17.000000
470.290985,470.346680,179.925125,470.290985,0.000000,0.136930,0.000000,-5.000000
470.290985,470.346680,179.927246,470.290985,0.000000,0.415576,0.000000,-15.000000
470.290985,470.346680,179.929337,470.290985,0.000000,0.174971,0.000000,-7.000000
470.290985,470.346680,179.931473,470.290985,0.000000,-0.934721,0.000000,35.000000
470.290985,470.346680,179.933517,470.290985,0.000000,0.190433,0.000000,-7.000000
470.290985,470.346680,179.935562,470.290985,0.000000,1.479653,0.000000,-56.000000
470.290985,470.346680,179.937515,470.290985,0.000000,-0.260379,0.000000,10.000000
470.290985,470.346680,179.939484,470.290985,0.000000,-1.611889,0.000000,60.000000
470.290985,470.346680,179.941330,470.290985,0.000000,0.553341,0.000000,-21.000000
470.290985,470.364258,179.943283,470.290985,0.000000,1.469050,0.000000,-55.000000
470.290985,470.350372,179.945358,470.290985,0.000000,-1.653818,0.000000,62.000000
470.290985,470.346985,179.947464,470.290985,0.000000,-0.759974,0.000000,28.000000
470.290985,470.346771,179.949661,470.290985,0.000000,1.377218,0.000000,-51.000000
470.290985,470.361023,179.951004,470.290985,0.000000,0.943560,0.000000,-35.000000
470.290985,470.347809,179.953049,470.290985,0.000000,-1.421464,0.000000,53.000000
470.290985,470.346771,179.955795,470.290985,0.000000,-0.967583,0.000000,36.000000
470.290985,470.364319,179.958527,470.290985,0.000000,2.256639,0.000000,-85.000000
470.290985,470.371033,179.961380,470.290985,0.000000,0.488436,0.000000,-18.000000
470.290985,470.348633,179.964233,470.290985,0.000000,-2.497226,0.000000,94.000000
470.290985,470.346893,179.966797,470.290985,0.000000,0.208401,0.000000,-8.000000
470.290985,470.374847,179.969254,470.290985,0.000000,2.537281,0.000000,-95.000000
470.290985,470.354980,179.971741,470.290985,0.000000,-0.640973,0.000000,24.000000
470.290985,470.347382,179.974060,470.290985,0.000000,-1.813477,0.000000,68.000000
470.290985,470.346771,179.976303,470.290985,0.000000,0.675637,0.000000,-25.000000
470.290985,470.384979,179.978088,470.290985,0.000000,1.862214,0.000000,-70.000000
470.290985,470.362061,179.980316,470.290985,0.000000,-1.203418,0.000000,45.000000
470.290985,470.347931,179.981232,470.290985,0.000000,-1.814013,0.000000,68.000000
470.290985,470.364380,179.982529,470.290985,0.000000,1.515672,0.000000,-57.000000
470.290985,470.371033,179.984695,470.290985,0.000000,0.498902,0.000000,-18.000000
470.290985,470.350861,179.987122,470.290985,0.000000,-2.014914,0.000000,76.000000
470.290985,470.347046,179.989349,470.290985,0.000000,-0.950177,0.000000,36.000000
470.290985,470.381195,179.991104,470.290985,0.000000,2.065686,0.000000,-77.000000
470.290985,470.372345,179.993286,470.290985,0.000000,-0.139929,0.000000,5.000000
470.290985,470.348755,179.995026,470.290985,0.000000,-2.329780,0.000000,88.000000
470.290985,470.346893,179.996674,470.290985,0.000000,0.765320,0.000000,-28.000000
470.290985,470.384979,179.998230,470.290985,0.000000,1.554270,0.000000,-58.000000
470.290985,470.362061,179.999435,470.290985,0.000000,-1.067582,0.000000,40.000000
470.290985,470.347931,-179.998703,470.290985,0.000000,-1.378055,0.000000,52.000000
470.290985,470.364380,-179.996826,470.290985,0.000000,1.993284,0.000000,-74.000000
470.290985,470.386322,-179.995041,470.290985,0.000000,1.267100,0.000000,-47.000000
470.290985,470.349792,-179.993347,470.290985,0.000000,-2.207390,0.000000,83.000000
470.290985,470.346954,-179.991531,470.290985,0.000000,-1.661797,0.000000,62.000000
470.290985,470.374847,-179.989639,470.290985,0.000000,2.770324,0.000000,-104.000000
470.290985,470.389465,-179.988159,470.290985,0.000000,1.553661,0.000000,-58.000000
470.290985,470.350067,-179.986404,470.290985,0.000000,-2.589421,0.000000,97.000000
470.290985,470.346985,-179.984756,470.290985,0.000000,-0.432099,0.000000,16.000000
470.290985,470.374847,-179.983170,470.290985,0.000000,2.733351,0.000000,-102.000000
470.290985,470.371857,-179.981705,470.290985,0.000000,0.192577,0.000000,-7.000000
470.290985,470.348694,-179.980255,470.290985,0.000000,-3.454581,0.000000,130.000000
470.290985,470.346893,-179.978668,470.290985,0.000000,0.298693,0.000000,-11.000000
470.290985,470.384979,-179.977356,470.290985,0.000000,3.042465,0.000000,-114.000000
470.290985,470.362061,-179.975754,470.290985,0.000000,-1.468570,0.000000,55.000000
470.290985,470.347931,-179.974197,470.290985,0.000000,-3.031060,0.000000,114.000000
470.290985,470.364380,-179.972595,470.290985,0.000000,2.358648,0.000000,-88.000000
470.290985,470.388641,-179.970810,470.290985,0.000000,1.985981,0.000000,-74.000000
470.290985,470.356079,-179.969009,470.290985,0.000000,-1.879273,0.000000,71.000000
470.290985,470.347443,-179.967224,470.290985,0.000000,-2.264200,0.000000,85.000000
470.290985,470.364380,-179.965759,470.290985,0.000000,2.128627,0.000000,-80.000000
440.290985,470.388641,-179.964966,470.285950,-5.071730,2.199762,-5.042029,-1856.000000
440.290985,470.306549,-179.963028,470.185089,-27.743927,-10.701868,-30.252174,-2224.000000
440.290985,469.985199,-179.960922,469.958221,-48.122269,-55.540241,-55.462318,-1306.000000
440.290985,469.572510,-179.958649,469.605286,-73.250381,-75.393028,-80.672478,-1503.000000
440.290985,469.379578,-179.954605,469.126312,-102.373466,-44.252735,-105.882637,-3764.000000
440.290985,469.203339,-179.945953,468.521271,-127.005951,-41.482517,-131.092789,-4791.000000
440.290985,468.742554,-179.929443,467.790161,-149.666870,-83.033058,-156.302948,-4083.000000
440.290985,468.270569,-179.913467,466.932983,-177.875778,-86.953735,-181.513107,-4994.000000
440.290985,467.947906,-179.872208,465.949829,-206.643875,-72.922188,-206.723267,-6599.000000
440.290985,467.373230,-179.822739,464.840546,-229.778473,-108.350082,-231.933426,-6138.000000
440.290985,466.694580,-179.738525,463.605255,-260.424896,-135.787399,-257.143524,-6258.000000
440.290985,466.128601,-179.625015,462.243927,-286.678253,-127.464363,-282.353607,-7555.000000
440.290985,465.391327,-179.476578,460.756531,-310.278961,-147.321579,-307.563690,-7695.000000
440.290985,464.332397,-179.289642,459.143066,-333.567688,-199.444473,-332.773773,-6613.000000
440.290985,463.235901,-179.059067,457.403595,-363.580933,-212.465637,-357.983887,-7251.000000
440.290985,462.256714,-178.763397,455.538025,-393.393127,-201.894791,-383.193970,-8765.000000
440.290985,460.959869,-178.397858,453.647278,-374.069489,-251.251984,-368.067902,-3022.000000
440.290985,459.635742,-177.978073,451.882568,-358.665375,-254.982162,-342.857819,-2304.000000
440.290985,458.778229,-177.498306,450.243896,-341.481812,-188.376968,-317.647736,-4158.000000
440.290985,457.506134,-176.957809,448.731262,-307.053467,-250.936752,-292.437653,-520.000000
440.290985,455.836334,-176.360947,447.344727,-280.997253,-309.154175,-267.227539,2639.000000
440.290985,454.715698,-175.825974,446.084229,-267.040070,-238.490570,-242.017456,514.000000
440.290985,453.844971,-175.527222,444.949768,-243.428711,-189.939911,-216.807327,-422.000000
440.290985,452.637360,-174.750153,443.911072,-220.073669,-237.486938,-201.681229,2237.000000
440.290985,451.074371,-173.934616,442.978302,-191.266327,-291.737488,-176.471069,5352.000000
440.290985,449.974701,-173.088058,442.171600,-174.010956,-230.664780,-151.260910,3709.000000
440.290985,448.980865,-172.212845,441.490906,-144.763901,-211.898056,-126.050743,4101.000000
440.290985,447.672546,-171.318893,440.936279,-113.569870,-250.963501,-100.840584,6737.000000
440.290985,446.658142,-170.416931,440.507721,-92.721092,-207.402359,-75.630424,5885.000000
440.290985,445.793488,-169.870270,440.290985,-14.903188,-184.956482,0.000000,6377.000000
440.290985,444.981201,-168.936966,440.290985,-13.946363,-162.434921,0.000000,5568.000000
440.290985,444.229950,-168.022812,440.290985,-8.052698,-154.629074,0.000000,5496.000000
440.290985,443.415253,-167.136627,440.290985,-5.000747,-159.677292,0.000000,5800.000000
440.290985,442.847717,-166.282883,440.290985,-6.257938,-122.085388,0.000000,4343.000000
440.290985,442.398315,-165.466995,440.290985,-4.422404,-96.438950,0.000000,3450.000000
440.290985,441.940521,-164.696304,440.290985,-0.762215,-94.643135,0.000000,3521.000000
440.290985,441.532501,-163.972046,440.290985,-1.462960,-81.365891,0.000000,2996.000000
440.290985,441.279663,-163.290527,440.290985,-1.806600,-57.511101,0.000000,2088.000000
440.290985,441.057373,-162.654434,440.290985,-0.778148,-46.237171,0.000000,1705.000000
440.290985,440.855011,-162.067490,440.290985,-1.054022,-42.563839,0.000000,1556.000000
440.290985,440.725952,-161.528778,440.290985,-0.246039,-33.297821,0.000000,1240.000000
440.290985,440.596619,-161.036926,440.290985,0.551286,-28.785761,0.000000,1100.000000
440.290985,440.488892,-160.676056,440.290985,0.119572,-24.198650,0.000000,913.000000
440.290985,440.425293,-160.506165,440.290985,-0.531281,-14.838769,0.000000,537.000000
440.290985,440.362244,-160.111298,440.290985,1.038284,-12.247701,0.000000,500.000000
440.290985,440.306274,-159.756470,440.290985,0.728983,-9.787530,0.000000,396.000000
440.290985,440.317627,-159.438293,440.290985,-0.961173,-1.729219,0.000000,30.000000
440.290985,440.330933,-159.153580,440.290985,0.000000,0.277414,0.000000,-11.000000
440.290985,440.331970,-158.899628,440.290985,0.000000,2.411972,0.000000,-91.000000
440.290985,440.366516,-158.673798,440.290985,0.000000,4.913981,0.000000,-184.000000
440.290985,440.375244,-158.473297,440.290985,0.000000,1.735289,0.000000,-66.000000
440.290985,440.341492,-158.329178,440.290985,0.000000,-3.773071,0.000000,141.000000
440.290985,440.332764,-158.168396,440.290985,0.000000,-1.628101,0.000000,61.000000
440.290985,440.366547,-158.027008,440.290985,0.000000,5.197060,0.000000,-194.000000
440.290985,440.409729,-157.927109,440.290985,0.000000,5.517314,0.000000,-207.000000
440.290985,440.419159,-157.837662,440.290985,0.000000,4.665852,0.000000,-175.000000
440.290985,440.454315,-157.738235,440.290985,0.000000,5.333006,0.000000,-200.000000
440.290985,440.463104,-157.650818,440.290985,0.000000,5.501235,0.000000,-206.000000
440.290985,440.504364,-157.588852,440.290985,-1.283820,5.468199,0.000000,-280.000000
440.290985,440.507568,-157.520950,440.290985,-1.140745,3.596587,0.000000,-178.000000
440.290985,440.507813,-157.472992,440.290985,-1.127811,1.824503,0.000000,-111.000000
440.290985,440.507813,-157.429321,440.290985,-1.127941,-0.177845,0.000000,-36.000000
440.290985,440.507813,-157.379272,440.290985,-1.128071,0.031252,0.000000,-44.000000
440.290985,440.507813,-157.333496,440.290985,-1.128201,-0.199669,0.000000,-35.000000
440.290985,440.507813,-157.291672,440.290985,-1.128331,-1.123904,0.000000,0.000000
440.290985,440.507813,-157.267914,440.290985,-1.128461,-1.454166,0.000000,11.000000
440.290985,440.507813,-157.237030,440.290985,-1.128591,-1.973057,0.000000,31.000000
440.290985,440.497284,-157.200287,440.290985,-1.602678,-1.557982,0.000000,-280.000000
440.290985,440.466461,-157.165283,440.290985,-0.784788,-2.240176,0.000000,54.000000
440.290985,440.464081,-157.131958,440.290985,-0.891235,-2.201831,0.000000,48.000000
440.290985,440.463898,-157.099960,440.290985,-0.900732,-3.306920,0.000000,90.000000
440.290985,440.429413,-157.069229,440.290985,-0.246155,-2.871572,0.000000,98.000000
440.290985,440.420685,-157.039322,440.290985,0.000000,-1.722161,0.000000,65.000000
440.290985,440.420013,-157.010376,440.290985,0.000000,-0.965736,0.000000,36.000000
440.290985,440.419983,-156.982651,440.290985,0.000000,-0.058891,0.000000,2.000000
440.290985,440.419983,-156.956009,440.290985,0.000000,0.042845,0.000000,-2.000000
440.290985,440.419983,-156.930466,440.290985,0.000000,-0.871075,0.000000,33.000000
440.290985,440.419983,-156.910919,440.290985,0.000000,-1.362276,0.000000,51.000000
440.290985,440.419983,-156.892044,440.290985,0.000000,-1.718846,0.000000,64.000000
440.290985,440.419983,-156.869537,440.290985,0.000000,-0.488243,0.000000,18.000000
440.290985,440.419983,-156.848343,440.290985,0.000000,-0.113767,0.000000,4.000000
440.290985,440.419983,-156.828094,440.290985,0.000000,0.141029,0.000000,-6.000000
440.290985,440.419983,-156.808746,440.290985,0.000000,-1.109546,0.000000,41.000000
440.290985,440.402374,-156.790146,440.290985,0.000000,-1.273722,0.000000,48.000000
440.290985,440.378021,-156.772247,440.290985,0.000000,-1.557170,0.000000,58.000000
440.290985,440.376160,-156.755081,440.290985,0.000000,-0.817777,0.000000,31.000000
440.290985,440.376007,-156.748245,440.290985,0.000000,-0.047155,0.000000,2.000000
440.290985,440.376007,-156.738083,440.290985,0.000000,-0.804422,0.000000,31.000000
440.290985,440.376007,-156.724579,440.290985,0.000000,-0.859429,0.000000,33.000000
440.290985,440.376007,-156.708527,440.290985,0.000000,-0.424372,0.000000,16.000000
440.290985,440.376007,-156.696289,440.290985,0.000000,-0.060647,0.000000,3.000000
440.290985,440.376007,-156.684586,440.290985,0.000000,-0.129516,0.000000,5.000000
440.290985,440.376007,-156.671005,440.290985,0.000000,0.223938,0.000000,-9.000000
440.290985,440.376007,-156.658676,440.290985,0.000000,0.140101,0.000000,-5.000000
440.290985,440.376007,-156.647690,440.290985,0.000000,0.166683,0.000000,-6.000000
440.290985,440.376007,-156.639923,440.290985,0.000000,-0.291743,0.000000,11.000000
440.290985,440.376007,-156.631424,440.290985,0.000000,-0.208388,0.000000,8.000000
440.290985,440.376007,-156.624115,440.290985,0.000000,0.384116,0.000000,-14.000000
440.290985,440.376007,-156.617905,440.290985,0.000000,0.338797,0.000000,-13.000000
440.290985,440.376007,-156.612808,440.290985,0.000000,-0.287729,0.000000,11.000000
440.290985,440.376007,-156.608643,440.290985,0.000000,0.236442,0.000000,-9.000000
440.290985,440.376007,-156.605331,440.290985,0.000000,0.254930,0.000000,-9.000000
440.290985,440.376007,-156.602539,440.290985,0.000000,0.138019,0.000000,-5.000000
440.290985,440.376007,-156.600174,440.290985,0.000000,0.004588,0.000000,0.000000
440.290985,440.376007,-156.598129,440.290985,0.000000,0.345650,0.000000,-13.000000
440.290985,440.376007,-156.596329,440.290985,0.000000,0.190347,0.000000,-7.000000
440.290985,440.376007,-156.594894,440.290985,0.000000,0.185873,0.000000,-7.000000
440.290985,440.376007,-156.593124,440.290985,0.000000,-0.604363,0.000000,23.000000
440.290985,440.376007,-156.591431,440.290985,0.000000,0.058528,0.000000,-2.000000
440.290985,440.376007,-156.590118,440.290985,0.000000,0.246932,0.000000,-9.000000
440.290985,440.376007,-156.589478,440.290985,0.000000,-0.154098,0.000000,6.000000
440.290985,440.376007,-156.587967,440.290985,0.000000,-0.194536,0.000000,7.000000
440.290985,440.376007,-156.586365,440.290985,0.000000,0.091126,0.000000,-4.000000
440.290985,440.376007,-156.584839,440.290985,0.000000,0.222625,0.000000,-8.000000
440.290985,440.376007,-156.583298,440.290985,0.000000,-0.230561,0.000000,9.000000
440.290985,440.376007,-156.581863,440.290985,0.000000,0.640017,0.000000,-24.000000
440.290985,440.376007,-156.580475,440.290985,0.000000,-0.127064,0.000000,5.000000
440.290985,440.376007,-156.579407,440.290985,0.000000,0.292366,0.000000,-11.000000
440.290985,440.376007,-156.578018,440.290985,0.000000,0.120232,0.000000,-5.000000
440.290985,440.376007,-156.576660,440.290985,0.000000,-0.145326,0.000000,5.000000
440.290985,440.376007,-156.575302,440.290985,0.000000,-0.508696,0.000000,19.000000
440.290985,440.376007,-156.573914,440.290985,0.000000,0.070114,0.000000,-3.000000
440.290985,440.376007,-156.572037,440.290985,0.000000,-0.078644,0.000000,3.000000
440.290985,440.376007,-156.569748,440.290985,0.000000,-0.180259,0.000000,7.000000
440.290985,440.376007,-156.567368,440.290985,0.000000,0.156863,0.000000,-6.000000
440.290985,440.376007,-156.564896,440.290985,0.000000,-0.635226,0.000000,24.000000
440.290985,440.376007,-156.562469,440.290985,0.000000,0.216832,0.000000,-8.000000
440.290985,440.376007,-156.560196,440.290985,0.000000,0.272720,0.000000,-11.000000
440.290985,440.376007,-156.557999,440.290985,0.000000,-0.008361,0.000000,1.000000
440.290985,440.376007,-156.556183,440.290985,0.000000,0.036137,0.000000,-1.000000
440.290985,440.376007,-156.554489,440.290985,0.000000,-0.555372,0.000000,21.000000
440.290985,440.376007,-156.553619,440.290985,0.000000,-0.143947,0.000000,5.000000
440.290985,440.376007,-156.552811,440.290985,0.000000,0.199123,0.000000,-7.000000
440.290985,440.376007,-156.551071,440.290985,0.000000,0.095202,0.000000,-3.000000
440.290985,440.376007,-156.549774,440.290985,0.000000,-0.141551,0.000000,5.000000
440.290985,440.376007,-156.548309,440.290985,0.000000,-0.305535,0.000000,11.000000
440.290985,440.376007,-156.546936,440.290985,0.000000,0.259902,0.000000,-10.000000
440.290985,440.376007,-156.545853,440.290985,0.000000,-0.105934,0.000000,4.000000
440.290985,440.376007,-156.544693,440.290985,0.000000,0.425951,0.000000,-16.000000
440.290985,440.376007,-156.543686,440.290985,0.000000,-0.081502,0.000000,4.000000
440.290985,440.376007,-156.542389,440.290985,0.000000,-0.198798,0.000000,7.000000
440.290985,440.376007,-156.541183,440.290985,0.000000,0.264900,0.000000,-10.000000
440.290985,440.376007,-156.540222,440.290985,0.000000,-0.032393,0.000000,1.000000
440.290985,440.376007,-156.538971,440.290985,0.000000,-0.062845,0.000000,2.000000
440.290985,440.376007,-156.537659,440.290985,0.000000,0.191875,0.000000,-7.000000
440.290985,440.376007,-156.536469,440.290985,0.000000,-0.314629,0.000000,12.000000
440.290985,440.376007,-156.535431,440.290985,0.000000,0.691925,0.000000,-26.000000
440.290985,440.376007,-156.534042,440.290985,0.000000,-0.121262,0.000000,5.000000
440.290985,440.376007,-156.532715,440.290985,0.000000,0.170052,0.000000,-6.000000
440.290985,440.376007,-156.531586,440.290985,0.000000,0.082535,0.000000,-3.000000
440.290985,440.376007,-156.530457,440.290985,0.000000,0.126380,0.000000,-4.000000
440.290985,440.376007,-156.529327,440.290985,0.000000,-0.081757,0.000000,3.000000
440.290985,440.376007,-156.528229,440.290985,0.000000,0.077163,0.000000,-3.000000
440.290985,440.376007,-156.527008,440.290985,0.000000,-0.071837,0.000000,2.000000
440.290985,440.376007,-156.525726,440.290985,0.000000,0.151547,0.000000,-5.000000
440.290985,440.376007,-156.525131,440.290985,0.000000,-0.288849,0.000000,11.000000
440.290985,440.376007,-156.523285,440.290985,0.000000,-0.101104,0.000000,4.000000
440.290985,440.376007,-156.521454,440.290985,0.000000,0.134641,0.000000,-5.000000
440.290985,440.376007,-156.519592,440.290985,0.000000,-0.093172,0.000000,3.000000
440.290985,440.376007,-156.517700,440.290985,0.000000,-0.030592,0.000000,1.000000
440.290985,440.376007,-156.515823,440.290985,0.000000,0.166389,0.000000,-6.000000
440.290985,440.376007,-156.513962,440.290985,0.000000,-0.341071,0.000000,13.000000
440.290985,440.376007,-156.512222,440.290985,0.000000,-0.244749,0.000000,9.000000
440.290985,440.376007,-156.510437,440.290985,0.000000,-0.104203,0.000000,4.000000
440.290985,440.376007,-156.508698,440.290985,0.000000,-0.230400,0.000000,9.000000
440.290985,440.376007,-156.507004,440.290985,0.000000,-0.144521,0.000000,5.000000
440.290985,440.376007,-156.505463,440.290985,0.000000,-0.157926,0.000000,6.000000
440.290985,440.376007,-156.503952,440.290985,0.000000,-0.057823,0.000000,2.000000
440.290985,440.376007,-156.502426,440.290985,0.000000,-0.020471,0.000000,1.000000
440.290985,440.376007,-156.501007,440.290985,0.000000,-0.296619,0.000000,12.000000
440.290985,440.376007,-156.499573,440.290985,0.000000,0.217127,0.000000,-8.000000
440.290985,440.376007,-156.498093,440.290985,0.000000,-0.324915,0.000000,13.000000
440.290985,440.376007,-156.496765,440.290985,0.000000,-0.042315,0.000000,2.000000
440.290985,440.376007,-156.495087,440.290985,0.000000,-0.118298,0.000000,4.000000
440.290985,440.376007,-156.493362,440.290985,0.000000,-0.097289,0.000000,4.000000
410.290985,440.376007,-156.492325,440.260712,-15.348219,-0.676877,-15.126087,-2135.000000
410.290985,440.278259,-156.490494,440.109467,-36.303444,-20.594910,-40.336231,-2173.000000
410.290985,439.836365,-156.488968,439.832153,-55.753757,-75.355690,-65.546379,-849.000000
410.290985,439.372864,-156.487610,439.428802,-83.420830,-82.916939,-90.756546,-1602.000000
410.290985,439.284790,-156.483124,438.899384,-114.701797,-29.598827,-115.966698,-4775.000000
410.290985,439.057983,-156.472885,438.243927,-135.270096,-48.092453,-141.176849,-4853.000000
410.290985,438.499786,-156.454712,437.462433,-158.160065,-98.397667,-166.387024,-3825.000000
410.290985,438.087585,-156.426712,436.554840,-190.548340,-79.706131,-191.597183,-5740.000000
410.290985,437.787323,-156.383667,435.521240,-216.378067,-70.003120,-216.807343,-7073.000000
410.290985,437.105011,-156.320923,434.361572,-238.006058,-126.105515,-242.017456,-5781.000000
410.290985,436.341400,-156.233749,433.075867,-268.325500,-141.977890,-267.227539,-6322.000000
410.290985,435.767456,-156.115005,431.664093,-297.398102,-122.306587,-292.437653,-8150.000000
410.290985,434.866608,-155.959671,430.126251,-317.601196,-171.923401,-317.647736,-7047.000000
410.290985,433.724426,-155.764801,428.462402,-344.874847,-211.072098,-342.857819,-6601.000000
410.290985,432.761475,-155.523376,426.672455,-375.764923,-198.213959,-368.067902,-8242.000000
410.290985,431.622620,-155.228958,424.766571,-389.926392,-227.259277,-383.193970,-4516.000000
410.290985,430.399933,-154.878998,422.926208,-368.170929,-273.164368,-357.983887,-1979.000000
410.290985,429.324219,-154.469818,421.211945,-352.362183,-204.953049,-332.773773,-3944.000000
410.290985,428.416840,-153.988434,419.623688,-332.753693,-202.002991,-307.563690,-3319.000000
410.290985,426.913849,-153.417130,418.161499,-295.227417,-296.649445,-282.353607,1637.000000
410.290985,425.469849,-152.788284,416.825348,-278.568298,-282.251190,-257.143524,1722.000000
410.290985,424.569916,-152.233765,415.615295,-261.052399,-199.965027,-231.933426,-707.000000
410.290985,423.620667,-151.492676,414.531219,-231.908203,-198.633698,-206.723267,337.000000
410.290985,422.169281,-150.710434,413.522827,-208.331024,-273.878540,-191.597168,4043.000000
410.290985,420.708557,-149.894760,412.640472,-185.665848,-280.262329,-166.387009,5132.000000
410.290985,419.830902,-149.390320,411.884186,-166.989487,-194.946152,-141.176849,2632.000000
410.290985,418.821167,-148.837753,411.253906,-133.801468,-211.437393,-115.966682,4496.000000
410.290985,417.461548,-147.910751,410.749725,-104.641891,-254.074387,-90.756523,7188.000000
410.290985,416.558685,-146.981262,410.371582,-85.127251,-189.758392,-65.546364,5508.000000
410.290985,415.742279,-146.052139,410.290985,-14.270141,-174.078522,0.000000,5993.000000
410.290985,414.862854,-145.134781,410.290985,-11.923290,-173.865143,0.000000,6073.000000
410.290985,414.073242,-144.239319,410.290985,-7.750175,-160.883377,0.000000,5743.000000
410.290985,413.374908,-143.370468,410.290985,-6.079689,-146.665573,0.000000,5272.000000
410.290985,412.758392,-142.534470,410.290985,-5.137562,-124.224419,0.000000,4466.000000
410.290985,412.314362,-141.894394,410.290985,-5.254022,-96.142143,0.000000,3409.000000
410.290985,411.841705,-141.275757,410.290985,-0.063713,-97.363197,0.000000,3649.000000
410.290985,411.420135,-140.540863,410.290985,-1.372161,-83.166817,0.000000,3068.000000
410.290985,411.210846,-139.854675,410.290985,-1.962553,-51.960072,0.000000,1875.000000
410.290985,410.997986,-139.217880,410.290985,-0.511936,-47.141270,0.000000,1749.000000
410.290985,410.738251,-138.630920,410.290985,1.037136,-47.916752,0.000000,1836.000000
410.290985,410.607971,-138.408127,410.290985,-0.404427,-31.050106,0.000000,1150.000000
410.290985,410.480072,-137.886032,410.290985,0.455251,-28.276512,0.000000,1078.000000
410.290985,410.376648,-137.411926,410.290985,0.218363,-22.500555,0.000000,853.000000
410.290985,410.324280,-137.065109,410.290985,0.068571,-11.282175,0.000000,427.000000
410.290985,410.283478,-136.746567,410.290985,0.436400,-8.239773,0.000000,327.000000
410.290985,410.274231,-136.385452,410.290985,0.023532,-5.248302,0.000000,199.000000
410.290985,410.273499,-136.061340,410.290985,0.000000,-0.631941,0.000000,24.000000
410.290985,410.273499,-135.883835,410.290985,0.000000,1.994393,0.000000,-74.000000
410.290985,410.313965,-135.665665,410.290985,0.000000,3.563122,0.000000,-134.000000
410.290985,410.317108,-135.515961,410.290985,0.000000,3.325683,0.000000,-125.000000
410.290985,410.317352,-135.332611,410.290985,0.000000,-2.672006,0.000000,101.000000
410.290985,410.276886,-135.166733,410.290985,0.000000,-2.372998,0.000000,89.000000
410.290985,410.311951,-134.981445,410.290985,0.000000,3.241101,0.000000,-122.000000
410.290985,410.355225,-134.818314,410.290985,0.000000,8.709245,0.000000,-327.000000
410.290985,410.399109,-134.675339,410.290985,0.000000,7.116527,0.000000,-267.000000
410.290985,410.404816,-134.550613,410.290985,0.000000,2.890290,0.000000,-109.000000
410.290985,410.405243,-134.483398,410.290985,0.000000,2.894163,0.000000,-109.000000
410.290985,410.445831,-134.383423,410.290985,0.000000,4.065319,0.000000,-153.000000
410.290985,410.477081,-134.295380,410.290985,0.000000,5.535063,0.000000,-208.000000
410.290985,410.491913,-134.217148,410.290985,-1.106287,5.633492,0.000000,-253.000000
410.290985,410.493073,-134.147369,410.290985,-1.055002,0.740729,0.000000,-68.000000
410.290985,410.493134,-134.084381,410.290985,-1.051451,-1.029659,0.000000,-1.000000
410.290985,410.493134,-134.027069,410.290985,-1.051572,0.990718,0.000000,-77.000000
410.290985,410.493134,-133.984863,410.290985,-1.051694,-1.740626,0.000000,25.000000
410.290985,410.493134,-133.935623,410.290985,-1.051815,-1.830558,0.000000,29.000000
410.290985,410.465454,-133.889923,410.290985,-0.096584,-1.241621,0.000000,42.000000
410.290985,410.450500,-133.847229,410.290985,-0.766734,-1.602673,0.000000,31.000000
410.290985,410.449341,-133.807007,410.290985,-0.820285,-2.563216,0.000000,65.000000
410.290985,410.449280,-133.768677,410.290985,-0.824052,-2.116973,0.000000,48.000000
410.290985,410.449280,-133.732010,410.290985,-0.824147,-1.261858,0.000000,16.000000
410.290985,410.449280,-133.696976,410.290985,-0.824242,-0.620400,0.000000,-8.000000
410.290985,410.408691,-133.689972,410.290985,0.000000,-1.777279,0.000000,67.000000
410.290985,410.405548,-133.655487,410.290985,0.000000,-2.651174,0.000000,100.000000
410.290985,410.405304,-133.622955,410.290985,0.000000,-2.428747,0.000000,92.000000
410.290985,410.405304,-133.592300,410.290985,0.000000,0.261765,0.000000,-9.000000
410.290985,410.405304,-133.563583,410.290985,0.000000,0.231862,0.000000,-9.000000
410.290985,410.405304,-133.536697,410.290985,0.000000,-0.885638,0.000000,33.000000
410.290985,410.364777,-133.511505,410.290985,0.000000,-1.568118,0.000000,59.000000
410.290985,410.361633,-133.487869,410.290985,0.000000,-0.600938,0.000000,23.000000
410.290985,410.373779,-133.469833,410.290985,0.000000,0.352093,0.000000,-13.000000
410.290985,410.362305,-133.452667,410.290985,0.000000,-0.803866,0.000000,30.000000
410.290985,410.361420,-133.436157,410.290985,0.000000,-1.641593,0.000000,61.000000
410.290985,410.361389,-133.416763,410.290985,0.000000,0.036587,0.000000,-1.000000
410.290985,410.361389,-133.398865,410.290985,0.000000,0.336003,0.000000,-12.000000
410.290985,410.361389,-133.385574,410.290985,0.000000,-0.677821,0.000000,25.000000
410.290985,410.361389,-133.370331,410.290985,0.000000,-1.120611,0.000000,43.000000
410.290985,410.361389,-133.356323,410.290985,0.000000,0.157776,0.000000,-6.000000
410.290985,410.361389,-133.343414,410.290985,0.000000,0.859565,0.000000,-33.000000
410.290985,410.361389,-133.331451,410.290985,0.000000,-1.548802,0.000000,58.000000
410.290985,410.361389,-133.320465,410.290985,0.000000,-1.888371,0.000000,71.000000
410.290985,410.361389,-133.310349,410.290985,0.000000,0.156252,0.000000,-5.000000
410.290985,410.361389,-133.301224,410.290985,0.000000,1.030288,0.000000,-38.000000
410.290985,410.361389,-133.292984,410.290985,0.000000,-0.646758,0.000000,24.000000
410.290985,410.361389,-133.290009,410.290985,0.000000,-1.378625,0.000000,52.000000
410.290985,410.361389,-133.283340,410.290985,0.000000,0.718053,0.000000,-27.000000
410.290985,410.361389,-133.277557,410.290985,0.000000,0.694159,0.000000,-26.000000
410.290985,410.361389,-133.272461,410.290985,0.000000,-1.093875,0.000000,41.000000
410.290985,410.361389,-133.267868,410.290985,0.000000,-0.551351,0.000000,21.000000
410.290985,410.361389,-133.263718,410.290985,0.000000,2.079534,0.000000,-78.000000
410.290985,410.361389,-133.260193,410.290985,0.000000,-0.584331,0.000000,22.000000
410.290985,410.361389,-133.257080,410.290985,0.000000,-1.928996,0.000000,72.000000
410.290985,410.361389,-133.254227,410.290985,0.000000,1.964997,0.000000,-74.000000
410.290985,410.361389,-133.251923,410.290985,0.000000,0.846648,0.000000,-31.000000
410.290985,410.361389,-133.249298,410.290985,0.000000,-1.790843,0.000000,68.000000
410.290985,410.361389,-133.246750,410.290985,0.000000,1.149141,0.000000,-43.000000
410.290985,410.361389,-133.244293,410.290985,0.000000,1.562381,0.000000,-58.000000
410.290985,410.361389,-133.241837,410.290985,0.000000,-1.658541,0.000000,63.000000
410.290985,410.361389,-133.239365,410.290985,0.000000,-0.233378,0.000000,8.000000
410.290985,410.361389,-133.236801,410.290985,0.000000,1.877392,0.000000,-71.000000
410.290985,410.361389,-133.234268,410.290985,0.000000,-0.820081,0.000000,31.000000
410.290985,410.361389,-133.231812,410.290985,0.000000,0.146317,0.000000,-6.000000
410.290985,410.361389,-133.229568,410.290985,0.000000,0.702808,0.000000,-26.000000
410.290985,410.361389,-133.227432,410.290985,0.000000,-0.070610,0.000000,3.000000
410.290985,410.361389,-133.225586,410.290985,0.000000,-0.739084,0.000000,28.000000
410.290985,410.361389,-133.224121,410.290985,0.000000,-0.385522,0.000000,15.000000
410.290985,410.361389,-133.223114,410.290985,0.000000,1.030975,0.000000,-38.000000
410.290985,410.361389,-133.222229,410.290985,0.000000,-0.414807,0.000000,16.000000
410.290985,410.361389,-133.221252,410.290985,0.000000,-0.439871,0.000000,17.000000
410.290985,410.361389,-133.220322,410.290985,0.000000,1.755159,0.000000,-66.000000
410.290985,410.361389,-133.219635,410.290985,0.000000,0.184712,0.000000,-7.000000
410.290985,410.361389,-133.218903,410.290985,0.000000,-0.745688,0.000000,28.000000
410.290985,410.361389,-133.218323,410.290985,0.000000,-0.266190,0.000000,10.000000
410.290985,410.361389,-133.217712,410.290985,0.000000,1.345919,0.000000,-50.000000
410.290985,410.361389,-133.217056,410.290985,0.000000,-0.440775,0.000000,17.000000
410.290985,410.361389,-133.216400,410.290985,0.000000,-0.982063,0.000000,37.000000
410.290985,410.361389,-133.215714,410.290985,0.000000,1.587583,0.000000,-59.000000
410.290985,410.361389,-133.215103,410.290985,0.000000,-0.587103,0.000000,22.000000
410.290985,410.361389,-133.214035,410.290985,0.000000,-0.576072,0.000000,22.000000
410.290985,410.361389,-133.212616,410.290985,0.000000,0.506398,0.000000,-19.000000
410.290985,410.361389,-133.210968,410.290985,0.000000,-0.201314,0.000000,8.000000
410.290985,410.361389,-133.209442,410.290985,0.000000,-0.833305,0.000000,31.000000
410.290985,410.361389,-133.207825,410.290985,0.000000,0.426876,0.000000,-15.000000
410.290985,410.361389,-133.205643,410.290985,0.000000,0.430634,0.000000,-16.000000
410.290985,410.361389,-133.203293,410.290985,0.000000,-0.927973,0.000000,35.000000
410.290985,410.361389,-133.200775,410.290985,0.000000,-0.012946,0.000000,1.000000
410.290985,410.361389,-133.198318,410.290985,0.000000,0.693918,0.000000,-26.000000
410.290985,410.361389,-133.195831,410.290985,0.000000,-0.961491,0.000000,36.000000
410.290985,410.361389,-133.194290,410.290985,0.000000,0.156403,0.000000,-5.000000
410.290985,410.361389,-133.192627,410.290985,0.000000,1.168386,0.000000,-43.000000
410.290985,410.361389,-133.190094,410.290985,0.000000,-1.011150,0.000000,38.000000
410.290985,410.361389,-133.187820,410.290985,0.000000,-0.852387,0.000000,32.000000
410.290985,410.361389,-133.185654,410.290985,0.000000,0.831280,0.000000,-31.000000
410.290985,410.361389,-133.183502,410.290985,0.000000,-0.730585,0.000000,28.000000
410.290985,410.361389,-133.181320,410.290985,0.000000,-0.065335,0.000000,3.000000
410.290985,410.361389,-133.179337,410.290985,0.000000,-0.003160,0.000000,0.000000
410.290985,410.361389,-133.177521,410.290985,0.000000,0.741834,0.000000,-27.000000
410.290985,410.361389,-133.175766,410.290985,0.000000,-0.750673,0.000000,28.000000
410.290985,410.361389,-133.174072,410.290985,0.000000,-0.170347,0.000000,6.000000
410.290985,410.361389,-133.172470,410.290985,0.000000,1.006543,0.000000,-37.000000
410.290985,410.361389,-133.170898,410.290985,0.000000,-0.736925,0.000000,28.000000
410.290985,410.361389,-133.169388,410.290985,0.000000,-0.302295,0.000000,11.000000
410.290985,410.361389,-133.167999,410.290985,0.000000,0.884385,0.000000,-33.000000
410.290985,410.361389,-133.166565,410.290985,0.000000,-0.377323,0.000000,14.000000
410.290985,410.361389,-133.165100,410.290985,0.000000,-0.708598,0.000000,27.000000
410.290985,410.361389,-133.163422,410.290985,0.000000,0.268535,0.000000,-10.000000
410.290985,410.361389,-133.161652,410.290985,0.000000,-0.327522,0.000000,13.000000
410.290985,410.361389,-133.159729,410.290985,0.000000,-0.053654,0.000000,2.000000
410.290985,410.361389,-133.157623,410.290985,0.000000,0.303988,0.000000,-12.000000
410.290985,410.361389,-133.155487,410.290985,0.000000,-0.083306,0.000000,4.000000
410.290985,410.361389,-133.154205,410.290985,0.000000,-0.789569,0.000000,30.000000
410.290985,410.361389,-133.152832,410.290985,0.000000,0.477086,0.000000,-17.000000
410.290985,410.361389,-133.150848,410.290985,0.000000,-0.268988,0.000000,10.000000
410.290985,410.361389,-133.148468,410.290985,0.000000,-0.410101,0.000000,16.000000
410.290985,410.361389,-133.146210,410.290985,0.000000,-0.395422,0.000000,15.000000
410.290985,410.361389,-133.144012,410.290985,0.000000,0.574743,0.000000,-22.000000
410.290985,410.361389,-133.141769,410.290985,0.000000,-0.323218,0.000000,13.000000
410.290985,410.361389,-133.139587,410.290985,0.000000,-0.070753,0.000000,3.000000
410.290985,410.361389,-133.137512,410.290985,0.000000,0.651254,0.000000,-24.000000
410.290985,410.361389,-133.135422,410.290985,0.000000,-0.401979,0.000000,16.000000
380.291016,410.361389,-133.133591,410.275848,-10.276446,-0.106176,-10.084058,-1965.000000
380.291016,410.281189,-133.132050,410.149811,-32.511600,-13.325224,-35.294205,-2304.000000
380.291016,409.938629,-133.130478,409.897705,-51.777569,-58.067436,-60.504349,-1348.000000
380.291016,409.582367,-133.128479,409.519562,-78.902138,-78.940521,-85.714508,-1582.000000
380.291016,409.374695,-133.124405,409.015350,-108.815308,-47.933594,-110.924667,-3868.000000
380.291016,409.248657,-133.116028,408.385101,-133.530563,-33.845589,-136.134827,-5322.000000
380.291016,408.816986,-133.095230,407.628815,-155.017181,-77.783173,-161.344986,-4480.000000
380.291016,408.253479,-133.062454,406.746460,-183.061584,-101.263725,-186.555145,-4652.000000
380.291016,407.896576,-133.015259,405.738037,-213.493988,-77.064201,-211.765305,-6701.000000
380.291016,407.421021,-132.948700,404.603577,-236.717773,-95.341560,-236.975433,-6886.000000
380.291016,406.619476,-132.892960,403.343079,-259.817841,-146.525375,-262.185516,-5833.000000
380.291016,405.923096,-132.791550,401.956543,-292.044373,-138.882156,-287.395630,-7327.000000
380.291016,405.220703,-132.654938,400.443909,-316.410553,-143.275955,-312.605713,-8077.000000
380.291016,404.156128,-132.567383,398.805237,-340.077850,-200.815018,-337.815796,-6807.000000
380.291016,402.998627,-132.317871,397.040527,-368.567017,-219.565002,-363.025909,-7172.000000
380.291016,402.014954,-132.018677,395.149780,-398.708160,-204.624054,-388.235992,-8862.000000
380.291016,400.694519,-131.665009,393.284210,-370.481689,-256.495819,-363.025909,-2691.000000
380.291016,399.458160,-131.255371,391.544739,-355.408997,-238.186874,-337.815796,-2812.000000
380.291016,398.610626,-130.784760,389.931274,-335.443573,-188.140793,-312.605713,-3940.000000
380.291016,397.190735,-130.252563,388.443878,-300.916870,-272.150421,-287.395630,505.000000
380.291016,395.639374,-129.663742,387.082520,-280.412720,-293.443512,-262.185516,2072.000000
380.291016,394.673584,-129.020309,385.847229,-263.779541,-212.185715,-236.975433,-350.000000
380.291016,393.754395,-128.325150,384.737976,-237.813919,-195.595856,-211.765289,-280.000000
380.291016,392.377075,-127.583199,383.714417,-213.192474,-261.371887,-196.639191,3391.000000
380.291016,390.926270,-126.801659,382.806854,-190.220169,-277.360687,-171.429031,4852.000000
380.291016,389.970612,-125.986855,382.025360,-170.773468,-208.270767,-146.218872,2990.000000
380.291016,388.875671,-125.301300,381.369904,-137.136154,-225.184982,-121.008713,4885.000000
380.291016,387.561462,-124.424904,380.840485,-110.468681,-248.305405,-95.798553,6753.000000
380.291016,386.646423,-123.520805,380.437103,-89.435852,-195.140411,-70.588394,5548.000000
380.291016,385.709747,-122.597961,380.291016,-12.797391,-193.646942,0.000000,6782.000000
380.291016,384.991516,-121.686394,380.291016,-16.415495,-164.133087,0.000000,5539.000000
380.291016,384.235046,-121.139038,380.291016,-8.558475,-163.832932,0.000000,5822.000000
380.291016,383.359619,-120.593796,380.291016,-3.836102,-157.780823,0.000000,5773.000000
380.291016,382.838104,-119.701347,380.291016,-7.424620,-120.515099,0.000000,4241.000000
380.291016,382.411072,-119.179054,380.291016,-4.582561,-101.371552,0.000000,3629.000000
380.291016,381.897614,-118.674637,380.291016,-1.221040,-100.422745,0.000000,3719.000000
380.291016,381.530273,-118.028801,380.291016,-2.297235,-77.985222,0.000000,2839.000000
380.291016,381.264893,-117.266441,380.291016,-1.005947,-58.839520,0.000000,2168.000000
380.291016,381.029175,-116.560196,380.291016,-0.575859,-51.399635,0.000000,1906.000000
380.291016,380.825775,-115.909187,380.291016,-0.899592,-42.109604,0.000000,1546.000000
380.291016,380.658417,-115.311981,380.291016,0.388465,-32.637157,0.000000,1238.000000
380.291016,380.523804,-114.767120,380.291016,0.950973,-28.638195,0.000000,1109.000000
380.291016,380.453918,-114.367714,380.291016,0.017215,-19.846209,0.000000,745.000000
380.291016,380.397827,-114.089241,380.291016,-0.297715,-12.196591,0.000000,446.000000
380.291016,380.363068,-113.744675,380.291016,0.341928,-6.732868,0.000000,266.000000
380.291016,380.347961,-113.429817,380.291016,-0.335646,-2.991132,0.000000,100.000000
380.291016,380.374939,-113.142197,380.291016,0.000000,0.623422,0.000000,-24.000000
380.291016,380.389435,-112.817390,380.291016,0.000000,1.371818,0.000000,-51.000000
380.291016,380.390533,-112.640602,380.291016,0.000000,1.629386,0.000000,-61.000000
380.291016,380.390625,-112.373360,380.291016,0.000000,-0.508857,0.000000,19.000000
380.291016,380.390625,-112.136856,380.291016,0.000000,-1.235690,0.000000,47.000000
380.291016,380.390625,-111.928329,380.291016,0.000000,0.088847,0.000000,-4.000000
380.291016,380.390625,-111.744698,380.291016,0.000000,1.729763,0.000000,-65.000000
380.291016,380.390625,-111.645882,380.291016,0.000000,3.286724,0.000000,-123.000000
380.291016,380.448761,-111.498924,380.291016,0.000000,8.083877,0.000000,-303.000000
380.291016,380.476196,-111.369896,380.291016,0.000000,7.847994,0.000000,-294.000000
380.291016,380.516602,-111.277992,380.291016,-1.466174,4.444385,0.000000,-280.000000
380.291016,380.522003,-111.235458,380.291016,-1.223966,4.110217,0.000000,-280.000000
380.291016,380.556885,-111.156952,380.291016,-1.858377,6.251144,0.000000,-305.000000
380.291016,380.600128,-111.069031,380.291016,-2.120327,7.493628,0.000000,-361.000000
380.291016,380.609558,-110.989998,380.291016,-1.696198,1.283466,0.000000,-280.000000
380.291016,380.604004,-110.918282,380.291016,-1.948124,-0.297791,0.000000,-280.000000
380.291016,380.577942,-110.853142,380.291016,-0.917476,-0.332430,0.000000,-22.000000
380.291016,380.567322,-110.793678,380.291016,-1.393084,-0.481965,0.000000,-280.000000
380.291016,380.566467,-110.738693,380.291016,-1.429827,-3.525657,0.000000,-280.000000
380.291016,380.525879,-110.687325,380.291016,-1.050837,-6.062763,0.000000,187.000000
380.291016,380.522736,-110.638512,380.291016,-1.194465,-2.754896,0.000000,58.000000
380.291016,380.522491,-110.591743,380.291016,-1.205620,-0.431718,0.000000,-280.000000
380.291016,380.522491,-110.555359,380.291016,-1.205759,-1.517577,0.000000,-280.000000
380.291016,380.464355,-110.511665,380.291016,0.586108,-8.158046,0.000000,327.000000
380.291016,380.370514,-110.469818,380.291016,0.776927,-13.773697,0.000000,546.000000
380.291016,380.366119,-110.429611,380.291016,-1.618127,-3.657014,0.000000,-280.000000
380.291016,380.423187,-110.390923,380.291016,0.000000,9.127126,0.000000,-342.000000
380.291016,380.474213,-110.353577,380.291016,0.000000,8.397214,0.000000,-315.000000
380.291016,380.426147,-110.324753,380.291016,0.000000,-5.848154,0.000000,219.000000
380.291016,380.358948,-110.296562,380.291016,0.000000,-12.575175,0.000000,472.000000
380.291016,380.337524,-110.268929,380.291016,0.000000,-5.902799,0.000000,221.000000
380.291016,380.380432,-110.235397,380.291016,0.000000,5.988973,0.000000,-224.000000
380.291016,380.430359,-110.209526,380.291016,0.000000,9.523072,0.000000,-357.000000
380.291016,380.382233,-110.190681,380.291016,0.000000,-6.277969,0.000000,236.000000
380.291016,380.331879,-110.160240,380.291016,0.000000,-10.079803,0.000000,378.000000
380.291016,380.333130,-110.131233,380.291016,0.000000,-0.781886,0.000000,29.000000
380.291016,380.380096,-110.103935,380.291016,0.000000,7.140890,0.000000,-268.000000
380.291016,380.396149,-110.078537,380.291016,0.000000,4.036927,0.000000,-151.000000
380.291016,380.362946,-110.054932,380.291016,0.000000,-5.131824,0.000000,192.000000
380.291016,380.347931,-110.032944,380.291016,0.000000,-5.611467,0.000000,211.000000
380.291016,380.346802,-110.012093,380.291016,0.000000,1.987384,0.000000,-75.000000
380.291016,380.384949,-109.992599,380.291016,0.000000,4.721028,0.000000,-177.000000
380.291016,380.362061,-109.974388,380.291016,0.000000,-1.193238,0.000000,44.000000
380.291016,380.347900,-109.957497,380.291016,0.000000,-3.949721,0.000000,148.000000
380.291016,380.346802,-109.941948,380.291016,0.000000,0.757587,0.000000,-28.000000
380.291016,380.346710,-109.927750,380.291016,0.000000,2.070456,0.000000,-77.000000
380.291016,380.346710,-109.917305,380.291016,0.000000,-1.187149,0.000000,45.000000
380.291016,380.346710,-109.905518,380.291016,0.000000,-1.078041,0.000000,41.000000
380.291016,380.346710,-109.895157,380.291016,0.000000,1.129573,0.000000,-43.000000
380.291016,380.346710,-109.886383,380.291016,0.000000,0.276303,0.000000,-10.000000
380.291016,380.346710,-109.880341,380.291016,0.000000,-0.192403,0.000000,7.000000
380.291016,380.346710,-109.874077,380.291016,0.000000,0.421877,0.000000,-16.000000
380.291016,380.346710,-109.868843,380.291016,0.000000,0.412159,0.000000,-15.000000
380.291016,380.346710,-109.865280,380.291016,0.000000,-0.224463,0.000000,9.000000
380.291016,380.346710,-109.862480,380.291016,0.000000,0.205765,0.000000,-8.000000
380.291016,380.346710,-109.860283,380.291016,0.000000,0.452839,0.000000,-17.000000
380.291016,380.346710,-109.858330,380.291016,0.000000,-0.599309,0.000000,23.000000
380.291016,380.346710,-109.857170,380.291016,0.000000,-0.038116,0.000000,1.000000
380.291016,380.346710,-109.856506,380.291016,0.000000,0.485868,0.000000,-18.000000
380.291016,380.346710,-109.856277,380.291016,0.000000,0.210811,0.000000,-8.000000
380.291016,380.346710,-109.856339,380.291016,0.000000,-0.251563,0.000000,9.000000
380.291016,380.346710,-109.856667,380.291016,0.000000,0.122135,0.000000,-5.000000
380.291016,380.346710,-109.857147,380.291016,0.000000,0.043712,0.000000,-2.000000
380.291016,380.346710,-109.857552,380.291016,0.000000,-0.153081,0.000000,6.000000
380.291016,380.346710,-109.858017,380.291016,0.000000,0.026458,0.000000,-1.000000
380.291016,380.346710,-109.858604,380.291016,0.000000,-0.033194,0.000000,1.000000
380.291016,380.346710,-109.859192,380.291016,0.000000,0.137233,0.000000,-5.000000
380.291016,380.346710,-109.859680,380.291016,0.000000,-0.244228,0.000000,9.000000
380.291016,380.346710,-109.859909,380.291016,0.000000,0.017796,0.000000,-1.000000
380.291016,380.346710,-109.859848,380.291016,0.000000,-0.010482,0.000000,0.000000
380.291016,380.346710,-109.859360,380.291016,0.000000,-0.259055,0.000000,10.000000
380.291016,380.346710,-109.858932,380.291016,0.000000,0.156457,0.000000,-6.000000
380.291016,380.346710,-109.858215,380.291016,0.000000,0.004640,0.000000,0.000000
380.291016,380.346710,-109.857300,380.291016,0.000000,0.284751,0.000000,-11.000000
380.291016,380.346710,-109.856171,380.291016,0.000000,-0.031042,0.000000,1.000000
380.291016,380.346710,-109.854546,380.291016,0.000000,-0.144110,0.000000,5.000000
380.291016,380.346710,-109.853806,380.291016,0.000000,0.237549,0.000000,-9.000000
380.291016,380.346710,-109.851913,380.291016,0.000000,0.286849,0.000000,-11.000000
380.291016,380.346710,-109.850212,380.291016,0.000000,-0.164242,0.000000,6.000000
380.291016,380.346710,-109.847916,380.291016,0.000000,-0.088151,0.000000,4.000000
380.291016,380.346710,-109.845322,380.291016,0.000000,-0.021024,0.000000,1.000000
380.291016,380.346710,-109.842667,380.291016,0.000000,0.228573,0.000000,-8.000000
380.291016,380.346710,-109.839928,380.291016,0.000000,-0.065861,0.000000,3.000000
380.291016,380.346710,-109.837112,380.291016,0.000000,0.157887,0.000000,-6.000000
380.291016,380.346710,-109.834908,380.291016,0.000000,-0.121969,0.000000,5.000000
380.291016,380.346710,-109.832092,380.291016,0.000000,-0.032409,0.000000,1.000000
380.291016,380.346710,-109.829422,380.291016,0.000000,0.047361,0.000000,-2.000000
380.291016,380.346710,-109.826889,380.291016,0.000000,0.180784,0.000000,-6.000000
380.291016,380.346710,-109.824455,380.291016,0.000000,0.076304,0.000000,-3.000000
380.291016,380.346710,-109.822151,380.291016,0.000000,0.195437,0.000000,-7.000000
380.291016,380.346710,-109.820030,380.291016,0.000000,0.095184,0.000000,-4.000000
380.291016,380.346710,-109.818108,380.291016,0.000000,-0.297379,0.000000,12.000000
380.291016,380.346710,-109.816162,380.291016,0.000000,0.598533,0.000000,-22.000000
380.291016,380.346710,-109.814445,380.291016,0.000000,0.008910,0.000000,0.000000
380.291016,380.346710,-109.812927,380.291016,0.000000,-0.208741,0.000000,8.000000
380.291016,380.346710,-109.811615,380.291016,0.000000,0.342847,0.000000,-12.000000
380.291016,380.346710,-109.810432,380.291016,0.000000,0.314237,0.000000,-11.000000
380.291016,380.346710,-109.809418,380.291016,0.000000,-0.276275,0.000000,11.000000
380.291016,380.346710,-109.808701,380.291016,0.000000,-0.013803,0.000000,1.000000
380.291016,380.346710,-109.808159,380.291016,0.000000,0.018971,0.000000,-1.000000
380.291016,380.346710,-109.807487,380.291016,0.000000,-0.040880,0.000000,2.000000
380.291016,380.346710,-109.806847,380.291016,0.000000,-0.157854,0.000000,6.000000
380.291016,380.346710,-109.806252,380.291016,0.000000,0.457012,0.000000,-17.000000
380.291016,380.346710,-109.805511,380.291016,0.000000,-0.308642,0.000000,12.000000
380.291016,380.346710,-109.804726,380.291016,0.000000,-0.416602,0.000000,16.000000
380.291016,380.346710,-109.803833,380.291016,0.000000,0.332098,0.000000,-12.000000
380.291016,380.346710,-109.803032,380.291016,0.000000,-0.052243,0.000000,2.000000
380.291016,380.346710,-109.801704,380.291016,0.000000,-0.160350,0.000000,6.000000
380.291016,380.346710,-109.799950,380.291016,0.000000,-0.195483,0.000000,7.000000
380.291016,380.346710,-109.798019,380.291016,0.000000,-0.082401,0.000000,3.000000
380.291016,380.346710,-109.795883,380.291016,0.000000,0.110290,0.000000,-5.000000
380.291016,380.346710,-109.793625,380.291016,0.000000,-0.231885,0.000000,8.000000
380.291016,380.346710,-109.791382,380.291016,0.000000,0.155268,0.000000,-6.000000
380.291016,380.346710,-109.789124,380.291016,0.000000,-0.220861,0.000000,8.000000
380.291016,380.346710,-109.786858,380.291016,0.000000,-0.017520,0.000000,1.000000
350.291016,380.346710,-109.784660,380.240570,-20.215483,0.107732,-20.168116,-2346.000000
350.291016,380.193115,-109.782600,380.064117,-39.409073,-29.713341,-45.378262,-1947.000000
350.291016,379.693542,-109.780670,379.761597,-59.381104,-84.805191,-70.588417,-631.000000
350.291016,379.305725,-109.777962,379.333038,-90.377846,-74.349869,-95.798576,-2185.000000
350.291016,379.290833,-109.773338,378.778381,-120.709473,-20.628922,-121.008728,-5337.000000
350.291016,378.997009,-109.762314,378.097717,-140.019699,-57.507290,-146.218887,-4678.000000
350.291016,378.404572,-109.749847,377.290985,-164.573639,-104.184280,-171.429047,-3849.000000
350.291016,378.050873,-109.718460,376.358246,-196.665771,-74.330429,-196.639206,-6172.000000
350.291016,377.722992,-109.671410,375.299377,-221.667557,-72.835594,-221.849365,-7165.000000
350.291016,376.953674,-109.604309,374.114532,-242.929184,-138.598206,-247.059479,-5497.000000
350.291016,376.209106,-109.511620,372.803589,-274.724823,-141.317673,-272.269562,-6587.000000
350.291016,375.651367,-109.386215,371.366638,-303.201202,-119.906364,-297.479645,-8457.000000
350.291016,374.700714,-109.224373,369.803589,-323.571716,-181.042999,-322.689758,-6929.000000
350.291016,373.539978,-109.022293,368.114502,-351.808197,-216.414948,-347.899841,-6662.000000
350.291016,372.616119,-108.817261,366.299347,-383.276672,-189.289413,-373.109924,-8858.000000
350.291016,371.448914,-108.561958,364.388428,-384.503998,-230.813187,-378.151947,-4179.000000
350.291016,370.041718,-108.194473,362.573303,-364.295013,-264.274048,-352.941864,-2167.000000
350.291016,369.190247,-107.768387,360.884216,-351.492645,-186.508514,-327.731781,-4603.000000
350.291016,368.102356,-107.280067,359.321167,-320.061035,-223.895752,-302.521667,-2023.000000
350.291016,366.456177,-106.733490,357.884216,-291.014923,-300.637146,-277.311584,1945.000000
350.291016,365.314636,-106.131233,356.573273,-278.254272,-237.560150,-252.101486,-280.000000
350.291016,364.458954,-105.475037,355.388397,-254.233353,-189.195816,-226.891388,-855.000000
350.291016,363.238129,-104.759216,354.319489,-231.624832,-235.756226,-211.765289,-1430.000000
350.291016,361.750641,-103.986794,353.336304,-204.095337,-282.041260,-186.555130,4507.000000
350.291016,360.776154,-103.330292,352.479126,-188.087463,-240.328491,-161.344971,3543.000000
350.291016,359.871582,-102.476967,351.748047,-159.495270,-197.595734,-136.134811,3013.000000
350.291016,358.591522,-101.601135,351.143005,-125.102440,-246.856644,-110.924652,6150.000000
350.291016,357.360565,-100.713707,350.664032,-103.230278,-241.375443,-85.714493,6764.000000
350.291016,356.510040,-99.994629,350.311066,-79.045677,-184.465240,-60.504330,5537.000000
350.291016,355.527313,-99.265991,350.291016,-11.450410,-196.450577,0.000000,6938.000000
350.291016,354.665283,-98.533752,350.291016,-10.521721,-173.340149,0.000000,6106.000000
350.291016,353.898743,-97.638100,350.291016,-7.513423,-161.157242,0.000000,5761.000000
350.291016,353.133942,-96.770584,350.291016,-4.423589,-152.860092,0.000000,5567.000000
350.291016,352.582703,-95.937325,350.291016,-4.951818,-115.331627,0.000000,4139.000000
350.291016,352.134521,-95.144035,350.291016,-3.056948,-97.424667,0.000000,3539.000000
350.291016,351.653870,-94.394981,350.291016,-0.421189,-97.682304,0.000000,3647.000000
350.291016,351.323303,-93.692169,350.291016,-2.048962,-70.420830,0.000000,2564.000000
350.291016,351.101288,-93.036987,350.291016,-1.009804,-48.836018,0.000000,1793.000000
350.291016,350.863800,-92.430740,350.291016,1.534135,-48.633522,0.000000,1881.000000
350.291016,350.686096,-91.979988,350.291016,0.167027,-36.799141,0.000000,1386.000000
350.291016,350.576904,-91.559235,350.291016,-0.332884,-25.124172,0.000000,930.000000
350.291016,350.450623,-91.076302,350.291016,0.600250,-24.627319,0.000000,947.000000
350.291016,350.387848,-90.639030,350.291016,-0.011960,-13.220173,0.000000,496.000000
350.291016,350.376892,-90.244705,350.291016,-0.504191,-6.388948,0.000000,222.000000
350.291016,350.341614,-89.890968,350.291016,0.111670,-7.287000,0.000000,278.000000
350.291016,350.332825,-89.574562,350.291016,-0.283158,-1.181037,0.000000,34.000000
350.291016,350.372620,-89.347870,350.291016,0.000000,3.566070,0.000000,-134.000000
350.291016,350.375702,-89.093140,350.291016,0.000000,1.394853,0.000000,-53.000000
350.291016,350.358368,-88.910843,350.291016,0.000000,-2.106755,0.000000,79.000000
350.291016,350.334106,-88.786545,350.291016,0.000000,-2.066426,0.000000,78.000000
350.291016,350.366669,-88.598457,350.291016,0.000000,1.621920,0.000000,-61.000000
350.291016,350.375275,-88.463783,350.291016,0.000000,4.811957,0.000000,-180.000000
350.291016,350.416473,-88.342644,350.291016,0.000000,5.026952,0.000000,-189.000000
350.291016,350.447784,-88.233620,350.291016,0.000000,5.689789,0.000000,-214.000000
350.291016,350.490753,-88.112144,350.291016,0.000000,8.466540,0.000000,-318.000000
350.291016,350.540955,-88.004807,350.291016,-1.840725,8.692060,0.000000,-396.000000
350.291016,350.550903,-87.909637,350.291016,-1.394814,3.853380,0.000000,-280.000000
350.291016,350.551697,-87.825211,350.291016,-1.360158,3.209668,0.000000,-280.000000
350.291016,350.579865,-87.749992,350.291016,-2.293630,2.907977,0.000000,-280.000000
350.291016,350.594482,-87.695839,350.291016,-1.640352,1.888844,0.000000,-280.000000
350.291016,350.595612,-87.646042,350.291016,-1.588986,0.138390,0.000000,-280.000000
350.291016,350.595703,-87.588486,350.291016,-1.585497,-0.705053,0.000000,-280.000000
350.291016,350.555176,-87.535599,350.291016,-1.204902,-1.642550,0.000000,-280.000000
350.291016,350.552032,-87.486359,350.291016,-1.346499,-0.936813,0.000000,-280.000000
350.291016,350.523682,-87.440086,350.291016,-0.420542,-5.789493,0.000000,200.000000
350.291016,350.474609,-87.396187,350.291016,-0.419594,-7.367183,0.000000,260.000000
350.291016,350.482269,-87.370384,350.291016,-2.273038,-1.392943,0.000000,-280.000000
350.291016,350.505829,-87.328644,350.291016,-1.217419,1.461784,0.000000,-280.000000
350.291016,350.479553,-87.288231,350.291016,-0.199779,-3.270793,0.000000,115.000000
350.291016,350.436951,-87.249046,350.291016,0.091272,-6.125121,0.000000,232.000000
350.291016,350.421234,-87.211548,350.291016,-0.613957,-6.421762,0.000000,218.000000
350.291016,350.381775,-87.175522,350.291016,-0.183336,-3.244611,0.000000,114.000000
350.291016,350.414703,-87.141197,350.291016,0.000000,1.815693,0.000000,-68.000000
350.291016,350.419525,-87.114525,350.291016,0.000000,1.935198,0.000000,-72.000000
350.291016,350.419922,-87.082672,350.291016,0.000000,-1.643529,0.000000,61.000000
350.291016,350.379395,-87.070206,350.291016,0.000000,-4.244972,0.000000,159.000000
350.291016,350.376251,-87.039635,350.291016,0.000000,-1.825577,0.000000,69.000000
350.291016,350.376007,-87.010696,350.291016,0.000000,1.599522,0.000000,-60.000000
350.291016,350.376007,-86.983421,350.291016,0.000000,0.684404,0.000000,-25.000000
350.291016,350.376007,-86.957771,350.291016,0.000000,-2.310071,0.000000,87.000000
350.291016,350.376007,-86.933517,350.291016,0.000000,-2.023829,0.000000,76.000000
350.291016,350.376007,-86.910629,350.291016,0.000000,1.198454,0.000000,-45.000000
350.291016,350.376007,-86.889130,350.291016,0.000000,0.961416,0.000000,-36.000000
350.291016,350.376007,-86.869041,350.291016,0.000000,-1.593183,0.000000,60.000000
350.291016,350.376007,-86.850189,350.291016,0.000000,-1.534318,0.000000,58.000000
350.291016,350.376007,-86.832581,350.291016,0.000000,1.284480,0.000000,-48.000000
350.291016,350.376007,-86.816109,350.291016,0.000000,-0.535677,0.000000,21.000000
350.291016,350.369629,-86.801041,350.291016,0.000000,-1.188893,0.000000,44.000000
350.291016,350.375488,-86.787376,350.291016,0.000000,0.269856,0.000000,-10.000000
350.291016,350.375946,-86.775017,350.291016,0.000000,-0.338402,0.000000,13.000000
350.291016,350.344055,-86.764053,350.291016,0.000000,-0.784906,0.000000,30.000000
350.291016,350.373505,-86.754456,350.291016,0.000000,1.257161,0.000000,-47.000000
350.291016,350.375793,-86.746300,350.291016,0.000000,-0.135024,0.000000,5.000000
350.291016,350.344025,-86.739372,350.291016,0.000000,-0.864823,0.000000,32.000000
350.291016,350.373505,-86.734734,350.291016,0.000000,0.605635,0.000000,-22.000000
350.291016,350.375793,-86.730019,350.291016,0.000000,0.146435,0.000000,-5.000000
350.291016,350.375946,-86.726295,350.291016,0.000000,-0.511352,0.000000,19.000000
350.291016,350.365845,-86.723991,350.291016,0.000000,-0.390508,0.000000,14.000000
350.291016,350.375183,-86.723511,350.291016,0.000000,1.246665,0.000000,-47.000000
350.291016,350.375916,-86.721909,350.291016,0.000000,-0.242515,0.000000,9.000000
350.291016,350.341522,-86.720543,350.291016,0.000000,-0.942724,0.000000,36.000000
350.291016,350.373291,-86.719742,350.291016,0.000000,0.575769,0.000000,-21.000000
350.291016,350.375763,-86.719254,350.291016,0.000000,0.750833,0.000000,-29.000000
350.291016,350.375946,-86.719116,350.291016,0.000000,-0.738799,0.000000,28.000000
350.291016,350.361633,-86.719185,350.291016,0.000000,-0.439107,0.000000,16.000000
350.291016,350.374847,-86.719582,350.291016,0.000000,1.258322,0.000000,-47.000000
350.291016,350.375885,-86.720001,350.291016,0.000000,-0.106671,0.000000,4.000000
350.291016,350.335449,-86.720459,350.291016,0.000000,-0.810509,0.000000,31.000000
350.291016,350.370544,-86.721085,350.291016,0.000000,0.983720,0.000000,-36.000000
350.291016,350.375549,-86.721680,350.291016,0.000000,0.587905,0.000000,-22.000000
350.291016,350.358368,-86.722458,350.291016,0.000000,-0.976569,0.000000,37.000000
350.291016,350.340424,-86.723267,350.291016,0.000000,-0.539388,0.000000,20.000000
350.291016,350.373230,-86.723953,350.291016,0.000000,1.085750,0.000000,-41.000000
350.291016,350.375763,-86.724838,350.291016,0.000000,0.067110,0.000000,-3.000000
350.291016,350.337738,-86.725754,350.291016,0.000000,-1.588113,0.000000,60.000000
350.291016,350.366943,-86.726700,350.291016,0.000000,0.786473,0.000000,-30.000000
350.291016,350.375275,-86.727554,350.291016,0.000000,1.015780,0.000000,-38.000000
350.291016,350.341461,-86.728073,350.291016,0.000000,-1.369077,0.000000,51.000000
350.291016,350.332764,-86.728561,350.291016,0.000000,-1.458792,0.000000,55.000000
350.291016,350.372620,-86.728844,350.291016,0.000000,2.022641,0.000000,-75.000000
350.291016,350.375702,-86.728943,350.291016,0.000000,0.507220,0.000000,-19.000000
350.291016,350.347839,-86.728981,350.291016,0.000000,-2.048751,0.000000,77.000000
350.291016,350.350830,-86.728935,350.291016,0.000000,-0.133276,0.000000,5.000000
350.291016,350.374023,-86.728645,350.291016,0.000000,2.309419,0.000000,-86.000000
350.291016,350.375824,-86.728180,350.291016,0.000000,-0.624976,0.000000,23.000000
350.291016,350.335449,-86.727257,350.291016,0.000000,-2.379670,0.000000,90.000000
350.291016,350.349884,-86.726120,350.291016,0.000000,0.877370,0.000000,-33.000000
350.291016,350.373962,-86.724907,350.291016,0.000000,2.628122,0.000000,-98.000000
350.291016,350.358246,-86.723389,350.291016,0.000000,-0.960617,0.000000,36.000000
350.291016,350.334076,-86.721970,350.291016,0.000000,-2.462563,0.000000,93.000000
350.291016,350.332214,-86.720215,350.291016,0.000000,0.986623,0.000000,-37.000000
350.291016,350.372559,-86.718796,350.291016,0.000000,2.997885,0.000000,-112.000000
350.291016,350.358124,-86.716919,350.291016,0.000000,-1.470577,0.000000,56.000000
350.291016,350.334076,-86.715019,350.291016,0.000000,-3.853091,0.000000,144.000000
350.291016,350.332214,-86.713066,350.291016,0.000000,1.843756,0.000000,-68.000000
350.291016,350.372559,-86.711449,350.291016,0.000000,3.502104,0.000000,-131.000000
350.291016,350.347595,-86.709930,350.291016,0.000000,-2.222601,0.000000,83.000000
350.291016,350.333252,-86.708031,350.291016,0.000000,-3.617271,0.000000,136.000000
350.291016,350.332153,-86.706367,350.291016,0.000000,1.992385,0.000000,-75.000000
350.291016,350.372559,-86.704887,350.291016,0.000000,3.527062,0.000000,-132.000000
350.291016,350.341278,-86.703743,350.291016,0.000000,-2.051662,0.000000,77.000000
350.291016,350.332764,-86.702751,350.291016,0.000000,-3.581016,0.000000,134.000000
350.291016,350.332092,-86.701927,350.291016,0.000000,2.460305,0.000000,-92.000000
350.291016,350.372559,-86.701218,350.291016,0.000000,3.408196,0.000000,-128.000000
350.291016,350.341278,-86.700607,350.291016,0.000000,-3.085801,0.000000,116.000000
350.291016,350.332764,-86.700264,350.291016,0.000000,-2.989661,0.000000,112.000000
350.291016,350.332092,-86.699989,350.291016,0.000000,2.972311,0.000000,-111.000000
350.291016,350.372559,-86.699455,350.291016,0.000000,2.439204,0.000000,-91.000000
350.291016,350.337494,-86.698746,350.291016,0.000000,-3.501105,0.000000,131.000000
350.291016,350.332489,-86.697975,350.291016,0.000000,-1.090588,0.000000,41.000000
350.291016,350.360199,-86.696991,350.291016,0.000000,3.771439,0.000000,-141.000000
350.291016,350.346649,-86.696037,350.291016,0.000000,0.052038,0.000000,-2.000000
350.291016,350.333160,-86.694992,350.291016,0.000000,-3.749592,0.000000,141.000000
350.291016,350.332123,-86.693840,350.291016,0.000000,0.915958,0.000000,-35.000000
350.291016,350.360199,-86.692947,350.291016,0.000000,3.472889,0.000000,-130.000000
350.291016,350.346649,-86.691742,350.291016,0.000000,-0.859446,0.000000,32.000000
350.291016,350.333160,-86.690514,350.291016,0.000000,-3.618715,0.000000,136.000000
350.291016,350.332123,-86.689224,350.291016,0.000000,0.595012,0.000000,-22.000000
350.291016,350.366486,-86.687836,350.291016,0.000000,4.326409,0.000000,-163.000000
350.291016,350.347137,-86.686371,350.291016,0.000000,-1.105652,0.000000,42.000000
350.291016,350.333221,-86.684898,350.291016,0.000000,-4.166206,0.000000,157.000000
350.291016,350.332153,-86.683350,350.291016,0.000000,1.255735,0.000000,-46.000000
350.291016,350.370300,-86.681557,350.291016,0.000000,4.563527,0.000000,-171.000000
350.291016,350.341095,-86.680115,350.291016,0.000000,-1.728340,0.000000,65.000000
350.291016,350.332764,-86.678200,350.291016,0.000000,-4.586108,0.000000,172.000000
350.291016,350.332092,-86.676300,350.291016,0.000000,1.835947,0.000000,-68.000000
320.291016,350.366486,-86.674431,350.260742,-15.771964,4.853714,-15.126087,-2358.000000
320.291016,350.256836,-86.672600,350.109497,-37.261509,-18.459503,-40.336231,-2290.000000
320.291016,349.834717,-86.671104,349.832184,-55.829079,-71.332977,-65.546379,-1003.000000
320.291016,349.344604,-86.669518,349.428833,-82.488976,-86.832741,-90.756546,-1421.000000
320.291016,349.259613,-86.665474,348.899414,-115.826828,-30.696592,-115.966698,-4777.000000
320.291016,349.071350,-86.654434,348.243958,-136.870163,-42.973579,-141.176849,-5106.000000
320.291016,348.472717,-86.635239,347.462433,-157.176910,-101.411392,-166.387024,-3675.000000
320.291016,348.044952,-86.606041,346.554871,-190.260925,-85.508667,-191.597183,-5512.000000
320.291016,347.761047,-86.561806,345.521240,-217.554733,-64.024864,-216.807343,-7341.000000
320.291016,347.105255,-86.498291,344.361572,-237.994797,-123.726471,-242.017456,-5869.000000
320.291016,346.266418,-86.410690,343.075867,-267.289948,-152.588593,-267.227539,-5885.000000
320.291016,345.708679,-86.312408,341.664093,-297.831909,-119.641953,-292.437653,-8267.000000
320.291016,344.879578,-86.154701,340.126282,-319.215546,-162.322418,-317.647736,-7467.000000
320.291016,343.697296,-85.958321,338.462402,-343.893433,-217.203766,-342.857819,-6334.000000
320.291016,342.698151,-85.716309,336.672485,-376.402527,-200.688614,-368.067902,-8173.000000
320.291016,341.657867,-85.421997,334.766602,-390.543823,-214.603378,-383.193970,-5014.000000
320.291016,340.231384,-85.074104,332.926239,-366.935455,-266.523895,-357.983887,-2182.000000
320.291016,339.264282,-84.669044,331.211975,-355.047882,-202.597900,-332.773773,-4133.000000
320.291016,338.313232,-84.201347,329.623718,-326.407410,-204.732407,-307.563690,-2979.000000
320.291016,336.714630,-83.653252,328.161530,-295.360931,-291.886627,-282.353607,1453.000000
320.291016,335.478088,-83.029053,326.825378,-278.198669,-254.977463,-257.143524,713.000000
320.291016,334.718903,-82.353935,325.615326,-260.967896,-198.264099,-231.933426,-767.000000
320.291016,333.687439,-81.631714,324.531250,-231.111618,-214.379822,-206.723267,957.000000
320.291016,332.240845,-80.867615,323.522827,-209.518234,-274.741699,-191.597168,4029.000000
320.291016,330.835724,-80.068245,322.640503,-186.562363,-270.534332,-166.387009,4732.000000
320.291016,330.010376,-79.236526,321.884186,-169.936600,-187.637955,-141.176849,2248.000000
320.291016,328.979645,-78.883064,321.253937,-133.291412,-213.013199,-115.966682,4574.000000
320.291016,327.502899,-77.982147,320.749725,-102.789284,-269.779236,-90.756523,7846.000000
320.291016,326.600128,-77.074875,320.371582,-85.467712,-194.995773,-65.546364,5692.000000
320.291016,325.723450,-76.164581,320.291016,-12.916006,-185.764633,0.000000,6482.000000
320.291016,324.780365,-75.264709,320.291016,-11.225741,-185.453857,0.000000,6533.000000
320.291016,324.037811,-74.384315,320.291016,-9.338088,-157.646408,0.000000,5561.000000
320.291016,323.303497,-73.529213,320.291016,-4.884454,-149.942383,0.000000,5440.000000
320.291016,322.665680,-72.706131,320.291016,-4.894916,-127.123138,0.000000,4583.000000
320.291016,322.281219,-72.071297,320.291016,-4.540361,-86.353775,0.000000,3068.000000
320.291016,321.828583,-71.610977,320.291016,-0.652877,-93.714264,0.000000,3490.000000
320.291016,321.395447,-70.875847,320.291016,-0.280413,-83.380249,0.000000,3116.000000
320.291016,321.247131,-70.191307,320.291016,-2.530042,-41.945511,0.000000,1478.000000
320.291016,321.045135,-69.558449,320.291016,-0.594905,-43.608334,0.000000,1613.000000
320.291016,320.800018,-69.201965,320.291016,-0.591184,-45.213348,0.000000,1673.000000
320.291016,320.742615,-68.862961,320.291016,-0.963026,-19.031502,0.000000,678.000000
320.291016,320.652618,-68.439804,320.291016,-0.601848,-18.988871,0.000000,690.000000
320.291016,320.560791,-67.956474,320.291016,-0.321110,-20.977476,0.000000,775.000000
320.291016,320.498444,-67.520973,320.291016,-0.919119,-10.883152,0.000000,374.000000
320.291016,320.493591,-67.131149,320.291016,-1.135884,-4.602485,0.000000,131.000000
320.291016,320.465088,-66.782822,320.291016,-0.215186,-3.757825,0.000000,133.000000
320.291016,320.450470,-66.591988,320.291016,-0.870791,-1.212311,0.000000,13.000000
320.291016,320.487579,-66.359352,320.291016,-1.404114,1.577705,0.000000,-280.000000
320.291016,320.475189,-66.149254,320.291016,0.235991,-0.511686,0.000000,29.000000
320.291016,320.451263,-65.959633,320.291016,-0.836306,-4.086073,0.000000,123.000000
320.291016,320.411133,-65.871857,320.291016,-0.435220,-4.903999,0.000000,168.000000
320.291016,320.463837,-65.671661,320.291016,0.000000,5.806403,0.000000,-218.000000
320.291016,320.519043,-65.495438,320.291016,-2.091435,10.706073,0.000000,-480.000000
320.291016,320.570190,-65.340622,320.291016,-1.996907,8.763064,0.000000,-404.000000
320.291016,320.580231,-65.204590,320.291016,-1.547341,6.078306,0.000000,-286.000000
320.291016,320.615448,-65.107483,320.291016,-2.165050,5.641597,0.000000,-293.000000
320.291016,320.676300,-64.999092,320.291016,-3.834024,12.627119,0.000000,-618.000000
320.291016,320.748322,-64.903107,320.291016,-2.805172,12.840382,0.000000,-587.000000
320.291016,320.756165,-64.818001,320.291016,-2.452947,4.885815,0.000000,-280.000000
320.291016,320.791260,-64.742157,320.291016,-3.080296,5.470763,0.000000,-322.000000
320.291016,320.838318,-64.674080,320.291016,-3.169528,8.982694,0.000000,-457.000000
320.291016,320.844238,-64.612320,320.291016,-2.903574,0.591665,0.000000,-280.000000
320.291016,320.824036,-64.555870,320.291016,-3.811140,-1.407125,0.000000,-280.000000
320.291016,320.843140,-64.513893,320.291016,-2.953865,0.836988,0.000000,-280.000000
320.291016,320.806366,-64.464638,320.291016,-2.404374,-3.959121,0.000000,-280.000000
320.291016,320.766785,-64.418190,320.291016,-1.981615,-5.699913,0.000000,-280.000000
320.291016,320.757629,-64.374100,320.291016,-2.391243,-3.765132,0.000000,-280.000000
320.291016,320.728790,-64.332474,320.291016,-1.485391,-4.572957,0.000000,-280.000000
320.291016,320.714142,-64.292938,320.291016,-2.143061,-5.597961,0.000000,-280.000000
320.291016,320.672455,-64.254906,320.291016,-1.811895,-8.008085,0.000000,-280.000000
320.291016,320.628693,-64.218246,320.291016,-1.576314,-8.041972,0.000000,-280.000000
320.291016,320.587067,-64.182961,320.291016,-1.245242,-6.994100,0.000000,-280.000000
320.291016,320.563934,-64.155518,320.291016,-0.082255,-5.237455,0.000000,193.000000
320.291016,320.539185,-64.141701,320.291016,-1.191324,-6.616238,0.000000,203.000000
320.291016,320.537292,-64.107819,320.291016,-1.277833,-2.967586,0.000000,-280.000000
320.291016,320.496613,-64.074898,320.291016,-0.902498,-3.706728,0.000000,105.000000
320.291016,320.493469,-64.042854,320.291016,-1.046109,-3.252754,0.000000,82.000000
320.291016,320.493225,-64.011742,320.291016,-1.057246,-1.466067,0.000000,14.000000
320.291016,320.493225,-63.981655,320.291016,-1.057367,-0.226283,0.000000,-32.000000
320.291016,320.493225,-63.952728,320.291016,-1.057488,0.129707,0.000000,-46.000000
320.291016,320.493225,-63.924965,320.291016,-1.057610,-0.475175,0.000000,-23.000000
320.291016,320.458740,-63.898399,320.291016,-0.403050,-1.184726,0.000000,28.000000
320.291016,320.449982,-63.872940,320.291016,-0.796041,-1.445340,0.000000,24.000000
320.291016,320.449280,-63.848431,320.291016,-0.825370,-1.979628,0.000000,43.000000
320.291016,320.449249,-63.824921,320.291016,-0.829421,-1.447286,0.000000,23.000000
320.291016,320.449249,-63.802505,320.291016,-0.829516,-0.593808,0.000000,-10.000000
320.291016,320.431671,-63.781364,320.291016,0.000000,-2.113208,0.000000,79.000000
320.291016,320.407349,-63.761387,320.291016,0.000000,-4.926921,0.000000,185.000000
320.291016,320.370972,-63.742661,320.291016,0.000000,-4.711028,0.000000,177.000000
320.291016,320.390228,-63.725063,320.291016,0.000000,-0.202246,0.000000,7.000000
320.291016,320.386566,-63.708714,320.291016,0.000000,-0.250427,0.000000,9.000000
320.291016,320.363281,-63.693775,320.291016,0.000000,-1.368350,0.000000,52.000000
320.291016,320.361511,-63.682869,320.291016,0.000000,-0.370173,0.000000,14.000000
320.291016,320.367676,-63.670628,320.291016,0.000000,0.669289,0.000000,-25.000000
320.291016,320.364105,-63.659603,320.291016,0.000000,-0.545460,0.000000,20.000000
320.291016,320.361572,-63.653629,320.291016,0.000000,-1.192265,0.000000,45.000000
320.291016,320.361359,-63.648342,320.291016,0.000000,-1.546995,0.000000,58.000000
320.291016,320.361359,-63.642269,320.291016,0.000000,-0.019034,0.000000,1.000000
320.291016,320.361359,-63.635704,320.291016,0.000000,0.562731,0.000000,-21.000000
320.291016,320.361359,-63.630283,320.291016,0.000000,-0.111954,0.000000,4.000000
320.291016,320.361359,-63.626095,320.291016,0.000000,0.449560,0.000000,-17.000000
320.291016,320.361359,-63.623020,320.291016,0.000000,0.160603,0.000000,-6.000000
320.291016,320.361359,-63.620876,320.291016,0.000000,0.301986,0.000000,-11.000000
320.291016,320.361359,-63.619400,320.291016,0.000000,-0.084345,0.000000,3.000000
320.291016,320.361359,-63.618507,320.291016,0.000000,0.104264,0.000000,-4.000000
320.291016,320.361359,-63.618008,320.291016,0.000000,-0.256507,0.000000,10.000000
320.291016,320.361359,-63.617741,320.291016,0.000000,0.245398,0.000000,-9.000000
320.291016,320.361359,-63.617672,320.291016,0.000000,-0.121270,0.000000,5.000000
320.291016,320.361359,-63.617592,320.291016,0.000000,-0.214371,0.000000,9.000000
320.291016,320.361359,-63.617455,320.291016,0.000000,0.399049,0.000000,-15.000000
320.291016,320.361359,-63.617031,320.291016,0.000000,-0.152215,0.000000,6.000000
320.291016,320.361359,-63.616367,320.291016,0.000000,-0.806793,0.000000,31.000000
320.291016,320.361359,-63.615864,320.291016,0.000000,-0.153475,0.000000,6.000000
320.291016,320.361359,-63.614578,320.291016,0.000000,0.464725,0.000000,-17.000000
320.291016,320.361359,-63.612846,320.291016,0.000000,0.057065,0.000000,-2.000000
320.291016,320.361359,-63.611172,320.291016,0.000000,-0.094558,0.000000,4.000000
320.291016,320.361359,-63.608643,320.291016,0.000000,-0.998572,0.000000,37.000000
320.291016,320.361359,-63.606411,320.291016,0.000000,0.432457,0.000000,-16.000000
320.291016,320.361359,-63.604027,320.291016,0.000000,-0.376676,0.000000,14.000000
320.291016,320.361359,-63.602177,320.291016,0.000000,0.182716,0.000000,-7.000000
320.291016,320.361359,-63.599644,320.291016,0.000000,-0.157478,0.000000,6.000000
320.291016,320.361359,-63.596581,320.291016,0.000000,0.227294,0.000000,-8.000000
320.291016,320.361359,-63.593639,320.291016,0.000000,-0.173366,0.000000,7.000000
320.291016,320.361359,-63.590988,320.291016,0.000000,-0.103836,0.000000,4.000000
320.291016,320.361359,-63.588760,320.291016,0.000000,0.032591,0.000000,-1.000000
320.291016,320.361359,-63.586952,320.291016,0.000000,0.402470,0.000000,-15.000000
320.291016,320.361359,-63.585770,320.291016,0.000000,0.272333,0.000000,-10.000000
320.291016,320.361359,-63.584560,320.291016,0.000000,0.448261,0.000000,-17.000000
320.291016,320.361359,-63.583366,320.291016,0.000000,-0.323684,0.000000,12.000000
320.291016,320.361359,-63.582581,320.291016,0.000000,0.716411,0.000000,-27.000000
320.291016,320.361359,-63.581768,320.291016,0.000000,-0.116055,0.000000,5.000000
320.291016,320.361359,-63.580837,320.291016,0.000000,-0.106138,0.000000,5.000000
320.291016,320.361359,-63.579910,320.291016,0.000000,0.562371,0.000000,-20.000000
320.291016,320.361359,-63.579021,320.291016,0.000000,-0.071278,0.000000,3.000000
320.291016,320.361359,-63.578026,320.291016,0.000000,0.178931,0.000000,-7.000000
320.291016,320.361359,-63.576691,320.291016,0.000000,-0.252160,0.000000,10.000000
320.291016,320.361359,-63.575191,320.291016,0.000000,-0.606744,0.000000,23.000000
320.291016,320.361359,-63.573822,320.291016,0.000000,-0.284108,0.000000,10.000000
320.291016,320.361359,-63.571987,320.291016,0.000000,0.229313,0.000000,-9.000000
320.291016,320.361359,-63.569973,320.291016,0.000000,-0.572070,0.000000,21.000000
320.291016,320.361359,-63.568108,320.291016,0.000000,0.521455,0.000000,-20.000000
320.291016,320.361359,-63.567696,320.291016,0.000000,-0.052725,0.000000,3.000000
320.291016,320.361359,-63.565655,320.291016,0.000000,-0.035204,0.000000,2.000000
320.291016,320.361359,-63.563660,320.291016,0.000000,0.623451,0.000000,-23.000000
320.291016,320.361359,-63.561497,320.291016,0.000000,-0.497837,0.000000,19.000000
320.291016,320.361359,-63.559406,320.291016,0.000000,0.516207,0.000000,-19.000000
320.291016,320.361359,-63.557419,320.291016,0.000000,-0.212839,0.000000,8.000000
320.291016,320.361359,-63.555363,320.291016,0.000000,0.386534,0.000000,-15.000000
320.291016,320.361359,-63.553265,320.291016,0.000000,0.051331,0.000000,-2.000000
320.291016,320.361359,-63.551373,320.291016,0.000000,-0.402473,0.000000,15.000000
320.291016,320.361359,-63.549953,320.291016,0.000000,0.510259,0.000000,-19.000000
320.291016,320.361359,-63.549274,320.291016,0.000000,-0.135388,0.000000,5.000000
320.291016,320.361359,-63.547924,320.291016,0.000000,-0.063289,0.000000,3.000000
320.291016,320.361359,-63.546181,320.291016,0.000000,0.891220,0.000000,-33.000000
320.291016,320.361359,-63.544720,320.291016,0.000000,-0.624011,0.000000,24.000000
320.291016,320.361359,-63.543034,320.291016,0.000000,0.085378,0.000000,-3.000000
320.291016,320.361359,-63.541481,320.291016,0.000000,-0.169502,0.000000,7.000000
320.291016,320.361359,-63.539803,320.291016,0.000000,0.029636,0.000000,-1.000000
320.291016,320.361359,-63.538162,320.291016,0.000000,0.049613,0.000000,-1.000000
320.291016,320.361359,-63.536655,320.291016,0.000000,-0.163412,0.000000,6.000000
320.291016,320.361359,-63.534996,320.291016,0.000000,0.344989,0.000000,-13.000000
320.291016,320.361359,-63.533649,320.291016,0.000000,-0.490153,0.000000,18.000000
320.291016,320.361359,-63.532131,320.291016,0.000000,-0.108271,0.000000,5.000000
320.291016,320.361359,-63.530685,320.291016,0.000000,0.354576,0.000000,-14.000000
320.291016,320.361359,-63.529797,320.291016,0.000000,-0.115507,0.000000,4.000000
320.291016,320.361359,-63.528759,320.291016,0.000000,0.115357,0.000000,-4.000000
320.291016,320.361359,-63.526981,320.291016,0.000000,-0.070518,0.000000,3.000000
320.291016,320.361359,-63.525364,320.291016,0.000000,0.199688,0.000000,-7.000000
320.291016,320.361359,-63.523724,320.291016,0.000000,-1.086591,0.000000,41.000000
320.291016,320.361359,-63.522270,320.291016,0.000000,0.483174,0.000000,-18.000000
320.291016,320.361359,-63.520809,320.291016,0.000000,0.805956,0.000000,-30.000000
320.291016,320.361359,-63.519463,320.291016,0.000000,-0.007639,0.000000,0.000000
320.291016,320.361359,-63.518497,320.291016,0.000000,-0.058655,0.000000,3.000000
320.291016,320.361359,-63.517284,320.291016,0.000000,0.171925,0.000000,-6.000000
320.291016,320.361359,-63.516060,320.291016,0.000000,-0.075412,0.000000,3.000000
320.291016,320.361359,-63.514946,320.291016,0.000000,0.289317,0.000000,-11.000000
320.291016,320.361359,-63.513752,320.291016,0.000000,0.343905,0.000000,-12.000000
320.291016,320.361359,-63.512302,320.291016,0.000000,-0.506557,0.000000,19.000000
320.291016,320.361359,-63.510712,320.291016,0.000000,-0.157585,0.000000,6.000000
320.291016,320.361359,-63.509396,320.291016,0.000000,-0.337195,0.000000,13.000000
320.291016,320.361359,-63.507557,320.291016,0.000000,0.524973,0.000000,-20.000000
320.291016,320.361359,-63.505604,320.291016,0.000000,-0.317757,0.000000,12.000000
320.291016,320.361359,-63.503696,320.291016,0.000000,-0.386821,0.000000,14.000000
290.291016,320.361359,-63.502331,320.275879,-10.276304,0.582593,-10.084058,-1991.000000
290.291016,320.343781,-63.500721,320.149811,-34.101219,-5.387377,-35.294205,-2661.000000
290.291016,320.058990,-63.499123,319.897736,-52.975140,-48.329529,-60.504349,-1758.000000
290.291016,319.513855,-63.496964,319.519592,-75.377937,-94.035126,-85.714508,-885.000000
290.291016,319.246277,-63.492573,319.015381,-107.977386,-56.808201,-110.924667,-3503.000000
290.291016,319.215729,-63.483814,318.385132,-135.006653,-19.605333,-136.134827,-5911.000000
290.291016,318.764679,-63.475803,317.628815,-152.966507,-83.363670,-161.344986,-4194.000000
290.291016,318.075775,-63.448872,316.746460,-180.034973,-118.578766,-186.555145,-3889.000000
290.291016,317.755096,-63.408211,315.738068,-213.241577,-73.721085,-211.765305,-6816.000000
290.291016,317.345825,-63.348289,314.603607,-235.691193,-86.405617,-236.975433,-7182.000000
290.291016,316.504425,-63.265900,313.343109,-258.379150,-153.261063,-262.185516,-5526.000000
290.291016,315.752014,-63.154778,311.956543,-290.918701,-145.004303,-287.395630,-7056.000000
290.291016,315.137817,-63.007545,310.443939,-317.923553,-131.393387,-312.605713,-8579.000000
290.291016,314.095367,-62.821552,308.805267,-338.404907,-197.928345,-337.815796,-6852.000000
290.291016,312.864044,-62.642536,307.040558,-368.003754,-231.245407,-363.025909,-6713.000000
290.291016,311.888062,-62.405437,305.149811,-399.996246,-202.272003,-388.235992,-8999.000000
290.291016,310.641876,-62.060310,303.284241,-370.643524,-245.837631,-363.025909,-3096.000000
290.291016,309.347137,-61.660545,301.544739,-353.787903,-249.245163,-337.815796,-2337.000000
290.291016,308.451141,-61.200039,299.931274,-335.996307,-194.177673,-312.605713,-3735.000000
290.291016,307.198090,-60.889320,298.443878,-302.781799,-245.690643,-287.395630,-557.000000
290.291016,305.604126,-60.289867,297.082520,-277.597412,-296.974701,-262.185516,2311.000000
290.291016,304.476593,-59.754005,295.847229,-261.618896,-236.624756,-236.975433,647.000000
290.291016,303.616577,-59.168358,294.738007,-239.591843,-188.662979,-211.765289,-326.000000
290.291016,302.506378,-58.678970,293.714447,-218.383865,-222.517395,-196.639191,1738.000000
290.291016,300.983826,-57.800449,292.806885,-187.639420,-284.671112,-171.429031,5223.000000
290.291016,299.821320,-56.898693,292.025360,-168.670273,-237.362839,-146.218872,4160.000000
290.291016,298.854797,-55.975849,291.369904,-140.265915,-207.673965,-121.008713,4112.000000
290.291016,297.558441,-55.041321,290.840485,-108.404793,-246.583847,-95.798553,6766.000000
290.291016,296.513092,-54.292461,290.437134,-86.618431,-212.525970,-70.588394,6306.000000
290.291016,295.651215,-53.530678,290.291016,-15.419816,-185.561646,0.000000,6380.000000
290.291016,294.885010,-53.139973,290.291016,-12.395366,-161.009521,0.000000,5573.000000
290.291016,294.053162,-52.353092,290.291016,-7.914502,-165.060394,0.000000,5893.000000
290.291016,293.372040,-51.400196,290.291016,-9.868119,-146.918655,0.000000,5139.000000
290.291016,292.883118,-50.487301,290.291016,-5.407382,-120.141556,0.000000,4302.000000
290.291016,292.414551,-49.620129,290.291016,-4.425082,-101.529205,0.000000,3641.000000
290.291016,292.007324,-48.804058,290.291016,-2.896622,-85.181862,0.000000,3086.000000
290.291016,291.642822,-48.040550,290.291016,-1.649691,-75.074127,0.000000,2753.000000
290.291016,291.344574,-47.330399,290.291016,-1.828837,-62.131821,0.000000,2261.000000
290.291016,291.150909,-46.673306,290.291016,-1.715808,-43.162945,0.000000,1555.000000
290.291016,290.986145,-46.069454,290.291016,-0.308263,-35.062889,0.000000,1303.000000
290.291016,290.798553,-45.517258,290.291016,0.076695,-37.896553,0.000000,1423.000000
290.291016,290.706085,-45.015087,290.291016,-1.870799,-22.174368,0.000000,761.000000
290.291016,290.670746,-44.560669,290.291016,-1.254994,-9.118391,0.000000,295.000000
290.291016,290.575439,-44.150902,290.291016,1.066187,-18.613316,0.000000,738.000000
290.291016,290.488342,-43.783340,290.291016,-0.636641,-17.050213,0.000000,616.000000
290.291016,290.513733,-43.454910,290.291016,-1.697111,-0.365440,0.000000,-280.000000
290.291016,290.521790,-43.162930,290.291016,-1.335494,-0.163047,0.000000,-280.000000
290.291016,290.484161,-42.904396,290.291016,-0.824295,-4.052858,0.000000,121.000000
290.291016,290.478973,-42.675797,290.291016,-1.059694,-0.745422,0.000000,-11.000000
290.291016,290.513031,-42.474915,290.291016,-1.730798,4.211271,0.000000,-280.000000
290.291016,290.521759,-42.298363,290.291016,-1.339806,3.641196,0.000000,-280.000000
290.291016,290.556854,-42.172958,290.291016,-1.963059,4.021687,0.000000,-280.000000
290.291016,290.583252,-42.060696,290.291016,-2.979508,6.776752,0.000000,-366.000000
290.291016,290.642700,-42.009953,290.291016,-2.512251,9.646730,0.000000,-455.000000
290.291016,290.687897,-41.895264,290.291016,-2.688035,8.168319,0.000000,-407.000000
290.291016,290.763824,-41.794861,290.291016,-3.679522,13.863738,0.000000,-658.000000
290.291016,290.812561,-41.706367,290.291016,-3.693388,10.405789,0.000000,-529.000000
290.291016,290.828735,-41.628094,290.291016,-2.968435,6.878889,0.000000,-370.000000
290.291016,290.870514,-41.558624,290.291016,-3.294741,7.219460,0.000000,-395.000000
290.291016,290.908234,-41.496635,290.291016,-3.802611,4.888758,0.000000,-326.000000
290.291016,290.917206,-41.440407,290.291016,-3.398933,3.176285,0.000000,-280.000000
290.291016,290.917908,-41.388561,290.291016,-3.370218,1.625394,0.000000,-280.000000
290.291016,290.917938,-41.340672,290.291016,-3.366638,-0.953993,0.000000,-280.000000
290.291016,290.879730,-41.295910,290.291016,-2.883428,-3.961837,0.000000,-280.000000
290.291016,290.840027,-41.253628,290.291016,-2.466292,-5.555970,0.000000,-280.000000
290.291016,290.830841,-41.213055,290.291016,-2.875822,-5.888404,0.000000,-280.000000
290.291016,290.789612,-41.173775,290.291016,-2.526508,-5.641921,0.000000,-280.000000
290.291016,290.748138,-41.136021,290.291016,-2.186140,-8.361903,0.000000,-280.000000
290.291016,290.702148,-41.099350,290.291016,-2.051652,-8.648212,0.000000,-280.000000
290.291016,290.664124,-41.062943,290.291016,-1.559064,-6.665227,0.000000,-280.000000
290.291016,290.637482,-41.026527,290.291016,-0.554015,-7.894007,0.000000,275.000000
290.291016,290.556641,-40.990944,290.291016,0.218622,-13.435137,0.000000,512.000000
290.291016,290.542694,-40.956287,290.291016,-2.602338,-4.433823,0.000000,-280.000000
290.291016,290.582153,-40.935104,290.291016,-3.035093,4.417095,0.000000,-280.000000
290.291016,290.580048,-40.899723,290.291016,-0.930199,0.596952,0.000000,-58.000000
290.291016,290.529236,-40.865459,290.291016,-1.010347,-7.321774,0.000000,236.000000
290.291016,290.484711,-40.845264,290.291016,-0.805682,-8.133028,0.000000,275.000000
290.291016,290.478973,-40.812469,290.291016,-1.062829,-2.866459,0.000000,68.000000
290.291016,290.513031,-40.780548,290.291016,-1.737889,3.006583,0.000000,-280.000000
290.291016,290.483490,-40.749847,290.291016,-0.863169,-2.554855,0.000000,63.000000
290.291016,290.440674,-40.720737,290.291016,-0.585323,-8.175305,0.000000,284.000000
290.291016,290.428711,-40.693230,290.291016,-1.119456,-4.516838,0.000000,128.000000
290.291016,290.434113,-40.666969,290.291016,0.000000,0.364739,0.000000,-14.000000
290.291016,290.434570,-40.641830,290.291016,0.000000,-0.289897,0.000000,11.000000
290.291016,290.396301,-40.618031,290.291016,0.000000,-2.112270,0.000000,79.000000
290.291016,290.391083,-40.595951,290.291016,0.000000,-1.267405,0.000000,48.000000
290.291016,290.390656,-40.575356,290.291016,0.000000,-0.280301,0.000000,10.000000
290.291016,290.390656,-40.556133,290.291016,0.000000,-0.623102,0.000000,23.000000
290.291016,290.390656,-40.538517,290.291016,0.000000,-0.412600,0.000000,15.000000
290.291016,290.390656,-40.522923,290.291016,0.000000,-0.288557,0.000000,11.000000
290.291016,290.390656,-40.509342,290.291016,0.000000,-0.048512,0.000000,2.000000
290.291016,290.390656,-40.497276,290.291016,0.000000,-0.145468,0.000000,5.000000
290.291016,290.390656,-40.486885,290.291016,0.000000,0.030007,0.000000,-1.000000
290.291016,290.390656,-40.478558,290.291016,0.000000,-0.043209,0.000000,2.000000
290.291016,290.390656,-40.472073,290.291016,0.000000,0.079469,0.000000,-3.000000
290.291016,290.390656,-40.466988,290.291016,0.000000,0.503306,0.000000,-19.000000
290.291016,290.390656,-40.464001,290.291016,0.000000,-0.027833,0.000000,1.000000
290.291016,290.390656,-40.461624,290.291016,0.000000,0.351769,0.000000,-13.000000
290.291016,290.390656,-40.460560,290.291016,0.000000,0.133914,0.000000,-5.000000
290.291016,290.390656,-40.460339,290.291016,0.000000,-0.039468,0.000000,2.000000
290.291016,290.390656,-40.460690,290.291016,0.000000,0.962077,0.000000,-36.000000
290.291016,290.408234,-40.461666,290.291016,0.000000,1.264635,0.000000,-48.000000
290.291016,290.432556,-40.463165,290.291016,0.000000,1.331477,0.000000,-50.000000
290.291016,290.434418,-40.464947,290.291016,0.000000,1.130006,0.000000,-42.000000
290.291016,290.434570,-40.467434,290.291016,0.000000,1.288407,0.000000,-49.000000
290.291016,290.434570,-40.469837,290.291016,0.000000,1.623783,0.000000,-61.000000
290.291016,290.434570,-40.472080,290.291016,0.000000,0.340921,0.000000,-13.000000
290.291016,290.434570,-40.473553,290.291016,0.000000,0.683342,0.000000,-26.000000
290.291016,290.434570,-40.474392,290.291016,0.000000,-0.505007,0.000000,19.000000
290.291016,290.434570,-40.474941,290.291016,0.000000,-0.390668,0.000000,15.000000
290.291016,290.434570,-40.474754,290.291016,0.000000,-0.551658,0.000000,21.000000
290.291016,290.434570,-40.474068,290.291016,0.000000,-0.947409,0.000000,36.000000
290.291016,290.434570,-40.472771,290.291016,0.000000,-1.042080,0.000000,39.000000
290.291016,290.434570,-40.470695,290.291016,0.000000,-0.432239,0.000000,16.000000
290.291016,290.434570,-40.467411,290.291016,0.000000,-0.136753,0.000000,5.000000
290.291016,290.434570,-40.463490,290.291016,0.000000,-0.697418,0.000000,26.000000
290.291016,290.400391,-40.459187,290.291016,0.000000,-0.620785,0.000000,24.000000
290.291016,290.408966,-40.455379,290.291016,0.000000,0.036169,0.000000,-1.000000
290.291016,290.392059,-40.450294,290.291016,0.000000,-0.621687,0.000000,23.000000
290.291016,290.390747,-40.445278,290.291016,0.000000,0.094582,0.000000,-4.000000
290.291016,290.390656,-40.440365,290.291016,0.000000,-0.590879,0.000000,22.000000
290.291016,290.390656,-40.435745,290.291016,0.000000,-0.296008,0.000000,11.000000
290.291016,290.390656,-40.431454,290.291016,0.000000,-0.191056,0.000000,7.000000
290.291016,290.390656,-40.428303,290.291016,0.000000,-0.165461,0.000000,6.000000
290.291016,290.390656,-40.426842,290.291016,0.000000,0.137623,0.000000,-5.000000
290.291016,290.390656,-40.424305,290.291016,0.000000,0.559438,0.000000,-21.000000
290.291016,290.390656,-40.421631,290.291016,0.000000,-0.032223,0.000000,1.000000
290.291016,290.390656,-40.419891,290.291016,0.000000,0.371741,0.000000,-14.000000
290.291016,290.390656,-40.418350,290.291016,0.000000,-0.064444,0.000000,2.000000
290.291016,290.392914,-40.417263,290.291016,0.000000,0.282912,0.000000,-11.000000
290.291016,290.390839,-40.416481,290.291016,0.000000,-0.339268,0.000000,12.000000
290.291016,290.390656,-40.416096,290.291016,0.000000,0.173068,0.000000,-7.000000
290.291016,290.390656,-40.416035,290.291016,0.000000,0.566840,0.000000,-21.000000
290.291016,290.390656,-40.416218,290.291016,0.000000,-0.362732,0.000000,14.000000
290.291016,290.390656,-40.416336,290.291016,0.000000,-0.244436,0.000000,9.000000
290.291016,290.418762,-40.416565,290.291016,0.000000,0.640820,0.000000,-24.000000
290.291016,290.433350,-40.416809,290.291016,0.000000,0.533977,0.000000,-20.000000
290.291016,290.397736,-40.417011,290.291016,0.000000,-0.203048,0.000000,7.000000
290.291016,290.414124,-40.417107,290.291016,0.000000,-0.039789,0.000000,1.000000
290.291016,290.396271,-40.417023,290.291016,0.000000,-0.325923,0.000000,12.000000
290.291016,290.399689,-40.416637,290.291016,0.000000,-0.043315,0.000000,2.000000
290.291016,290.419464,-40.415913,290.291016,0.000000,0.326795,0.000000,-12.000000
290.291016,290.405701,-40.414970,290.291016,0.000000,-0.038947,0.000000,2.000000
290.291016,290.391815,-40.413868,290.291016,0.000000,-0.000916,0.000000,0.000000
290.291016,290.397064,-40.412186,290.291016,0.000000,-0.276206,0.000000,10.000000
290.291016,290.391144,-40.410385,290.291016,0.000000,-0.488268,0.000000,19.000000
290.291016,290.390656,-40.408440,290.291016,0.000000,-0.714998,0.000000,27.000000
290.291016,290.390656,-40.406288,290.291016,0.000000,-0.395438,0.000000,15.000000
290.291016,290.390656,-40.404583,290.291016,0.000000,0.297110,0.000000,-11.000000
290.291016,290.390656,-40.403378,290.291016,0.000000,0.046566,0.000000,-2.000000
290.291016,290.390656,-40.401459,290.291016,0.000000,-0.003483,0.000000,0.000000
290.291016,290.390656,-40.399624,290.291016,0.000000,-0.147804,0.000000,6.000000
290.291016,290.390656,-40.397789,290.291016,0.000000,-0.191474,0.000000,7.000000
290.291016,290.390656,-40.396278,290.291016,0.000000,-0.029980,0.000000,1.000000
290.291016,290.390656,-40.395103,290.291016,0.000000,0.254373,0.000000,-10.000000
290.291016,290.390656,-40.394344,290.291016,0.000000,-0.023766,0.000000,1.000000
290.291016,290.390656,-40.393951,290.291016,0.000000,-0.051768,0.000000,2.000000
290.291016,290.390656,-40.393837,290.291016,0.000000,0.406509,0.000000,-16.000000
290.291016,290.390656,-40.393753,290.291016,0.000000,-0.209849,0.000000,8.000000
290.291016,290.390656,-40.393799,290.291016,0.000000,0.018396,0.000000,-1.000000
290.291016,290.399231,-40.393978,290.291016,0.000000,0.172426,0.000000,-6.000000
290.291016,290.403687,-40.394176,290.291016,0.000000,-0.256890,0.000000,10.000000
290.291016,290.397980,-40.394131,290.291016,0.000000,-0.137480,0.000000,6.000000
290.291016,290.391205,-40.393848,290.291016,0.000000,-0.247196,0.000000,9.000000
290.291016,290.408264,-40.393364,290.291016,0.000000,0.508740,0.000000,-19.000000
290.291016,290.391998,-40.392670,290.291016,0.000000,-0.198482,0.000000,7.000000
290.291016,290.390747,-40.391518,290.291016,0.000000,-0.159741,0.000000,6.000000
290.291016,290.390656,-40.390125,290.291016,0.000000,0.342855,0.000000,-13.000000
290.291016,290.390656,-40.388554,290.291016,0.000000,-0.580098,0.000000,21.000000
290.291016,290.390656,-40.386692,290.291016,0.000000,0.148428,0.000000,-5.000000
290.291016,290.390656,-40.384712,290.291016,0.000000,0.287753,0.000000,-11.000000
290.291016,290.390656,-40.383057,290.291016,0.000000,-0.103730,0.000000,3.000000
290.291016,290.390656,-40.381367,290.291016,0.000000,0.198372,0.000000,-7.000000
290.291016,290.390656,-40.380524,290.291016,0.000000,-0.133375,0.000000,5.000000
290.291016,290.390656,-40.378658,290.291016,0.000000,0.009136,0.000000,0.000000
260.291016,290.390656,-40.376373,290.240601,-20.443949,-0.294086,-20.168116,-2339.000000
260.291016,290.282349,-40.374325,290.064117,-42.004143,-22.998972,-45.378262,-2297.000000
260.291016,289.839661,-40.372349,289.761597,-61.622349,-76.555923,-70.588417,-1025.000000
260.291016,289.376099,-40.369404,289.333038,-89.422234,-84.468895,-95.798576,-1770.000000
260.291016,289.292480,-40.363319,288.778412,-120.634201,-27.145903,-121.008728,-5090.000000
260.291016,289.110321,-40.349461,288.097748,-141.531174,-44.547092,-146.218887,-5221.000000
260.291016,288.450989,-40.327244,287.291016,-162.493744,-113.603752,-171.429047,-3418.000000
260.291016,287.902985,-40.306324,286.358246,-194.501617,-103.373978,-196.639206,-5001.000000
260.291016,287.629547,-40.255642,285.299408,-223.656998,-66.449181,-221.849365,-7479.000000
260.291016,287.007599,-40.198185,284.114532,-242.711761,-118.894798,-247.059479,-6228.000000
260.291016,286.117889,-40.138638,282.803589,-270.025360,-160.381607,-272.269562,-5696.000000
260.291016,285.510284,-40.005589,281.366638,-302.930756,-129.631332,-297.479645,-8083.000000
260.291016,284.709503,-39.835514,279.803589,-325.373444,-158.271393,-322.689758,-7850.000000
260.291016,283.521667,-39.626064,278.114502,-348.233795,-222.041229,-347.899841,-6316.000000
260.291016,282.426727,-39.371014,276.299377,-380.773346,-212.989380,-373.109924,-7876.000000
260.291016,281.390503,-39.040550,274.388458,-387.121979,-217.345520,-378.151947,-4782.000000
260.291016,280.009033,-38.648186,272.573334,-363.561523,-258.434296,-352.941864,-2359.000000
260.291016,279.023407,-38.200226,270.884247,-350.178162,-205.960617,-327.731781,-3825.000000
260.291016,278.018005,-37.692772,269.321198,-321.644348,-209.973206,-302.521667,-2604.000000
260.291016,276.500275,-37.246246,267.884216,-291.235626,-282.925446,-277.311584,1272.000000
260.291016,275.195618,-36.875015,266.573303,-274.797119,-259.466949,-252.101486,1009.000000
260.291016,274.266907,-36.296440,265.388428,-254.047745,-201.985001,-226.891388,-368.000000
260.291016,273.220001,-36.138107,264.319489,-234.634384,-212.051163,-211.765289,-2431.000000
260.291016,272.066711,-35.302891,263.336304,-207.513000,-262.346222,-186.555130,3640.000000
260.291016,270.651489,-34.609455,262.479156,-184.879654,-266.531830,-161.344971,4645.000000
260.291016,269.696991,-33.704182,261.748077,-156.332993,-199.885101,-136.134811,3217.000000
260.291016,268.702637,-32.779942,261.143036,-128.909195,-221.563599,-110.924652,5058.000000
260.291016,267.372375,-31.848824,260.664032,-100.504623,-251.933472,-85.714493,7262.000000
260.291016,266.466614,-30.916937,260.311066,-78.792816,-192.757355,-60.504330,5857.000000
260.291016,265.644623,-29.988886,260.291016,-14.984004,-171.665390,0.000000,5875.000000
260.291016,264.877075,-29.251440,260.291016,-12.022261,-160.328979,0.000000,5561.000000
260.291016,264.039063,-28.705072,260.291016,-7.816642,-163.591660,0.000000,5841.000000
260.291016,263.390930,-27.798859,260.291016,-8.292397,-136.064072,0.000000,4791.000000
260.291016,262.858215,-26.931686,260.291016,-5.790399,-111.102982,0.000000,3949.000000
260.291016,262.399109,-26.268780,260.291016,-4.385961,-94.428970,0.000000,3376.000000
260.291016,262.026794,-25.482828,260.291016,-3.489861,-80.472260,0.000000,2886.000000
260.291016,261.660797,-24.748573,260.291016,-2.310944,-74.126335,0.000000,2692.000000
260.291016,261.388245,-24.067463,260.291016,-3.533571,-56.397041,0.000000,1981.000000
260.291016,261.243195,-23.436760,260.291016,-3.439734,-37.877728,0.000000,1291.000000
260.291016,261.054535,-22.855989,260.291016,-0.910032,-37.339024,0.000000,1366.000000
260.291016,260.871674,-22.427511,260.291016,-0.311999,-36.281647,0.000000,1348.000000
260.291016,260.781555,-22.029984,260.291016,-2.150865,-19.476149,0.000000,649.000000
260.291016,260.744171,-21.575224,260.291016,-1.631000,-11.160968,0.000000,357.000000
260.291016,260.662476,-21.324366,260.291016,-0.897055,-14.851468,0.000000,523.000000
260.291016,260.606995,-20.940996,260.291016,-1.184503,-10.997079,0.000000,368.000000
260.291016,260.596588,-20.799694,260.291016,-1.651020,-2.928195,0.000000,-280.000000
260.291016,260.595764,-20.537357,260.291016,-1.685873,-2.305175,0.000000,-280.000000
260.291016,260.595734,-20.242281,260.291016,-1.690012,-2.139148,0.000000,-280.000000
260.291016,260.561249,-19.980993,260.291016,-1.035514,-4.839582,0.000000,143.000000
260.291016,260.552521,-19.750687,260.291016,-1.428709,-2.395897,0.000000,-280.000000
260.291016,260.590088,-19.548140,260.291016,-1.943876,6.336895,0.000000,-311.000000
260.291016,260.633545,-19.369631,260.291016,-2.194691,8.177941,0.000000,-389.000000
260.291016,260.677429,-19.212482,260.291016,-2.423074,9.274611,0.000000,-438.000000
260.291016,260.751770,-19.100771,260.291016,-3.488138,13.104924,0.000000,-622.000000
260.291016,260.804413,-19.001427,260.291016,-3.327797,10.364332,0.000000,-514.000000
260.291016,260.814606,-18.890705,260.291016,-2.872935,6.475575,0.000000,-351.000000
260.291016,260.871185,-18.792620,260.291016,-4.730919,8.960565,0.000000,-514.000000
260.291016,260.900848,-18.705399,260.291016,-3.404099,8.609439,0.000000,-451.000000
260.291016,260.937561,-18.627363,260.291016,-3.954000,3.791851,0.000000,-292.000000
260.291016,260.946503,-18.557243,260.291016,-3.554154,1.920864,0.000000,-280.000000
260.291016,260.947205,-18.505594,260.291016,-3.525456,2.368118,0.000000,-280.000000
260.291016,260.947235,-18.445047,260.291016,-3.521894,-0.150434,0.000000,-280.000000
260.291016,260.947235,-18.388441,260.291016,-3.522288,-0.614079,0.000000,-280.000000
260.291016,260.947235,-18.335443,260.291016,-3.522681,-1.240071,0.000000,-280.000000
260.291016,260.909027,-18.285442,260.291016,-3.039489,-3.429625,0.000000,-280.000000
260.291016,260.875641,-18.237635,260.291016,-2.337588,-5.492582,0.000000,-280.000000
260.291016,260.843079,-18.192028,260.291016,-1.600996,-6.887097,0.000000,-280.000000
260.291016,260.817596,-18.165682,260.291016,-2.743421,-6.925762,0.000000,-280.000000
260.291016,260.775055,-18.138977,260.291016,-2.448751,-7.417139,0.000000,-280.000000
260.291016,260.731262,-18.103334,260.291016,-2.217188,-8.510850,0.000000,-280.000000
260.291016,260.687317,-18.059929,260.291016,-1.988845,-6.738604,0.000000,-280.000000
260.291016,260.655762,-18.017988,260.291016,-1.204122,-6.807041,0.000000,-280.000000
260.291016,260.588867,-17.977600,260.291016,0.194626,-13.076671,0.000000,497.000000
260.291016,260.520203,-17.938631,260.291016,-0.685999,-11.616280,0.000000,409.000000
260.291016,260.536926,-17.901089,260.291016,-2.135705,-0.575768,0.000000,-280.000000
260.291016,260.585083,-17.865072,260.291016,-2.175281,5.908342,0.000000,-304.000000
260.291016,260.566742,-17.830696,260.291016,-0.797420,-2.051275,0.000000,47.000000
260.291016,260.514679,-17.797945,260.291016,-0.932496,-8.776890,0.000000,294.000000
260.291016,260.467834,-17.766775,260.291016,-0.836636,-8.750945,0.000000,296.000000
260.291016,260.464172,-17.748674,260.291016,-0.998020,-0.676825,0.000000,-13.000000
260.291016,260.504425,-17.719833,260.291016,-1.393873,5.228944,0.000000,-280.000000
260.291016,260.507538,-17.693079,260.291016,-1.252421,0.104702,0.000000,-280.000000
260.291016,260.451965,-17.668432,260.291016,0.651088,-7.674547,0.000000,311.000000
260.291016,260.388000,-17.645765,260.291016,-0.020300,-10.495602,0.000000,393.000000
260.291016,260.394501,-17.625095,260.291016,-1.922907,-0.753085,0.000000,-280.000000
260.291016,260.452423,-17.606382,260.291016,0.000000,7.099661,0.000000,-266.000000
260.291016,260.462982,-17.589453,260.291016,0.000000,2.552057,0.000000,-96.000000
260.291016,260.425568,-17.577295,260.291016,0.000000,-5.117264,0.000000,192.000000
260.291016,260.420349,-17.563816,260.291016,0.000000,-0.093291,0.000000,3.000000
260.291016,260.458221,-17.558891,260.291016,0.000000,4.486467,0.000000,-169.000000
260.291016,260.463440,-17.549728,260.291016,0.000000,-0.485334,0.000000,18.000000
260.291016,260.423309,-17.545536,260.291016,0.000000,-1.644780,0.000000,61.000000
260.291016,260.454651,-17.543549,260.291016,0.000000,1.068915,0.000000,-40.000000
260.291016,260.463165,-17.535889,260.291016,0.000000,0.541999,0.000000,-20.000000
260.291016,260.435699,-17.526987,260.291016,0.000000,-1.098910,0.000000,42.000000
260.291016,260.461700,-17.519001,260.291016,0.000000,0.372162,0.000000,-14.000000
260.291016,260.435577,-17.511705,260.291016,0.000000,-0.569755,0.000000,21.000000
260.291016,260.421143,-17.504990,260.291016,0.000000,-0.624951,0.000000,24.000000
260.291016,260.448181,-17.498993,260.291016,0.000000,0.414508,0.000000,-15.000000
260.291016,260.434540,-17.493587,260.291016,0.000000,-0.566347,0.000000,21.000000
260.291016,260.421082,-17.491611,260.291016,0.000000,-0.930081,0.000000,35.000000
260.291016,260.458282,-17.487833,260.291016,0.000000,0.579133,0.000000,-22.000000
260.291016,260.428986,-17.483591,260.291016,0.000000,-0.139594,0.000000,5.000000
260.291016,260.457397,-17.480698,260.291016,0.000000,0.480819,0.000000,-19.000000
260.291016,260.457062,-17.477577,260.291016,0.000000,0.227776,0.000000,-9.000000
260.291016,260.463379,-17.475012,260.291016,0.000000,0.175459,0.000000,-7.000000
260.291016,260.463867,-17.473272,260.291016,0.000000,0.769125,0.000000,-29.000000
260.291016,260.463867,-17.471378,260.291016,0.000000,0.598060,0.000000,-22.000000
260.291016,260.463867,-17.469561,260.291016,0.000000,0.206364,0.000000,-8.000000
260.291016,260.463867,-17.468206,260.291016,0.000000,0.322095,0.000000,-13.000000
260.291016,260.463867,-17.466446,260.291016,0.000000,0.261859,0.000000,-10.000000
260.291016,260.463867,-17.464582,260.291016,0.000000,-0.051676,0.000000,2.000000
260.291016,260.463867,-17.462515,260.291016,0.000000,-0.240486,0.000000,9.000000
260.291016,260.463867,-17.460239,260.291016,0.000000,-0.237772,0.000000,9.000000
260.291016,260.463867,-17.457758,260.291016,0.000000,-0.219859,0.000000,8.000000
260.291016,260.463867,-17.456038,260.291016,0.000000,-0.366882,0.000000,13.000000
260.291016,260.453339,-17.454035,260.291016,0.000000,-0.670039,0.000000,25.000000
260.291016,260.424805,-17.450459,260.291016,0.000000,-0.461293,0.000000,17.000000
260.291016,260.443268,-17.446939,260.291016,0.000000,-0.085752,0.000000,3.000000
260.291016,260.421722,-17.443502,260.291016,0.000000,-0.190988,0.000000,8.000000
260.291016,260.420074,-17.440220,260.291016,0.000000,-0.406762,0.000000,15.000000
260.291016,260.458191,-17.437302,260.291016,0.000000,0.548018,0.000000,-21.000000
260.291016,260.452881,-17.434767,260.291016,0.000000,-0.008112,0.000000,1.000000
260.291016,260.450623,-17.432590,260.291016,0.000000,0.450416,0.000000,-17.000000
260.291016,260.462860,-17.430588,260.291016,0.000000,0.416605,0.000000,-15.000000
260.291016,260.463806,-17.428726,260.291016,0.000000,0.133118,0.000000,-5.000000
260.291016,260.463867,-17.427050,260.291016,0.000000,0.598831,0.000000,-23.000000
260.291016,260.463867,-17.425436,260.291016,0.000000,0.505906,0.000000,-19.000000
260.291016,260.463867,-17.423738,260.291016,0.000000,-0.145442,0.000000,5.000000
260.291016,260.463867,-17.421978,260.291016,0.000000,-0.337210,0.000000,13.000000
260.291016,260.463867,-17.420382,260.291016,0.000000,0.134905,0.000000,-6.000000
260.291016,260.463867,-17.418642,260.291016,0.000000,-0.064351,0.000000,2.000000
260.291016,260.463867,-17.416481,260.291016,0.000000,-0.383090,0.000000,14.000000
260.291016,260.463867,-17.414083,260.291016,0.000000,-0.178167,0.000000,7.000000
260.291016,260.446289,-17.411425,260.291016,0.000000,-0.548459,0.000000,21.000000
260.291016,260.451965,-17.409065,260.291016,0.000000,-0.079551,0.000000,3.000000
260.291016,260.454346,-17.406265,260.291016,0.000000,-0.056720,0.000000,2.000000
260.291016,260.424866,-17.403412,260.291016,0.000000,-0.291988,0.000000,11.000000
260.291016,260.420319,-17.401253,260.291016,0.000000,-0.549783,0.000000,21.000000
260.291016,260.419952,-17.400234,260.291016,0.000000,0.235495,0.000000,-9.000000
260.291016,260.426270,-17.397751,260.291016,0.000000,0.018811,0.000000,-1.000000
260.291016,260.420410,-17.395449,260.291016,0.000000,0.050922,0.000000,-2.000000
260.291016,260.428558,-17.393528,260.291016,0.000000,-0.180591,0.000000,6.000000
260.291016,260.461121,-17.391815,260.291016,0.000000,0.403672,0.000000,-15.000000
260.291016,260.463654,-17.390257,260.291016,0.000000,0.460202,0.000000,-18.000000
260.291016,260.463867,-17.388830,260.291016,0.000000,0.044233,0.000000,-2.000000
260.291016,260.463867,-17.387613,260.291016,0.000000,0.521801,0.000000,-20.000000
260.291016,260.463867,-17.386374,260.291016,0.000000,0.301657,0.000000,-11.000000
260.291016,260.463867,-17.385134,260.291016,0.000000,0.232737,0.000000,-9.000000
260.291016,260.463867,-17.383778,260.291016,0.000000,0.139403,0.000000,-5.000000
260.291016,260.463867,-17.382904,260.291016,0.000000,-0.018728,0.000000,1.000000
260.291016,260.463867,-17.381229,260.291016,0.000000,-0.367216,0.000000,13.000000
260.291016,260.463867,-17.379547,260.291016,0.000000,-0.240561,0.000000,9.000000
260.291016,260.463867,-17.377853,260.291016,0.000000,-0.128607,0.000000,5.000000
260.291016,260.446289,-17.376059,260.291016,0.000000,-0.348458,0.000000,13.000000
260.291016,260.462524,-17.374363,260.291016,0.000000,0.214709,0.000000,-9.000000
260.291016,260.461517,-17.372629,260.291016,0.000000,0.017963,0.000000,0.000000
260.291016,260.463684,-17.370810,260.291016,0.000000,-0.038232,0.000000,1.000000
260.291016,260.463867,-17.369055,260.291016,0.000000,0.111574,0.000000,-4.000000
260.291016,260.463867,-17.367353,260.291016,0.000000,-0.184591,0.000000,7.000000
260.291016,260.457550,-17.365700,260.291016,0.000000,0.185825,0.000000,-7.000000
260.291016,260.463379,-17.365110,260.291016,0.000000,0.221695,0.000000,-8.000000
260.291016,260.463867,-17.363935,260.291016,0.000000,0.191345,0.000000,-8.000000
260.291016,260.463867,-17.362328,260.291016,0.000000,-0.072788,0.000000,3.000000
260.291016,260.463867,-17.360720,260.291016,0.000000,0.330494,0.000000,-12.000000
260.291016,260.435730,-17.359129,260.291016,0.000000,-0.646454,0.000000,24.000000
260.291016,260.461700,-17.357544,260.291016,0.000000,-0.039401,0.000000,1.000000
260.291016,260.463715,-17.356035,260.291016,0.000000,0.250875,0.000000,-10.000000
260.291016,260.453339,-17.354408,260.291016,0.000000,-0.129062,0.000000,5.000000
260.291016,260.463074,-17.353050,260.291016,0.000000,0.621260,0.000000,-23.000000
260.291016,260.463837,-17.351387,260.291016,0.000000,-0.226366,0.000000,8.000000
260.291016,260.460083,-17.350109,260.291016,0.000000,-0.126965,0.000000,4.000000
260.291016,260.463593,-17.348969,260.291016,0.000000,0.406652,0.000000,-15.000000
260.291016,260.463867,-17.347879,260.291016,0.000000,-0.002824,0.000000,0.000000
230.291031,260.463867,-17.346611,260.285980,-5.462852,-0.023836,-5.042029,-1788.000000
230.291031,260.408051,-17.345852,260.185120,-29.052172,-6.560382,-30.252174,-2427.000000
230.291031,260.145721,-17.344681,259.958252,-48.985466,-45.463676,-55.462318,-1717.000000
230.291031,259.643280,-17.342749,259.605316,-71.542862,-88.740364,-80.672478,-939.000000
230.291031,259.389130,-17.338757,259.126312,-103.409012,-53.120193,-105.882637,-3470.000000
230.291031,259.321381,-17.329546,258.521271,-129.773514,-27.499561,-131.092789,-5420.000000
230.291031,258.861389,-17.312160,257.790192,-148.004333,-81.231354,-156.302948,-4089.000000
230.291031,258.270416,-17.285379,256.933044,-177.149796,-106.195335,-181.513107,-4245.000000
230.291031,257.928284,-17.244825,255.949844,-206.792068,-74.255989,-206.723267,-6555.000000
230.291031,257.459930,-17.208927,254.840591,-229.555359,-96.635033,-231.933426,-6569.000000
230.291031,256.651184,-17.160303,253.605316,-252.847427,-145.985703,-257.143524,-5591.000000
230.291031,256.039551,-17.069689,252.243942,-287.742035,-138.972565,-282.353607,-7163.000000
230.291031,255.397491,-16.925894,250.756546,-315.864227,-138.791992,-307.563690,-8225.000000
230.291031,254.464798,-16.744738,249.143097,-335.686798,-187.108688,-332.773773,-7156.000000
230.291031,253.259750,-16.521782,247.403610,-361.779266,-226.001022,-357.983887,-6676.000000
230.291031,252.241287,-16.249464,245.538040,-393.354309,-207.648239,-383.193970,-8549.000000
230.291031,251.078247,-15.923074,243.647278,-376.824799,-232.481522,-368.067902,-3830.000000
230.291031,249.750137,-15.541165,241.882568,-357.203552,-254.765808,-342.857819,-2258.000000
230.291031,248.810074,-15.179252,240.243896,-341.516785,-199.555939,-317.647736,-3740.000000
230.291031,247.740250,-14.666045,238.731293,-313.408539,-218.579254,-292.437653,-1972.000000
230.291031,246.181473,-14.096110,237.344727,-282.382935,-289.425964,-267.227539,1848.000000
230.291031,244.879929,-13.471345,236.084229,-265.540710,-259.993744,-242.017456,1375.000000
230.291031,243.997177,-12.795101,234.949768,-246.864426,-194.108521,-216.807327,-395.000000
230.291031,243.083710,-12.071666,233.911087,-227.907898,-192.705368,-201.681229,-280.000000
230.291031,241.586853,-11.306964,232.978333,-191.746368,-279.501526,-176.471069,4874.000000
230.291031,240.151718,-10.498973,232.171600,-171.941605,-274.292786,-151.260910,5422.000000
230.291031,239.324234,-9.796988,231.490936,-150.624741,-191.573196,-126.050743,3119.000000
230.291031,238.106522,-8.885839,230.936295,-113.175163,-240.063202,-100.840584,6342.000000
230.291031,236.829086,-7.969968,230.507736,-90.925934,-244.119949,-75.630424,7328.000000
230.291031,236.033279,-7.229408,230.291031,-18.814051,-178.602997,0.000000,5992.000000
230.291031,235.151581,-6.302263,230.291031,-12.171011,-176.505112,0.000000,6162.000000
230.291031,234.251831,-5.394145,230.291031,-8.539894,-177.006805,0.000000,6317.000000
230.291031,233.579025,-4.857525,230.291031,-7.922379,-143.530533,0.000000,5085.000000
230.291031,232.931198,-4.320831,230.291031,-3.987817,-134.965729,0.000000,4911.000000
230.291031,232.353043,-3.457406,230.291031,-3.521521,-114.789566,0.000000,4172.000000
230.291031,232.013763,-2.640196,230.291031,-3.342358,-80.428490,0.000000,2890.000000
230.291031,231.562317,-1.872140,230.291031,0.602559,-87.703827,0.000000,3311.000000
230.291031,231.230240,-1.153789,230.291031,-1.093165,-67.876198,0.000000,2504.000000
230.291031,231.092026,-0.485061,230.291031,-2.889146,-37.084045,0.000000,1282.000000
230.291031,230.869415,0.132545,230.291031,0.321175,-44.816341,0.000000,1692.000000
230.291031,230.658691,0.699433,230.291031,-0.331160,-39.107872,0.000000,1454.000000
230.291031,230.575607,1.217789,230.291031,0.340414,-22.588549,0.000000,860.000000
230.291031,230.494415,1.687586,230.291031,1.096490,-22.880827,0.000000,899.000000
230.291031,230.377747,2.111186,230.291031,0.266657,-17.204918,0.000000,656.000000
230.291031,230.362610,2.491919,230.291031,-0.412833,-6.585406,0.000000,232.000000
230.291031,230.333328,2.831538,230.291031,0.470940,-9.399530,0.000000,370.000000
230.291031,230.280380,3.134462,230.291031,0.297520,-7.569257,0.000000,296.000000
230.291031,230.314499,3.404217,230.291031,0.000000,4.021680,0.000000,-151.000000
230.291031,230.323242,3.642924,230.291031,0.000000,1.665404,0.000000,-62.000000
230.291031,230.317856,3.852908,230.291031,0.000000,-0.930876,0.000000,35.000000
230.291031,230.317429,4.036871,230.291031,0.000000,0.303206,0.000000,-11.000000
230.291031,230.334991,4.197929,230.291031,0.000000,2.116377,0.000000,-80.000000
230.291031,230.376877,4.338450,230.291031,0.000000,6.314867,0.000000,-236.000000
230.291031,230.420670,4.459731,230.291031,0.000000,9.823319,0.000000,-369.000000
230.291031,230.502823,4.563909,230.291031,-1.101336,15.387158,0.000000,-619.000000
230.291031,230.534439,4.636407,230.291031,-1.399039,7.581312,0.000000,-338.000000
230.291031,230.536896,4.700302,230.291031,-1.289029,3.277331,0.000000,-280.000000
230.291031,230.571564,4.757291,230.291031,-1.934606,6.192753,0.000000,-305.000000
230.291031,230.618576,4.820735,230.291031,-2.025613,10.019264,0.000000,-453.000000
230.291031,230.665054,4.877303,230.291031,-2.142496,6.146804,0.000000,-311.000000
230.291031,230.668655,4.928272,230.291031,-1.981158,3.869771,0.000000,-280.000000
230.291031,230.668930,4.974695,230.291031,-1.966413,3.100696,0.000000,-280.000000
230.291031,230.672760,5.017876,230.291031,-1.795972,0.306428,0.000000,-280.000000
230.291031,230.669266,5.057917,230.291031,-1.954234,-1.909804,0.000000,-280.000000
230.291031,230.668991,5.094815,230.291031,-1.967383,-2.365223,0.000000,-280.000000
230.291031,230.630707,5.129018,230.291031,-1.483739,-6.249238,0.000000,-280.000000
230.291031,230.587189,5.161159,230.291031,-1.235073,-7.883355,0.000000,-280.000000
230.291031,230.563965,5.191744,230.291031,-0.079714,-4.971870,0.000000,183.000000
230.291031,230.539185,5.215495,230.291031,-1.188641,-4.373493,0.000000,119.000000
230.291031,230.519714,5.244585,230.291031,0.133745,-4.064269,0.000000,156.000000
230.291031,230.497528,5.273119,230.291031,-0.859566,-6.210707,0.000000,200.000000
230.291031,230.455261,5.300875,230.291031,-0.555883,-4.991451,0.000000,166.000000
230.291031,230.484161,5.327853,230.291031,-1.458300,0.417766,0.000000,-280.000000
230.291031,230.492462,5.354250,230.291031,-1.085650,0.769574,0.000000,-70.000000
230.291031,230.454849,5.379941,230.291031,-0.572526,-4.646155,0.000000,152.000000
230.291031,230.415207,5.404375,230.291031,-0.153370,-5.432274,0.000000,197.000000
230.291031,230.406052,5.427666,230.291031,-0.562787,-2.919028,0.000000,87.000000
230.291031,230.422943,5.450375,230.291031,0.000000,1.081074,0.000000,-40.000000
230.291031,230.447174,5.472400,230.291031,0.000000,2.043885,0.000000,-76.000000
230.291031,230.449051,5.489718,230.291031,0.000000,-0.623852,0.000000,23.000000
230.291031,230.408707,5.510749,230.291031,0.000000,-2.441752,0.000000,92.000000
230.291031,230.405563,5.514949,230.291031,0.000000,-2.102076,0.000000,79.000000
230.291031,230.405319,5.535662,230.291031,0.000000,-0.978689,0.000000,36.000000
230.291031,230.405319,5.551458,230.291031,0.000000,0.257248,0.000000,-9.000000
230.291031,230.405319,5.570017,230.291031,0.000000,-0.001577,0.000000,1.000000
230.291031,230.405319,5.587417,230.291031,0.000000,-0.487150,0.000000,19.000000
230.291031,230.405319,5.603556,230.291031,0.000000,-0.451257,0.000000,17.000000
230.291031,230.405319,5.618608,230.291031,0.000000,-0.806853,0.000000,30.000000
230.291031,230.405319,5.629853,230.291031,0.000000,-0.598382,0.000000,22.000000
230.291031,230.364746,5.640368,230.291031,0.000000,-0.663772,0.000000,25.000000
230.291031,230.361603,5.652786,230.291031,0.000000,-0.423864,0.000000,16.000000
230.291031,230.378922,5.664040,230.291031,0.000000,0.364864,0.000000,-13.000000
230.291031,230.368759,5.673957,230.291031,0.000000,-0.463302,0.000000,17.000000
230.291031,230.361908,5.682685,230.291031,0.000000,-0.291002,0.000000,11.000000
230.291031,230.361389,5.690055,230.291031,0.000000,-0.454244,0.000000,17.000000
230.291031,230.361359,5.696299,230.291031,0.000000,-0.917869,0.000000,34.000000
230.291031,230.361359,5.701433,230.291031,0.000000,-0.062273,0.000000,2.000000
230.291031,230.361359,5.705386,230.291031,0.000000,0.131324,0.000000,-5.000000
230.291031,230.361359,5.708447,230.291031,0.000000,-0.289692,0.000000,11.000000
230.291031,230.361359,5.710924,230.291031,0.000000,-1.174757,0.000000,44.000000
230.291031,230.361359,5.712538,230.291031,0.000000,0.175838,0.000000,-6.000000
230.291031,230.361359,5.713251,230.291031,0.000000,0.617552,0.000000,-23.000000
230.291031,230.361359,5.712952,230.291031,0.000000,0.202005,0.000000,-8.000000
230.291031,230.361359,5.711927,230.291031,0.000000,0.273948,0.000000,-10.000000
230.291031,230.361359,5.710944,230.291031,0.000000,0.964137,0.000000,-36.000000
230.291031,230.395813,5.709341,230.291031,0.000000,1.256962,0.000000,-47.000000
230.291031,230.404556,5.707070,230.291031,0.000000,1.066689,0.000000,-40.000000
230.291031,230.405228,5.704485,230.291031,0.000000,0.684405,0.000000,-26.000000
230.291031,230.405258,5.701864,230.291031,0.000000,1.018480,0.000000,-38.000000
230.291031,230.405258,5.699372,230.291031,0.000000,0.507818,0.000000,-19.000000
230.291031,230.405258,5.697167,230.291031,0.000000,0.389120,0.000000,-14.000000
230.291031,230.405258,5.695315,230.291031,0.000000,-0.007374,0.000000,0.000000
230.291031,230.405258,5.693775,230.291031,0.000000,-0.014474,0.000000,1.000000
230.291031,230.405258,5.692664,230.291031,0.000000,-0.183986,0.000000,7.000000
230.291031,230.405258,5.691978,230.291031,0.000000,-0.447766,0.000000,16.000000
230.291031,230.405258,5.691885,230.291031,0.000000,-0.550146,0.000000,20.000000
230.291031,230.405258,5.692343,230.291031,0.000000,-0.612635,0.000000,23.000000
230.291031,230.405258,5.693491,230.291031,0.000000,-0.772707,0.000000,30.000000
230.291031,230.387695,5.694993,230.291031,0.000000,-0.942249,0.000000,36.000000
230.291031,230.367172,5.696778,230.291031,0.000000,-0.460264,0.000000,18.000000
230.291031,230.361786,5.699050,230.291031,0.000000,-0.138933,0.000000,6.000000
230.291031,230.361359,5.701777,230.291031,0.000000,-0.903027,0.000000,34.000000
230.291031,230.361359,5.704614,230.291031,0.000000,-0.260376,0.000000,10.000000
230.291031,230.361359,5.707568,230.291031,0.000000,0.312067,0.000000,-12.000000
230.291031,230.361359,5.709367,230.291031,0.000000,0.059940,0.000000,-2.000000
230.291031,230.361359,5.712420,230.291031,0.000000,-0.685080,0.000000,26.000000
230.291031,230.361359,5.715053,230.291031,0.000000,0.161653,0.000000,-6.000000
230.291031,230.361359,5.716438,230.291031,0.000000,-0.669721,0.000000,25.000000
230.291031,230.361359,5.719817,230.291031,0.000000,0.349625,0.000000,-13.000000
230.291031,230.361359,5.723115,230.291031,0.000000,0.046425,0.000000,-1.000000
230.291031,230.361359,5.726210,230.291031,0.000000,-0.075878,0.000000,3.000000
230.291031,230.361359,5.728993,230.291031,0.000000,-0.068838,0.000000,3.000000
230.291031,230.361359,5.731480,230.291031,0.000000,-0.184066,0.000000,7.000000
230.291031,230.361359,5.733539,230.291031,0.000000,-0.319132,0.000000,12.000000
230.291031,230.361359,5.735277,230.291031,0.000000,0.201552,0.000000,-7.000000
230.291031,230.361359,5.736398,230.291031,0.000000,-0.002875,0.000000,0.000000
230.291031,230.361359,5.737535,230.291031,0.000000,0.375367,0.000000,-14.000000
230.291031,230.361359,5.738487,230.291031,0.000000,0.214661,0.000000,-8.000000
230.291031,230.361359,5.738952,230.291031,0.000000,0.107278,0.000000,-4.000000
230.291031,230.361359,5.739035,230.291031,0.000000,0.534038,0.000000,-19.000000
230.291031,230.361359,5.738872,230.291031,0.000000,0.332215,0.000000,-13.000000
230.291031,230.395538,5.738557,230.291031,0.000000,0.164995,0.000000,-6.000000
230.291031,230.386948,5.738320,230.291031,0.000000,-0.114888,0.000000,4.000000
230.291031,230.403870,5.738023,230.291031,0.000000,0.571521,0.000000,-21.000000
230.291031,230.405182,5.737809,230.291031,0.000000,-0.009818,0.000000,0.000000
230.291031,230.405258,5.737873,230.291031,0.000000,0.092049,0.000000,-3.000000
230.291031,230.405258,5.738325,230.291031,0.000000,-0.001252,0.000000,0.000000
230.291031,230.405258,5.739144,230.291031,0.000000,-0.245665,0.000000,9.000000
230.291031,230.392441,5.740422,230.291031,0.000000,-0.055199,0.000000,2.000000
230.291031,230.366028,5.741880,230.291031,0.000000,-0.963985,0.000000,37.000000
230.291031,230.365479,5.743311,230.291031,0.000000,-0.597545,0.000000,22.000000
230.291031,230.361664,5.745910,230.291031,0.000000,-0.310273,0.000000,12.000000
230.291031,230.361359,5.748879,230.291031,0.000000,-0.714943,0.000000,26.000000
230.291031,230.361359,5.752125,230.291031,0.000000,-0.268061,0.000000,10.000000
230.291031,230.361359,5.755439,230.291031,0.000000,0.172269,0.000000,-6.000000
230.291031,230.361359,5.758819,230.291031,0.000000,-0.195116,0.000000,7.000000
230.291031,230.361359,5.762159,230.291031,0.000000,-0.259127,0.000000,10.000000
230.291031,230.361359,5.765292,230.291031,0.000000,0.258289,0.000000,-9.000000
230.291031,230.361359,5.768412,230.291031,0.000000,0.196417,0.000000,-7.000000
230.291031,230.361359,5.770350,230.291031,0.000000,0.023453,0.000000,-1.000000
230.291031,230.361359,5.773534,230.291031,0.000000,-0.366509,0.000000,14.000000
230.291031,230.361359,5.775837,230.291031,0.000000,0.915680,0.000000,-34.000000
230.291031,230.361359,5.778393,230.291031,0.000000,0.076733,0.000000,-2.000000
230.291031,230.361359,5.780299,230.291031,0.000000,-0.341822,0.000000,13.000000
230.291031,230.361359,5.782063,230.291031,0.000000,0.234502,0.000000,-9.000000
230.291031,230.361359,5.783664,230.291031,0.000000,0.155246,0.000000,-5.000000
230.291031,230.361359,5.785671,230.291031,0.000000,0.155957,0.000000,-6.000000
230.291031,230.361359,5.786953,230.291031,0.000000,-0.174266,0.000000,7.000000
230.291031,230.361359,5.789052,230.291031,0.000000,0.024081,0.000000,-1.000000
230.291031,230.361359,5.791077,230.291031,0.000000,0.150634,0.000000,-6.000000
230.291031,230.361359,5.793013,230.291031,0.000000,-0.346251,0.000000,13.000000
230.291031,230.361359,5.794484,230.291031,0.000000,0.132359,0.000000,-5.000000
230.291031,230.361359,5.795689,230.291031,0.000000,0.284315,0.000000,-11.000000
230.291031,230.361359,5.796992,230.291031,0.000000,0.183043,0.000000,-6.000000
230.291031,230.361359,5.798795,230.291031,0.000000,-0.460698,0.000000,18.000000
230.291031,230.361359,5.801186,230.291031,0.000000,0.078186,0.000000,-2.000000
230.291031,230.361359,5.803622,230.291031,0.000000,-0.036736,0.000000,2.000000
230.291031,230.361359,5.806061,230.291031,0.000000,-0.067292,0.000000,2.000000
230.291031,230.361359,5.808704,230.291031,0.000000,-0.074506,0.000000,3.000000
230.291031,230.361359,5.811357,230.291031,0.000000,-0.378926,0.000000,14.000000
230.291031,230.361359,5.813499,230.291031,0.000000,0.194714,0.000000,-7.000000
230.291031,230.361359,5.816435,230.291031,0.000000,-0.116379,0.000000,5.000000
230.291031,230.361359,5.819287,230.291031,0.000000,0.030310,0.000000,-1.000000
230.291031,230.361359,5.822001,230.291031,0.000000,0.077467,0.000000,-3.000000
230.291031,230.361359,5.824543,230.291031,0.000000,0.238421,0.000000,-8.000000
230.291031,230.361359,5.826880,230.291031,0.000000,-0.000276,0.000000,0.000000
230.291031,230.361359,5.829117,230.291031,0.000000,0.258603,0.000000,-10.000000
230.291031,230.361359,5.831124,230.291031,0.000000,0.132967,0.000000,-5.000000
230.291031,230.361359,5.832954,230.291031,0.000000,0.131031,0.000000,-5.000000
230.291031,230.361359,5.834598,230.291031,0.000000,-0.072525,0.000000,3.000000
230.291031,230.361359,5.835859,230.291031,0.000000,0.514796,0.000000,-19.000000
230.291031,230.367661,5.837457,230.291031,0.000000,0.252690,0.000000,-9.000000
230.291031,230.361816,5.838678,230.291031,0.000000,-0.337087,0.000000,13.000000
230.291031,230.361359,5.839985,230.291031,0.000000,0.051049,0.000000,-2.000000
230.291031,230.361359,5.841489,230.291031,0.000000,-0.096178,0.000000,4.000000
230.291031,230.361359,5.842102,230.291031,0.000000,0.396489,0.000000,-15.000000
230.291031,230.361359,5.843740,230.291031,0.000000,-0.538756,0.000000,20.000000
230.291031,230.361359,5.845513,230.291031,0.000000,-0.081638,0.000000,3.000000
230.291031,230.361359,5.847450,230.291031,0.000000,-0.072588,0.000000,3.000000
230.291031,230.361359,5.849402,230.291031,0.000000,-0.505075,0.000000,19.000000
230.291031,230.361359,5.851285,230.291031,0.000000,0.115938,0.000000,-4.000000
230.291031,230.361359,5.853254,230.291031,0.000000,-0.201801,0.000000,8.000000
230.291031,230.361359,5.855312,230.291031,0.000000,-0.290828,0.000000,11.000000
230.291031,230.361359,5.857517,230.291031,0.000000,0.041974,0.000000,-2.000000
230.291031,230.361359,5.859715,230.291031,0.000000,-0.039015,0.000000,1.000000
230.291031,230.361359,5.861787,230.291031,0.000000,0.335001,0.000000,-13.000000
230.291031,230.361359,5.863805,230.291031,0.000000,0.210370,0.000000,-8.000000
230.291031,230.361359,5.865352,230.291031,0.000000,-0.341722,0.000000,13.000000
230.291031,230.361359,5.866876,230.291031,0.000000,0.504692,0.000000,-19.000000
230.291031,230.361359,5.868732,230.291031,0.000000,-0.147302,0.000000,6.000000
230.291031,230.361359,5.870507,230.291031,0.000000,0.174133,0.000000,-7.000000
230.291031,230.361359,5.871884,230.291031,0.000000,-0.425679,0.000000,16.000000
230.291031,230.361359,5.873617,230.291031,0.000000,0.149760,0.000000,-5.000000
230.291031,230.371872,5.875234,230.291031,0.000000,0.341885,0.000000,-13.000000
230.291031,230.362152,5.876701,230.291031,0.000000,0.008038,0.000000,0.000000
230.291031,230.361389,5.878098,230.291031,0.000000,-0.114191,0.000000,5.000000
230.291031,230.361359,5.879541,230.291031,0.000000,0.048260,0.000000,-1.000000
230.291031,230.361359,5.881099,230.291031,0.000000,0.062658,0.000000,-3.000000
230.291031,230.361359,5.881778,230.291031,0.000000,0.287035,0.000000,-10.000000
230.291031,230.361359,5.883275,230.291031,0.000000,-0.589392,0.000000,22.000000
230.291031,230.361359,5.885180,230.291031,0.000000,0.075897,0.000000,-3.000000
230.291031,230.361359,5.886951,230.291031,0.000000,0.297281,0.000000,-11.000000
230.291031,230.361359,5.888596,230.291031,0.000000,0.139929,0.000000,-5.000000
230.291031,230.361359,5.890328,230.291031,0.000000,0.048014,0.000000,-2.000000
230.291031,230.361359,5.891970,230.291031,0.000000,0.033647,0.000000,-1.000000
230.291031,230.361359,5.893502,230.291031,0.000000,0.088364,0.000000,-3.000000
230.291031,230.361359,5.894699,230.291031,0.000000,0.218110,0.000000,-8.000000
230.291031,230.361359,5.895786,230.291031,0.000000,0.381914,0.000000,-14.000000
230.291031,230.361359,5.897188,230.291031,0.000000,-0.372005,0.000000,14.000000
230.291031,230.361359,5.898238,230.291031,0.000000,0.538971,0.000000,-20.000000
230.291031,230.361359,5.899596,230.291031,0.000000,-0.567882,0.000000,21.000000
230.291031,230.361359,5.901000,230.291031,0.000000,-0.323365,0.000000,13.000000
230.291031,230.361359,5.902571,230.291031,0.000000,-0.052985,0.000000,2.000000
230.291031,230.361359,5.904136,230.291031,0.000000,-0.244735,0.000000,9.000000
230.291031,230.361359,5.905671,230.291031,0.000000,0.288976,0.000000,-11.000000
230.291031,230.361359,5.907199,230.291031,0.000000,0.177069,0.000000,-6.000000
230.291031,230.361359,5.908436,230.291031,0.000000,-0.458935,0.000000,17.000000
230.291031,230.361359,5.909912,230.291031,0.000000,0.319552,0.000000,-12.000000
230.291031,230.361359,5.911098,230.291031,0.000000,-0.275632,0.000000,11.000000
230.291031,230.361359,5.912539,230.291031,0.000000,-0.050118,0.000000,2.000000
230.291031,230.361359,5.913968,230.291031,0.000000,0.233991,0.000000,-8.000000
230.291031,230.361359,5.915246,230.291031,0.000000,0.363411,0.000000,-14.000000
230.291031,230.361359,5.916158,230.291031,0.000000,-0.019434,0.000000,1.000000
230.291031,230.361359,5.917571,230.291031,0.000000,-0.524404,0.000000,19.000000
230.291031,230.361359,5.918921,230.291031,0.000000,-0.216266,0.000000,8.000000
230.291031,230.361359,5.920026,230.291031,0.000000,0.288694,0.000000,-10.000000
230.291031,230.361359,5.921529,230.291031,0.000000,0.161418,0.000000,-6.000000
230.291031,230.361359,5.922718,230.291031,0.000000,-0.312389,0.000000,12.000000
230.291031,230.361359,5.923800,230.291031,0.000000,-0.085808,0.000000,3.000000
230.291031,230.361359,5.924868,230.291031,0.000000,0.231254,0.000000,-9.000000
230.291031,230.361359,5.925498,230.291031,0.000000,-0.191183,0.000000,7.000000
230.291031,230.361359,5.926595,230.291031,0.000000,0.043002,0.000000,-1.000000
230.291031,230.361359,5.927264,230.291031,0.000000,0.067817,0.000000,-2.000000
230.291031,230.361359,5.928250,230.291031,0.000000,-0.263526,0.000000,10.000000
230.291031,230.361359,5.929531,230.291031,0.000000,0.069902,0.000000,-3.000000
230.291031,230.361359,5.930717,230.291031,0.000000,0.388936,0.000000,-14.000000
230.291031,230.361359,5.931948,230.291031,0.000000,-0.308444,0.000000,12.000000
230.291031,230.361359,5.933088,230.291031,0.000000,0.426678,0.000000,-16.000000
230.291031,230.361359,5.934515,230.291031,0.000000,-0.260313,0.000000,10.000000
230.291031,230.361359,5.935707,230.291031,0.000000,-0.028536,0.000000,1.000000
230.291031,230.361359,5.936901,230.291031,0.000000,-0.280696,0.000000,11.000000
230.291031,230.361359,5.938036,230.291031,0.000000,-0.198889,0.000000,7.000000
230.291031,230.361359,5.939269,230.291031,0.000000,0.036835,0.000000,-1.000000
230.291031,230.361359,5.939843,230.291031,0.000000,-0.468803,0.000000,18.000000
230.291031,230.361359,5.940744,230.291031,0.000000,-0.103654,0.000000,4.000000
230.291031,230.361359,5.941371,230.291031,0.000000,0.228983,0.000000,-8.000000
230.291031,230.361359,5.942994,230.291031,0.000000,0.121524,0.000000,-4.000000
230.291031,230.361359,5.944650,230.291031,0.000000,0.065475,0.000000,-2.000000
230.291031,230.361359,5.946389,230.291031,0.000000,-0.043177,0.000000,1.000000
230.291031,230.361359,5.948282,230.291031,0.000000,-0.059229,0.000000,3.000000
230.291031,230.361359,5.950190,230.291031,0.000000,0.637942,0.000000,-24.000000
230.291031,230.361359,5.951844,230.291031,0.000000,-0.023661,0.000000,1.000000
230.291031,230.361359,5.953341,230.291031,0.000000,-0.043811,0.000000,2.000000
230.291031,230.361359,5.954942,230.291031,0.000000,-0.555599,0.000000,21.000000
230.291031,230.361359,5.956342,230.291031,0.000000,0.223293,0.000000,-8.000000
230.291031,230.361359,5.958082,230.291031,0.000000,0.041747,0.000000,-2.000000
230.291031,230.361359,5.959375,230.291031,0.000000,-0.038379,0.000000,1.000000
230.291031,230.361359,5.961030,230.291031,0.000000,0.099582,0.000000,-4.000000
230.291031,230.361359,5.962743,230.291031,0.000000,-0.399488,0.000000,15.000000
230.291031,230.361359,5.964396,230.291031,0.000000,0.045966,0.000000,-2.000000
230.291031,230.361359,5.966060,230.291031,0.000000,0.275101,0.000000,-10.000000
230.291031,230.361359,5.967647,230.291031,0.000000,0.050000,0.000000,-2.000000
230.291031,230.361359,5.969244,230.291031,0.000000,0.089635,0.000000,-3.000000
230.291031,230.361359,5.970669,230.291031,0.000000,-0.014688,0.000000,1.000000
230.291031,230.361359,5.972080,230.291031,0.000000,0.567754,0.000000,-21.000000
230.291031,230.361359,5.973473,230.291031,0.000000,0.194792,0.000000,-7.000000
230.291031,230.361359,5.974847,230.291031,0.000000,-0.072328,0.000000,3.000000
230.291031,230.361359,5.975975,230.291031,0.000000,0.166984,0.000000,-6.000000
230.291031,230.361359,5.977089,230.291031,0.000000,-0.417940,0.000000,16.000000
230.291031,230.361359,5.977983,230.291031,0.000000,-0.073433,0.000000,3.000000
230.291031,230.361359,5.979498,230.291031,0.000000,-0.149864,0.000000,6.000000
230.291031,230.361359,5.981081,230.291031,0.000000,0.196091,0.000000,-7.000000
230.291031,230.361359,5.982724,230.291031,0.000000,0.237392,0.000000,-9.000000
230.291031,230.361359,5.984358,230.291031,0.000000,-0.634686,0.000000,24.000000
230.291031,230.361359,5.985905,230.291031,0.000000,-0.025737,0.000000,1.000000
230.291031,230.361359,5.987414,230.291031,0.000000,0.114274,0.000000,-5.000000
230.291031,230.361359,5.988801,230.291031,0.000000,0.161872,0.000000,-6.000000
230.291031,230.361359,5.990286,230.291031,0.000000,0.194027,0.000000,-7.000000
230.291031,230.361359,5.991823,230.291031,0.000000,0.231779,0.000000,-8.000000
230.291031,230.361359,5.993294,230.291031,0.000000,0.212634,0.000000,-7.000000
230.291031,230.361359,5.994936,230.291031,0.000000,0.436246,0.000000,-16.000000
230.291031,230.361359,5.996396,230.291031,0.000000,0.339817,0.000000,-13.000000
230.291031,230.367661,5.998338,230.291031,0.000000,-0.082440,0.000000,3.000000
230.291031,230.361816,6.000261,230.291031,0.000000,0.132329,0.000000,-4.000000
230.291031,230.361359,6.002200,230.291031,0.000000,-0.289230,0.000000,11.000000
230.291031,230.361359,6.004090,230.291031,0.000000,0.140633,0.000000,-5.000000
230.291031,230.361359,6.005800,230.291031,0.000000,-0.435503,0.000000,16.000000
230.291031,230.361359,6.007544,230.291031,0.000000,0.054609,0.000000,-2.000000
230.291031,230.361359,6.009176,230.291031,0.000000,0.043875,0.000000,-1.000000
230.291031,230.361359,6.010715,230.291031,0.000000,-0.248108,0.000000,9.000000
230.291031,230.361359,6.012189,230.291031,0.000000,0.365974,0.000000,-14.000000
230.291031,230.361359,6.013721,230.291031,0.000000,-0.186006,0.000000,7.000000
230.291031,230.361359,6.015399,230.291031,0.000000,0.182989,0.000000,-7.000000
230.291031,230.361359,6.016130,230.291031,0.000000,0.056085,0.000000,-2.000000
230.291031,230.361359,6.017892,230.291031,0.000000,0.147632,0.000000,-6.000000
230.291031,230.361359,6.019298,230.291031,0.000000,-0.170152,0.000000,6.000000
230.291031,230.361359,6.021052,230.291031,0.000000,0.078699,0.000000,-3.000000
230.291031,230.361359,6.022686,230.291031,0.000000,-0.048908,0.000000,2.000000
230.291031,230.361359,6.024446,230.291031,0.000000,-0.224373,0.000000,9.000000
230.291031,230.361359,6.026219,230.291031,0.000000,0.158463,0.000000,-6.000000
230.291031,230.361359,6.027903,230.291031,0.000000,-0.121233,0.000000,4.000000
230.291031,230.361359,6.029248,230.291031,0.000000,0.164794,0.000000,-6.000000
230.291031,230.361359,6.030834,230.291031,0.000000,0.134773,0.000000,-5.000000
230.291031,230.361359,6.032532,230.291031,0.000000,-0.096195,0.000000,4.000000
230.291031,230.361359,6.033690,230.291031,0.000000,-0.098296,0.000000,4.000000
230.291031,230.361359,6.035742,230.291031,0.000000,-0.155176,0.000000,6.000000
230.291031,230.361359,6.037808,230.291031,0.000000,0.560209,0.000000,-21.000000
230.291031,230.361359,6.039113,230.291031,0.000000,-0.114493,0.000000,4.000000
230.291031,230.361359,6.040948,230.291031,0.000000,0.294188,0.000000,-11.000000
230.291031,230.361359,6.043133,230.291031,0.000000,-0.299031,0.000000,11.000000
230.291031,230.361359,6.044403,230.291031,0.000000,-0.199163,0.000000,8.000000
