I0,I1,I2,I3,I4,I5,I6,I7,I8,I9,I10,I11,I12,I13,I14,I15,I16
12.175051,1200.000000,0.000000,0.000000,5.000000,1.000000,10.000000,1.000000,0.000000,897.000000,0.000000,517.000000,801110.000000,0.000000,0.000000,801063.000000,23669.000000
12.381745,1200.000000,0.000000,0.000000,4.000000,1.000000,10.000000,1.000000,0.000000,897.000000,0.000000,517.000000,801573.000000,0.000000,0.000000,801526.000000,23683.000000
12.709953,1200.000000,0.000000,0.000000,4.000000,1.000000,10.000000,1.000000,0.000000,897.000000,0.000000,517.000000,802286.000000,0.000000,0.000000,802239.000000,23704.000000
12.935588,1200.000000,0.000000,0.000000,4.000000,1.000000,10.000000,1.000000,0.000000,897.000000,0.000000,517.000000,802755.000000,0.000000,0.000000,802708.000000,23718.000000
13.240083,1200.000000,0.000000,0.000000,4.000000,1.000000,10.000000,1.000000,0.000000,897.000000,0.000000,517.000000,803459.000000,0.000000,0.000000,803412.000000,23739.000000
13.454902,1200.000000,0.000000,0.000000,3.000000,1.000000,10.000000,1.000000,0.000000,897.000000,0.000000,517.000000,803928.000000,0.000000,0.000000,803881.000000,23753.000000
13.737843,1200.000000,0.000000,0.000000,5.000000,1.000000,10.000000,1.000000,0.000000,897.000000,0.000000,517.000000,804632.000000,0.000000,0.000000,804585.000000,23774.000000
13.926832,1200.000000,0.000000,0.000000,3.000000,1.000000,10.000000,1.000000,0.000000,897.000000,0.000000,517.000000,805108.000000,0.000000,0.000000,805061.000000,23788.000000
14.215986,1200.000000,0.000000,0.000000,3.000000,1.000000,10.000000,1.000000,0.000000,897.000000,0.000000,517.000000,805829.000000,0.000000,0.000000,805782.000000,23809.000000
14.408688,1200.000000,0.000000,0.000000,3.000000,1.000000,10.000000,1.000000,0.000000,897.000000,0.000000,517.000000,806300.000000,0.000000,0.000000,806253.000000,23823.000000
14.684535,1200.000000,0.000000,0.000000,3.000000,1.000000,10.000000,1.000000,0.000000,897.000000,0.000000,517.000000,806999.000000,0.000000,0.000000,806952.000000,23844.000000
14.822236,1200.000000,0.000000,0.000000,2.000000,1.000000,10.000000,1.000000,0.000000,897.000000,0.000000,517.000000,807477.000000,0.000000,0.000000,807430.000000,23858.000000
15.034049,1200.000000,0.000000,0.000000,2.000000,1.000000,10.000000,1.000000,0.000000,897.000000,0.000000,517.000000,808190.000000,0.000000,0.000000,808143.000000,23879.000000
15.152479,1200.000000,0.000000,0.000000,2.000000,1.000000,10.000000,1.000000,0.000000,897.000000,0.000000,517.000000,808654.000000,0.000000,0.000000,808607.000000,23893.000000
15.329057,1200.000000,0.000000,0.000000,2.000000,1.000000,10.000000,1.000000,0.000000,897.000000,0.000000,517.000000,809363.000000,0.000000,0.000000,809316.000000,23914.000000
15.421437,1200.000000,0.000000,0.000000,0.000000,1.000000,10.000000,1.000000,0.000000,897.000000,0.000000,517.000000,809835.000000,0.000000,0.000000,809788.000000,23928.000000
15.558066,1200.000000,0.000000,0.000000,0.000000,1.000000,10.000000,1.000000,0.000000,897.000000,0.000000,517.000000,810538.000000,0.000000,0.000000,810491.000000,23949.000000
15.633480,1200.000000,0.000000,0.000000,0.000000,1.000000,10.000000,1.000000,0.000000,897.000000,0.000000,517.000000,811004.000000,0.000000,0.000000,810957.000000,23963.000000
15.717606,1200.000000,0.000000,0.000000,1.000000,1.000000,10.000000,1.000000,0.000000,897.000000,0.000000,517.000000,811703.000000,0.000000,0.000000,811656.000000,23984.000000
15.776453,1200.000000,0.000000,0.000000,0.000000,1.000000,10.000000,1.000000,0.000000,897.000000,0.000000,517.000000,812167.000000,0.000000,0.000000,812120.000000,23998.000000
15.869946,1200.000000,0.000000,0.000000,1.000000,1.000000,10.000000,1.000000,0.000000,897.000000,0.000000,517.000000,812884.000000,0.000000,0.000000,812837.000000,24019.000000
15.931237,1200.000000,0.000000,0.000000,1.000000,1.000000,10.000000,1.000000,0.000000,897.000000,0.000000,517.000000,813371.000000,0.000000,0.000000,813324.000000,24033.000000
15.993796,1200.000000,0.000000,0.000000,0.000000,1.000000,10.000000,1.000000,0.000000,897.000000,0.000000,517.000000,814078.000000,0.000000,0.000000,814031.000000,24054.000000
16.019724,1200.000000,0.000000,0.000000,0.000000,1.000000,10.000000,1.000000,0.000000,897.000000,0.000000,517.000000,814542.000000,0.000000,0.000000,814495.000000,24068.000000
16.037191,1200.000000,0.000000,0.000000,0.000000,1.000000,10.000000,1.000000,0.000000,897.000000,0.000000,517.000000,815258.000000,0.000000,0.000000,815211.000000,24089.000000
16.038422,1200.000000,0.000000,0.000000,0.000000,1.000000,10.000000,1.000000,0.000000,897.000000,0.000000,517.000000,815733.000000,0.000000,0.000000,815686.000000,24103.000000
16.023483,1200.000000,0.000000,0.000000,0.000000,1.000000,10.000000,1.000000,0.000000,897.000000,0.000000,517.000000,816429.000000,0.000000,0.000000,816382.000000,24124.000000
16.000908,1200.000000,0.000000,0.000000,0.000000,1.000000,10.000000,1.000000,0.000000,897.000000,0.000000,517.000000,816899.000000,0.000000,0.000000,816852.000000,24138.000000
15.175810,1200.000000,-412.627197,15.251731,0.000000,1.000000,2.000000,1.000000,0.000000,283.000000,0.000000,769.000000,105585.000000,0.000000,0.000000,105522.000000,3684.000000
15.167776,1200.000000,-412.413879,15.252933,0.000000,1.000000,2.000000,1.000000,0.000000,283.000000,0.000000,769.000000,106057.000000,0.000000,0.000000,105994.000000,3700.000000
15.162149,1200.000000,-412.264496,15.246321,0.000000,1.000000,2.000000,1.000000,0.000000,283.000000,0.000000,769.000000,106765.000000,0.000000,0.000000,106702.000000,3725.000000
15.156058,1200.000000,-412.102783,15.243425,0.000000,1.000000,2.000000,1.000000,0.000000,283.000000,0.000000,769.000000,107230.000000,0.000000,0.000000,107167.000000,3742.000000
15.162005,1200.000000,-412.260712,15.240501,0.000000,1.000000,2.000000,1.000000,0.000000,283.000000,0.000000,769.000000,107946.000000,0.000000,0.000000,107883.000000,3767.000000
15.163049,1200.000000,-412.288361,15.239190,0.000000,1.000000,2.000000,1.000000,0.000000,283.000000,0.000000,769.000000,108428.000000,0.000000,0.000000,108365.000000,3783.000000
15.155244,1200.000000,-412.081116,15.237906,0.000000,1.000000,2.000000,1.000000,0.000000,283.000000,0.000000,769.000000,109129.000000,0.000000,0.000000,109066.000000,3808.000000
15.155520,1200.000000,-412.088470,15.237332,0.000000,1.000000,2.000000,1.000000,0.000000,283.000000,0.000000,769.000000,109597.000000,0.000000,0.000000,109534.000000,3825.000000
15.151052,1200.000000,-411.969818,15.242359,0.000000,1.000000,2.000000,1.000000,0.000000,283.000000,0.000000,769.000000,110293.000000,0.000000,0.000000,110230.000000,3850.000000
15.148606,1200.000000,-411.904907,15.240557,0.000000,1.000000,2.000000,1.000000,0.000000,283.000000,0.000000,769.000000,110772.000000,0.000000,0.000000,110709.000000,3866.000000
15.150475,1200.000000,-411.954498,15.245337,0.000000,1.000000,2.000000,1.000000,0.000000,283.000000,0.000000,769.000000,111478.000000,0.000000,0.000000,111415.000000,3891.000000
15.142903,1200.000000,-411.753448,15.242715,0.000000,1.000000,2.000000,1.000000,0.000000,283.000000,0.000000,769.000000,111950.000000,0.000000,0.000000,111887.000000,3908.000000
15.149016,1200.000000,-411.915741,15.240065,0.000000,1.000000,2.000000,1.000000,0.000000,283.000000,0.000000,769.000000,112660.000000,0.000000,0.000000,112597.000000,3932.000000
15.152266,1200.000000,-412.002045,15.244491,0.000000,1.000000,2.000000,1.000000,0.000000,283.000000,0.000000,769.000000,113122.000000,0.000000,0.000000,113059.000000,3948.000000
15.139462,1200.000000,-411.662079,15.241185,0.000000,1.000000,2.000000,1.000000,0.000000,283.000000,0.000000,769.000000,113818.000000,0.000000,0.000000,113755.000000,3973.000000
15.149206,1200.000000,-411.920776,15.245310,0.000000,1.000000,2.000000,1.000000,0.000000,283.000000,0.000000,769.000000,114292.000000,0.000000,0.000000,114229.000000,3989.000000
15.145139,1200.000000,-411.812775,15.240065,0.000000,1.000000,2.000000,1.000000,0.000000,283.000000,0.000000,769.000000,115476.000000,0.000000,0.000000,115413.000000,4031.000000
15.134989,1200.000000,-411.543243,15.245037,0.000000,1.000000,2.000000,1.000000,0.000000,283.000000,0.000000,769.000000,116175.000000,0.000000,0.000000,116112.000000,4056.000000
15.139494,1200.000000,-411.662903,15.242496,0.000000,1.000000,2.000000,1.000000,0.000000,283.000000,0.000000,769.000000,116641.000000,0.000000,0.000000,116578.000000,4072.000000
15.140944,1200.000000,-411.701385,15.246540,0.000000,1.000000,2.000000,1.000000,0.000000,283.000000,0.000000,769.000000,117356.000000,0.000000,0.000000,117293.000000,4097.000000
15.151347,1200.000000,-411.977692,15.243562,0.000000,1.000000,2.000000,1.000000,0.000000,283.000000,0.000000,769.000000,117832.000000,0.000000,0.000000,117769.000000,4114.000000
15.153101,1200.000000,-412.024200,15.240583,0.000000,1.000000,2.000000,1.000000,0.000000,283.000000,0.000000,769.000000,118548.000000,0.000000,0.000000,118485.000000,4137.000000
15.154570,1200.000000,-412.063232,15.239272,0.000000,1.000000,2.000000,1.000000,0.000000,283.000000,0.000000,769.000000,119019.000000,0.000000,0.000000,118956.000000,4154.000000
15.157782,1200.000000,-412.148529,15.237934,0.000000,1.000000,2.000000,1.000000,0.000000,283.000000,0.000000,769.000000,119718.000000,0.000000,0.000000,119655.000000,4178.000000
15.145704,1200.000000,-411.827850,15.243972,0.000000,1.000000,2.000000,1.000000,0.000000,283.000000,0.000000,769.000000,120182.000000,0.000000,0.000000,120119.000000,4194.000000
15.133362,1200.000000,-411.500061,15.247414,0.000000,1.000000,2.000000,1.000000,0.000000,283.000000,0.000000,769.000000,120888.000000,0.000000,0.000000,120825.000000,4219.000000
15.139568,1200.000000,-411.664856,15.244218,0.000000,1.000000,2.000000,1.000000,0.000000,283.000000,0.000000,769.000000,121359.000000,0.000000,0.000000,121296.000000,4236.000000
15.144182,1200.000000,-411.787415,15.240993,0.000000,1.000000,2.000000,1.000000,0.000000,283.000000,0.000000,769.000000,122072.000000,0.000000,0.000000,122009.000000,4261.000000
15.150656,1200.000000,-411.959290,15.239573,0.000000,1.000000,2.000000,1.000000,0.000000,283.000000,0.000000,769.000000,122535.000000,0.000000,0.000000,122472.000000,4277.000000
15.152637,1200.000000,-412.011902,15.238153,0.000000,1.000000,2.000000,1.000000,0.000000,283.000000,0.000000,769.000000,123228.000000,0.000000,0.000000,123165.000000,4302.000000
15.152224,1200.000000,-412.000916,15.244108,0.000000,1.000000,2.000000,1.000000,0.000000,283.000000,0.000000,769.000000,123701.000000,0.000000,0.000000,123638.000000,4319.000000
15.156363,1200.000000,-412.110870,15.240911,0.000000,1.000000,2.000000,1.000000,0.000000,283.000000,0.000000,769.000000,124428.000000,0.000000,0.000000,124365.000000,4343.000000
15.169684,1200.000000,-412.464569,15.246102,0.000000,1.000000,2.000000,1.000000,0.000000,283.000000,0.000000,769.000000,124899.000000,0.000000,0.000000,124836.000000,4360.000000
15.163260,1200.000000,-412.294006,15.242141,0.000000,1.000000,2.000000,1.000000,0.000000,283.000000,0.000000,769.000000,125602.000000,0.000000,0.000000,125539.000000,4385.000000
15.167835,1200.000000,-412.415497,15.240393,0.000000,1.000000,2.000000,1.000000,0.000000,283.000000,0.000000,769.000000,126069.000000,0.000000,0.000000,126006.000000,4401.000000
15.163415,1200.000000,-412.298096,15.238644,0.000000,1.000000,2.000000,1.000000,0.000000,283.000000,0.000000,769.000000,126767.000000,0.000000,0.000000,126704.000000,4425.000000
15.160894,1200.000000,-412.231140,15.237879,0.000000,1.000000,2.000000,1.000000,0.000000,283.000000,0.000000,769.000000,127238.000000,0.000000,0.000000,127175.000000,4442.000000
15.161359,1200.000000,-412.243500,15.242715,0.000000,1.000000,2.000000,1.000000,0.000000,283.000000,0.000000,769.000000,127957.000000,0.000000,0.000000,127894.000000,4467.000000
15.158345,1200.000000,-412.163483,15.240803,0.000000,1.000000,2.000000,1.000000,0.000000,283.000000,0.000000,769.000000,128434.000000,0.000000,0.000000,128371.000000,4483.000000
15.160318,1200.000000,-412.215912,15.243671,0.000000,1.000000,2.000000,1.000000,0.000000,283.000000,0.000000,769.000000,129139.000000,0.000000,0.000000,129076.000000,4508.000000
15.167291,1200.000000,-412.401001,15.241512,0.000000,1.000000,2.000000,1.000000,0.000000,283.000000,0.000000,769.000000,129605.000000,0.000000,0.000000,129542.000000,4525.000000
15.168380,1200.000000,-412.429932,15.239327,0.000000,1.000000,2.000000,1.000000,0.000000,283.000000,0.000000,769.000000,130308.000000,0.000000,0.000000,130245.000000,4549.000000
15.169610,1200.000000,-412.462585,15.243972,0.000000,1.000000,2.000000,1.000000,0.000000,283.000000,0.000000,769.000000,130776.000000,0.000000,0.000000,130713.000000,4566.000000
15.166759,1200.000000,-412.386932,15.247414,0.000000,1.000000,2.000000,1.000000,0.000000,283.000000,0.000000,769.000000,131488.000000,0.000000,0.000000,131425.000000,4591.000000
15.167603,1200.000000,-412.409332,15.244218,0.000000,1.000000,2.000000,1.000000,0.000000,283.000000,0.000000,769.000000,131955.000000,0.000000,0.000000,131892.000000,4607.000000
15.163476,1200.000000,-412.299744,15.240993,0.000000,1.000000,2.000000,1.000000,0.000000,283.000000,0.000000,769.000000,132655.000000,0.000000,0.000000,132592.000000,4632.000000
15.163068,1200.000000,-412.288879,15.246158,0.000000,1.000000,2.000000,1.000000,0.000000,283.000000,0.000000,769.000000,133120.000000,0.000000,0.000000,133057.000000,4648.000000
15.184960,1200.000000,-412.870148,15.242168,0.000000,1.000000,2.000000,1.000000,0.000000,283.000000,0.000000,769.000000,133819.000000,0.000000,0.000000,133756.000000,4673.000000
15.180171,1200.000000,-412.743011,15.240419,0.000000,1.000000,2.000000,1.000000,0.000000,283.000000,0.000000,769.000000,134296.000000,0.000000,0.000000,134233.000000,4689.000000
15.176661,1200.000000,-412.649841,15.238671,0.000000,1.000000,2.000000,1.000000,0.000000,283.000000,0.000000,769.000000,135015.000000,0.000000,0.000000,134952.000000,4714.000000
15.170742,1200.000000,-412.492645,15.243507,0.000000,1.000000,2.000000,1.000000,0.000000,283.000000,0.000000,769.000000,135497.000000,0.000000,0.000000,135434.000000,4731.000000
15.162061,1200.000000,-412.262146,15.240557,0.000000,1.000000,2.000000,1.000000,0.000000,283.000000,0.000000,769.000000,136205.000000,0.000000,0.000000,136142.000000,4755.000000
15.151487,1200.000000,-411.981354,15.239245,0.000000,1.000000,2.000000,1.000000,0.000000,283.000000,0.000000,769.000000,136678.000000,0.000000,0.000000,136615.000000,4772.000000
15.151567,1200.000000,-411.983521,15.244518,0.000000,1.000000,2.000000,1.000000,0.000000,283.000000,0.000000,769.000000,137372.000000,0.000000,0.000000,137309.000000,4797.000000
15.148955,1200.000000,-411.914185,15.242114,0.000000,1.000000,2.000000,1.000000,0.000000,283.000000,0.000000,769.000000,137846.000000,0.000000,0.000000,137783.000000,4813.000000
15.154686,1200.000000,-412.066315,15.244463,0.000000,1.000000,2.000000,1.000000,0.000000,283.000000,0.000000,769.000000,138548.000000,0.000000,0.000000,138485.000000,4838.000000
15.155174,1200.000000,-412.079285,15.242086,0.000000,1.000000,2.000000,1.000000,0.000000,283.000000,0.000000,769.000000,139016.000000,0.000000,0.000000,138953.000000,4854.000000
15.147655,1200.000000,-411.879608,15.239682,0.000000,1.000000,2.000000,1.000000,0.000000,283.000000,0.000000,769.000000,139711.000000,0.000000,0.000000,139648.000000,4878.000000
15.152961,1200.000000,-412.020538,15.238617,0.000000,1.000000,2.000000,1.000000,0.000000,283.000000,0.000000,769.000000,140177.000000,0.000000,0.000000,140114.000000,4894.000000
15.153316,1200.000000,-412.029968,15.243152,0.000000,1.000000,2.000000,1.000000,0.000000,283.000000,0.000000,769.000000,140878.000000,0.000000,0.000000,140815.000000,4919.000000
15.143674,1200.000000,-411.773895,15.241130,0.000000,1.000000,2.000000,1.000000,0.000000,283.000000,0.000000,769.000000,141359.000000,0.000000,0.000000,141296.000000,4936.000000
15.157324,1200.000000,-412.136353,15.239081,0.000000,1.000000,2.000000,1.000000,0.000000,283.000000,0.000000,769.000000,142079.000000,0.000000,0.000000,142016.000000,4960.000000
15.153379,1200.000000,-412.031616,15.238179,0.000000,1.000000,2.000000,1.000000,0.000000,283.000000,0.000000,769.000000,142565.000000,0.000000,0.000000,142502.000000,4977.000000
15.154406,1200.000000,-412.058899,15.242059,0.000000,1.000000,2.000000,1.000000,0.000000,283.000000,0.000000,769.000000,143269.000000,0.000000,0.000000,143206.000000,5002.000000
15.146754,1200.000000,-411.855652,15.240338,0.000000,1.000000,2.000000,1.000000,0.000000,283.000000,0.000000,769.000000,143730.000000,0.000000,0.000000,143667.000000,5018.000000
15.153818,1200.000000,-412.043243,15.243370,0.000000,1.000000,2.000000,1.000000,0.000000,283.000000,0.000000,769.000000,144425.000000,0.000000,0.000000,144362.000000,5043.000000
15.151686,1200.000000,-411.986664,15.247878,0.000000,1.000000,2.000000,1.000000,0.000000,283.000000,0.000000,769.000000,144898.000000,0.000000,0.000000,144835.000000,5059.000000
15.152678,1200.000000,-412.012970,15.248015,0.000000,1.000000,2.000000,1.000000,0.000000,283.000000,0.000000,769.000000,145603.000000,0.000000,0.000000,145540.000000,5083.000000
15.146070,1200.000000,-411.837494,15.244627,0.000000,1.000000,2.000000,1.000000,0.000000,283.000000,0.000000,769.000000,146069.000000,0.000000,0.000000,146006.000000,5099.000000
15.145245,1200.000000,-411.815613,15.241240,0.000000,1.000000,2.000000,1.000000,0.000000,283.000000,0.000000,769.000000,146763.000000,0.000000,0.000000,146700.000000,5123.000000
15.151515,1200.000000,-411.982086,15.239737,0.000000,1.000000,2.000000,1.000000,0.000000,283.000000,0.000000,769.000000,147223.000000,0.000000,0.000000,147160.000000,5140.000000
15.138801,1200.000000,-411.644470,15.238261,0.000000,1.000000,2.000000,1.000000,0.000000,283.000000,0.000000,769.000000,147937.000000,0.000000,0.000000,147874.000000,5164.000000
15.143177,1200.000000,-411.760712,15.237606,0.000000,1.000000,2.000000,1.000000,0.000000,283.000000,0.000000,769.000000,148416.000000,0.000000,0.000000,148353.000000,5181.000000
15.151066,1200.000000,-411.970215,15.236923,0.000000,1.000000,2.000000,1.000000,0.000000,283.000000,0.000000,769.000000,149142.000000,0.000000,0.000000,149079.000000,5206.000000
15.164900,1200.000000,-412.337555,15.236622,0.000000,1.000000,2.000000,1.000000,0.000000,283.000000,0.000000,769.000000,149623.000000,0.000000,0.000000,149560.000000,5222.000000
15.142694,1200.000000,-411.747864,15.241950,0.000000,1.000000,2.000000,1.000000,0.000000,283.000000,0.000000,769.000000,150324.000000,0.000000,0.000000,150261.000000,5247.000000
15.160938,1200.000000,-412.232330,15.240256,0.000000,1.000000,2.000000,1.000000,0.000000,283.000000,0.000000,769.000000,150788.000000,0.000000,0.000000,150725.000000,5264.000000
15.155047,1200.000000,-412.075897,15.238562,0.000000,1.000000,2.000000,1.000000,0.000000,283.000000,0.000000,769.000000,151481.000000,0.000000,0.000000,151418.000000,5289.000000
15.152935,1200.000000,-412.019806,15.237797,0.000000,1.000000,2.000000,1.000000,0.000000,283.000000,0.000000,769.000000,151960.000000,0.000000,0.000000,151897.000000,5304.000000
15.158663,1200.000000,-412.171906,15.243644,0.000000,1.000000,2.000000,1.000000,0.000000,283.000000,0.000000,769.000000,152659.000000,0.000000,0.000000,152596.000000,5329.000000
15.159927,1200.000000,-412.205505,15.241486,0.000000,1.000000,2.000000,1.000000,0.000000,283.000000,0.000000,769.000000,153122.000000,0.000000,0.000000,153059.000000,5345.000000
15.143149,1200.000000,-411.760010,15.244081,0.000000,1.000000,2.000000,1.000000,0.000000,283.000000,0.000000,769.000000,153814.000000,0.000000,0.000000,153751.000000,5369.000000
15.147530,1200.000000,-411.876282,15.248398,0.000000,1.000000,2.000000,1.000000,0.000000,283.000000,0.000000,769.000000,154281.000000,0.000000,0.000000,154218.000000,5386.000000
15.136560,1200.000000,-411.585022,15.248316,0.000000,1.000000,2.000000,1.000000,0.000000,283.000000,0.000000,769.000000,154988.000000,0.000000,0.000000,154925.000000,5411.000000
15.142666,1200.000000,-411.747131,15.244873,0.000000,1.000000,2.000000,1.000000,0.000000,283.000000,0.000000,769.000000,155469.000000,0.000000,0.000000,155406.000000,5427.000000
15.152561,1200.000000,-412.009918,15.251758,0.000000,1.000000,2.000000,1.000000,0.000000,283.000000,0.000000,769.000000,156188.000000,0.000000,0.000000,156125.000000,5452.000000
15.159609,1200.000000,-412.197052,15.247359,0.000000,1.000000,2.000000,1.000000,0.000000,283.000000,0.000000,769.000000,156670.000000,0.000000,0.000000,156607.000000,5469.000000
15.149568,1200.000000,-411.930420,15.247687,0.000000,1.000000,2.000000,1.000000,0.000000,283.000000,0.000000,769.000000,157370.000000,0.000000,0.000000,157307.000000,5494.000000
15.151025,1200.000000,-411.969055,15.244409,0.000000,1.000000,2.000000,1.000000,0.000000,283.000000,0.000000,769.000000,157833.000000,0.000000,0.000000,157770.000000,5510.000000
15.134807,1200.000000,-411.538422,15.241103,0.000000,1.000000,2.000000,1.000000,0.000000,283.000000,0.000000,769.000000,158533.000000,0.000000,0.000000,158470.000000,5535.000000
15.128830,1200.000000,-411.379730,15.239655,0.000000,1.000000,2.000000,1.000000,0.000000,283.000000,0.000000,769.000000,159008.000000,0.000000,0.000000,158945.000000,5552.000000
15.140367,1200.000000,-411.686035,15.243808,0.000000,1.000000,2.000000,1.000000,0.000000,283.000000,0.000000,769.000000,159706.000000,0.000000,0.000000,159643.000000,5576.000000
15.133775,1200.000000,-411.511017,15.241594,0.000000,1.000000,2.000000,1.000000,0.000000,283.000000,0.000000,769.000000,160170.000000,0.000000,0.000000,160107.000000,5591.000000
15.120440,1200.000000,-411.156921,15.251567,0.000000,1.000000,2.000000,1.000000,0.000000,283.000000,0.000000,769.000000,160872.000000,0.000000,0.000000,160809.000000,5615.000000
15.115726,1200.000000,-411.031677,15.247223,0.000000,1.000000,2.000000,1.000000,0.000000,283.000000,0.000000,769.000000,161342.000000,0.000000,0.000000,161279.000000,5631.000000
15.113187,1200.000000,-410.964264,15.247605,0.000000,1.000000,2.000000,1.000000,0.000000,283.000000,0.000000,769.000000,162052.000000,0.000000,0.000000,161989.000000,5656.000000
15.128225,1200.000000,-411.363678,15.244327,0.000000,1.000000,2.000000,1.000000,0.000000,283.000000,0.000000,769.000000,162528.000000,0.000000,0.000000,162465.000000,5670.000000
15.124493,1200.000000,-411.264526,15.241048,0.000000,1.000000,2.000000,1.000000,0.000000,283.000000,0.000000,769.000000,163253.000000,0.000000,0.000000,163190.000000,5695.000000
15.125297,1200.000000,-411.285858,15.239600,0.000000,1.000000,2.000000,1.000000,0.000000,283.000000,0.000000,769.000000,163722.000000,0.000000,0.000000,163659.000000,5711.000000
15.123823,1200.000000,-411.246735,15.242906,0.000000,1.000000,2.000000,1.000000,0.000000,283.000000,0.000000,769.000000,164416.000000,0.000000,0.000000,164353.000000,5736.000000
15.116632,1200.000000,-411.055786,15.240939,0.000000,1.000000,2.000000,1.000000,0.000000,283.000000,0.000000,769.000000,164881.000000,0.000000,0.000000,164818.000000,5753.000000
15.098065,1200.000000,-410.562622,15.243726,0.000000,1.000000,2.000000,1.000000,0.000000,283.000000,0.000000,769.000000,165595.000000,0.000000,0.000000,165532.000000,5778.000000
15.103853,1200.000000,-410.716400,15.241540,0.000000,1.000000,2.000000,1.000000,0.000000,283.000000,0.000000,769.000000,166071.000000,0.000000,0.000000,166008.000000,5794.000000
15.107697,1200.000000,-410.818481,15.251567,0.000000,1.000000,2.000000,1.000000,0.000000,283.000000,0.000000,769.000000,166770.000000,0.000000,0.000000,166707.000000,5819.000000
15.107059,1200.000000,-410.801514,15.247223,0.000000,1.000000,2.000000,1.000000,0.000000,283.000000,0.000000,769.000000,167240.000000,0.000000,0.000000,167177.000000,5835.000000
15.104282,1200.000000,-410.727783,15.242851,0.000000,1.000000,2.000000,1.000000,0.000000,283.000000,0.000000,769.000000,167943.000000,0.000000,0.000000,167880.000000,5857.000000
15.105892,1200.000000,-410.770508,15.240911,0.000000,1.000000,2.000000,1.000000,0.000000,283.000000,0.000000,769.000000,168404.000000,0.000000,0.000000,168341.000000,5874.000000
15.115709,1200.000000,-411.031250,15.238944,0.000000,1.000000,2.000000,1.000000,0.000000,283.000000,0.000000,769.000000,169114.000000,0.000000,0.000000,169051.000000,5899.000000
15.121648,1200.000000,-411.188965,15.243671,0.000000,1.000000,2.000000,1.000000,0.000000,283.000000,0.000000,769.000000,169583.000000,0.000000,0.000000,169520.000000,5915.000000
15.125851,1200.000000,-411.300598,15.240665,0.000000,1.000000,2.000000,1.000000,0.000000,283.000000,0.000000,769.000000,170298.000000,0.000000,0.000000,170235.000000,5940.000000
15.126011,1200.000000,-411.304840,15.239327,0.000000,1.000000,2.000000,1.000000,0.000000,283.000000,0.000000,769.000000,170762.000000,0.000000,0.000000,170699.000000,5957.000000
15.130543,1200.000000,-411.425171,15.237988,0.000000,1.000000,2.000000,1.000000,0.000000,283.000000,0.000000,769.000000,171457.000000,0.000000,0.000000,171394.000000,5982.000000
15.148275,1200.000000,-411.896088,15.243972,0.000000,1.000000,2.000000,1.000000,0.000000,283.000000,0.000000,769.000000,171923.000000,0.000000,0.000000,171860.000000,5998.000000
15.143146,1200.000000,-411.759888,15.240829,0.000000,1.000000,2.000000,1.000000,0.000000,283.000000,0.000000,769.000000,172643.000000,0.000000,0.000000,172580.000000,6023.000000
15.143657,1200.000000,-411.773438,15.246048,0.000000,1.000000,2.000000,1.000000,0.000000,283.000000,0.000000,769.000000,173122.000000,0.000000,0.000000,173059.000000,6040.000000
15.150595,1200.000000,-411.957672,15.242114,0.000000,1.000000,2.000000,1.000000,0.000000,283.000000,0.000000,769.000000,173840.000000,0.000000,0.000000,173777.000000,6064.000000
15.153464,1200.000000,-412.033905,15.240393,0.000000,1.000000,2.000000,1.000000,0.000000,283.000000,0.000000,769.000000,174303.000000,0.000000,0.000000,174240.000000,6080.000000
15.161692,1200.000000,-412.252350,15.238644,0.000000,1.000000,2.000000,1.000000,0.000000,283.000000,0.000000,769.000000,175001.000000,0.000000,0.000000,174938.000000,6105.000000
15.162370,1200.000000,-412.270325,15.237879,0.000000,1.000000,2.000000,1.000000,0.000000,283.000000,0.000000,769.000000,175463.000000,0.000000,0.000000,175400.000000,6121.000000
15.164108,1200.000000,-412.316498,15.237114,0.000000,1.000000,2.000000,1.000000,0.000000,283.000000,0.000000,769.000000,176170.000000,0.000000,0.000000,176107.000000,6146.000000
15.168546,1200.000000,-412.434296,15.236759,0.000000,1.000000,2.000000,1.000000,0.000000,283.000000,0.000000,769.000000,176648.000000,0.000000,0.000000,176585.000000,6163.000000
15.153049,1200.000000,-412.022827,15.247769,0.000000,1.000000,2.000000,1.000000,0.000000,283.000000,0.000000,769.000000,177354.000000,0.000000,0.000000,177291.000000,6188.000000
15.153198,1200.000000,-412.026825,15.256676,0.000000,1.000000,2.000000,1.000000,0.000000,283.000000,0.000000,769.000000,177817.000000,0.000000,0.000000,177754.000000,6204.000000
15.150485,1200.000000,-411.954773,15.248643,0.000000,1.000000,2.000000,1.000000,0.000000,283.000000,0.000000,769.000000,178518.000000,0.000000,0.000000,178455.000000,6229.000000
15.154042,1200.000000,-412.049225,15.245091,0.000000,1.000000,2.000000,1.000000,0.000000,283.000000,0.000000,769.000000,179001.000000,0.000000,0.000000,178938.000000,6246.000000
15.153692,1200.000000,-412.039917,15.247113,0.000000,1.000000,2.000000,1.000000,0.000000,283.000000,0.000000,769.000000,179715.000000,0.000000,0.000000,179652.000000,6267.000000
15.145374,1200.000000,-411.819031,15.249599,0.000000,1.000000,2.000000,1.000000,0.000000,283.000000,0.000000,769.000000,180188.000000,0.000000,0.000000,180125.000000,6284.000000
15.139723,1200.000000,-411.668945,15.244299,0.000000,1.000000,2.000000,1.000000,0.000000,283.000000,0.000000,769.000000,180895.000000,0.000000,0.000000,180832.000000,6308.000000
15.140456,1200.000000,-411.688446,15.248562,0.000000,1.000000,2.000000,1.000000,0.000000,283.000000,0.000000,769.000000,181352.000000,0.000000,0.000000,181289.000000,6324.000000
15.132779,1200.000000,-411.484589,15.249245,0.000000,1.000000,2.000000,1.000000,0.000000,283.000000,0.000000,769.000000,182045.000000,0.000000,0.000000,181982.000000,6349.000000
15.136500,1200.000000,-411.583405,15.245529,0.000000,1.000000,2.000000,1.000000,0.000000,283.000000,0.000000,769.000000,182521.000000,0.000000,0.000000,182458.000000,6366.000000
15.144259,1200.000000,-411.789429,15.246567,0.000000,1.000000,2.000000,1.000000,0.000000,283.000000,0.000000,769.000000,183231.000000,0.000000,0.000000,183168.000000,6391.000000
15.138231,1200.000000,-411.629395,15.243589,0.000000,1.000000,2.000000,1.000000,0.000000,283.000000,0.000000,769.000000,183709.000000,0.000000,0.000000,183646.000000,6407.000000
15.143368,1200.000000,-411.765747,15.247223,0.000000,1.000000,2.000000,1.000000,0.000000,283.000000,0.000000,769.000000,184401.000000,0.000000,0.000000,184338.000000,6432.000000
15.145346,1200.000000,-411.818298,15.244081,0.000000,1.000000,2.000000,1.000000,0.000000,283.000000,0.000000,769.000000,184870.000000,0.000000,0.000000,184807.000000,6449.000000
15.148480,1200.000000,-411.901520,15.247523,0.000000,1.000000,2.000000,1.000000,0.000000,283.000000,0.000000,769.000000,185582.000000,0.000000,0.000000,185519.000000,6473.000000
15.159087,1200.000000,-412.183167,15.244299,0.000000,1.000000,2.000000,1.000000,0.000000,283.000000,0.000000,769.000000,186055.000000,0.000000,0.000000,185992.000000,6490.000000
15.155140,1200.000000,-412.078400,15.247660,0.000000,1.000000,2.000000,1.000000,0.000000,283.000000,0.000000,769.000000,186759.000000,0.000000,0.000000,186696.000000,6515.000000
15.153214,1200.000000,-412.027222,15.244381,0.000000,1.000000,2.000000,1.000000,0.000000,283.000000,0.000000,769.000000,187225.000000,0.000000,0.000000,187162.000000,6531.000000
15.150595,1200.000000,-411.957672,15.246703,0.000000,1.000000,2.000000,1.000000,0.000000,283.000000,0.000000,769.000000,187925.000000,0.000000,0.000000,187862.000000,6555.000000
15.162182,1200.000000,-412.265350,15.250282,0.000000,1.000000,2.000000,1.000000,0.000000,283.000000,0.000000,769.000000,188389.000000,0.000000,0.000000,188326.000000,6572.000000
15.157346,1200.000000,-412.136963,15.244737,0.000000,1.000000,2.000000,1.000000,0.000000,283.000000,0.000000,769.000000,189104.000000,0.000000,0.000000,189041.000000,6597.000000
15.166351,1200.000000,-412.376068,15.242278,0.000000,1.000000,2.000000,1.000000,0.000000,283.000000,0.000000,769.000000,189583.000000,0.000000,0.000000,189520.000000,6613.000000
15.160536,1200.000000,-412.221649,15.239792,0.000000,1.000000,2.000000,1.000000,0.000000,283.000000,0.000000,769.000000,190293.000000,0.000000,0.000000,190230.000000,6638.000000
15.156568,1200.000000,-412.116302,15.238699,0.000000,1.000000,2.000000,1.000000,0.000000,283.000000,0.000000,769.000000,190768.000000,0.000000,0.000000,190705.000000,6655.000000
15.161707,1200.000000,-412.252777,15.237606,0.000000,1.000000,2.000000,1.000000,0.000000,283.000000,0.000000,769.000000,191470.000000,0.000000,0.000000,191407.000000,6679.000000
15.163754,1200.000000,-412.307098,15.243698,0.000000,1.000000,2.000000,1.000000,0.000000,283.000000,0.000000,769.000000,191929.000000,0.000000,0.000000,191866.000000,6696.000000
15.164364,1200.000000,-412.323334,15.240665,0.000000,1.000000,2.000000,1.000000,0.000000,283.000000,0.000000,769.000000,192636.000000,0.000000,0.000000,192573.000000,6721.000000
15.161376,1200.000000,-412.243988,15.239327,0.000000,1.000000,2.000000,1.000000,0.000000,283.000000,0.000000,769.000000,193101.000000,0.000000,0.000000,193038.000000,6737.000000
15.155659,1200.000000,-412.092163,15.244600,0.000000,1.000000,2.000000,1.000000,0.000000,283.000000,0.000000,769.000000,193798.000000,0.000000,0.000000,193735.000000,6762.000000
15.156965,1200.000000,-412.126801,15.247769,0.000000,1.000000,2.000000,1.000000,0.000000,283.000000,0.000000,769.000000,194264.000000,0.000000,0.000000,194201.000000,6778.000000
15.150371,1200.000000,-411.951752,15.249763,0.000000,1.000000,2.000000,1.000000,0.000000,283.000000,0.000000,769.000000,194963.000000,0.000000,0.000000,194900.000000,6803.000000
15.149282,1200.000000,-411.922852,15.245912,0.000000,1.000000,2.000000,1.000000,0.000000,283.000000,0.000000,769.000000,195432.000000,0.000000,0.000000,195369.000000,6819.000000
15.158830,1200.000000,-412.176361,15.242032,0.000000,1.000000,2.000000,1.000000,0.000000,283.000000,0.000000,769.000000,196152.000000,0.000000,0.000000,196089.000000,6843.000000
15.162672,1200.000000,-412.278381,15.245912,0.000000,1.000000,2.000000,1.000000,0.000000,283.000000,0.000000,769.000000,196631.000000,0.000000,0.000000,196568.000000,6860.000000
15.161338,1200.000000,-412.242950,15.253397,0.000000,1.000000,2.000000,1.000000,0.000000,283.000000,0.000000,769.000000,197355.000000,0.000000,0.000000,197292.000000,6884.000000
15.169723,1200.000000,-412.465546,15.248534,0.000000,1.000000,2.000000,1.000000,0.000000,283.000000,0.000000,769.000000,197822.000000,0.000000,0.000000,197759.000000,6901.000000
15.173440,1200.000000,-412.564270,15.243644,0.000000,1.000000,2.000000,1.000000,0.000000,283.000000,0.000000,769.000000,198518.000000,0.000000,0.000000,198455.000000,6926.000000
15.174558,1200.000000,-412.593994,15.241486,0.000000,1.000000,2.000000,1.000000,0.000000,283.000000,0.000000,769.000000,198983.000000,0.000000,0.000000,198920.000000,6942.000000
15.184684,1200.000000,-412.862823,15.239327,0.000000,1.000000,2.000000,1.000000,0.000000,283.000000,0.000000,769.000000,199688.000000,0.000000,0.000000,199625.000000,6967.000000
15.187779,1200.000000,-412.945007,15.238371,0.000000,1.000000,2.000000,1.000000,0.000000,283.000000,0.000000,769.000000,200157.000000,0.000000,0.000000,200094.000000,6984.000000
15.179783,1200.000000,-412.732697,15.248780,0.000000,1.000000,2.000000,1.000000,0.000000,283.000000,0.000000,769.000000,200855.000000,0.000000,0.000000,200792.000000,7008.000000
15.182857,1200.000000,-412.814331,15.245201,0.000000,1.000000,2.000000,1.000000,0.000000,283.000000,0.000000,769.000000,201324.000000,0.000000,0.000000,201261.000000,7024.000000
15.179057,1200.000000,-412.713440,15.248178,0.000000,1.000000,2.000000,1.000000,0.000000,283.000000,0.000000,769.000000,202025.000000,0.000000,0.000000,201962.000000,7049.000000
15.196033,1200.000000,-413.164124,15.244763,0.000000,1.000000,2.000000,1.000000,0.000000,283.000000,0.000000,769.000000,202500.000000,0.000000,0.000000,202437.000000,7066.000000
15.191559,1200.000000,-413.045319,15.241322,0.000000,1.000000,2.000000,1.000000,0.000000,283.000000,0.000000,769.000000,203231.000000,0.000000,0.000000,203168.000000,7090.000000
15.179812,1200.000000,-412.733459,15.246403,0.000000,1.000000,2.000000,1.000000,0.000000,283.000000,0.000000,769.000000,203709.000000,0.000000,0.000000,203646.000000,7107.000000
15.179839,1200.000000,-412.734222,15.242332,0.000000,1.000000,2.000000,1.000000,0.000000,283.000000,0.000000,769.000000,204412.000000,0.000000,0.000000,204349.000000,7132.000000
15.175788,1200.000000,-412.626587,15.240529,0.000000,1.000000,2.000000,1.000000,0.000000,283.000000,0.000000,769.000000,204881.000000,0.000000,0.000000,204818.000000,7148.000000
15.170833,1200.000000,-412.495056,15.243507,0.000000,1.000000,2.000000,1.000000,0.000000,283.000000,0.000000,769.000000,205575.000000,0.000000,0.000000,205512.000000,7173.000000
15.171961,1200.000000,-412.525024,15.241376,0.000000,1.000000,2.000000,1.000000,0.000000,283.000000,0.000000,769.000000,206050.000000,0.000000,0.000000,205987.000000,7190.000000
15.179841,1200.000000,-412.734253,15.245830,0.000000,1.000000,2.000000,1.000000,0.000000,283.000000,0.000000,769.000000,206745.000000,0.000000,0.000000,206682.000000,7215.000000
15.171742,1200.000000,-412.519196,15.248671,0.000000,1.000000,2.000000,1.000000,0.000000,283.000000,0.000000,769.000000,207211.000000,0.000000,0.000000,207148.000000,7231.000000
15.175225,1200.000000,-412.611694,15.243726,0.000000,1.000000,2.000000,1.000000,0.000000,283.000000,0.000000,769.000000,207900.000000,0.000000,0.000000,207837.000000,7255.000000
15.176208,1200.000000,-412.637756,15.247141,0.000000,1.000000,2.000000,1.000000,0.000000,283.000000,0.000000,769.000000,208363.000000,0.000000,0.000000,208300.000000,7272.000000
15.182219,1200.000000,-412.797333,15.249381,0.000000,1.000000,2.000000,1.000000,0.000000,283.000000,0.000000,769.000000,209077.000000,0.000000,0.000000,209014.000000,7296.000000
15.181653,1200.000000,-412.782349,15.245638,0.000000,1.000000,2.000000,1.000000,0.000000,283.000000,0.000000,769.000000,209552.000000,0.000000,0.000000,209489.000000,7313.000000
15.186851,1200.000000,-412.920319,15.246622,0.000000,1.000000,2.000000,1.000000,0.000000,283.000000,0.000000,769.000000,210273.000000,0.000000,0.000000,210210.000000,7338.000000
15.184036,1200.000000,-412.845642,15.243644,0.000000,1.000000,2.000000,1.000000,0.000000,283.000000,0.000000,769.000000,210749.000000,0.000000,0.000000,210686.000000,7354.000000
15.189464,1200.000000,-412.989685,15.246239,0.000000,1.000000,2.000000,1.000000,0.000000,283.000000,0.000000,769.000000,211447.000000,0.000000,0.000000,211384.000000,7379.000000
15.188192,1200.000000,-412.955963,15.243370,0.000000,1.000000,2.000000,1.000000,0.000000,283.000000,0.000000,769.000000,211914.000000,0.000000,0.000000,211851.000000,7396.000000
15.178364,1200.000000,-412.695007,15.240475,0.000000,1.000000,2.000000,1.000000,0.000000,283.000000,0.000000,769.000000,212623.000000,0.000000,0.000000,212560.000000,7421.000000
15.174918,1200.000000,-412.603546,15.239190,0.000000,1.000000,2.000000,1.000000,0.000000,283.000000,0.000000,769.000000,213092.000000,0.000000,0.000000,213029.000000,7437.000000
15.180497,1200.000000,-412.751617,15.237906,0.000000,1.000000,2.000000,1.000000,0.000000,283.000000,0.000000,769.000000,213794.000000,0.000000,0.000000,213731.000000,7462.000000
15.177931,1200.000000,-412.683533,15.237332,0.000000,1.000000,2.000000,1.000000,0.000000,283.000000,0.000000,769.000000,214259.000000,0.000000,0.000000,214196.000000,7478.000000
15.172430,1200.000000,-412.537476,15.242359,0.000000,1.000000,2.000000,1.000000,0.000000,283.000000,0.000000,769.000000,214963.000000,0.000000,0.000000,214900.000000,7501.000000
15.158420,1200.000000,-412.165466,15.240557,0.000000,1.000000,2.000000,1.000000,0.000000,283.000000,0.000000,769.000000,215432.000000,0.000000,0.000000,215369.000000,7515.000000
15.155336,1200.000000,-412.083618,15.238726,0.000000,1.000000,2.000000,1.000000,0.000000,283.000000,0.000000,769.000000,216142.000000,0.000000,0.000000,216079.000000,7540.000000
15.149722,1200.000000,-411.934509,15.237934,0.000000,1.000000,2.000000,1.000000,0.000000,283.000000,0.000000,769.000000,216611.000000,0.000000,0.000000,216548.000000,7556.000000
15.133063,1200.000000,-411.492126,15.241895,0.000000,1.000000,2.000000,1.000000,0.000000,283.000000,0.000000,769.000000,217330.000000,0.000000,0.000000,217267.000000,7581.000000
15.143365,1200.000000,-411.765686,15.240229,0.000000,1.000000,2.000000,1.000000,0.000000,283.000000,0.000000,769.000000,217795.000000,0.000000,0.000000,217732.000000,7598.000000
15.139220,1200.000000,-411.655609,15.238562,0.000000,1.000000,2.000000,1.000000,0.000000,283.000000,0.000000,769.000000,218494.000000,0.000000,0.000000,218431.000000,7623.000000
15.132803,1200.000000,-411.485229,15.237797,0.000000,1.000000,2.000000,1.000000,0.000000,283.000000,0.000000,769.000000,218962.000000,0.000000,0.000000,218899.000000,7639.000000
15.134311,1200.000000,-411.525238,15.237032,0.000000,1.000000,2.000000,1.000000,0.000000,283.000000,0.000000,769.000000,219674.000000,0.000000,0.000000,219611.000000,7664.000000
15.142983,1200.000000,-411.755554,15.236704,0.000000,1.000000,2.000000,1.000000,0.000000,283.000000,0.000000,769.000000,220144.000000,0.000000,0.000000,220081.000000,7681.000000
15.157063,1200.000000,-412.129395,15.236377,0.000000,1.000000,2.000000,1.000000,0.000000,283.000000,0.000000,769.000000,220860.000000,0.000000,0.000000,220797.000000,7706.000000
15.148981,1200.000000,-411.914825,15.236239,0.000000,1.000000,2.000000,1.000000,0.000000,283.000000,0.000000,769.000000,221328.000000,0.000000,0.000000,221265.000000,7722.000000
15.149609,1200.000000,-411.931519,15.246458,0.000000,1.000000,2.000000,1.000000,0.000000,283.000000,0.000000,769.000000,222027.000000,0.000000,0.000000,221964.000000,7746.000000
15.163874,1200.000000,-412.310303,15.243507,0.000000,1.000000,2.000000,1.000000,0.000000,283.000000,0.000000,769.000000,222489.000000,0.000000,0.000000,222426.000000,7762.000000
15.157310,1200.000000,-412.135956,15.240557,0.000000,1.000000,2.000000,1.000000,0.000000,283.000000,0.000000,769.000000,223196.000000,0.000000,0.000000,223133.000000,7787.000000
15.156367,1200.000000,-412.110962,15.244873,0.000000,1.000000,2.000000,1.000000,0.000000,283.000000,0.000000,769.000000,223667.000000,0.000000,0.000000,223604.000000,7804.000000
15.142567,1200.000000,-411.744476,15.247988,0.000000,1.000000,2.000000,1.000000,0.000000,283.000000,0.000000,769.000000,224378.000000,0.000000,0.000000,224315.000000,7829.000000
15.141831,1200.000000,-411.724945,15.244600,0.000000,1.000000,2.000000,1.000000,0.000000,283.000000,0.000000,769.000000,224845.000000,0.000000,0.000000,224782.000000,7845.000000
15.143711,1200.000000,-411.774872,15.241212,0.000000,1.000000,2.000000,1.000000,0.000000,283.000000,0.000000,769.000000,225538.000000,0.000000,0.000000,225475.000000,7870.000000
15.150123,1200.000000,-411.945190,15.245337,0.000000,1.000000,2.000000,1.000000,0.000000,283.000000,0.000000,769.000000,226011.000000,0.000000,0.000000,225948.000000,7887.000000
15.144741,1200.000000,-411.802246,15.247277,0.000000,1.000000,2.000000,1.000000,0.000000,283.000000,0.000000,769.000000,226728.000000,0.000000,0.000000,226665.000000,7912.000000
15.139706,1200.000000,-411.668518,15.244108,0.000000,1.000000,2.000000,1.000000,0.000000,283.000000,0.000000,769.000000,227208.000000,0.000000,0.000000,227145.000000,7928.000000
15.138490,1200.000000,-411.636230,15.240911,0.000000,1.000000,2.000000,1.000000,0.000000,283.000000,0.000000,769.000000,227919.000000,0.000000,0.000000,227856.000000,7953.000000
15.137970,1200.000000,-411.622467,15.246102,0.000000,1.000000,2.000000,1.000000,0.000000,283.000000,0.000000,769.000000,228382.000000,0.000000,0.000000,228319.000000,7969.000000
15.143112,1200.000000,-411.758972,15.247769,0.000000,1.000000,2.000000,1.000000,0.000000,283.000000,0.000000,769.000000,229078.000000,0.000000,0.000000,229015.000000,7993.000000
15.145195,1200.000000,-411.814270,15.244463,0.000000,1.000000,2.000000,1.000000,0.000000,283.000000,0.000000,769.000000,229546.000000,0.000000,0.000000,229483.000000,8010.000000
15.141106,1200.000000,-411.705658,15.241158,0.000000,1.000000,2.000000,1.000000,0.000000,283.000000,0.000000,769.000000,230252.000000,0.000000,0.000000,230189.000000,8035.000000
15.137996,1200.000000,-411.623108,15.239682,0.000000,1.000000,2.000000,1.000000,0.000000,283.000000,0.000000,769.000000,230728.000000,0.000000,0.000000,230665.000000,8051.000000
15.136924,1200.000000,-411.594635,15.238207,0.000000,1.000000,2.000000,1.000000,0.000000,283.000000,0.000000,769.000000,231434.000000,0.000000,0.000000,231371.000000,8076.000000
15.128524,1200.000000,-411.371613,15.237551,0.000000,1.000000,2.000000,1.000000,0.000000,283.000000,0.000000,769.000000,231893.000000,0.000000,0.000000,231830.000000,8093.000000
15.126284,1200.000000,-411.312073,15.242496,0.000000,1.000000,2.000000,1.000000,0.000000,283.000000,0.000000,769.000000,232597.000000,0.000000,0.000000,232534.000000,8118.000000
15.116915,1200.000000,-411.063263,15.240665,0.000000,1.000000,2.000000,1.000000,0.000000,283.000000,0.000000,769.000000,233078.000000,0.000000,0.000000,233015.000000,8134.000000
15.127832,1200.000000,-411.353241,15.238808,0.000000,1.000000,2.000000,1.000000,0.000000,283.000000,0.000000,769.000000,233789.000000,0.000000,0.000000,233726.000000,8159.000000
15.128106,1200.000000,-411.360443,15.237988,0.000000,1.000000,2.000000,1.000000,0.000000,283.000000,0.000000,769.000000,234258.000000,0.000000,0.000000,234195.000000,8176.000000
15.136684,1200.000000,-411.588287,15.237168,0.000000,1.000000,2.000000,1.000000,0.000000,283.000000,0.000000,769.000000,234959.000000,0.000000,0.000000,234896.000000,8200.000000
15.133051,1200.000000,-411.491821,15.242414,0.000000,1.000000,2.000000,1.000000,0.000000,283.000000,0.000000,769.000000,235424.000000,0.000000,0.000000,235361.000000,8216.000000
15.132692,1200.000000,-411.482269,15.239874,0.000000,1.000000,2.000000,1.000000,0.000000,283.000000,0.000000,769.000000,236125.000000,0.000000,0.000000,236062.000000,8241.000000
15.137701,1200.000000,-411.615265,15.238753,0.000000,1.000000,2.000000,1.000000,0.000000,283.000000,0.000000,769.000000,236607.000000,0.000000,0.000000,236544.000000,8257.000000
15.140842,1200.000000,-411.698730,15.237633,0.000000,1.000000,2.000000,1.000000,0.000000,283.000000,0.000000,769.000000,237313.000000,0.000000,0.000000,237250.000000,8281.000000
15.141808,1200.000000,-411.724335,15.242743,0.000000,1.000000,2.000000,1.000000,0.000000,283.000000,0.000000,769.000000,237793.000000,0.000000,0.000000,237730.000000,8296.000000
15.139526,1200.000000,-411.663727,15.245693,0.000000,1.000000,2.000000,1.000000,0.000000,283.000000,0.000000,769.000000,238491.000000,0.000000,0.000000,238428.000000,8321.000000
15.138786,1200.000000,-411.644104,15.249545,0.000000,1.000000,2.000000,1.000000,0.000000,283.000000,0.000000,769.000000,238970.000000,0.000000,0.000000,238907.000000,8337.000000
15.147761,1200.000000,-411.882446,15.244272,0.000000,1.000000,2.000000,1.000000,0.000000,283.000000,0.000000,769.000000,239673.000000,0.000000,0.000000,239610.000000,8362.000000
15.151679,1200.000000,-411.986450,15.241950,0.000000,1.000000,2.000000,1.000000,0.000000,283.000000,0.000000,769.000000,240151.000000,0.000000,0.000000,240088.000000,8379.000000
15.136353,1200.000000,-411.579498,15.245229,0.000000,1.000000,2.000000,1.000000,0.000000,283.000000,0.000000,769.000000,240856.000000,0.000000,0.000000,240793.000000,8403.000000
15.129400,1200.000000,-411.394867,15.242633,0.000000,1.000000,2.000000,1.000000,0.000000,283.000000,0.000000,769.000000,241322.000000,0.000000,0.000000,241259.000000,8420.000000
15.126722,1200.000000,-411.323730,15.240010,0.000000,1.000000,2.000000,1.000000,0.000000,283.000000,0.000000,769.000000,242021.000000,0.000000,0.000000,241958.000000,8444.000000
15.128321,1200.000000,-411.366211,15.238863,0.000000,1.000000,2.000000,1.000000,0.000000,283.000000,0.000000,769.000000,242489.000000,0.000000,0.000000,242426.000000,8460.000000
15.121453,1200.000000,-411.183777,15.237688,0.000000,1.000000,2.000000,1.000000,0.000000,283.000000,0.000000,769.000000,243196.000000,0.000000,0.000000,243133.000000,8485.000000
15.131249,1200.000000,-411.443939,15.237168,0.000000,1.000000,2.000000,1.000000,0.000000,283.000000,0.000000,769.000000,243677.000000,0.000000,0.000000,243614.000000,8502.000000
15.136828,1200.000000,-411.592102,15.241430,0.000000,1.000000,2.000000,1.000000,0.000000,283.000000,0.000000,769.000000,244388.000000,0.000000,0.000000,244325.000000,8527.000000
15.140344,1200.000000,-411.685516,15.239874,0.000000,1.000000,2.000000,1.000000,0.000000,283.000000,0.000000,769.000000,244859.000000,0.000000,0.000000,244796.000000,8543.000000
15.149437,1200.000000,-411.926941,15.238317,0.000000,1.000000,2.000000,1.000000,0.000000,283.000000,0.000000,769.000000,245566.000000,0.000000,0.000000,245503.000000,8568.000000
15.146493,1200.000000,-411.848755,15.237633,0.000000,1.000000,2.000000,1.000000,0.000000,283.000000,0.000000,769.000000,246028.000000,0.000000,0.000000,245965.000000,8585.000000
15.153794,1200.000000,-412.042633,15.236950,0.000000,1.000000,2.000000,1.000000,0.000000,283.000000,0.000000,769.000000,246735.000000,0.000000,0.000000,246672.000000,8609.000000
15.156581,1200.000000,-412.116638,15.242250,0.000000,1.000000,2.000000,1.000000,0.000000,283.000000,0.000000,769.000000,247197.000000,0.000000,0.000000,247134.000000,8626.000000
15.159048,1200.000000,-412.182129,15.239792,0.000000,1.000000,2.000000,1.000000,0.000000,283.000000,0.000000,769.000000,247895.000000,0.000000,0.000000,247832.000000,8651.000000
15.167442,1200.000000,-412.405060,15.238699,0.000000,1.000000,2.000000,1.000000,0.000000,283.000000,0.000000,769.000000,248361.000000,0.000000,0.000000,248298.000000,8667.000000
15.167116,1200.000000,-412.396362,15.237606,0.000000,1.000000,2.000000,1.000000,0.000000,283.000000,0.000000,769.000000,249058.000000,0.000000,0.000000,248995.000000,8691.000000
15.160994,1200.000000,-412.233795,15.237114,0.000000,1.000000,2.000000,1.000000,0.000000,283.000000,0.000000,769.000000,249523.000000,0.000000,0.000000,249460.000000,8708.000000
15.153122,1200.000000,-412.024780,15.241376,0.000000,1.000000,2.000000,1.000000,0.000000,283.000000,0.000000,769.000000,250239.000000,0.000000,0.000000,250176.000000,8733.000000
15.151031,1200.000000,-411.969269,15.239846,0.000000,1.000000,2.000000,1.000000,0.000000,283.000000,0.000000,769.000000,250722.000000,0.000000,0.000000,250659.000000,8749.000000
15.160886,1200.000000,-412.230957,15.248671,0.000000,1.000000,2.000000,1.000000,0.000000,283.000000,0.000000,769.000000,251451.000000,0.000000,0.000000,251388.000000,8774.000000
15.163488,1200.000000,-412.300018,15.245119,0.000000,1.000000,2.000000,1.000000,0.000000,283.000000,0.000000,769.000000,251921.000000,0.000000,0.000000,251858.000000,8791.000000
15.176994,1200.000000,-412.658691,15.241540,0.000000,1.000000,2.000000,1.000000,0.000000,283.000000,0.000000,769.000000,252614.000000,0.000000,0.000000,252551.000000,8815.000000
15.183228,1200.000000,-412.824158,15.239955,0.000000,1.000000,2.000000,1.000000,0.000000,283.000000,0.000000,769.000000,253074.000000,0.000000,0.000000,253011.000000,8832.000000
15.198954,1200.000000,-413.241699,15.238371,0.000000,1.000000,2.000000,1.000000,0.000000,283.000000,0.000000,769.000000,253781.000000,0.000000,0.000000,253718.000000,8857.000000
15.187322,1200.000000,-412.932861,15.237660,0.000000,1.000000,2.000000,1.000000,0.000000,283.000000,0.000000,769.000000,254246.000000,0.000000,0.000000,254183.000000,8873.000000
15.171965,1200.000000,-412.525116,15.236978,0.000000,1.000000,2.000000,1.000000,0.000000,283.000000,0.000000,769.000000,254938.000000,0.000000,0.000000,254875.000000,8898.000000
15.152896,1200.000000,-412.018768,15.236677,0.000000,1.000000,2.000000,1.000000,0.000000,283.000000,0.000000,769.000000,255399.000000,0.000000,0.000000,255336.000000,8914.000000
15.118677,1200.000000,-411.110046,15.236349,0.000000,1.000000,2.000000,1.000000,0.000000,283.000000,0.000000,769.000000,256095.000000,0.000000,0.000000,256032.000000,8939.000000
15.096163,1200.000000,-410.512085,15.236075,0.000000,1.000000,2.000000,1.000000,0.000000,283.000000,0.000000,769.000000,257298.000000,0.000000,0.000000,257235.000000,8980.000000
15.095482,1200.000000,-410.493988,15.236021,0.000000,1.000000,2.000000,1.000000,0.000000,283.000000,0.000000,769.000000,257781.000000,0.000000,0.000000,257718.000000,8997.000000
15.120350,1200.000000,-411.154541,15.235939,0.000000,1.000000,2.000000,1.000000,0.000000,283.000000,0.000000,769.000000,258500.000000,0.000000,0.000000,258437.000000,9021.000000
15.137084,1200.000000,-411.598907,15.235939,0.000000,1.000000,2.000000,1.000000,0.000000,283.000000,0.000000,769.000000,258965.000000,0.000000,0.000000,258902.000000,9038.000000
15.156795,1200.000000,-412.122314,15.235939,0.000000,1.000000,2.000000,1.000000,0.000000,283.000000,0.000000,769.000000,259660.000000,0.000000,0.000000,259597.000000,9063.000000
15.153243,1200.000000,-412.027954,15.235939,0.000000,1.000000,2.000000,1.000000,0.000000,283.000000,0.000000,769.000000,260132.000000,0.000000,0.000000,260069.000000,9079.000000
15.142510,1200.000000,-411.743042,15.235939,0.000000,1.000000,2.000000,1.000000,0.000000,283.000000,0.000000,769.000000,260830.000000,0.000000,0.000000,260767.000000,9104.000000
15.112431,1200.000000,-410.944183,15.241512,0.000000,1.000000,2.000000,1.000000,0.000000,283.000000,0.000000,769.000000,261299.000000,0.000000,0.000000,261236.000000,9121.000000
15.116867,1200.000000,-411.061981,15.239327,0.000000,1.000000,2.000000,1.000000,0.000000,283.000000,0.000000,769.000000,261993.000000,0.000000,0.000000,261930.000000,9145.000000
15.125940,1200.000000,-411.302979,15.238371,0.000000,1.000000,2.000000,1.000000,0.000000,283.000000,0.000000,769.000000,262458.000000,0.000000,0.000000,262395.000000,9161.000000
15.144845,1200.000000,-411.804993,15.237388,0.000000,1.000000,2.000000,1.000000,0.000000,283.000000,0.000000,769.000000,263170.000000,0.000000,0.000000,263107.000000,9186.000000
15.158868,1200.000000,-412.177338,15.231349,0.000000,1.000000,2.000000,1.000000,0.000000,283.000000,0.000000,769.000000,263653.000000,0.000000,0.000000,263590.000000,9203.000000
15.155420,1200.000000,-412.085785,15.233098,0.000000,1.000000,2.000000,1.000000,0.000000,283.000000,0.000000,769.000000,264366.000000,0.000000,0.000000,264303.000000,9227.000000
15.138512,1200.000000,-411.636841,15.233863,0.000000,1.000000,2.000000,1.000000,0.000000,283.000000,0.000000,769.000000,264848.000000,0.000000,0.000000,264785.000000,9244.000000
15.098517,1200.000000,-410.574677,15.223263,0.000000,1.000000,2.000000,1.000000,0.000000,283.000000,0.000000,769.000000,265546.000000,0.000000,0.000000,265483.000000,9269.000000
15.065375,1200.000000,-409.694305,15.214575,0.000000,1.000000,2.000000,1.000000,0.000000,283.000000,0.000000,769.000000,266008.000000,0.000000,0.000000,265945.000000,9285.000000
15.036814,1200.000000,-408.935516,15.205832,0.000000,1.000000,2.000000,1.000000,0.000000,283.000000,0.000000,769.000000,266710.000000,0.000000,0.000000,266647.000000,9310.000000
15.003221,1200.000000,-408.042908,15.195395,0.000000,1.000000,2.000000,1.000000,0.000000,283.000000,0.000000,769.000000,267184.000000,0.000000,0.000000,267121.000000,9327.000000
14.981686,1200.000000,-407.470642,15.194057,0.000000,1.000000,2.000000,1.000000,0.000000,283.000000,0.000000,769.000000,267885.000000,0.000000,0.000000,267822.000000,9352.000000
14.985583,1200.000000,-407.574249,15.193456,-0.200000,1.000000,2.000000,1.000000,0.000000,283.000000,0.000000,769.000000,268358.000000,0.000000,0.000000,268295.000000,9368.000000
15.014053,1200.000000,-408.330811,15.192882,-0.102400,1.000000,2.000000,1.000000,0.000000,283.000000,0.000000,769.000000,269061.000000,0.000000,0.000000,268998.000000,9393.000000
15.044923,1200.000000,-409.150970,15.192609,-0.065536,1.000000,2.000000,1.000000,0.000000,283.000000,0.000000,769.000000,269523.000000,0.000000,0.000000,269459.000000,9409.000000
15.111739,1200.000000,-410.925781,15.197936,-0.033554,1.000000,2.000000,1.000000,0.000000,283.000000,0.000000,769.000000,270232.000000,0.000000,0.000000,270168.000000,9433.000000
15.141268,1200.000000,-411.709991,15.196269,-0.021475,1.000000,2.000000,1.000000,0.000000,283.000000,0.000000,769.000000,270699.000000,0.000000,0.000000,270635.000000,9450.000000
15.145936,1200.000000,-411.833984,15.183237,-0.010995,1.000000,2.000000,1.000000,0.000000,283.000000,0.000000,769.000000,271421.000000,0.000000,0.000000,271357.000000,9475.000000
15.152053,1200.000000,-411.996338,15.173429,-0.007037,1.000000,2.000000,1.000000,0.000000,283.000000,0.000000,769.000000,271891.000000,0.000000,0.000000,271827.000000,9491.000000
15.130930,1200.000000,-411.435486,15.163594,-0.003603,1.000000,2.000000,1.000000,0.000000,283.000000,0.000000,769.000000,272590.000000,0.000000,0.000000,272526.000000,9516.000000
15.113561,1200.000000,-410.974182,15.152665,-0.002306,1.000000,2.000000,1.000000,0.000000,283.000000,0.000000,769.000000,273052.000000,0.000000,0.000000,272988.000000,9533.000000
15.080688,1200.000000,-410.101074,15.127312,-0.001181,1.000000,2.000000,1.000000,0.000000,283.000000,0.000000,769.000000,273767.000000,0.000000,0.000000,273703.000000,9558.000000
15.049948,1200.000000,-409.284454,15.114253,-0.000756,1.000000,2.000000,1.000000,0.000000,283.000000,0.000000,769.000000,274239.000000,0.000000,0.000000,274175.000000,9573.000000
14.991661,1200.000000,-407.735748,15.087751,-0.000387,1.000000,2.000000,1.000000,0.000000,283.000000,0.000000,769.000000,274951.000000,0.000000,0.000000,274887.000000,9598.000000
14.953823,1200.000000,-406.730164,15.067889,-0.000248,1.000000,2.000000,1.000000,0.000000,283.000000,0.000000,769.000000,275415.000000,0.000000,0.000000,275351.000000,9614.000000
14.919338,1200.000000,-405.813507,15.047917,-0.160127,1.000000,2.000000,1.000000,0.000000,283.000000,0.000000,769.000000,276106.000000,0.000000,0.000000,276042.000000,9638.000000
14.910141,1200.000000,-405.569031,15.039121,-0.102481,1.000000,2.000000,1.000000,0.000000,283.000000,0.000000,769.000000,276574.000000,0.000000,0.000000,276510.000000,9655.000000
14.876180,1200.000000,-404.666138,15.013275,-0.052470,1.000000,2.000000,1.000000,0.000000,283.000000,0.000000,769.000000,277276.000000,0.000000,0.000000,277212.000000,9680.000000
14.852978,1200.000000,-404.049194,14.983086,-0.033581,1.000000,2.000000,1.000000,0.000000,283.000000,0.000000,769.000000,277752.000000,0.000000,0.000000,277688.000000,9696.000000
14.819873,1200.000000,-403.168854,14.932788,-0.217193,1.000000,2.000000,1.000000,0.000000,283.000000,0.000000,769.000000,278456.000000,0.000000,0.000000,278392.000000,9721.000000
14.773705,1200.000000,-401.940857,14.907162,-0.139004,1.000000,2.000000,1.000000,0.000000,283.000000,0.000000,769.000000,278923.000000,0.000000,0.000000,278859.000000,9738.000000
14.704942,1200.000000,-400.111420,14.857820,-0.487170,1.000000,2.000000,1.000000,0.000000,283.000000,0.000000,769.000000,279630.000000,0.000000,0.000000,279566.000000,9763.000000
14.645097,1200.000000,-398.518738,14.822002,-0.871789,1.000000,2.000000,1.000000,0.000000,283.000000,0.000000,769.000000,280108.000000,0.000000,0.000000,280044.000000,9779.000000
14.551978,1200.000000,-396.039734,14.761269,-0.806356,1.000000,2.000000,1.000000,0.000000,283.000000,0.000000,769.000000,280823.000000,0.000000,0.000000,280759.000000,9804.000000
14.501614,1200.000000,-394.698486,14.721244,-0.916068,1.000000,2.000000,1.000000,0.000000,283.000000,0.000000,769.000000,281292.000000,0.000000,0.000000,281228.000000,9821.000000
14.422175,1200.000000,-392.582367,14.653242,-0.469027,1.000000,2.000000,1.000000,0.000000,283.000000,0.000000,769.000000,281988.000000,0.000000,0.000000,281924.000000,9845.000000
14.379428,1200.000000,-391.443329,14.601005,-1.020177,1.000000,2.000000,1.000000,0.000000,283.000000,0.000000,769.000000,282451.000000,0.000000,0.000000,282387.000000,9861.000000
14.293980,1200.000000,-389.165833,14.528550,-0.978331,1.000000,2.000000,1.000000,0.000000,283.000000,0.000000,769.000000,283154.000000,0.000000,0.000000,283090.000000,9886.000000
14.246080,1200.000000,-387.888733,14.474346,-1.346132,1.000000,2.000000,1.000000,0.000000,283.000000,0.000000,769.000000,283623.000000,0.000000,0.000000,283559.000000,9902.000000
14.163919,1200.000000,-385.697571,14.386701,-0.689219,1.000000,2.000000,1.000000,0.000000,283.000000,0.000000,769.000000,284336.000000,0.000000,0.000000,284272.000000,9927.000000
14.115962,1200.000000,-384.418243,14.329682,-0.841100,1.000000,2.000000,1.000000,0.000000,283.000000,0.000000,769.000000,284809.000000,0.000000,0.000000,284745.000000,9944.000000
14.040970,1200.000000,-382.417145,14.236628,-1.406644,1.000000,2.000000,1.000000,0.000000,283.000000,0.000000,769.000000,285504.000000,0.000000,0.000000,285440.000000,9969.000000
13.989260,1200.000000,-381.036896,14.172479,-1.300252,1.000000,2.000000,1.000000,0.000000,283.000000,0.000000,769.000000,285985.000000,0.000000,0.000000,285921.000000,9985.000000
13.891094,1200.000000,-378.415894,14.072267,-1.641729,1.000000,2.000000,1.000000,0.000000,283.000000,0.000000,769.000000,286696.000000,0.000000,0.000000,286632.000000,10010.000000
13.809688,1200.000000,-376.241455,14.010549,-1.770707,1.000000,2.000000,1.000000,0.000000,283.000000,0.000000,769.000000,287164.000000,0.000000,0.000000,287100.000000,10027.000000
13.679498,1200.000000,-372.762512,13.910582,-1.882602,1.000000,2.000000,1.000000,0.000000,283.000000,0.000000,769.000000,287866.000000,0.000000,0.000000,287802.000000,10051.000000
13.576559,1200.000000,-370.010345,13.832746,-2.284865,1.000000,2.000000,1.000000,0.000000,283.000000,0.000000,769.000000,288332.000000,0.000000,0.000000,288268.000000,10067.000000
13.443636,1200.000000,-366.454773,13.727970,-1.985851,1.000000,2.000000,1.000000,0.000000,283.000000,0.000000,769.000000,289030.000000,0.000000,0.000000,288966.000000,10091.000000
13.358527,1200.000000,-364.177155,13.652019,-2.150945,1.000000,2.000000,1.000000,0.000000,283.000000,0.000000,769.000000,289491.000000,0.000000,0.000000,289427.000000,10107.000000
13.210382,1200.000000,-360.210693,13.537790,-2.205284,1.000000,2.000000,1.000000,0.000000,283.000000,0.000000,769.000000,290210.000000,0.000000,0.000000,290146.000000,10132.000000
13.144318,1200.000000,-358.441071,13.459243,-2.131382,1.000000,2.000000,1.000000,0.000000,283.000000,0.000000,769.000000,290680.000000,0.000000,0.000000,290616.000000,10149.000000
13.018075,1200.000000,-355.058228,13.340370,-2.395267,1.000000,2.000000,1.000000,0.000000,283.000000,0.000000,769.000000,291398.000000,0.000000,0.000000,291334.000000,10174.000000
12.949280,1200.000000,-353.214020,13.262233,-2.252971,1.000000,2.000000,1.000000,0.000000,283.000000,0.000000,769.000000,291874.000000,0.000000,0.000000,291810.000000,10190.000000
12.821552,1200.000000,-349.788696,13.144945,-2.329521,1.000000,2.000000,1.000000,0.000000,283.000000,0.000000,769.000000,292563.000000,0.000000,0.000000,292499.000000,10215.000000
12.739553,1200.000000,-347.588745,13.060060,-2.170893,1.000000,2.000000,1.000000,0.000000,283.000000,0.000000,769.000000,293032.000000,0.000000,0.000000,292968.000000,10232.000000
12.604806,1200.000000,-343.972137,12.931270,-2.415497,1.000000,2.000000,1.000000,0.000000,283.000000,0.000000,769.000000,293728.000000,0.000000,0.000000,293664.000000,10257.000000
12.472838,1200.000000,-340.428223,12.844717,-2.625918,1.000000,2.000000,1.000000,0.000000,283.000000,0.000000,769.000000,294192.000000,0.000000,0.000000,294128.000000,10273.000000
12.321224,1200.000000,-336.354523,12.707622,-2.680470,1.000000,2.000000,1.000000,0.000000,283.000000,0.000000,769.000000,294892.000000,0.000000,0.000000,294828.000000,10297.000000
12.238287,1200.000000,-334.125092,12.616534,-2.595501,1.000000,2.000000,1.000000,0.000000,283.000000,0.000000,769.000000,295359.000000,0.000000,0.000000,295295.000000,10313.000000
12.095734,1200.000000,-330.291504,12.464904,-2.864896,1.000000,2.000000,1.000000,0.000000,283.000000,0.000000,769.000000,296058.000000,0.000000,0.000000,295994.000000,10338.000000
11.998905,1200.000000,-327.686371,12.367014,-2.753534,1.000000,2.000000,1.000000,0.000000,283.000000,0.000000,769.000000,296538.000000,0.000000,0.000000,296474.000000,10355.000000
11.788923,1200.000000,-322.033752,12.217351,-2.713809,1.000000,2.000000,1.000000,0.000000,283.000000,0.000000,769.000000,297264.000000,0.000000,0.000000,297200.000000,10380.000000
11.704739,1200.000000,-319.766296,12.109379,-2.816838,1.000000,2.000000,1.000000,0.000000,283.000000,0.000000,769.000000,297746.000000,0.000000,0.000000,297681.000000,10396.000000
11.547825,1200.000000,-315.538116,11.950809,-2.906221,1.000000,2.000000,1.000000,0.000000,283.000000,0.000000,769.000000,298445.000000,0.000000,0.000000,298380.000000,10421.000000
11.429339,1200.000000,-312.343842,11.837046,-2.939981,1.000000,2.000000,1.000000,0.000000,283.000000,0.000000,769.000000,298905.000000,0.000000,0.000000,298840.000000,10438.000000
11.247954,1200.000000,-307.451294,11.659243,-2.969270,1.000000,2.000000,1.000000,0.000000,283.000000,0.000000,769.000000,299608.000000,0.000000,0.000000,299541.000000,10463.000000
11.113805,1200.000000,-303.830841,11.547637,-2.780333,1.000000,2.000000,1.000000,0.000000,283.000000,0.000000,769.000000,300076.000000,0.000000,0.000000,300009.000000,10479.000000
10.932022,1200.000000,-298.922180,11.358058,-3.175531,1.000000,2.000000,1.000000,0.000000,283.000000,0.000000,769.000000,300774.000000,0.000000,0.000000,300707.000000,10504.000000
10.799552,1200.000000,-295.343231,11.225881,-3.152339,1.000000,2.000000,1.000000,0.000000,283.000000,0.000000,769.000000,301241.000000,0.000000,0.000000,301174.000000,10520.000000
10.581528,1200.000000,-289.449402,11.029553,-3.565998,1.000000,2.000000,1.000000,0.000000,283.000000,0.000000,769.000000,301935.000000,0.000000,0.000000,301867.000000,10544.000000
10.432523,1200.000000,-285.418945,10.897567,-3.362238,1.000000,2.000000,1.000000,0.000000,283.000000,0.000000,769.000000,302411.000000,0.000000,0.000000,302343.000000,10561.000000
10.131825,1200.000000,-277.279541,10.692279,-3.673466,1.000000,2.000000,1.000000,0.000000,283.000000,0.000000,769.000000,303135.000000,0.000000,0.000000,303067.000000,10586.000000
9.974863,1200.000000,-273.027771,10.568516,-3.271019,1.000000,2.000000,1.000000,0.000000,283.000000,0.000000,769.000000,303606.000000,0.000000,0.000000,303538.000000,10602.000000
9.735286,1200.000000,-266.534180,10.383691,-3.338762,1.000000,2.000000,1.000000,0.000000,283.000000,0.000000,769.000000,304327.000000,0.000000,0.000000,304259.000000,10627.000000
9.565860,1200.000000,-261.939178,10.260201,-3.216807,1.000000,2.000000,1.000000,0.000000,283.000000,0.000000,769.000000,304801.000000,0.000000,0.000000,304724.000000,10644.000000
9.320757,1200.000000,-255.287689,10.075622,-3.111005,1.000000,2.000000,1.000000,0.000000,283.000000,0.000000,769.000000,305493.000000,0.000000,0.000000,305416.000000,10669.000000
9.166858,1200.000000,-251.108841,9.952269,-3.271043,1.000000,2.000000,1.000000,0.000000,283.000000,0.000000,769.000000,305961.000000,0.000000,0.000000,305884.000000,10685.000000
8.982043,1200.000000,-246.088150,9.767826,-2.778774,1.000000,2.000000,1.000000,0.000000,283.000000,0.000000,769.000000,306672.000000,0.000000,0.000000,306590.000000,10710.000000
8.869093,1200.000000,-243.018494,9.656713,-2.698415,1.000000,2.000000,1.000000,0.000000,283.000000,0.000000,769.000000,307138.000000,0.000000,0.000000,307056.000000,10727.000000
8.685225,1200.000000,-238.019440,9.507132,-2.485589,1.000000,2.000000,1.000000,0.000000,283.000000,0.000000,769.000000,307839.000000,0.000000,0.000000,307752.000000,10751.000000
8.523065,1200.000000,-233.608582,9.412984,-2.470777,1.000000,2.000000,1.000000,0.000000,283.000000,0.000000,769.000000,308316.000000,0.000000,0.000000,308222.000000,10767.000000
8.376465,1200.000000,-229.619354,9.267064,-2.529038,1.000000,2.000000,1.000000,0.000000,283.000000,0.000000,769.000000,309018.000000,0.000000,0.000000,308924.000000,10792.000000
8.281368,1200.000000,-227.030792,9.172972,-2.538584,1.000000,2.000000,1.000000,0.000000,283.000000,0.000000,769.000000,309494.000000,0.000000,0.000000,309400.000000,10807.000000
8.158334,1200.000000,-223.680878,9.040493,-2.083755,1.000000,2.000000,1.000000,0.000000,283.000000,0.000000,769.000000,310203.000000,0.000000,0.000000,310109.000000,10830.000000
8.082910,1200.000000,-221.626740,8.960470,-2.053603,1.000000,2.000000,1.000000,0.000000,283.000000,0.000000,769.000000,310684.000000,0.000000,0.000000,310590.000000,10847.000000
7.973392,1200.000000,-218.643356,8.843128,-1.699445,1.000000,2.000000,1.000000,0.000000,283.000000,0.000000,769.000000,311388.000000,0.000000,0.000000,311294.000000,10872.000000
7.921525,1200.000000,-217.230194,8.769116,-1.807645,1.000000,2.000000,1.000000,0.000000,283.000000,0.000000,769.000000,311853.000000,0.000000,0.000000,311759.000000,10888.000000
7.833512,1200.000000,-214.831802,8.663412,-1.181514,1.000000,2.000000,1.000000,0.000000,283.000000,0.000000,769.000000,312550.000000,0.000000,0.000000,312456.000000,10913.000000
7.779260,1200.000000,-213.353134,8.590466,-1.476169,1.000000,2.000000,1.000000,0.000000,283.000000,0.000000,769.000000,313025.000000,0.000000,0.000000,312930.000000,10929.000000
7.712962,1200.000000,-211.545914,8.502821,-1.315799,1.000000,2.000000,1.000000,0.000000,283.000000,0.000000,769.000000,313734.000000,0.000000,0.000000,313637.000000,10952.000000
7.651850,1200.000000,-209.879761,8.444464,-1.562111,1.000000,2.000000,1.000000,0.000000,283.000000,0.000000,769.000000,314212.000000,0.000000,0.000000,314115.000000,10969.000000
7.595960,1200.000000,-208.355820,8.362283,-0.927801,1.000000,2.000000,1.000000,0.000000,283.000000,0.000000,769.000000,314905.000000,0.000000,0.000000,314808.000000,10993.000000
7.553878,1200.000000,-207.208252,8.311931,-1.313793,1.000000,2.000000,1.000000,0.000000,283.000000,0.000000,769.000000,315367.000000,0.000000,0.000000,315270.000000,11009.000000
7.506377,1200.000000,-205.912735,8.224422,-1.488662,1.000000,2.000000,1.000000,0.000000,283.000000,0.000000,769.000000,316073.000000,0.000000,0.000000,315976.000000,11034.000000
7.478847,1200.000000,-205.161804,8.163551,-1.272743,1.000000,2.000000,1.000000,0.000000,283.000000,0.000000,769.000000,316540.000000,0.000000,0.000000,316443.000000,11051.000000
7.404520,1200.000000,-203.134277,8.082409,-1.427645,1.000000,2.000000,1.000000,0.000000,283.000000,0.000000,769.000000,317256.000000,0.000000,0.000000,317159.000000,11076.000000
7.363030,1200.000000,-202.002365,8.030964,-1.273692,1.000000,2.000000,1.000000,0.000000,283.000000,0.000000,769.000000,317722.000000,0.000000,0.000000,317625.000000,11092.000000
7.305471,1200.000000,-200.431854,7.955722,-1.500131,1.000000,2.000000,1.000000,0.000000,283.000000,0.000000,769.000000,318419.000000,0.000000,0.000000,318322.000000,11117.000000
7.256824,1200.000000,-199.104309,7.902857,-0.960084,1.000000,2.000000,1.000000,0.000000,283.000000,0.000000,769.000000,318892.000000,0.000000,0.000000,318795.000000,11134.000000
7.184711,1200.000000,-197.136215,7.809201,-0.971563,1.000000,2.000000,1.000000,0.000000,283.000000,0.000000,769.000000,319615.000000,0.000000,0.000000,319518.000000,11158.000000
7.150823,1200.000000,-196.211227,7.753795,-1.181800,1.000000,2.000000,1.000000,0.000000,283.000000,0.000000,769.000000,320090.000000,0.000000,0.000000,319987.000000,11175.000000
7.115665,1200.000000,-195.251526,7.660221,-1.541082,1.000000,2.000000,1.000000,0.000000,283.000000,0.000000,769.000000,320791.000000,0.000000,0.000000,320688.000000,11199.000000
7.072444,1200.000000,-194.071594,7.603968,-1.146292,1.000000,2.000000,1.000000,0.000000,283.000000,0.000000,769.000000,321258.000000,0.000000,0.000000,321155.000000,11215.000000
7.008999,1200.000000,-192.339371,7.505121,-1.306902,1.000000,2.000000,1.000000,0.000000,283.000000,0.000000,769.000000,321952.000000,0.000000,0.000000,321849.000000,11240.000000
6.952414,1200.000000,-190.794220,7.436546,-0.836417,1.000000,2.000000,1.000000,0.000000,283.000000,0.000000,769.000000,322425.000000,0.000000,0.000000,322322.000000,11257.000000
6.889307,1200.000000,-189.070786,7.324121,-1.404246,1.000000,2.000000,1.000000,0.000000,283.000000,0.000000,769.000000,323123.000000,0.000000,0.000000,323020.000000,11282.000000
6.820277,1200.000000,-187.185318,7.256994,-1.618717,1.000000,2.000000,1.000000,0.000000,283.000000,0.000000,769.000000,323598.000000,0.000000,0.000000,323495.000000,11298.000000
6.722911,1200.000000,-184.525436,7.134652,-2.164783,1.000000,2.000000,1.000000,0.000000,283.000000,0.000000,769.000000,324294.000000,0.000000,0.000000,324191.000000,11323.000000
6.639183,1200.000000,-182.237686,7.046925,-2.465461,1.000000,2.000000,1.000000,0.000000,283.000000,0.000000,769.000000,324760.000000,0.000000,0.000000,324657.000000,11340.000000
6.514672,1200.000000,-178.834915,6.903054,-2.526316,1.000000,2.000000,1.000000,0.000000,283.000000,0.000000,769.000000,325479.000000,0.000000,0.000000,325376.000000,11364.000000
6.439983,1200.000000,-176.793289,6.806448,-2.536842,1.000000,2.000000,1.000000,0.000000,283.000000,0.000000,769.000000,325957.000000,0.000000,0.000000,325853.000000,11381.000000
6.300160,1200.000000,-172.970474,6.653643,-2.762863,1.000000,2.000000,1.000000,0.000000,283.000000,0.000000,769.000000,326656.000000,0.000000,0.000000,326552.000000,11406.000000
6.201261,1200.000000,-170.265900,6.546491,-2.648233,1.000000,2.000000,1.000000,0.000000,283.000000,0.000000,769.000000,327125.000000,0.000000,0.000000,327019.000000,11422.000000
6.032013,1200.000000,-165.636353,6.368714,-3.147895,1.000000,2.000000,1.000000,0.000000,283.000000,0.000000,769.000000,327822.000000,0.000000,0.000000,327716.000000,11446.000000
5.900748,1200.000000,-162.044769,6.249650,-3.094653,1.000000,2.000000,1.000000,0.000000,283.000000,0.000000,769.000000,328288.000000,0.000000,0.000000,328182.000000,11463.000000
5.719022,1200.000000,-157.071106,6.069552,-3.048462,1.000000,2.000000,1.000000,0.000000,283.000000,0.000000,769.000000,328997.000000,0.000000,0.000000,328891.000000,11488.000000
5.587880,1200.000000,-153.480881,5.935954,-3.191016,1.000000,2.000000,1.000000,0.000000,283.000000,0.000000,769.000000,329470.000000,0.000000,0.000000,329364.000000,11504.000000
5.372846,1200.000000,-147.592270,5.729053,-3.097800,1.000000,2.000000,1.000000,0.000000,283.000000,0.000000,769.000000,330187.000000,0.000000,0.000000,330080.000000,11529.000000
5.220539,1200.000000,-143.420151,5.592368,-3.222592,1.000000,2.000000,1.000000,0.000000,283.000000,0.000000,769.000000,330663.000000,0.000000,0.000000,330556.000000,11546.000000
4.956471,1200.000000,-136.184189,5.382353,-3.673967,1.000000,2.000000,1.000000,0.000000,283.000000,0.000000,769.000000,331365.000000,0.000000,0.000000,331258.000000,11570.000000
4.794568,1200.000000,-131.746277,5.237744,-3.631339,1.000000,2.000000,1.000000,0.000000,283.000000,0.000000,769.000000,331826.000000,0.000000,0.000000,331719.000000,11587.000000
4.529411,1200.000000,-124.475876,5.028932,-3.323246,1.000000,2.000000,1.000000,0.000000,283.000000,0.000000,769.000000,332532.000000,0.000000,0.000000,332425.000000,11612.000000
4.343412,1200.000000,-119.374321,4.879214,-3.366877,1.000000,2.000000,1.000000,0.000000,283.000000,0.000000,769.000000,332997.000000,0.000000,0.000000,332890.000000,11628.000000
4.089808,1200.000000,-112.416489,4.673079,-3.507841,1.000000,2.000000,1.000000,0.000000,283.000000,0.000000,769.000000,333700.000000,0.000000,0.000000,333593.000000,11653.000000
3.922381,1200.000000,-107.821754,4.536748,-3.325018,1.000000,2.000000,1.000000,0.000000,283.000000,0.000000,769.000000,334165.000000,0.000000,0.000000,334057.000000,11669.000000
3.693657,1200.000000,-101.543381,4.337471,-3.166409,1.000000,2.000000,1.000000,0.000000,283.000000,0.000000,769.000000,334865.000000,0.000000,0.000000,334756.000000,11694.000000
3.540588,1200.000000,-97.340797,4.208927,-3.106502,1.000000,2.000000,1.000000,0.000000,283.000000,0.000000,769.000000,335340.000000,0.000000,0.000000,335231.000000,11710.000000
3.334139,1200.000000,-91.671509,4.019266,-2.854529,1.000000,2.000000,1.000000,0.000000,283.000000,0.000000,769.000000,336058.000000,0.000000,0.000000,335949.000000,11734.000000
3.201598,1200.000000,-88.031212,3.912442,-2.706899,1.000000,2.000000,1.000000,0.000000,283.000000,0.000000,769.000000,336538.000000,0.000000,0.000000,336429.000000,11751.000000
3.020674,1200.000000,-83.061264,3.752424,-2.689932,1.000000,2.000000,1.000000,0.000000,283.000000,0.000000,769.000000,337251.000000,0.000000,0.000000,337142.000000,11775.000000
2.893346,1200.000000,-79.563087,3.646474,-2.601557,1.000000,2.000000,1.000000,0.000000,283.000000,0.000000,769.000000,337708.000000,0.000000,0.000000,337599.000000,11791.000000
2.713462,1200.000000,-74.620346,3.487331,-2.795997,1.000000,2.000000,1.000000,0.000000,283.000000,0.000000,769.000000,338408.000000,0.000000,0.000000,338299.000000,11816.000000
2.597692,1200.000000,-71.438919,3.387391,-2.669438,1.000000,2.000000,1.000000,0.000000,283.000000,0.000000,769.000000,338878.000000,0.000000,0.000000,338769.000000,11832.000000
2.419341,1200.000000,-66.537102,3.255623,-2.182752,1.000000,2.000000,1.000000,0.000000,283.000000,0.000000,769.000000,339570.000000,0.000000,0.000000,339461.000000,11857.000000
2.325211,1200.000000,-63.949783,3.171202,-2.276962,1.000000,2.000000,1.000000,0.000000,283.000000,0.000000,769.000000,340038.000000,0.000000,0.000000,339929.000000,11874.000000
2.193695,1200.000000,-60.334545,3.049434,-2.141804,1.000000,2.000000,1.000000,0.000000,283.000000,0.000000,769.000000,340730.000000,0.000000,0.000000,340621.000000,11898.000000
2.091601,1200.000000,-57.527878,2.973454,-2.090755,1.000000,2.000000,1.000000,0.000000,283.000000,0.000000,769.000000,341201.000000,0.000000,0.000000,341092.000000,11914.000000
1.962327,1200.000000,-53.973717,2.877122,-2.046466,1.000000,2.000000,1.000000,0.000000,283.000000,0.000000,769.000000,341925.000000,0.000000,0.000000,341816.000000,11939.000000
1.851441,1200.000000,-50.924900,2.818956,-1.669739,1.000000,2.000000,1.000000,0.000000,283.000000,0.000000,769.000000,342398.000000,0.000000,0.000000,342289.000000,11956.000000
1.737682,1200.000000,-47.796898,2.741747,-0.854906,1.000000,2.000000,1.000000,0.000000,283.000000,0.000000,769.000000,343114.000000,0.000000,0.000000,343005.000000,11980.000000
1.674365,1200.000000,-46.055794,2.690166,-0.547140,1.000000,2.000000,1.000000,0.000000,283.000000,0.000000,769.000000,343585.000000,0.000000,0.000000,343476.000000,11997.000000
1.592183,1200.000000,-43.795856,2.624951,-0.280136,1.000000,2.000000,1.000000,0.000000,283.000000,0.000000,769.000000,344279.000000,0.000000,0.000000,344170.000000,12022.000000
1.538554,1200.000000,-42.321041,2.587986,-0.179287,1.000000,2.000000,1.000000,0.000000,283.000000,0.000000,769.000000,344743.000000,0.000000,0.000000,344634.000000,12038.000000
1.497493,1200.000000,-41.191860,2.550857,-0.091795,1.000000,2.000000,1.000000,0.000000,283.000000,0.000000,769.000000,345453.000000,0.000000,0.000000,345344.000000,12063.000000
1.475997,1200.000000,-40.600677,2.534437,-0.058749,1.000000,2.000000,1.000000,0.000000,283.000000,0.000000,769.000000,345921.000000,0.000000,0.000000,345812.000000,12080.000000
1.500198,1200.000000,-41.266247,2.517963,-0.030079,1.000000,2.000000,1.000000,0.000000,283.000000,0.000000,769.000000,346613.000000,0.000000,0.000000,346504.000000,12105.000000
1.546925,1200.000000,-42.551266,2.510696,-0.019251,1.000000,2.000000,1.000000,0.000000,283.000000,0.000000,769.000000,347074.000000,0.000000,0.000000,346965.000000,12121.000000
1.642428,1200.000000,-45.177555,2.503401,-0.009856,1.000000,2.000000,1.000000,0.000000,283.000000,0.000000,769.000000,347785.000000,0.000000,0.000000,347676.000000,12145.000000
1.725600,1200.000000,-47.464657,2.500177,-0.006308,1.000000,2.000000,1.000000,0.000000,283.000000,0.000000,769.000000,348253.000000,0.000000,0.000000,348144.000000,12162.000000
1.829802,1200.000000,-50.329910,2.496926,-0.003230,1.000000,2.000000,1.000000,0.000000,283.000000,0.000000,769.000000,348963.000000,0.000000,0.000000,348854.000000,12186.000000
1.885316,1200.000000,-51.856319,2.495478,-0.002067,1.000000,2.000000,1.000000,0.000000,283.000000,0.000000,769.000000,349443.000000,0.000000,0.000000,349334.000000,12203.000000
1.950691,1200.000000,-53.653809,2.494030,-0.001058,1.000000,2.000000,1.000000,0.000000,283.000000,0.000000,769.000000,350158.000000,0.000000,0.000000,350049.000000,12228.000000
1.967101,1200.000000,-54.104980,2.486790,-0.000677,1.000000,2.000000,1.000000,0.000000,283.000000,0.000000,769.000000,350622.000000,0.000000,0.000000,350513.000000,12244.000000
1.961596,1200.000000,-53.953617,2.488702,-0.000347,1.000000,2.000000,1.000000,0.000000,283.000000,0.000000,769.000000,351317.000000,0.000000,0.000000,351208.000000,12269.000000
1.962695,1200.000000,-53.983845,2.482965,-0.000222,1.000000,2.000000,1.000000,0.000000,283.000000,0.000000,769.000000,351792.000000,0.000000,0.000000,351683.000000,12286.000000
1.978673,1200.000000,-54.423149,2.479741,-0.000114,1.000000,2.000000,1.000000,0.000000,283.000000,0.000000,769.000000,352493.000000,0.000000,0.000000,352384.000000,12311.000000
1.994580,1200.000000,-54.860481,2.476490,-0.000073,1.000000,2.000000,1.000000,0.000000,283.000000,0.000000,769.000000,352964.000000,0.000000,0.000000,352855.000000,12326.000000
2.005125,1200.000000,-55.150406,2.465398,-0.000037,1.000000,2.000000,1.000000,0.000000,283.000000,0.000000,769.000000,353677.000000,0.000000,0.000000,353568.000000,12351.000000
2.017905,1200.000000,-55.501766,2.460507,-0.000024,1.000000,2.000000,1.000000,0.000000,283.000000,0.000000,769.000000,354494.000000,346.000000,12.000000,354032.000000,12367.000000
2.018816,1200.000000,-55.526833,2.455590,-0.000012,1.000000,2.000000,0.000000,0.000000,283.000000,0.000000,769.000000,355881.000000,1042.000000,36.000000,354723.000000,12391.000000
2.013623,1200.000000,-55.384048,2.453431,-0.000008,1.000000,2.000000,0.000000,0.000000,283.000000,0.000000,769.000000,356824.000000,1514.000000,53.000000,355194.000000,12408.000000
2.013742,1200.000000,-55.387321,2.451246,-0.000004,1.000000,2.000000,0.000000,0.000000,283.000000,0.000000,769.000000,358224.000000,2210.000000,78.000000,355898.000000,12433.000000
2.016644,1200.000000,-55.467110,2.450289,-0.000003,1.000000,2.000000,0.000000,0.000000,283.000000,0.000000,769.000000,359185.000000,2692.000000,94.000000,356377.000000,12449.000000
2.034642,1200.000000,-55.961929,2.449306,-0.000001,1.000000,2.000000,0.000000,0.000000,283.000000,0.000000,769.000000,360577.000000,3386.000000,119.000000,357075.000000,12474.000000
2.042592,1200.000000,-56.180496,2.448896,-0.000001,1.000000,2.000000,0.000000,0.000000,283.000000,0.000000,769.000000,361493.000000,3845.000000,136.000000,357532.000000,12491.000000
2.045042,1200.000000,-56.247841,2.448459,-0.000000,1.000000,2.000000,0.000000,0.000000,283.000000,0.000000,769.000000,362906.000000,4553.000000,161.000000,358237.000000,12516.000000
2.033382,1200.000000,-55.927277,2.448268,-0.000000,1.000000,2.000000,0.000000,0.000000,283.000000,0.000000,769.000000,363861.000000,5028.000000,176.000000,358717.000000,12532.000000
2.048636,1200.000000,-56.346653,2.448076,-0.000000,1.000000,2.000000,0.000000,0.000000,283.000000,0.000000,769.000000,365275.000000,5729.000000,201.000000,359430.000000,12557.000000
2.068546,1200.000000,0.000000,2.448076,0.000000,0.000000,3.000000,0.000000,0.000000,283.000000,0.000000,769.000000,366202.000000,6196.000000,217.000000,359890.000000,12573.000000
2.083293,1200.000000,0.000000,2.448076,0.000000,0.000000,3.000000,0.000000,0.000000,283.000000,0.000000,769.000000,367581.000000,6886.000000,241.000000,360579.000000,12597.000000
2.087825,1200.000000,0.000000,2.448076,0.000000,0.000000,3.000000,0.000000,0.000000,283.000000,0.000000,769.000000,368501.000000,7346.000000,258.000000,361039.000000,12614.000000
2.104089,1200.000000,0.000000,2.448076,0.000000,0.000000,3.000000,0.000000,0.000000,283.000000,0.000000,769.000000,369926.000000,8059.000000,283.000000,361751.000000,12639.000000
2.101572,1200.000000,0.000000,2.448076,0.000000,0.000000,3.000000,0.000000,0.000000,283.000000,0.000000,769.000000,370851.000000,8515.000000,299.000000,362220.000000,12655.000000
2.091247,1200.000000,0.000000,2.448076,0.000000,0.000000,3.000000,0.000000,0.000000,283.000000,0.000000,769.000000,372260.000000,9220.000000,324.000000,362924.000000,12680.000000
2.078452,1200.000000,0.000000,2.448076,0.000000,0.000000,3.000000,0.000000,0.000000,283.000000,0.000000,769.000000,373184.000000,9681.000000,341.000000,363387.000000,12697.000000
2.077700,1200.000000,0.000000,2.448076,0.000000,0.000000,3.000000,0.000000,0.000000,283.000000,0.000000,769.000000,374598.000000,10385.000000,366.000000,364097.000000,12722.000000
2.077727,1200.000000,0.000000,2.448076,0.000000,0.000000,3.000000,0.000000,0.000000,283.000000,0.000000,769.000000,375546.000000,10850.000000,382.000000,364580.000000,12738.000000
2.072449,1200.000000,0.000000,2.448076,0.000000,0.000000,3.000000,0.000000,0.000000,283.000000,0.000000,769.000000,376936.000000,11539.000000,407.000000,365281.000000,12763.000000
2.064370,1200.000000,0.000000,2.448076,0.000000,0.000000,3.000000,0.000000,0.000000,283.000000,0.000000,769.000000,377890.000000,12010.000000,424.000000,365764.000000,12780.000000
2.066771,1200.000000,0.000000,2.448076,0.000000,0.000000,3.000000,0.000000,0.000000,283.000000,0.000000,769.000000,379268.000000,12702.000000,448.000000,366450.000000,12804.000000
2.061823,1200.000000,0.000000,2.448076,0.000000,0.000000,3.000000,0.000000,0.000000,283.000000,0.000000,769.000000,380192.000000,13163.000000,464.000000,366913.000000,12820.000000
2.071364,1200.000000,0.000000,2.448076,0.000000,0.000000,3.000000,0.000000,0.000000,283.000000,0.000000,769.000000,381603.000000,13869.000000,489.000000,367618.000000,12845.000000
2.078313,1200.000000,0.000000,2.448076,0.000000,0.000000,3.000000,0.000000,0.000000,283.000000,0.000000,769.000000,382553.000000,14342.000000,505.000000,368095.000000,12861.000000
2.090163,1200.000000,0.000000,2.448076,0.000000,0.000000,3.000000,0.000000,0.000000,283.000000,0.000000,769.000000,383962.000000,15039.000000,530.000000,368807.000000,12886.000000
2.093816,1200.000000,0.000000,2.448076,0.000000,0.000000,3.000000,0.000000,0.000000,283.000000,0.000000,769.000000,384890.000000,15501.000000,547.000000,369273.000000,12903.000000
2.099533,1200.000000,0.000000,2.448076,0.000000,0.000000,3.000000,0.000000,0.000000,283.000000,0.000000,769.000000,386298.000000,16206.000000,572.000000,369976.000000,12928.000000
2.097259,1200.000000,0.000000,2.448076,0.000000,0.000000,3.000000,0.000000,0.000000,283.000000,0.000000,769.000000,387205.000000,16654.000000,588.000000,370435.000000,12944.000000
2.099100,1200.000000,0.000000,2.448076,0.000000,0.000000,3.000000,0.000000,0.000000,283.000000,0.000000,769.000000,388634.000000,17366.000000,613.000000,371152.000000,12969.000000
2.092633,1200.000000,0.000000,2.448076,0.000000,0.000000,3.000000,0.000000,0.000000,283.000000,0.000000,769.000000,389543.000000,17818.000000,630.000000,371609.000000,12986.000000
2.071405,1200.000000,0.000000,2.448076,0.000000,0.000000,3.000000,0.000000,0.000000,283.000000,0.000000,769.000000,390953.000000,18527.000000,654.000000,372310.000000,13010.000000
2.073591,1200.000000,0.000000,2.448076,0.000000,0.000000,3.000000,0.000000,0.000000,283.000000,0.000000,769.000000,391883.000000,18992.000000,670.000000,372775.000000,13026.000000
2.056613,1200.000000,0.000000,2.448076,0.000000,0.000000,3.000000,0.000000,0.000000,283.000000,0.000000,769.000000,393265.000000,19682.000000,695.000000,373467.000000,13051.000000
2.041692,1200.000000,0.000000,2.448076,0.000000,0.000000,3.000000,0.000000,0.000000,283.000000,0.000000,769.000000,394205.000000,20152.000000,711.000000,373937.000000,13067.000000
2.049167,1200.000000,0.000000,2.448076,0.000000,0.000000,3.000000,0.000000,0.000000,283.000000,0.000000,769.000000,395606.000000,20846.000000,736.000000,374644.000000,13091.000000
2.056550,1200.000000,0.000000,2.448076,0.000000,0.000000,3.000000,0.000000,0.000000,283.000000,0.000000,769.000000,396566.000000,21322.000000,753.000000,375128.000000,13108.000000
2.078625,1200.000000,0.000000,2.448076,0.000000,0.000000,3.000000,0.000000,0.000000,283.000000,0.000000,769.000000,397974.000000,22018.000000,778.000000,375840.000000,13133.000000
2.079829,1200.000000,0.000000,2.448076,0.000000,0.000000,3.000000,0.000000,0.000000,283.000000,0.000000,769.000000,398898.000000,22477.000000,794.000000,376305.000000,13149.000000
2.096561,1200.000000,0.000000,2.448076,0.000000,0.000000,3.000000,0.000000,0.000000,283.000000,0.000000,769.000000,400283.000000,23169.000000,819.000000,376998.000000,13174.000000
2.111625,1200.000000,0.000000,2.448076,0.000000,0.000000,3.000000,0.000000,0.000000,283.000000,0.000000,769.000000,401243.000000,23647.000000,836.000000,377480.000000,13191.000000
2.117938,1200.000000,0.000000,2.448076,0.000000,0.000000,3.000000,0.000000,0.000000,283.000000,0.000000,769.000000,402644.000000,24346.000000,861.000000,378182.000000,13216.000000
2.120698,1200.000000,0.000000,2.448076,0.000000,0.000000,3.000000,0.000000,0.000000,283.000000,0.000000,769.000000,403569.000000,24820.000000,877.000000,378633.000000,13232.000000
2.113635,1200.000000,0.000000,2.448076,0.000000,0.000000,3.000000,0.000000,0.000000,283.000000,0.000000,769.000000,404959.000000,25515.000000,901.000000,379328.000000,13256.000000
2.107260,1200.000000,0.000000,2.448076,0.000000,0.000000,3.000000,0.000000,0.000000,283.000000,0.000000,769.000000,405892.000000,25979.000000,917.000000,379797.000000,13272.000000
2.091622,1200.000000,0.000000,2.448076,0.000000,0.000000,3.000000,0.000000,0.000000,283.000000,0.000000,769.000000,407312.000000,26683.000000,942.000000,380513.000000,13296.000000
2.100072,1200.000000,0.000000,2.448076,0.000000,0.000000,3.000000,0.000000,0.000000,283.000000,0.000000,769.000000,408265.000000,27158.000000,958.000000,380991.000000,13311.000000
2.098548,1200.000000,0.000000,2.448076,0.000000,0.000000,3.000000,0.000000,0.000000,283.000000,0.000000,769.000000,409690.000000,27860.000000,983.000000,381714.000000,13336.000000
2.105754,1200.000000,0.000000,2.448076,0.000000,0.000000,3.000000,0.000000,0.000000,283.000000,0.000000,769.000000,410619.000000,28316.000000,999.000000,382187.000000,13352.000000
2.121260,1200.000000,0.000000,2.448076,0.000000,0.000000,3.000000,0.000000,0.000000,283.000000,0.000000,769.000000,412002.000000,29008.000000,1024.000000,382878.000000,13377.000000
2.140509,1200.000000,0.000000,2.448076,0.000000,0.000000,3.000000,0.000000,0.000000,283.000000,0.000000,769.000000,412923.000000,29467.000000,1041.000000,383340.000000,13394.000000
2.149240,1200.000000,0.000000,2.448076,0.000000,0.000000,3.000000,0.000000,0.000000,283.000000,0.000000,769.000000,414340.000000,30167.000000,1066.000000,384057.000000,13419.000000
2.149820,1200.000000,0.000000,2.448076,0.000000,0.000000,3.000000,0.000000,0.000000,283.000000,0.000000,769.000000,415282.000000,30638.000000,1082.000000,384528.000000,13435.000000
2.132867,1200.000000,0.000000,2.448076,0.000000,0.000000,3.000000,0.000000,0.000000,283.000000,0.000000,769.000000,416695.000000,31352.000000,1107.000000,385227.000000,13460.000000
2.123010,1200.000000,0.000000,2.448076,0.000000,0.000000,3.000000,0.000000,0.000000,283.000000,0.000000,769.000000,417616.000000,31817.000000,1123.000000,385683.000000,13476.000000
2.116213,1200.000000,0.000000,2.448076,0.000000,0.000000,3.000000,0.000000,0.000000,283.000000,0.000000,769.000000,419028.000000,32519.000000,1147.000000,386393.000000,13500.000000
2.106698,1200.000000,0.000000,2.448076,0.000000,0.000000,3.000000,0.000000,0.000000,283.000000,0.000000,769.000000,419964.000000,32984.000000,1164.000000,386864.000000,13517.000000
2.122308,1200.000000,0.000000,2.448076,0.000000,0.000000,3.000000,0.000000,0.000000,283.000000,0.000000,769.000000,421371.000000,33673.000000,1188.000000,387582.000000,13542.000000
2.147131,1200.000000,0.000000,2.448076,0.000000,0.000000,3.000000,0.000000,0.000000,283.000000,0.000000,769.000000,422314.000000,34140.000000,1204.000000,388058.000000,13558.000000
2.178141,1200.000000,0.000000,2.448076,0.000000,0.000000,3.000000,0.000000,0.000000,283.000000,0.000000,769.000000,423743.000000,34850.000000,1229.000000,388777.000000,13583.000000
2.201403,1200.000000,0.000000,2.448076,0.000000,0.000000,3.000000,0.000000,0.000000,283.000000,0.000000,769.000000,424672.000000,35312.000000,1246.000000,389244.000000,13600.000000
2.225199,1200.000000,0.000000,2.448076,0.000000,0.000000,3.000000,0.000000,0.000000,283.000000,0.000000,769.000000,426052.000000,36000.000000,1271.000000,389936.000000,13625.000000
2.200917,1200.000000,0.000000,2.448076,0.000000,0.000000,3.000000,0.000000,0.000000,283.000000,0.000000,769.000000,427004.000000,36471.000000,1287.000000,390417.000000,13641.000000
2.203689,1200.000000,0.000000,2.448076,0.000000,0.000000,3.000000,0.000000,0.000000,283.000000,0.000000,769.000000,428409.000000,37162.000000,1312.000000,391131.000000,13666.000000
2.214355,1200.000000,0.000000,2.448076,0.000000,0.000000,3.000000,0.000000,0.000000,283.000000,0.000000,769.000000,429351.000000,37633.000000,1329.000000,391602.000000,13683.000000
2.159439,1200.000000,0.000000,2.448076,0.000000,0.000000,3.000000,0.000000,0.000000,283.000000,0.000000,769.000000,430762.000000,38341.000000,1353.000000,392305.000000,13707.000000
2.156836,1200.000000,0.000000,2.448076,0.000000,0.000000,3.000000,0.000000,0.000000,283.000000,0.000000,769.000000,431679.000000,38800.000000,1369.000000,392763.000000,13723.000000
2.131294,1200.000000,0.000000,2.448076,0.000000,0.000000,3.000000,0.000000,0.000000,283.000000,0.000000,769.000000,433073.000000,39490.000000,1394.000000,393467.000000,13748.000000
2.131042,1200.000000,0.000000,2.448076,0.000000,0.000000,3.000000,0.000000,0.000000,283.000000,0.000000,769.000000,434028.000000,39967.000000,1410.000000,393945.000000,13764.000000
2.139175,1200.000000,0.000000,2.448076,0.000000,0.000000,3.000000,0.000000,0.000000,283.000000,0.000000,769.000000,435427.000000,40660.000000,1435.000000,394651.000000,13789.000000
2.158867,1200.000000,0.000000,2.448076,0.000000,0.000000,3.000000,0.000000,0.000000,283.000000,0.000000,769.000000,436364.000000,41127.000000,1451.000000,395121.000000,13806.000000
2.208584,1200.000000,0.000000,2.448076,0.000000,0.000000,3.000000,0.000000,0.000000,283.000000,0.000000,769.000000,437753.000000,41818.000000,1476.000000,395819.000000,13831.000000
2.242376,1200.000000,0.000000,2.448076,0.000000,0.000000,3.000000,0.000000,0.000000,283.000000,0.000000,769.000000,438691.000000,42283.000000,1492.000000,396292.000000,13847.000000
2.260331,1200.000000,0.000000,2.448076,0.000000,0.000000,3.000000,0.000000,0.000000,283.000000,0.000000,769.000000,440110.000000,42982.000000,1517.000000,397012.000000,13872.000000
2.291715,1200.000000,0.000000,2.448076,0.000000,0.000000,3.000000,0.000000,0.000000,283.000000,0.000000,769.000000,441040.000000,43440.000000,1534.000000,397484.000000,13889.000000
2.328316,1200.000000,0.000000,2.448076,0.000000,0.000000,3.000000,0.000000,0.000000,283.000000,0.000000,769.000000,442477.000000,44156.000000,1558.000000,398205.000000,13913.000000
2.289044,1200.000000,0.000000,2.448076,0.000000,0.000000,3.000000,0.000000,0.000000,283.000000,0.000000,769.000000,443402.000000,44622.000000,1574.000000,398664.000000,13929.000000
2.284631,1200.000000,0.000000,2.448076,0.000000,0.000000,3.000000,0.000000,0.000000,283.000000,0.000000,769.000000,444793.000000,45316.000000,1599.000000,399361.000000,13954.000000
2.260974,1200.000000,0.000000,2.448076,0.000000,0.000000,3.000000,0.000000,0.000000,283.000000,0.000000,769.000000,445716.000000,45773.000000,1615.000000,399827.000000,13970.000000
2.234723,1200.000000,0.000000,2.448076,0.000000,0.000000,3.000000,0.000000,0.000000,283.000000,0.000000,769.000000,447126.000000,46469.000000,1640.000000,400541.000000,13995.000000
2.252320,1200.000000,0.000000,2.448076,0.000000,0.000000,3.000000,0.000000,0.000000,283.000000,0.000000,769.000000,448066.000000,46939.000000,1657.000000,401011.000000,14012.000000
2.237958,1200.000000,0.000000,2.448076,0.000000,0.000000,3.000000,0.000000,0.000000,283.000000,0.000000,769.000000,449478.000000,47644.000000,1682.000000,401718.000000,14037.000000
2.219426,1200.000000,0.000000,2.448076,0.000000,0.000000,3.000000,0.000000,0.000000,283.000000,0.000000,769.000000,450413.000000,48109.000000,1698.000000,402188.000000,14053.000000
2.269063,1200.000000,0.000000,2.448076,0.000000,0.000000,3.000000,0.000000,0.000000,283.000000,0.000000,769.000000,451815.000000,48804.000000,1723.000000,402895.000000,14077.000000
2.258984,1200.000000,0.000000,2.448076,0.000000,0.000000,3.000000,0.000000,0.000000,283.000000,0.000000,769.000000,452761.000000,49263.000000,1740.000000,403382.000000,14094.000000
2.251410,1200.000000,0.000000,2.448076,0.000000,0.000000,3.000000,0.000000,0.000000,283.000000,0.000000,769.000000,454167.000000,49960.000000,1764.000000,404091.000000,14118.000000
2.284484,1200.000000,0.000000,2.448076,0.000000,0.000000,3.000000,0.000000,0.000000,283.000000,0.000000,769.000000,455108.000000,50428.000000,1781.000000,404564.000000,14135.000000
2.262358,1200.000000,0.000000,2.448076,0.000000,0.000000,3.000000,0.000000,0.000000,283.000000,0.000000,769.000000,456520.000000,51140.000000,1805.000000,405264.000000,14159.000000
2.299922,1200.000000,0.000000,2.448076,0.000000,0.000000,3.000000,0.000000,0.000000,283.000000,0.000000,769.000000,457435.000000,51599.000000,1821.000000,405720.000000,14175.000000
2.309797,1200.000000,0.000000,2.448076,0.000000,0.000000,3.000000,0.000000,0.000000,283.000000,0.000000,769.000000,458837.000000,52296.000000,1846.000000,406425.000000,14200.000000
2.296514,1200.000000,0.000000,2.448076,0.000000,0.000000,3.000000,0.000000,0.000000,283.000000,0.000000,769.000000,459788.000000,52771.000000,1863.000000,406901.000000,14217.000000
2.345098,1200.000000,0.000000,2.448076,0.000000,0.000000,3.000000,0.000000,0.000000,283.000000,0.000000,769.000000,461191.000000,53467.000000,1888.000000,407608.000000,14242.000000
2.331755,1200.000000,0.000000,2.448076,0.000000,0.000000,3.000000,0.000000,0.000000,283.000000,0.000000,769.000000,462147.000000,53941.000000,1904.000000,408090.000000,14258.000000
2.305367,1200.000000,0.000000,2.448076,0.000000,0.000000,3.000000,0.000000,0.000000,283.000000,0.000000,769.000000,463570.000000,54652.000000,1929.000000,408802.000000,14283.000000
2.330610,1200.000000,0.000000,2.448076,0.000000,0.000000,3.000000,0.000000,0.000000,283.000000,0.000000,769.000000,464485.000000,55102.000000,1946.000000,409267.000000,14300.000000
2.281043,1200.000000,0.000000,2.448076,0.000000,0.000000,3.000000,0.000000,0.000000,283.000000,0.000000,769.000000,465897.000000,55805.000000,1970.000000,409976.000000,14324.000000
2.339828,1200.000000,0.000000,2.448076,0.000000,0.000000,3.000000,0.000000,0.000000,283.000000,0.000000,769.000000,466818.000000,56262.000000,1987.000000,410440.000000,14341.000000
2.321477,1200.000000,0.000000,2.448076,0.000000,0.000000,3.000000,0.000000,0.000000,283.000000,0.000000,769.000000,468238.000000,56971.000000,2012.000000,411151.000000,14366.000000
2.311761,1200.000000,0.000000,2.448076,0.000000,0.000000,3.000000,0.000000,0.000000,283.000000,0.000000,769.000000,469174.000000,57442.000000,2028.000000,411616.000000,14382.000000
2.335486,1200.000000,0.000000,2.448076,0.000000,0.000000,3.000000,0.000000,0.000000,283.000000,0.000000,769.000000,470575.000000,58140.000000,2052.000000,412319.000000,14406.000000
2.285336,1200.000000,0.000000,2.448076,0.000000,0.000000,3.000000,0.000000,0.000000,283.000000,0.000000,769.000000,471493.000000,58601.000000,2069.000000,412776.000000,14423.000000
2.299502,1200.000000,0.000000,2.448076,0.000000,0.000000,3.000000,0.000000,0.000000,283.000000,0.000000,769.000000,472907.000000,59299.000000,2094.000000,413492.000000,14448.000000
2.289884,1200.000000,0.000000,2.448076,0.000000,0.000000,3.000000,0.000000,0.000000,283.000000,0.000000,769.000000,473862.000000,59773.000000,2110.000000,413973.000000,14464.000000
2.304827,1200.000000,0.000000,2.448076,0.000000,0.000000,3.000000,0.000000,0.000000,283.000000,0.000000,769.000000,475294.000000,60480.000000,2134.000000,414698.000000,14489.000000
2.394943,1200.000000,0.000000,2.448076,0.000000,0.000000,3.000000,0.000000,0.000000,283.000000,0.000000,769.000000,476224.000000,60943.000000,2151.000000,415165.000000,14506.000000
2.379011,1200.000000,0.000000,2.448076,0.000000,0.000000,3.000000,0.000000,0.000000,283.000000,0.000000,769.000000,477605.000000,61629.000000,2175.000000,415860.000000,14530.000000
2.418021,1200.000000,0.000000,2.448076,0.000000,0.000000,3.000000,0.000000,0.000000,283.000000,0.000000,769.000000,478551.000000,62099.000000,2192.000000,416336.000000,14547.000000
2.404234,1200.000000,0.000000,2.448076,0.000000,0.000000,3.000000,0.000000,0.000000,283.000000,0.000000,769.000000,479937.000000,62783.000000,2217.000000,417038.000000,14571.000000
2.342832,1200.000000,0.000000,2.448076,0.000000,0.000000,3.000000,0.000000,0.000000,283.000000,0.000000,769.000000,480882.000000,63255.000000,2233.000000,417511.000000,14587.000000
2.336217,1200.000000,0.000000,2.448076,0.000000,0.000000,3.000000,0.000000,0.000000,283.000000,0.000000,769.000000,482273.000000,63955.000000,2258.000000,418202.000000,14612.000000
2.252569,1200.000000,0.000000,2.448076,0.000000,0.000000,3.000000,0.000000,0.000000,283.000000,0.000000,769.000000,483216.000000,64426.000000,2274.000000,418674.000000,14628.000000
2.307125,1200.000000,0.000000,2.448076,0.000000,0.000000,3.000000,0.000000,0.000000,283.000000,0.000000,769.000000,484616.000000,65122.000000,2299.000000,419378.000000,14653.000000
2.320129,1200.000000,0.000000,2.448076,0.000000,0.000000,3.000000,0.000000,0.000000,283.000000,0.000000,769.000000,485564.000000,65590.000000,2315.000000,419858.000000,14669.000000
2.323370,1200.000000,0.000000,2.448076,0.000000,0.000000,3.000000,0.000000,0.000000,283.000000,0.000000,769.000000,486983.000000,66297.000000,2340.000000,420570.000000,14694.000000
2.397616,1200.000000,0.000000,2.448076,0.000000,0.000000,3.000000,0.000000,0.000000,283.000000,0.000000,769.000000,487935.000000,66767.000000,2356.000000,421052.000000,14711.000000
2.357444,1200.000000,0.000000,2.448076,0.000000,0.000000,3.000000,0.000000,0.000000,283.000000,0.000000,769.000000,489346.000000,67473.000000,2379.000000,421757.000000,14735.000000
2.337211,1200.000000,0.000000,2.448076,0.000000,0.000000,3.000000,0.000000,0.000000,283.000000,0.000000,769.000000,490272.000000,67936.000000,2396.000000,422220.000000,14752.000000
2.347487,1200.000000,0.000000,2.448076,0.000000,0.000000,3.000000,0.000000,0.000000,283.000000,0.000000,769.000000,491663.000000,68628.000000,2421.000000,422919.000000,14777.000000
2.275384,1200.000000,0.000000,2.448076,0.000000,0.000000,3.000000,0.000000,0.000000,283.000000,0.000000,769.000000,492592.000000,69085.000000,2437.000000,423391.000000,14793.000000
2.355857,1200.000000,0.000000,2.448076,0.000000,0.000000,3.000000,0.000000,0.000000,283.000000,0.000000,769.000000,493982.000000,69777.000000,2462.000000,424089.000000,14818.000000
2.340907,1200.000000,0.000000,2.448076,0.000000,0.000000,3.000000,0.000000,0.000000,283.000000,0.000000,769.000000,494925.000000,70249.000000,2479.000000,424560.000000,14835.000000
2.345839,1200.000000,0.000000,2.448076,0.000000,0.000000,3.000000,0.000000,0.000000,283.000000,0.000000,769.000000,496322.000000,70953.000000,2503.000000,425253.000000,14859.000000
2.383254,1200.000000,0.000000,2.448076,0.000000,0.000000,3.000000,0.000000,0.000000,283.000000,0.000000,769.000000,497256.000000,71420.000000,2519.000000,425720.000000,14875.000000
2.297584,1200.000000,0.000000,2.448076,0.000000,0.000000,3.000000,0.000000,0.000000,283.000000,0.000000,769.000000,498662.000000,72112.000000,2544.000000,426434.000000,14900.000000
2.289726,1200.000000,0.000000,2.448076,0.000000,0.000000,3.000000,0.000000,0.000000,283.000000,0.000000,769.000000,499593.000000,72573.000000,2561.000000,426904.000000,14917.000000
2.298359,1200.000000,0.000000,2.448076,0.000000,0.000000,3.000000,0.000000,0.000000,283.000000,0.000000,769.000000,501030.000000,73293.000000,2585.000000,427621.000000,14941.000000
2.270370,1200.000000,0.000000,2.448076,0.000000,0.000000,3.000000,0.000000,0.000000,283.000000,0.000000,769.000000,501982.000000,73768.000000,2601.000000,428098.000000,14958.000000
2.318923,1200.000000,0.000000,2.448076,0.000000,0.000000,3.000000,0.000000,0.000000,283.000000,0.000000,769.000000,503375.000000,74466.000000,2626.000000,428793.000000,14983.000000
2.327729,1200.000000,0.000000,2.448076,0.000000,0.000000,3.000000,0.000000,0.000000,283.000000,0.000000,769.000000,504306.000000,74929.000000,2642.000000,429261.000000,14999.000000
2.366774,1200.000000,0.000000,2.448076,0.000000,0.000000,3.000000,0.000000,0.000000,283.000000,0.000000,769.000000,505712.000000,75623.000000,2667.000000,429973.000000,15023.000000
2.353401,1200.000000,0.000000,2.448076,0.000000,0.000000,3.000000,0.000000,0.000000,283.000000,0.000000,769.000000,506644.000000,76083.000000,2684.000000,430445.000000,15040.000000
2.353904,1200.000000,0.000000,2.448076,0.000000,0.000000,3.000000,0.000000,0.000000,283.000000,0.000000,769.000000,508070.000000,76791.000000,2709.000000,431163.000000,15065.000000
2.351161,1200.000000,0.000000,2.448076,0.000000,0.000000,3.000000,0.000000,0.000000,283.000000,0.000000,769.000000,508991.000000,77254.000000,2725.000000,431621.000000,15081.000000
2.291676,1200.000000,0.000000,2.448076,0.000000,0.000000,3.000000,0.000000,0.000000,283.000000,0.000000,769.000000,510380.000000,77940.000000,2749.000000,432324.000000,15105.000000
2.274524,1200.000000,0.000000,2.448076,0.000000,0.000000,3.000000,0.000000,0.000000,283.000000,0.000000,769.000000,511312.000000,78405.000000,2766.000000,432791.000000,15122.000000
2.272748,1200.000000,0.000000,2.448076,0.000000,0.000000,3.000000,0.000000,0.000000,283.000000,0.000000,769.000000,512747.000000,79124.000000,2790.000000,433507.000000,15146.000000
2.255622,1200.000000,0.000000,2.448076,0.000000,0.000000,3.000000,0.000000,0.000000,283.000000,0.000000,769.000000,513676.000000,79590.000000,2807.000000,433970.000000,15163.000000
2.266977,1200.000000,0.000000,2.448076,0.000000,0.000000,3.000000,0.000000,0.000000,283.000000,0.000000,769.000000,515098.000000,80300.000000,2832.000000,434682.000000,15188.000000
2.247295,1200.000000,0.000000,2.448076,0.000000,0.000000,3.000000,0.000000,0.000000,283.000000,0.000000,769.000000,516027.000000,80763.000000,2848.000000,435148.000000,15204.000000
2.284861,1200.000000,0.000000,2.448076,0.000000,0.000000,3.000000,0.000000,0.000000,283.000000,0.000000,769.000000,517442.000000,81464.000000,2873.000000,435862.000000,15229.000000
2.311135,1200.000000,0.000000,2.448076,0.000000,0.000000,3.000000,0.000000,0.000000,283.000000,0.000000,769.000000,518392.000000,81933.000000,2890.000000,436343.000000,15246.000000
2.333639,1200.000000,0.000000,2.448076,0.000000,0.000000,3.000000,0.000000,0.000000,283.000000,0.000000,769.000000,519790.000000,82618.000000,2915.000000,437056.000000,15271.000000
2.326262,1200.000000,0.000000,2.448076,0.000000,0.000000,3.000000,0.000000,0.000000,283.000000,0.000000,769.000000,520717.000000,83080.000000,2931.000000,437521.000000,15287.000000
2.333301,1200.000000,0.000000,2.448076,0.000000,0.000000,3.000000,0.000000,0.000000,283.000000,0.000000,769.000000,522097.000000,83765.000000,2955.000000,438216.000000,15311.000000
2.298536,1200.000000,0.000000,2.448076,0.000000,0.000000,3.000000,0.000000,0.000000,283.000000,0.000000,769.000000,523022.000000,84226.000000,2972.000000,438680.000000,15328.000000
2.305528,1200.000000,0.000000,2.448076,0.000000,0.000000,3.000000,0.000000,0.000000,283.000000,0.000000,769.000000,524443.000000,84937.000000,2996.000000,439390.000000,15352.000000
2.293498,1200.000000,0.000000,2.448076,0.000000,0.000000,3.000000,0.000000,0.000000,283.000000,0.000000,769.000000,525402.000000,85419.000000,3013.000000,439867.000000,15369.000000
2.284837,1200.000000,0.000000,2.448076,0.000000,0.000000,3.000000,0.000000,0.000000,283.000000,0.000000,769.000000,526814.000000,86131.000000,3038.000000,440567.000000,15394.000000
2.313425,1200.000000,0.000000,2.448076,0.000000,0.000000,3.000000,0.000000,0.000000,283.000000,0.000000,769.000000,527752.000000,86598.000000,3054.000000,441038.000000,15410.000000
2.273762,1200.000000,0.000000,2.448076,0.000000,0.000000,3.000000,0.000000,0.000000,283.000000,0.000000,769.000000,529150.000000,87297.000000,3079.000000,441737.000000,15435.000000
2.280490,1200.000000,0.000000,2.448076,0.000000,0.000000,3.000000,0.000000,0.000000,283.000000,0.000000,769.000000,530107.000000,87770.000000,3096.000000,442221.000000,15452.000000
2.269744,1200.000000,0.000000,2.448076,0.000000,0.000000,3.000000,0.000000,0.000000,283.000000,0.000000,769.000000,531500.000000,88452.000000,3121.000000,442932.000000,15477.000000
2.281631,1200.000000,0.000000,2.448076,0.000000,0.000000,3.000000,0.000000,0.000000,283.000000,0.000000,769.000000,532439.000000,88918.000000,3137.000000,443405.000000,15493.000000
2.331725,1200.000000,0.000000,2.448076,0.000000,0.000000,3.000000,0.000000,0.000000,283.000000,0.000000,769.000000,533837.000000,89620.000000,3162.000000,444101.000000,15518.000000
2.322657,1200.000000,0.000000,2.448076,0.000000,0.000000,3.000000,0.000000,0.000000,283.000000,0.000000,769.000000,534767.000000,90084.000000,3178.000000,444567.000000,15534.000000
2.335770,1200.000000,0.000000,2.448076,0.000000,0.000000,3.000000,0.000000,0.000000,283.000000,0.000000,769.000000,536163.000000,90783.000000,3202.000000,445264.000000,15558.000000
2.331169,1200.000000,0.000000,2.448076,0.000000,0.000000,3.000000,0.000000,0.000000,283.000000,0.000000,769.000000,537115.000000,91259.000000,3219.000000,445740.000000,15575.000000
2.334154,1200.000000,0.000000,2.448076,0.000000,0.000000,3.000000,0.000000,0.000000,283.000000,0.000000,769.000000,538536.000000,91971.000000,3244.000000,446449.000000,15600.000000
2.351153,1200.000000,0.000000,2.448076,0.000000,0.000000,3.000000,0.000000,0.000000,283.000000,0.000000,769.000000,539491.000000,92455.000000,3260.000000,446920.000000,15616.000000
2.363677,1200.000000,0.000000,2.448076,0.000000,0.000000,3.000000,0.000000,0.000000,283.000000,0.000000,769.000000,540908.000000,93164.000000,3285.000000,447628.000000,15641.000000
2.358264,1200.000000,0.000000,2.448076,0.000000,0.000000,3.000000,0.000000,0.000000,283.000000,0.000000,769.000000,541848.000000,93627.000000,3302.000000,448105.000000,15658.000000
2.361904,1200.000000,0.000000,2.448076,0.000000,0.000000,3.000000,0.000000,0.000000,283.000000,0.000000,769.000000,543260.000000,94332.000000,3327.000000,448812.000000,15683.000000
2.358565,1200.000000,0.000000,2.448076,0.000000,0.000000,3.000000,0.000000,0.000000,283.000000,0.000000,769.000000,544185.000000,94787.000000,3343.000000,449282.000000,15699.000000
2.344056,1200.000000,0.000000,2.448076,0.000000,0.000000,3.000000,0.000000,0.000000,283.000000,0.000000,769.000000,545578.000000,95481.000000,3368.000000,449981.000000,15724.000000
2.324959,1200.000000,0.000000,2.448076,0.000000,0.000000,3.000000,0.000000,0.000000,283.000000,0.000000,769.000000,546532.000000,95956.000000,3385.000000,450460.000000,15741.000000
2.333707,1200.000000,0.000000,2.448076,0.000000,0.000000,3.000000,0.000000,0.000000,283.000000,0.000000,769.000000,547909.000000,96646.000000,3409.000000,451147.000000,15765.000000
2.332507,1200.000000,0.000000,2.448076,0.000000,0.000000,3.000000,0.000000,0.000000,283.000000,0.000000,769.000000,548835.000000,97106.000000,3425.000000,451613.000000,15781.000000
2.351727,1200.000000,0.000000,2.448076,0.000000,0.000000,3.000000,0.000000,0.000000,283.000000,0.000000,769.000000,550260.000000,97817.000000,3450.000000,452327.000000,15806.000000
2.359858,1200.000000,0.000000,2.448076,0.000000,0.000000,3.000000,0.000000,0.000000,283.000000,0.000000,769.000000,551200.000000,98283.000000,3466.000000,452801.000000,15822.000000
2.367111,1200.000000,0.000000,2.448076,0.000000,0.000000,3.000000,0.000000,0.000000,283.000000,0.000000,769.000000,552645.000000,99009.000000,3491.000000,453520.000000,15847.000000
2.388792,1200.000000,0.000000,2.448076,0.000000,0.000000,3.000000,0.000000,0.000000,283.000000,0.000000,769.000000,553596.000000,99483.000000,3508.000000,453997.000000,15864.000000
2.423066,1200.000000,0.000000,2.448076,0.000000,0.000000,3.000000,0.000000,0.000000,283.000000,0.000000,769.000000,554998.000000,100183.000000,3533.000000,454699.000000,15889.000000
2.463400,1200.000000,0.000000,2.448076,0.000000,0.000000,3.000000,0.000000,0.000000,283.000000,0.000000,769.000000,555924.000000,100647.000000,3549.000000,455161.000000,15905.000000
2.511060,1200.000000,0.000000,2.448076,0.000000,0.000000,3.000000,0.000000,0.000000,283.000000,0.000000,769.000000,557328.000000,101342.000000,3574.000000,455870.000000,15930.000000
2.582612,1200.000000,0.000000,2.448076,0.000000,0.000000,3.000000,0.000000,0.000000,283.000000,0.000000,769.000000,558253.000000,101803.000000,3591.000000,456334.000000,15947.000000
2.662242,1200.000000,0.000000,2.448076,0.000000,0.000000,3.000000,0.000000,0.000000,283.000000,0.000000,769.000000,559648.000000,102505.000000,3616.000000,457027.000000,15972.000000
2.717271,1200.000000,0.000000,2.448076,0.000000,0.000000,3.000000,0.000000,0.000000,283.000000,0.000000,769.000000,560578.000000,102970.000000,3632.000000,457492.000000,15988.000000
2.804380,1200.000000,0.000000,2.448076,0.000000,0.000000,3.000000,0.000000,0.000000,283.000000,0.000000,769.000000,561979.000000,103667.000000,3656.000000,458196.000000,16012.000000
2.867773,1200.000000,0.000000,2.448076,0.000000,0.000000,3.000000,0.000000,0.000000,283.000000,0.000000,769.000000,562932.000000,104141.000000,3672.000000,458675.000000,16028.000000
2.926899,1200.000000,0.000000,2.448076,0.000000,0.000000,3.000000,0.000000,0.000000,283.000000,0.000000,769.000000,564339.000000,104840.000000,3697.000000,459383.000000,16053.000000
2.957476,1200.000000,0.000000,2.448076,0.000000,0.000000,3.000000,0.000000,0.000000,283.000000,0.000000,769.000000,565302.000000,105323.000000,3714.000000,459863.000000,16070.000000
3.008902,1200.000000,0.000000,2.448076,0.000000,0.000000,3.000000,0.000000,0.000000,283.000000,0.000000,769.000000,566725.000000,106033.000000,3739.000000,460576.000000,16095.000000
3.039914,1200.000000,0.000000,2.448076,0.000000,0.000000,3.000000,0.000000,0.000000,283.000000,0.000000,769.000000,567660.000000,106503.000000,3755.000000,461041.000000,16111.000000
3.108023,1200.000000,0.000000,2.448076,0.000000,0.000000,3.000000,0.000000,0.000000,283.000000,0.000000,769.000000,569061.000000,107202.000000,3780.000000,461743.000000,16136.000000
3.126703,1200.000000,0.000000,2.448076,0.000000,0.000000,3.000000,0.000000,0.000000,283.000000,0.000000,769.000000,569987.000000,107658.000000,3797.000000,462213.000000,16153.000000
3.176499,1200.000000,0.000000,2.448076,0.000000,0.000000,3.000000,0.000000,0.000000,283.000000,0.000000,769.000000,571379.000000,108355.000000,3822.000000,462908.000000,16178.000000
3.212371,1200.000000,0.000000,2.448076,0.000000,0.000000,3.000000,0.000000,0.000000,283.000000,0.000000,769.000000,572331.000000,108832.000000,3838.000000,463383.000000,16194.000000
3.258233,1200.000000,0.000000,2.448076,0.000000,0.000000,3.000000,0.000000,0.000000,283.000000,0.000000,769.000000,573714.000000,109528.000000,3862.000000,464070.000000,16218.000000
3.295247,1200.000000,0.000000,2.448076,0.000000,0.000000,3.000000,0.000000,0.000000,283.000000,0.000000,769.000000,574664.000000,110002.000000,3878.000000,464546.000000,16234.000000
3.353114,1200.000000,0.000000,2.448076,0.000000,0.000000,3.000000,0.000000,0.000000,283.000000,0.000000,769.000000,576067.000000,110693.000000,3903.000000,465258.000000,16259.000000
3.386840,1200.000000,0.000000,2.448076,0.000000,0.000000,3.000000,0.000000,0.000000,283.000000,0.000000,769.000000,577020.000000,111163.000000,3920.000000,465741.000000,16276.000000
3.429662,1200.000000,0.000000,2.448076,0.000000,0.000000,3.000000,0.000000,0.000000,283.000000,0.000000,769.000000,578474.000000,111897.000000,3945.000000,466461.000000,16301.000000
3.475682,1200.000000,0.000000,2.448076,0.000000,0.000000,3.000000,0.000000,0.000000,283.000000,0.000000,769.000000,579402.000000,112360.000000,3961.000000,466926.000000,16317.000000
3.552159,1200.000000,0.000000,2.448076,0.000000,0.000000,3.000000,0.000000,0.000000,283.000000,0.000000,769.000000,580810.000000,113068.000000,3986.000000,467626.000000,16342.000000
3.606772,1200.000000,0.000000,2.448076,0.000000,0.000000,3.000000,0.000000,0.000000,283.000000,0.000000,769.000000,581727.000000,113528.000000,4003.000000,468083.000000,16359.000000
3.682211,1200.000000,0.000000,2.448076,0.000000,0.000000,3.000000,0.000000,0.000000,283.000000,0.000000,769.000000,583135.000000,114222.000000,4028.000000,468797.000000,16384.000000
3.739307,1200.000000,0.000000,2.448076,0.000000,0.000000,3.000000,0.000000,0.000000,283.000000,0.000000,769.000000,584066.000000,114685.000000,4044.000000,469265.000000,16400.000000
3.832950,1200.000000,0.000000,2.448076,0.000000,0.000000,3.000000,0.000000,0.000000,283.000000,0.000000,769.000000,585487.000000,115393.000000,4069.000000,469978.000000,16425.000000
3.903888,1200.000000,0.000000,2.448076,0.000000,0.000000,3.000000,0.000000,0.000000,283.000000,0.000000,769.000000,586422.000000,115863.000000,4085.000000,470443.000000,16441.000000
4.001305,1200.000000,0.000000,2.448076,0.000000,0.000000,3.000000,0.000000,0.000000,283.000000,0.000000,769.000000,587807.000000,116550.000000,4109.000000,471141.000000,16465.000000
4.064590,1200.000000,0.000000,2.448076,0.000000,0.000000,3.000000,0.000000,0.000000,283.000000,0.000000,769.000000,588745.000000,117017.000000,4126.000000,471612.000000,16482.000000
4.141870,1200.000000,0.000000,2.448076,0.000000,0.000000,3.000000,0.000000,0.000000,283.000000,0.000000,769.000000,590176.000000,117739.000000,4151.000000,472321.000000,16507.000000
4.248553,1200.000000,0.000000,2.448076,0.000000,0.000000,3.000000,0.000000,0.000000,283.000000,0.000000,769.000000,591109.000000,118208.000000,4167.000000,472785.000000,16523.000000
4.330228,1200.000000,0.000000,2.448076,0.000000,0.000000,3.000000,0.000000,0.000000,283.000000,0.000000,769.000000,592551.000000,118932.000000,4192.000000,473503.000000,16548.000000
4.359509,1200.000000,0.000000,2.448076,0.000000,0.000000,3.000000,0.000000,0.000000,283.000000,0.000000,769.000000,593486.000000,119401.000000,4209.000000,473969.000000,16565.000000
4.491661,1200.000000,0.000000,2.448076,0.000000,0.000000,3.000000,0.000000,0.000000,283.000000,0.000000,769.000000,594892.000000,120102.000000,4234.000000,474674.000000,16590.000000
4.573482,1200.000000,0.000000,2.448076,0.000000,0.000000,3.000000,0.000000,0.000000,283.000000,0.000000,769.000000,595841.000000,120575.000000,4250.000000,475150.000000,16606.000000
4.713315,1200.000000,0.000000,2.448076,0.000000,0.000000,3.000000,0.000000,0.000000,283.000000,0.000000,769.000000,597235.000000,121261.000000,4275.000000,475858.000000,16631.000000
4.811308,1200.000000,0.000000,2.448076,0.000000,0.000000,3.000000,0.000000,0.000000,283.000000,0.000000,769.000000,598202.000000,121742.000000,4292.000000,476344.000000,16648.000000
4.965478,1200.000000,0.000000,2.448076,0.000000,0.000000,3.000000,0.000000,0.000000,283.000000,0.000000,769.000000,599592.000000,122435.000000,4316.000000,477041.000000,16672.000000
5.074295,1200.000000,0.000000,2.448076,0.000000,0.000000,3.000000,0.000000,0.000000,283.000000,0.000000,769.000000,600515.000000,122896.000000,4332.000000,477503.000000,16688.000000
5.256758,1200.000000,0.000000,2.448076,0.000000,0.000000,3.000000,0.000000,0.000000,283.000000,0.000000,769.000000,601910.000000,123595.000000,4357.000000,478199.000000,16713.000000
5.387973,1200.000000,0.000000,2.448076,0.000000,0.000000,3.000000,0.000000,0.000000,283.000000,0.000000,769.000000,602874.000000,124079.000000,4373.000000,478679.000000,16729.000000
5.566567,1200.000000,0.000000,2.448076,0.000000,0.000000,3.000000,0.000000,0.000000,283.000000,0.000000,769.000000,604279.000000,124782.000000,4398.000000,479381.000000,16754.000000
5.695535,1200.000000,0.000000,2.448076,0.000000,0.000000,3.000000,0.000000,0.000000,283.000000,0.000000,769.000000,605232.000000,125263.000000,4415.000000,479853.000000,16771.000000
5.904520,1200.000000,0.000000,2.448076,0.000000,0.000000,3.000000,0.000000,0.000000,283.000000,0.000000,769.000000,606665.000000,125985.000000,4440.000000,480564.000000,16796.000000
6.039283,1200.000000,0.000000,2.448076,0.000000,0.000000,3.000000,0.000000,0.000000,283.000000,0.000000,769.000000,607591.000000,126454.000000,4456.000000,481021.000000,16812.000000
6.239969,1200.000000,0.000000,2.448076,0.000000,0.000000,3.000000,0.000000,0.000000,283.000000,0.000000,769.000000,609029.000000,127165.000000,4481.000000,481748.000000,16837.000000
6.363516,1200.000000,0.000000,2.448076,0.000000,0.000000,3.000000,0.000000,0.000000,283.000000,0.000000,769.000000,609963.000000,127626.000000,4498.000000,482221.000000,16854.000000
6.554488,1200.000000,0.000000,2.448076,0.000000,0.000000,3.000000,0.000000,0.000000,283.000000,0.000000,769.000000,611390.000000,128338.000000,4522.000000,482936.000000,16878.000000
6.674516,1200.000000,0.000000,2.448076,0.000000,0.000000,3.000000,0.000000,0.000000,283.000000,0.000000,769.000000,612316.000000,128800.000000,4539.000000,483400.000000,16895.000000
6.878346,1200.000000,0.000000,2.448076,0.000000,0.000000,3.000000,0.000000,0.000000,283.000000,0.000000,769.000000,613710.000000,129498.000000,4563.000000,484096.000000,16919.000000
7.059806,1200.000000,0.000000,2.448076,0.000000,0.000000,3.000000,0.000000,0.000000,283.000000,0.000000,769.000000,614634.000000,129959.000000,4579.000000,484559.000000,16935.000000
7.223806,1200.000000,0.000000,2.448076,0.000000,0.000000,3.000000,0.000000,0.000000,283.000000,0.000000,769.000000,616058.000000,130672.000000,4604.000000,485270.000000,16960.000000
7.361307,1200.000000,0.000000,2.448076,0.000000,0.000000,3.000000,0.000000,0.000000,283.000000,0.000000,769.000000,616996.000000,131138.000000,4621.000000,485742.000000,16977.000000
7.555563,1200.000000,0.000000,2.448076,0.000000,0.000000,3.000000,0.000000,0.000000,283.000000,0.000000,769.000000,618425.000000,131857.000000,4646.000000,486452.000000,17002.000000
7.689035,1200.000000,0.000000,2.448076,0.000000,0.000000,3.000000,0.000000,0.000000,283.000000,0.000000,769.000000,619377.000000,132337.000000,4662.000000,486924.000000,17017.000000
7.954760,1200.000000,0.000000,2.448076,0.000000,0.000000,3.000000,0.000000,0.000000,283.000000,0.000000,769.000000,620806.000000,133052.000000,4687.000000,487638.000000,17042.000000
8.093229,1200.000000,0.000000,2.448076,0.000000,0.000000,3.000000,0.000000,0.000000,283.000000,0.000000,769.000000,621740.000000,133521.000000,4704.000000,488103.000000,17059.000000
8.298077,1200.000000,0.000000,2.448076,0.000000,0.000000,3.000000,0.000000,0.000000,283.000000,0.000000,769.000000,623152.000000,134221.000000,4728.000000,488815.000000,17083.000000
8.442950,1200.000000,0.000000,2.448076,0.000000,0.000000,3.000000,0.000000,0.000000,283.000000,0.000000,769.000000,624087.000000,134687.000000,4745.000000,489284.000000,17100.000000
8.626303,1200.000000,0.000000,2.448076,0.000000,0.000000,3.000000,0.000000,0.000000,283.000000,0.000000,769.000000,625492.000000,135391.000000,4770.000000,489985.000000,17125.000000
8.762378,1200.000000,0.000000,2.448076,0.000000,0.000000,3.000000,0.000000,0.000000,283.000000,0.000000,769.000000,626419.000000,135853.000000,4786.000000,490450.000000,17141.000000
8.946984,1200.000000,0.000000,2.448076,0.000000,0.000000,3.000000,0.000000,0.000000,283.000000,0.000000,769.000000,627810.000000,136554.000000,4810.000000,491140.000000,17165.000000
9.063108,1200.000000,0.000000,2.448076,0.000000,0.000000,3.000000,0.000000,0.000000,283.000000,0.000000,769.000000,628762.000000,137031.000000,4827.000000,491615.000000,17182.000000
9.262728,1200.000000,0.000000,2.448076,0.000000,0.000000,3.000000,0.000000,0.000000,283.000000,0.000000,769.000000,630169.000000,137732.000000,4852.000000,492321.000000,17207.000000
9.402764,1200.000000,0.000000,2.448076,0.000000,0.000000,3.000000,0.000000,0.000000,283.000000,0.000000,769.000000,631131.000000,138214.000000,4868.000000,492801.000000,17223.000000
9.648709,1200.000000,0.000000,2.448076,0.000000,0.000000,3.000000,0.000000,0.000000,283.000000,0.000000,769.000000,632575.000000,138934.000000,4893.000000,493525.000000,17248.000000
9.787251,1200.000000,0.000000,2.448076,0.000000,0.000000,3.000000,0.000000,0.000000,283.000000,0.000000,769.000000,633510.000000,139396.000000,4910.000000,493998.000000,17265.000000
10.034219,1200.000000,0.000000,2.448076,0.000000,0.000000,3.000000,0.000000,0.000000,283.000000,0.000000,769.000000,634952.000000,140123.000000,4934.000000,494713.000000,17289.000000
10.216885,1200.000000,0.000000,2.448076,0.000000,0.000000,3.000000,0.000000,0.000000,283.000000,0.000000,769.000000,635868.000000,140579.000000,4951.000000,495173.000000,17306.000000
10.599328,1200.000000,0.000000,2.448076,0.000000,0.000000,3.000000,0.000000,0.000000,283.000000,0.000000,769.000000,637270.000000,141282.000000,4976.000000,495872.000000,17331.000000
10.786910,1200.000000,0.000000,2.448076,0.000000,0.000000,3.000000,0.000000,0.000000,283.000000,0.000000,769.000000,638219.000000,141758.000000,4992.000000,496345.000000,17347.000000
11.039639,1200.000000,0.000000,2.448076,0.000000,0.000000,3.000000,0.000000,0.000000,283.000000,0.000000,769.000000,639604.000000,142459.000000,5017.000000,497029.000000,17372.000000
11.221423,1200.000000,0.000000,2.448076,0.000000,0.000000,3.000000,0.000000,0.000000,283.000000,0.000000,769.000000,640534.000000,142924.000000,5033.000000,497494.000000,17388.000000
11.506289,1200.000000,0.000000,2.448076,0.000000,0.000000,3.000000,0.000000,0.000000,283.000000,0.000000,769.000000,641955.000000,143634.000000,5058.000000,498205.000000,17413.000000
11.710036,1200.000000,0.000000,2.448076,0.000000,0.000000,3.000000,0.000000,0.000000,283.000000,0.000000,769.000000,642890.000000,144094.000000,5074.000000,498680.000000,17429.000000
11.951512,1200.000000,0.000000,2.448076,0.000000,0.000000,3.000000,0.000000,0.000000,283.000000,0.000000,769.000000,644322.000000,144806.000000,5099.000000,499400.000000,17454.000000
12.131584,1200.000000,0.000000,2.448076,0.000000,0.000000,3.000000,0.000000,0.000000,283.000000,0.000000,769.000000,645273.000000,145275.000000,5116.000000,499882.000000,17471.000000
12.402512,1200.000000,0.000000,2.448076,0.000000,0.000000,3.000000,0.000000,0.000000,283.000000,0.000000,769.000000,646687.000000,145976.000000,5140.000000,500595.000000,17495.000000
12.594393,1200.000000,0.000000,2.448076,0.000000,0.000000,3.000000,0.000000,0.000000,283.000000,0.000000,769.000000,647617.000000,146447.000000,5157.000000,501054.000000,17512.000000
12.870465,1200.000000,0.000000,2.448076,0.000000,0.000000,3.000000,0.000000,0.000000,283.000000,0.000000,769.000000,649029.000000,147149.000000,5180.000000,501764.000000,17537.000000
13.030722,1200.000000,0.000000,2.448076,0.000000,0.000000,3.000000,0.000000,0.000000,283.000000,0.000000,769.000000,649974.000000,147622.000000,5196.000000,502236.000000,17553.000000
13.248841,1200.000000,0.000000,2.448076,0.000000,0.000000,3.000000,0.000000,0.000000,283.000000,0.000000,769.000000,651378.000000,148332.000000,5221.000000,502930.000000,17578.000000
13.408840,1200.000000,0.000000,2.448076,0.000000,0.000000,3.000000,0.000000,0.000000,283.000000,0.000000,769.000000,652302.000000,148802.000000,5238.000000,503384.000000,17595.000000
13.666800,1200.000000,0.000000,2.448076,0.000000,0.000000,3.000000,0.000000,0.000000,283.000000,0.000000,769.000000,653703.000000,149503.000000,5262.000000,504084.000000,17619.000000
13.849644,1200.000000,0.000000,2.448076,0.000000,0.000000,3.000000,0.000000,0.000000,283.000000,0.000000,769.000000,654664.000000,149981.000000,5278.000000,504567.000000,17635.000000
14.083523,1200.000000,0.000000,2.448076,0.000000,0.000000,3.000000,0.000000,0.000000,283.000000,0.000000,769.000000,656062.000000,150665.000000,5303.000000,505281.000000,17660.000000
14.270134,1200.000000,0.000000,2.448076,0.000000,0.000000,3.000000,0.000000,0.000000,283.000000,0.000000,769.000000,656995.000000,151130.000000,5320.000000,505749.000000,17677.000000
14.533428,1200.000000,0.000000,2.448076,0.000000,0.000000,3.000000,0.000000,0.000000,283.000000,0.000000,769.000000,658426.000000,151844.000000,5344.000000,506466.000000,17701.000000
14.694576,1200.000000,0.000000,2.448076,0.000000,0.000000,3.000000,0.000000,0.000000,283.000000,0.000000,769.000000,659352.000000,152301.000000,5361.000000,506935.000000,17718.000000
14.960133,1200.000000,0.000000,2.448076,0.000000,0.000000,3.000000,0.000000,0.000000,283.000000,0.000000,769.000000,660761.000000,153006.000000,5386.000000,507639.000000,17743.000000
15.127894,1200.000000,0.000000,2.448076,0.000000,0.000000,3.000000,0.000000,0.000000,283.000000,0.000000,769.000000,661705.000000,153476.000000,5402.000000,508113.000000,17759.000000
15.353905,1200.000000,0.000000,2.448076,0.000000,0.000000,3.000000,0.000000,0.000000,283.000000,0.000000,769.000000,663118.000000,154184.000000,5427.000000,508818.000000,17784.000000
15.524723,1200.000000,0.000000,2.448076,0.000000,0.000000,3.000000,0.000000,0.000000,283.000000,0.000000,769.000000,664066.000000,154659.000000,5444.000000,509291.000000,17801.000000
15.792619,1200.000000,0.000000,2.448076,0.000000,0.000000,3.000000,0.000000,0.000000,283.000000,0.000000,769.000000,665468.000000,155375.000000,5468.000000,509977.000000,17825.000000
16.075790,1200.000000,0.000000,2.448076,0.000000,0.000000,3.000000,0.000000,0.000000,283.000000,0.000000,769.000000,666422.000000,155855.000000,5484.000000,510451.000000,17841.000000
16.300728,1200.000000,0.000000,2.448076,0.000000,0.000000,3.000000,0.000000,0.000000,283.000000,0.000000,769.000000,667822.000000,156551.000000,5509.000000,511155.000000,17866.000000
16.455187,1200.000000,0.000000,2.448076,0.000000,0.000000,3.000000,0.000000,0.000000,283.000000,0.000000,769.000000,668775.000000,157027.000000,5526.000000,511632.000000,17883.000000
16.678825,1200.000000,0.000000,2.448076,0.000000,0.000000,3.000000,0.000000,0.000000,283.000000,0.000000,769.000000,670150.000000,157705.000000,5550.000000,512329.000000,17907.000000
16.801203,1200.000000,0.000000,2.448076,0.000000,0.000000,3.000000,0.000000,0.000000,283.000000,0.000000,769.000000,671095.000000,158178.000000,5567.000000,512801.000000,17924.000000
16.992085,1200.000000,0.000000,2.448076,0.000000,0.000000,3.000000,0.000000,0.000000,283.000000,0.000000,769.000000,672498.000000,158870.000000,5592.000000,513512.000000,17949.000000
17.091413,1200.000000,0.000000,2.448076,0.000000,0.000000,3.000000,0.000000,0.000000,283.000000,0.000000,769.000000,673425.000000,159336.000000,5608.000000,513973.000000,17965.000000
17.219864,1200.000000,0.000000,2.448076,0.000000,0.000000,3.000000,0.000000,0.000000,283.000000,0.000000,769.000000,674832.000000,160042.000000,5633.000000,514674.000000,17990.000000
17.290987,1200.000000,0.000000,2.448076,0.000000,0.000000,3.000000,0.000000,0.000000,283.000000,0.000000,769.000000,675780.000000,160518.000000,5650.000000,515146.000000,18007.000000
17.388388,1200.000000,0.000000,2.448076,0.000000,0.000000,3.000000,0.000000,0.000000,283.000000,0.000000,769.000000,677193.000000,161226.000000,5675.000000,515851.000000,18032.000000
17.438784,1200.000000,0.000000,2.448076,0.000000,0.000000,3.000000,0.000000,0.000000,283.000000,0.000000,769.000000,678139.000000,161704.000000,5691.000000,516319.000000,18048.000000
17.491436,1200.000000,0.000000,2.448076,0.000000,0.000000,3.000000,0.000000,0.000000,283.000000,0.000000,769.000000,679548.000000,162414.000000,5716.000000,517018.000000,18073.000000
17.514866,1200.000000,0.000000,2.448076,0.000000,0.000000,3.000000,0.000000,0.000000,283.000000,0.000000,769.000000,680478.000000,162883.000000,5732.000000,517479.000000,18089.000000
17.506529,1200.000000,0.000000,2.448076,0.000000,0.000000,3.000000,0.000000,0.000000,283.000000,0.000000,769.000000,681890.000000,163585.000000,5756.000000,518189.000000,18113.000000
17.503012,1200.000000,0.000000,2.448076,0.000000,0.000000,3.000000,0.000000,0.000000,283.000000,0.000000,769.000000,682807.000000,164036.000000,5773.000000,518655.000000,18130.000000
17.488632,1200.000000,0.000000,2.448076,0.000000,0.000000,3.000000,0.000000,0.000000,283.000000,0.000000,769.000000,684216.000000,164739.000000,5798.000000,519361.000000,18155.000000
17.448936,1200.000000,0.000000,2.448076,0.000000,0.000000,3.000000,0.000000,0.000000,283.000000,0.000000,769.000000,685159.000000,165206.000000,5814.000000,519837.000000,18171.000000
17.355228,1200.000000,0.000000,2.448076,0.000000,0.000000,3.000000,0.000000,0.000000,283.000000,0.000000,769.000000,686542.000000,165890.000000,5839.000000,520536.000000,18196.000000
17.282034,1200.000000,0.000000,2.448076,0.000000,0.000000,3.000000,0.000000,0.000000,283.000000,0.000000,769.000000,687487.000000,166360.000000,5856.000000,521011.000000,18213.000000
17.191008,1200.000000,0.000000,2.448076,0.000000,0.000000,3.000000,0.000000,0.000000,283.000000,0.000000,769.000000,688907.000000,167066.000000,5881.000000,521725.000000,18238.000000
17.136438,1200.000000,0.000000,2.448076,0.000000,0.000000,3.000000,0.000000,0.000000,283.000000,0.000000,769.000000,689865.000000,167540.000000,5897.000000,522209.000000,18254.000000
17.077183,1200.000000,0.000000,2.448076,0.000000,0.000000,3.000000,0.000000,0.000000,283.000000,0.000000,769.000000,691297.000000,168262.000000,5922.000000,522919.000000,18279.000000
17.051207,1200.000000,0.000000,2.448076,0.000000,0.000000,3.000000,0.000000,0.000000,283.000000,0.000000,769.000000,692230.000000,168736.000000,5938.000000,523378.000000,18295.000000
17.008556,1200.000000,0.000000,2.448076,0.000000,0.000000,3.000000,0.000000,0.000000,283.000000,0.000000,769.000000,693623.000000,169434.000000,5962.000000,524073.000000,18319.000000
16.992016,1200.000000,0.000000,2.448076,0.000000,0.000000,3.000000,0.000000,0.000000,283.000000,0.000000,769.000000,694562.000000,169902.000000,5979.000000,524544.000000,18336.000000
16.966505,1200.000000,0.000000,2.448076,0.000000,0.000000,3.000000,0.000000,0.000000,283.000000,0.000000,769.000000,695958.000000,170589.000000,6004.000000,525253.000000,18361.000000
16.955929,1200.000000,0.000000,2.448076,0.000000,0.000000,3.000000,0.000000,0.000000,283.000000,0.000000,769.000000,696895.000000,171058.000000,6020.000000,525721.000000,18377.000000
16.946011,1200.000000,0.000000,2.448076,0.000000,0.000000,3.000000,0.000000,0.000000,283.000000,0.000000,769.000000,698300.000000,171756.000000,6044.000000,526428.000000,18402.000000
16.929081,1200.000000,0.000000,2.448076,0.000000,0.000000,3.000000,0.000000,0.000000,283.000000,0.000000,769.000000,699223.000000,172212.000000,6061.000000,526895.000000,18419.000000
16.909279,1200.000000,0.000000,2.448076,0.000000,0.000000,3.000000,0.000000,0.000000,283.000000,0.000000,769.000000,700641.000000,172916.000000,6086.000000,527609.000000,18444.000000
16.903851,1200.000000,0.000000,2.448076,0.000000,0.000000,3.000000,0.000000,0.000000,283.000000,0.000000,769.000000,701593.000000,173387.000000,6102.000000,528090.000000,18460.000000
16.883450,1200.000000,0.000000,2.448076,0.000000,0.000000,3.000000,0.000000,0.000000,283.000000,0.000000,769.000000,703025.000000,174097.000000,6127.000000,528812.000000,18485.000000
16.882345,1200.000000,0.000000,2.448076,0.000000,0.000000,3.000000,0.000000,0.000000,283.000000,0.000000,769.000000,703958.000000,174564.000000,6144.000000,529278.000000,18502.000000
16.872345,1200.000000,0.000000,2.448076,0.000000,0.000000,3.000000,0.000000,0.000000,283.000000,0.000000,769.000000,705381.000000,175285.000000,6168.000000,529980.000000,18526.000000
16.873064,1200.000000,0.000000,2.448076,0.000000,0.000000,3.000000,0.000000,0.000000,283.000000,0.000000,769.000000,706303.000000,175755.000000,6184.000000,530432.000000,18542.000000
16.858244,1200.000000,0.000000,2.448076,0.000000,0.000000,3.000000,0.000000,0.000000,283.000000,0.000000,769.000000,707707.000000,176455.000000,6209.000000,531136.000000,18567.000000
16.852497,1200.000000,0.000000,2.448076,0.000000,0.000000,3.000000,0.000000,0.000000,283.000000,0.000000,769.000000,708630.000000,176910.000000,6225.000000,531604.000000,18583.000000
16.838284,1200.000000,0.000000,2.448076,0.000000,0.000000,3.000000,0.000000,0.000000,283.000000,0.000000,769.000000,710049.000000,177613.000000,6250.000000,532320.000000,18608.000000
16.820244,1200.000000,0.000000,2.448076,0.000000,0.000000,3.000000,0.000000,0.000000,283.000000,0.000000,769.000000,710987.000000,178082.000000,6267.000000,532789.000000,18625.000000
16.791132,1200.000000,0.000000,2.448076,0.000000,0.000000,3.000000,0.000000,0.000000,283.000000,0.000000,769.000000,712393.000000,178773.000000,6292.000000,533504.000000,18650.000000
16.795919,1200.000000,0.000000,2.448076,0.000000,0.000000,3.000000,0.000000,0.000000,283.000000,0.000000,769.000000,713325.000000,179233.000000,6308.000000,533976.000000,18666.000000
16.787249,1200.000000,0.000000,2.448076,0.000000,0.000000,3.000000,0.000000,0.000000,283.000000,0.000000,769.000000,714760.000000,179958.000000,6333.000000,534686.000000,18691.000000
16.790735,1200.000000,0.000000,2.448076,0.000000,0.000000,3.000000,0.000000,0.000000,283.000000,0.000000,769.000000,715685.000000,180410.000000,6350.000000,535159.000000,18708.000000
16.797527,1200.000000,0.000000,2.448076,0.000000,0.000000,3.000000,0.000000,0.000000,283.000000,0.000000,769.000000,717106.000000,181123.000000,6375.000000,535867.000000,18733.000000
16.791912,1200.000000,0.000000,2.448076,0.000000,0.000000,3.000000,0.000000,0.000000,283.000000,0.000000,769.000000,718030.000000,181595.000000,6391.000000,536319.000000,18749.000000
16.801191,1200.000000,0.000000,2.448076,0.000000,0.000000,3.000000,0.000000,0.000000,283.000000,0.000000,769.000000,719458.000000,182313.000000,6415.000000,537029.000000,18773.000000
16.798317,1200.000000,0.000000,2.448076,0.000000,0.000000,3.000000,0.000000,0.000000,283.000000,0.000000,769.000000,720370.000000,182776.000000,6431.000000,537478.000000,18789.000000
16.788103,1200.000000,0.000000,2.448076,0.000000,0.000000,3.000000,0.000000,0.000000,283.000000,0.000000,769.000000,721774.000000,183473.000000,6456.000000,538185.000000,18814.000000
16.773615,1200.000000,0.000000,2.448076,0.000000,0.000000,3.000000,0.000000,0.000000,283.000000,0.000000,769.000000,722719.000000,183941.000000,6473.000000,538662.000000,18831.000000
16.741734,1200.000000,0.000000,2.448076,0.000000,0.000000,3.000000,0.000000,0.000000,283.000000,0.000000,769.000000,724148.000000,184645.000000,6498.000000,539387.000000,18856.000000
16.740267,1200.000000,0.000000,2.448076,0.000000,0.000000,3.000000,0.000000,0.000000,283.000000,0.000000,769.000000,725091.000000,185108.000000,6514.000000,539867.000000,18872.000000
16.754385,1200.000000,0.000000,2.448076,0.000000,0.000000,3.000000,0.000000,0.000000,283.000000,0.000000,769.000000,726471.000000,185792.000000,6539.000000,540563.000000,18897.000000
16.757336,1200.000000,0.000000,2.448076,0.000000,0.000000,3.000000,0.000000,0.000000,283.000000,0.000000,769.000000,727416.000000,186264.000000,6556.000000,541036.000000,18914.000000
16.794241,1200.000000,0.000000,2.448076,0.000000,0.000000,3.000000,0.000000,0.000000,283.000000,0.000000,769.000000,728837.000000,186971.000000,6581.000000,541750.000000,18939.000000
16.802351,1200.000000,0.000000,2.448076,0.000000,0.000000,3.000000,0.000000,0.000000,283.000000,0.000000,769.000000,729786.000000,187450.000000,6597.000000,542220.000000,18955.000000
16.812569,1200.000000,0.000000,2.448076,0.000000,0.000000,3.000000,0.000000,0.000000,283.000000,0.000000,769.000000,731186.000000,188163.000000,6622.000000,542907.000000,18980.000000
16.789278,1200.000000,0.000000,2.448076,0.000000,0.000000,3.000000,0.000000,0.000000,283.000000,0.000000,769.000000,732136.000000,188639.000000,6638.000000,543381.000000,18996.000000
16.781202,1200.000000,0.000000,2.448076,0.000000,0.000000,3.000000,0.000000,0.000000,283.000000,0.000000,769.000000,733541.000000,189340.000000,6662.000000,544085.000000,19020.000000
16.774677,1200.000000,0.000000,2.448076,0.000000,0.000000,3.000000,0.000000,0.000000,283.000000,0.000000,769.000000,734483.000000,189807.000000,6679.000000,544560.000000,19037.000000
16.762030,1200.000000,0.000000,2.448076,0.000000,0.000000,3.000000,0.000000,0.000000,283.000000,0.000000,769.000000,735890.000000,190504.000000,6704.000000,545270.000000,19062.000000
16.760145,1200.000000,0.000000,2.448076,0.000000,0.000000,3.000000,0.000000,0.000000,283.000000,0.000000,769.000000,736830.000000,190968.000000,6720.000000,545746.000000,19078.000000
16.767338,1200.000000,0.000000,2.448076,0.000000,0.000000,3.000000,0.000000,0.000000,283.000000,0.000000,769.000000,738235.000000,191659.000000,6745.000000,546460.000000,19101.000000
16.765514,1200.000000,0.000000,2.448076,0.000000,0.000000,3.000000,0.000000,0.000000,283.000000,0.000000,769.000000,739162.000000,192120.000000,6762.000000,546926.000000,19118.000000
16.768478,1200.000000,0.000000,2.448076,0.000000,0.000000,3.000000,0.000000,0.000000,283.000000,0.000000,769.000000,740576.000000,192828.000000,6787.000000,547632.000000,19143.000000
16.775316,1200.000000,0.000000,2.448076,0.000000,0.000000,3.000000,0.000000,0.000000,283.000000,0.000000,769.000000,741518.000000,193295.000000,6803.000000,548107.000000,19159.000000
16.776604,1200.000000,0.000000,2.448076,0.000000,0.000000,3.000000,0.000000,0.000000,283.000000,0.000000,769.000000,742931.000000,194004.000000,6828.000000,548811.000000,19184.000000
16.784403,1200.000000,0.000000,2.448076,0.000000,0.000000,3.000000,0.000000,0.000000,283.000000,0.000000,769.000000,743852.000000,194474.000000,6845.000000,549262.000000,19201.000000
16.771595,1200.000000,0.000000,2.448076,0.000000,0.000000,3.000000,0.000000,0.000000,283.000000,0.000000,769.000000,745253.000000,195178.000000,6869.000000,549959.000000,19224.000000
16.758514,1200.000000,0.000000,2.448076,0.000000,0.000000,3.000000,0.000000,0.000000,283.000000,0.000000,769.000000,746203.000000,195653.000000,6885.000000,550434.000000,19240.000000
16.757450,1200.000000,0.000000,2.448076,0.000000,0.000000,3.000000,0.000000,0.000000,283.000000,0.000000,769.000000,747623.000000,196353.000000,6910.000000,551154.000000,19265.000000
16.751392,1200.000000,0.000000,2.448076,0.000000,0.000000,3.000000,0.000000,0.000000,283.000000,0.000000,769.000000,748551.000000,196814.000000,6926.000000,551621.000000,19281.000000
16.759426,1200.000000,0.000000,2.448076,0.000000,0.000000,3.000000,0.000000,0.000000,283.000000,0.000000,769.000000,749977.000000,197522.000000,6951.000000,552339.000000,19306.000000
16.768433,1200.000000,0.000000,2.448076,0.000000,0.000000,3.000000,0.000000,0.000000,283.000000,0.000000,769.000000,750913.000000,197982.000000,6968.000000,552815.000000,19323.000000
16.777990,1200.000000,0.000000,2.448076,0.000000,0.000000,3.000000,0.000000,0.000000,283.000000,0.000000,769.000000,752302.000000,198674.000000,6993.000000,553512.000000,19348.000000
16.776663,1200.000000,0.000000,2.448076,0.000000,0.000000,3.000000,0.000000,0.000000,283.000000,0.000000,769.000000,753249.000000,199146.000000,7009.000000,553987.000000,19364.000000
16.773134,1200.000000,0.000000,2.448076,0.000000,0.000000,3.000000,0.000000,0.000000,283.000000,0.000000,769.000000,754668.000000,199850.000000,7034.000000,554702.000000,19389.000000
16.773384,1200.000000,0.000000,2.448076,0.000000,0.000000,3.000000,0.000000,0.000000,283.000000,0.000000,769.000000,755585.000000,200311.000000,7051.000000,555158.000000,19406.000000
16.776901,1200.000000,0.000000,2.448076,0.000000,0.000000,3.000000,0.000000,0.000000,283.000000,0.000000,769.000000,757022.000000,201035.000000,7074.000000,555871.000000,19430.000000
16.760807,1200.000000,0.000000,2.448076,0.000000,0.000000,3.000000,0.000000,0.000000,283.000000,0.000000,769.000000,757954.000000,201492.000000,7091.000000,556346.000000,19447.000000
16.758501,1200.000000,0.000000,2.448076,0.000000,0.000000,3.000000,0.000000,0.000000,283.000000,0.000000,769.000000,759369.000000,202201.000000,7115.000000,557052.000000,19471.000000
16.761778,1200.000000,0.000000,2.448076,0.000000,0.000000,3.000000,0.000000,0.000000,283.000000,0.000000,769.000000,760300.000000,202668.000000,7131.000000,557516.000000,19487.000000
16.773039,1200.000000,0.000000,2.448076,0.000000,0.000000,3.000000,0.000000,0.000000,283.000000,0.000000,769.000000,761690.000000,203359.000000,7156.000000,558215.000000,19512.000000
16.763149,1200.000000,0.000000,2.448076,0.000000,0.000000,3.000000,0.000000,0.000000,283.000000,0.000000,769.000000,762649.000000,203836.000000,7171.000000,558697.000000,19529.000000
16.758095,1200.000000,0.000000,2.448076,0.000000,0.000000,3.000000,0.000000,0.000000,283.000000,0.000000,769.000000,764058.000000,204533.000000,7196.000000,559409.000000,19554.000000
16.759769,1200.000000,0.000000,2.448076,0.000000,0.000000,3.000000,0.000000,0.000000,283.000000,0.000000,769.000000,764985.000000,204998.000000,7212.000000,559871.000000,19570.000000
16.750454,1200.000000,0.000000,2.448076,0.000000,0.000000,3.000000,0.000000,0.000000,283.000000,0.000000,769.000000,766397.000000,205703.000000,7237.000000,560578.000000,19595.000000
16.752781,1200.000000,0.000000,2.448076,0.000000,0.000000,3.000000,0.000000,0.000000,283.000000,0.000000,769.000000,767351.000000,206181.000000,7254.000000,561054.000000,19612.000000
16.750731,1200.000000,0.000000,2.448076,0.000000,0.000000,3.000000,0.000000,0.000000,283.000000,0.000000,769.000000,768760.000000,206878.000000,7278.000000,561766.000000,19636.000000
16.741688,1200.000000,0.000000,2.448076,0.000000,0.000000,3.000000,0.000000,0.000000,283.000000,0.000000,769.000000,769700.000000,207347.000000,7295.000000,562237.000000,19653.000000
16.750906,1200.000000,0.000000,2.448076,0.000000,0.000000,3.000000,0.000000,0.000000,283.000000,0.000000,769.000000,771082.000000,208042.000000,7319.000000,562924.000000,19677.000000
16.741076,1200.000000,0.000000,2.448076,0.000000,0.000000,3.000000,0.000000,0.000000,283.000000,0.000000,769.000000,772008.000000,208504.000000,7335.000000,563388.000000,19693.000000
16.738987,1200.000000,0.000000,2.448076,0.000000,0.000000,3.000000,0.000000,0.000000,283.000000,0.000000,769.000000,773418.000000,209207.000000,7359.000000,564095.000000,19718.000000
16.739639,1200.000000,0.000000,2.448076,0.000000,0.000000,3.000000,0.000000,0.000000,283.000000,0.000000,769.000000,774355.000000,209674.000000,7374.000000,564565.000000,19735.000000
16.736107,1200.000000,0.000000,2.448076,0.000000,0.000000,3.000000,0.000000,0.000000,283.000000,0.000000,769.000000,775775.000000,210381.000000,7399.000000,565278.000000,19760.000000
16.734890,1200.000000,0.000000,2.448076,0.000000,0.000000,3.000000,0.000000,0.000000,283.000000,0.000000,769.000000,776715.000000,210847.000000,7415.000000,565752.000000,19776.000000
16.746786,1200.000000,0.000000,2.448076,0.000000,0.000000,3.000000,0.000000,0.000000,283.000000,0.000000,769.000000,778119.000000,211546.000000,7440.000000,566457.000000,19801.000000
16.738262,1200.000000,0.000000,2.448076,0.000000,0.000000,3.000000,0.000000,0.000000,283.000000,0.000000,769.000000,779074.000000,212022.000000,7457.000000,566936.000000,19817.000000
16.756676,1200.000000,0.000000,2.448076,0.000000,0.000000,3.000000,0.000000,0.000000,283.000000,0.000000,769.000000,780512.000000,212735.000000,7481.000000,567661.000000,19841.000000
16.762165,1200.000000,0.000000,2.448076,0.000000,0.000000,3.000000,0.000000,0.000000,283.000000,0.000000,769.000000,781444.000000,213195.000000,7498.000000,568133.000000,19858.000000
16.762150,1200.000000,0.000000,2.448076,0.000000,0.000000,3.000000,0.000000,0.000000,283.000000,0.000000,769.000000,782842.000000,213900.000000,7523.000000,568826.000000,19883.000000
16.747631,1200.000000,0.000000,2.448076,0.000000,0.000000,3.000000,0.000000,0.000000,283.000000,0.000000,769.000000,783769.000000,214362.000000,7539.000000,569291.000000,19899.000000
16.756107,1200.000000,0.000000,2.448076,0.000000,0.000000,3.000000,0.000000,0.000000,283.000000,0.000000,769.000000,785156.000000,215052.000000,7563.000000,569988.000000,19923.000000
16.744789,1200.000000,0.000000,2.448076,0.000000,0.000000,3.000000,0.000000,0.000000,283.000000,0.000000,769.000000,786123.000000,215536.000000,7580.000000,570471.000000,19940.000000
16.741524,1200.000000,0.000000,2.448076,0.000000,0.000000,3.000000,0.000000,0.000000,283.000000,0.000000,769.000000,787524.000000,216232.000000,7605.000000,571176.000000,19965.000000
16.739292,1200.000000,0.000000,2.448076,0.000000,0.000000,3.000000,0.000000,0.000000,283.000000,0.000000,769.000000,788473.000000,216706.000000,7621.000000,571651.000000,19981.000000
16.742939,1200.000000,0.000000,2.448076,0.000000,0.000000,3.000000,0.000000,0.000000,283.000000,0.000000,769.000000,789882.000000,217408.000000,7646.000000,572358.000000,20006.000000
16.740969,1200.000000,0.000000,2.448076,0.000000,0.000000,3.000000,0.000000,0.000000,283.000000,0.000000,769.000000,790825.000000,217876.000000,7663.000000,572833.000000,20023.000000
16.756269,1200.000000,0.000000,2.448076,0.000000,0.000000,3.000000,0.000000,0.000000,283.000000,0.000000,769.000000,792245.000000,218582.000000,7687.000000,573547.000000,20047.000000
16.768978,1200.000000,0.000000,2.448076,0.000000,0.000000,3.000000,0.000000,0.000000,283.000000,0.000000,769.000000,793178.000000,219039.000000,7704.000000,574023.000000,20063.000000
16.768005,1200.000000,0.000000,2.448076,0.000000,0.000000,3.000000,0.000000,0.000000,283.000000,0.000000,769.000000,794590.000000,219744.000000,7729.000000,574730.000000,20088.000000
16.769211,1200.000000,0.000000,2.448076,0.000000,0.000000,3.000000,0.000000,0.000000,283.000000,0.000000,769.000000,795536.000000,220222.000000,7745.000000,575198.000000,20104.000000
16.776428,1200.000000,0.000000,2.448076,0.000000,0.000000,3.000000,0.000000,0.000000,283.000000,0.000000,769.000000,796928.000000,220924.000000,7770.000000,575888.000000,20129.000000
16.776985,1200.000000,0.000000,2.448076,0.000000,0.000000,3.000000,0.000000,0.000000,283.000000,0.000000,769.000000,797853.000000,221387.000000,7786.000000,576350.000000,20145.000000
16.770712,1200.000000,0.000000,2.448076,0.000000,0.000000,3.000000,0.000000,0.000000,283.000000,0.000000,769.000000,799266.000000,222092.000000,7811.000000,577058.000000,20170.000000
16.763088,1200.000000,0.000000,2.448076,0.000000,0.000000,3.000000,0.000000,0.000000,283.000000,0.000000,769.000000,800199.000000,222554.000000,7827.000000,577529.000000,20186.000000
16.755695,1200.000000,0.000000,2.448076,0.000000,0.000000,3.000000,0.000000,0.000000,283.000000,0.000000,769.000000,801627.000000,223268.000000,7852.000000,578243.000000,20210.000000
16.772840,1200.000000,0.000000,2.448076,0.000000,0.000000,3.000000,0.000000,0.000000,283.000000,0.000000,769.000000,802586.000000,223743.000000,7869.000000,578727.000000,20227.000000
16.758591,1200.000000,0.000000,2.448076,0.000000,0.000000,3.000000,0.000000,0.000000,283.000000,0.000000,769.000000,803988.000000,224439.000000,7893.000000,579433.000000,20251.000000
16.750967,1200.000000,0.000000,2.448076,0.000000,0.000000,3.000000,0.000000,0.000000,283.000000,0.000000,769.000000,804906.000000,224897.000000,7910.000000,579893.000000,20267.000000
16.762291,1200.000000,0.000000,2.448076,0.000000,0.000000,3.000000,0.000000,0.000000,283.000000,0.000000,769.000000,806315.000000,225596.000000,7935.000000,580603.000000,20292.000000
16.761467,1200.000000,0.000000,2.448076,0.000000,0.000000,3.000000,0.000000,0.000000,283.000000,0.000000,769.000000,807257.000000,226068.000000,7951.000000,581073.000000,20308.000000
16.781004,1200.000000,0.000000,2.448076,0.000000,0.000000,3.000000,0.000000,0.000000,283.000000,0.000000,769.000000,808672.000000,226783.000000,7976.000000,581773.000000,20333.000000
16.786295,1200.000000,0.000000,2.448076,0.000000,0.000000,3.000000,0.000000,0.000000,283.000000,0.000000,769.000000,809609.000000,227255.000000,7993.000000,582238.000000,20350.000000
16.780930,1200.000000,0.000000,2.448076,0.000000,0.000000,3.000000,0.000000,0.000000,283.000000,0.000000,769.000000,810995.000000,227947.000000,8017.000000,582932.000000,20374.000000
16.787182,1200.000000,0.000000,2.448076,0.000000,0.000000,3.000000,0.000000,0.000000,283.000000,0.000000,769.000000,811941.000000,228416.000000,8033.000000,583409.000000,20390.000000
16.791874,1200.000000,0.000000,2.448076,0.000000,0.000000,3.000000,0.000000,0.000000,283.000000,0.000000,769.000000,813346.000000,229106.000000,8058.000000,584124.000000,20415.000000
16.780483,1200.000000,0.000000,2.448076,0.000000,0.000000,3.000000,0.000000,0.000000,283.000000,0.000000,769.000000,814289.000000,229576.000000,8075.000000,584597.000000,20432.000000
16.773762,1200.000000,0.000000,2.448076,0.000000,0.000000,3.000000,0.000000,0.000000,283.000000,0.000000,769.000000,815712.000000,230285.000000,8099.000000,585311.000000,20456.000000
16.770288,1200.000000,0.000000,2.448076,0.000000,0.000000,3.000000,0.000000,0.000000,283.000000,0.000000,769.000000,816648.000000,230753.000000,8116.000000,585779.000000,20473.000000
16.757025,1200.000000,0.000000,2.448076,0.000000,0.000000,3.000000,0.000000,0.000000,283.000000,0.000000,769.000000,818042.000000,231450.000000,8141.000000,586476.000000,20498.000000
16.751856,1200.000000,0.000000,2.448076,0.000000,0.000000,3.000000,0.000000,0.000000,283.000000,0.000000,769.000000,818989.000000,231922.000000,8157.000000,586951.000000,20514.000000
16.753645,1200.000000,0.000000,2.448076,0.000000,0.000000,3.000000,0.000000,0.000000,283.000000,0.000000,769.000000,820392.000000,232620.000000,8182.000000,587656.000000,20539.000000
16.757738,1200.000000,0.000000,2.448076,0.000000,0.000000,3.000000,0.000000,0.000000,283.000000,0.000000,769.000000,821337.000000,233096.000000,8199.000000,588125.000000,20556.000000
16.782398,1200.000000,0.000000,2.448076,0.000000,0.000000,3.000000,0.000000,0.000000,283.000000,0.000000,769.000000,822727.000000,233800.000000,8223.000000,588811.000000,20580.000000
16.787704,1200.000000,0.000000,2.448076,0.000000,0.000000,3.000000,0.000000,0.000000,283.000000,0.000000,769.000000,823658.000000,234265.000000,8239.000000,589277.000000,20596.000000
16.777225,1200.000000,0.000000,2.448076,0.000000,0.000000,3.000000,0.000000,0.000000,283.000000,0.000000,769.000000,825090.000000,234972.000000,8264.000000,590002.000000,20621.000000
16.777088,1200.000000,0.000000,2.448076,0.000000,0.000000,3.000000,0.000000,0.000000,283.000000,0.000000,769.000000,826003.000000,235417.000000,8281.000000,590470.000000,20638.000000
16.783852,1200.000000,0.000000,2.448076,0.000000,0.000000,3.000000,0.000000,0.000000,283.000000,0.000000,769.000000,827436.000000,236135.000000,8305.000000,591185.000000,20662.000000
16.783867,1200.000000,0.000000,2.448076,0.000000,0.000000,3.000000,0.000000,0.000000,283.000000,0.000000,769.000000,828391.000000,236612.000000,8322.000000,591663.000000,20679.000000
16.769358,1200.000000,0.000000,2.448076,0.000000,0.000000,3.000000,0.000000,0.000000,283.000000,0.000000,769.000000,829777.000000,237305.000000,8347.000000,592356.000000,20704.000000
16.769520,1200.000000,0.000000,2.448076,0.000000,0.000000,3.000000,0.000000,0.000000,283.000000,0.000000,769.000000,830700.000000,237761.000000,8363.000000,592823.000000,20720.000000
16.761314,1200.000000,0.000000,2.448076,0.000000,0.000000,3.000000,0.000000,0.000000,283.000000,0.000000,769.000000,832107.000000,238452.000000,8388.000000,593539.000000,20745.000000
16.753977,1200.000000,0.000000,2.448076,0.000000,0.000000,3.000000,0.000000,0.000000,283.000000,0.000000,769.000000,833053.000000,238926.000000,8405.000000,594011.000000,20762.000000
16.732515,1200.000000,0.000000,2.448076,0.000000,0.000000,3.000000,0.000000,0.000000,283.000000,0.000000,769.000000,834465.000000,239636.000000,8430.000000,594713.000000,20787.000000
16.730852,1200.000000,0.000000,2.448076,0.000000,0.000000,3.000000,0.000000,0.000000,283.000000,0.000000,769.000000,835410.000000,240112.000000,8446.000000,595182.000000,20803.000000
16.722485,1200.000000,0.000000,2.448076,0.000000,0.000000,3.000000,0.000000,0.000000,283.000000,0.000000,769.000000,836802.000000,240804.000000,8470.000000,595882.000000,20827.000000
16.716614,1200.000000,0.000000,2.448076,0.000000,0.000000,3.000000,0.000000,0.000000,283.000000,0.000000,769.000000,837745.000000,241270.000000,8487.000000,596359.000000,20844.000000
16.726070,1200.000000,0.000000,2.448076,0.000000,0.000000,3.000000,0.000000,0.000000,283.000000,0.000000,769.000000,839132.000000,241959.000000,8511.000000,597057.000000,20868.000000
16.726458,1200.000000,0.000000,2.448076,0.000000,0.000000,3.000000,0.000000,0.000000,283.000000,0.000000,769.000000,840080.000000,242434.000000,8528.000000,597530.000000,20885.000000
16.728718,1200.000000,0.000000,2.448076,0.000000,0.000000,3.000000,0.000000,0.000000,283.000000,0.000000,769.000000,841516.000000,243154.000000,8553.000000,598246.000000,20910.000000
16.726431,1200.000000,0.000000,2.448076,0.000000,0.000000,3.000000,0.000000,0.000000,283.000000,0.000000,769.000000,842452.000000,243619.000000,8569.000000,598717.000000,20926.000000
16.720659,1200.000000,0.000000,2.448076,0.000000,0.000000,3.000000,0.000000,0.000000,283.000000,0.000000,769.000000,843852.000000,244320.000000,8594.000000,599416.000000,20951.000000
16.724993,1200.000000,0.000000,2.448076,0.000000,0.000000,3.000000,0.000000,0.000000,283.000000,0.000000,769.000000,844776.000000,244775.000000,8611.000000,599885.000000,20967.000000
16.740616,1200.000000,0.000000,2.448076,0.000000,0.000000,3.000000,0.000000,0.000000,283.000000,0.000000,769.000000,846187.000000,245484.000000,8636.000000,600587.000000,20992.000000
16.733358,1200.000000,0.000000,2.448076,0.000000,0.000000,3.000000,0.000000,0.000000,283.000000,0.000000,769.000000,847137.000000,245959.000000,8652.000000,601062.000000,21008.000000
16.740572,1200.000000,0.000000,2.448076,0.000000,0.000000,3.000000,0.000000,0.000000,283.000000,0.000000,769.000000,848545.000000,246668.000000,8677.000000,601761.000000,21033.000000
16.744585,1200.000000,0.000000,2.448076,0.000000,0.000000,3.000000,0.000000,0.000000,283.000000,0.000000,769.000000,849475.000000,247135.000000,8693.000000,602224.000000,21049.000000
16.739349,1200.000000,0.000000,2.448076,0.000000,0.000000,3.000000,0.000000,0.000000,283.000000,0.000000,769.000000,850872.000000,247830.000000,8717.000000,602926.000000,21073.000000
16.741653,1200.000000,0.000000,2.448076,0.000000,0.000000,3.000000,0.000000,0.000000,283.000000,0.000000,769.000000,851784.000000,248279.000000,8734.000000,603389.000000,21090.000000
16.756275,1200.000000,0.000000,2.448076,0.000000,0.000000,3.000000,0.000000,0.000000,283.000000,0.000000,769.000000,853203.000000,248994.000000,8759.000000,604093.000000,21115.000000
16.751741,1200.000000,0.000000,2.448076,0.000000,0.000000,3.000000,0.000000,0.000000,283.000000,0.000000,769.000000,854149.000000,249470.000000,8775.000000,604563.000000,21131.000000
16.762943,1200.000000,0.000000,2.448076,0.000000,0.000000,3.000000,0.000000,0.000000,283.000000,0.000000,769.000000,855563.000000,250175.000000,8800.000000,605272.000000,21156.000000
16.756369,1200.000000,0.000000,2.448076,0.000000,0.000000,3.000000,0.000000,0.000000,283.000000,0.000000,769.000000,856533.000000,250649.000000,8817.000000,605768.000000,21173.000000
16.761992,1200.000000,0.000000,2.448076,0.000000,0.000000,3.000000,0.000000,0.000000,283.000000,0.000000,769.000000,857934.000000,251349.000000,8842.000000,606469.000000,21197.000000
16.762264,1200.000000,0.000000,2.448076,0.000000,0.000000,3.000000,0.000000,0.000000,283.000000,0.000000,769.000000,858888.000000,251820.000000,8858.000000,606952.000000,21213.000000
16.764008,1200.000000,0.000000,2.448076,0.000000,0.000000,3.000000,0.000000,0.000000,283.000000,0.000000,769.000000,860326.000000,252539.000000,8883.000000,607671.000000,21238.000000
16.745459,1200.000000,0.000000,2.448076,0.000000,0.000000,3.000000,0.000000,0.000000,283.000000,0.000000,769.000000,861231.000000,252996.000000,8899.000000,608119.000000,21254.000000
16.757925,1200.000000,0.000000,2.448076,0.000000,0.000000,3.000000,0.000000,0.000000,283.000000,0.000000,769.000000,862619.000000,253689.000000,8923.000000,608814.000000,21278.000000
16.760221,1200.000000,0.000000,2.448076,0.000000,0.000000,3.000000,0.000000,0.000000,283.000000,0.000000,769.000000,863557.000000,254153.000000,8940.000000,609288.000000,21295.000000
16.760204,1200.000000,0.000000,2.448076,0.000000,0.000000,3.000000,0.000000,0.000000,283.000000,0.000000,769.000000,864941.000000,254836.000000,8965.000000,609989.000000,21320.000000
16.743086,1200.000000,0.000000,2.448076,0.000000,0.000000,3.000000,0.000000,0.000000,283.000000,0.000000,769.000000,865883.000000,255309.000000,8981.000000,610458.000000,21336.000000
16.741201,1200.000000,0.000000,2.448076,0.000000,0.000000,3.000000,0.000000,0.000000,283.000000,0.000000,769.000000,867316.000000,256027.000000,9006.000000,611173.000000,21361.000000
16.746016,1200.000000,0.000000,2.448076,0.000000,0.000000,3.000000,0.000000,0.000000,283.000000,0.000000,769.000000,868259.000000,256497.000000,9023.000000,611646.000000,21378.000000
16.749496,1200.000000,0.000000,2.448076,0.000000,0.000000,3.000000,0.000000,0.000000,283.000000,0.000000,769.000000,869665.000000,257196.000000,9048.000000,612353.000000,21403.000000
16.744514,1200.000000,0.000000,2.448076,0.000000,0.000000,3.000000,0.000000,0.000000,283.000000,0.000000,769.000000,870602.000000,257657.000000,9064.000000,612829.000000,21419.000000
16.757288,1200.000000,0.000000,2.448076,0.000000,0.000000,3.000000,0.000000,0.000000,283.000000,0.000000,769.000000,872011.000000,258359.000000,9089.000000,613536.000000,21444.000000
16.750414,1200.000000,0.000000,2.448076,0.000000,0.000000,3.000000,0.000000,0.000000,283.000000,0.000000,769.000000,872959.000000,258838.000000,9106.000000,614005.000000,21461.000000
16.752867,1200.000000,0.000000,2.448076,0.000000,0.000000,3.000000,0.000000,0.000000,283.000000,0.000000,769.000000,874357.000000,259541.000000,9130.000000,614700.000000,21485.000000
16.740019,1200.000000,0.000000,2.448076,0.000000,0.000000,3.000000,0.000000,0.000000,283.000000,0.000000,769.000000,875282.000000,260006.000000,9146.000000,615160.000000,21501.000000
16.730837,1200.000000,0.000000,2.448076,0.000000,0.000000,3.000000,0.000000,0.000000,283.000000,0.000000,769.000000,876685.000000,260706.000000,9171.000000,615863.000000,21526.000000
16.741804,1200.000000,0.000000,2.448076,0.000000,0.000000,3.000000,0.000000,0.000000,283.000000,0.000000,769.000000,877611.000000,261165.000000,9187.000000,616330.000000,21542.000000
16.742321,1200.000000,0.000000,2.448076,0.000000,0.000000,3.000000,0.000000,0.000000,283.000000,0.000000,769.000000,879039.000000,261879.000000,9212.000000,617044.000000,21567.000000
16.737955,1200.000000,0.000000,2.448076,0.000000,0.000000,3.000000,0.000000,0.000000,283.000000,0.000000,769.000000,879982.000000,262344.000000,9229.000000,617522.000000,21584.000000
16.735146,1200.000000,0.000000,2.448076,0.000000,0.000000,3.000000,0.000000,0.000000,283.000000,0.000000,769.000000,881416.000000,263060.000000,9254.000000,618240.000000,21609.000000
16.745327,1200.000000,0.000000,2.448076,0.000000,0.000000,3.000000,0.000000,0.000000,283.000000,0.000000,769.000000,882333.000000,263516.000000,9270.000000,618701.000000,21625.000000
16.735214,1200.000000,0.000000,2.448076,0.000000,0.000000,3.000000,0.000000,0.000000,283.000000,0.000000,769.000000,883743.000000,264212.000000,9295.000000,619415.000000,21650.000000
16.726654,1200.000000,0.000000,2.448076,0.000000,0.000000,3.000000,0.000000,0.000000,283.000000,0.000000,769.000000,884677.000000,264680.000000,9312.000000,619881.000000,21667.000000
16.723675,1200.000000,0.000000,2.448076,0.000000,0.000000,3.000000,0.000000,0.000000,283.000000,0.000000,769.000000,886108.000000,265405.000000,9337.000000,620587.000000,21692.000000
16.716713,1200.000000,0.000000,2.448076,0.000000,0.000000,3.000000,0.000000,0.000000,283.000000,0.000000,769.000000,887040.000000,265875.000000,9353.000000,621049.000000,21708.000000
16.712185,1200.000000,0.000000,2.448076,0.000000,0.000000,3.000000,0.000000,0.000000,283.000000,0.000000,769.000000,888443.000000,266575.000000,9377.000000,621752.000000,21732.000000
16.719372,1200.000000,0.000000,2.448076,0.000000,0.000000,3.000000,0.000000,0.000000,283.000000,0.000000,769.000000,889392.000000,267049.000000,9393.000000,622227.000000,21748.000000
16.714062,1200.000000,0.000000,2.448076,0.000000,0.000000,3.000000,0.000000,0.000000,283.000000,0.000000,769.000000,890790.000000,267742.000000,9418.000000,622932.000000,21773.000000
16.725290,1200.000000,0.000000,2.448076,0.000000,0.000000,3.000000,0.000000,0.000000,283.000000,0.000000,769.000000,891725.000000,268206.000000,9435.000000,623403.000000,21790.000000
16.727200,1200.000000,0.000000,2.448076,0.000000,0.000000,3.000000,0.000000,0.000000,283.000000,0.000000,769.000000,893166.000000,268924.000000,9460.000000,624126.000000,21815.000000
16.729944,1200.000000,0.000000,2.448076,0.000000,0.000000,3.000000,0.000000,0.000000,283.000000,0.000000,769.000000,894089.000000,269375.000000,9476.000000,624598.000000,21831.000000
16.735584,1200.000000,0.000000,2.448076,0.000000,0.000000,3.000000,0.000000,0.000000,283.000000,0.000000,769.000000,895491.000000,270077.000000,9501.000000,625298.000000,21856.000000
16.735981,1200.000000,0.000000,2.448076,0.000000,0.000000,3.000000,0.000000,0.000000,283.000000,0.000000,769.000000,896431.000000,270547.000000,9518.000000,625768.000000,21873.000000
16.745968,1200.000000,0.000000,2.448076,0.000000,0.000000,3.000000,0.000000,0.000000,283.000000,0.000000,769.000000,897848.000000,271254.000000,9543.000000,626478.000000,21898.000000
16.754131,1200.000000,0.000000,2.448076,0.000000,0.000000,3.000000,0.000000,0.000000,283.000000,0.000000,769.000000,898797.000000,271729.000000,9559.000000,626952.000000,21914.000000
16.753618,1200.000000,0.000000,2.448076,0.000000,0.000000,3.000000,0.000000,0.000000,283.000000,0.000000,769.000000,900185.000000,272440.000000,9584.000000,627629.000000,21939.000000
16.746309,1200.000000,0.000000,2.448076,0.000000,0.000000,3.000000,0.000000,0.000000,283.000000,0.000000,769.000000,901121.000000,272908.000000,9600.000000,628097.000000,21955.000000
16.738222,1200.000000,0.000000,2.448076,0.000000,0.000000,3.000000,0.000000,0.000000,283.000000,0.000000,769.000000,902563.000000,273624.000000,9624.000000,628823.000000,21979.000000
16.725487,1200.000000,0.000000,2.448076,0.000000,0.000000,3.000000,0.000000,0.000000,283.000000,0.000000,769.000000,903478.000000,274069.000000,9641.000000,629293.000000,21996.000000
16.713463,1200.000000,0.000000,2.448076,0.000000,0.000000,3.000000,0.000000,0.000000,283.000000,0.000000,769.000000,904886.000000,274769.000000,9666.000000,630001.000000,22021.000000
16.713499,1200.000000,0.000000,2.448076,0.000000,0.000000,3.000000,0.000000,0.000000,283.000000,0.000000,769.000000,905828.000000,275239.000000,9682.000000,630473.000000,22037.000000
16.718719,1200.000000,0.000000,2.448076,0.000000,0.000000,3.000000,0.000000,0.000000,283.000000,0.000000,769.000000,907222.000000,275930.000000,9707.000000,631176.000000,22062.000000
16.728363,1200.000000,0.000000,2.448076,0.000000,0.000000,3.000000,0.000000,0.000000,283.000000,0.000000,769.000000,908164.000000,276401.000000,9724.000000,631647.000000,22079.000000
16.743931,1200.000000,0.000000,2.448076,0.000000,0.000000,3.000000,0.000000,0.000000,283.000000,0.000000,769.000000,909569.000000,277102.000000,9749.000000,632351.000000,22104.000000
16.743334,1200.000000,0.000000,2.448076,0.000000,0.000000,3.000000,0.000000,0.000000,283.000000,0.000000,769.000000,910518.000000,277579.000000,9765.000000,632823.000000,22120.000000
16.763725,1200.000000,0.000000,2.448076,0.000000,0.000000,3.000000,0.000000,0.000000,283.000000,0.000000,769.000000,911929.000000,278297.000000,9790.000000,633516.000000,22145.000000
16.768375,1200.000000,0.000000,2.448076,0.000000,0.000000,3.000000,0.000000,0.000000,283.000000,0.000000,769.000000,912896.000000,278777.000000,9807.000000,634003.000000,22162.000000
16.784458,1200.000000,0.000000,2.448076,0.000000,0.000000,3.000000,0.000000,0.000000,283.000000,0.000000,769.000000,914296.000000,279484.000000,9831.000000,634696.000000,22186.000000
16.789736,1200.000000,0.000000,2.448076,0.000000,0.000000,3.000000,0.000000,0.000000,283.000000,0.000000,769.000000,915239.000000,279946.000000,9847.000000,635177.000000,22202.000000
16.794907,1200.000000,0.000000,2.448076,0.000000,0.000000,3.000000,0.000000,0.000000,283.000000,0.000000,769.000000,916625.000000,280632.000000,9872.000000,635877.000000,22227.000000
16.793547,1200.000000,0.000000,2.448076,0.000000,0.000000,3.000000,0.000000,0.000000,283.000000,0.000000,769.000000,917550.000000,281094.000000,9888.000000,636340.000000,22243.000000
16.782625,1200.000000,0.000000,2.448076,0.000000,0.000000,3.000000,0.000000,0.000000,283.000000,0.000000,769.000000,918973.000000,281799.000000,9913.000000,637058.000000,22268.000000
16.775187,1200.000000,0.000000,2.448076,0.000000,0.000000,3.000000,0.000000,0.000000,283.000000,0.000000,769.000000,919894.000000,282255.000000,9930.000000,637523.000000,22285.000000
16.779026,1200.000000,0.000000,2.448076,0.000000,0.000000,3.000000,0.000000,0.000000,283.000000,0.000000,769.000000,921293.000000,282958.000000,9955.000000,638219.000000,22310.000000
16.770920,1200.000000,0.000000,2.448076,0.000000,0.000000,3.000000,0.000000,0.000000,283.000000,0.000000,769.000000,922254.000000,283438.000000,9971.000000,638700.000000,22326.000000
16.771759,1200.000000,0.000000,2.448076,0.000000,0.000000,3.000000,0.000000,0.000000,283.000000,0.000000,769.000000,923656.000000,284137.000000,9996.000000,639403.000000,22351.000000
16.774841,1200.000000,0.000000,2.448076,0.000000,0.000000,3.000000,0.000000,0.000000,283.000000,0.000000,769.000000,924615.000000,284624.000000,10013.000000,639875.000000,22367.000000
16.784904,1200.000000,0.000000,2.448076,0.000000,0.000000,3.000000,0.000000,0.000000,283.000000,0.000000,769.000000,926021.000000,285331.000000,10037.000000,640574.000000,22391.000000
16.786865,1200.000000,0.000000,2.448076,0.000000,0.000000,3.000000,0.000000,0.000000,283.000000,0.000000,769.000000,926948.000000,285795.000000,10053.000000,641037.000000,22407.000000
16.781134,1200.000000,0.000000,2.448076,0.000000,0.000000,3.000000,0.000000,0.000000,283.000000,0.000000,769.000000,928365.000000,286503.000000,10078.000000,641746.000000,22432.000000
16.799734,1200.000000,0.000000,2.448076,0.000000,0.000000,3.000000,0.000000,0.000000,283.000000,0.000000,769.000000,929278.000000,286953.000000,10094.000000,642209.000000,22448.000000
16.801777,1200.000000,0.000000,2.448076,0.000000,0.000000,3.000000,0.000000,0.000000,283.000000,0.000000,769.000000,930680.000000,287653.000000,10119.000000,642911.000000,22473.000000
16.789717,1200.000000,0.000000,2.448076,0.000000,0.000000,3.000000,0.000000,0.000000,283.000000,0.000000,769.000000,931638.000000,288130.000000,10136.000000,643392.000000,22490.000000
16.802217,1200.000000,0.000000,2.448076,0.000000,0.000000,3.000000,0.000000,0.000000,283.000000,0.000000,769.000000,933024.000000,288810.000000,10161.000000,644098.000000,22515.000000
