:020000040800F2
:100000002058002005030008895A00089F51000865
:100010001559000811200008B56C00080000000008
:100020000000000000000000000000004502000881
:10003000D127000800000000A1020008E1660008C6
:100040001F0300081F0300081F0300081F03000808
:100050001F0300081F030008F92700081F030008FA
:100060001F0300081F0300081F0300081F030008E8
:100070001F030008992500081F030008A525000894
:10008000B1250008BD2500081F0300082D20000829
:10009000152000081F03000821200008FF27000882
:1000A0001F030008A16700081F0300081F030008C2
:1000B0001F0300081F0300081F0300081F03000898
:1000C0001F0300081F0300081F0300081F03000888
:1000D0001F0300081F030008A96C00081F03000885
:1000E0001F0300081F0300081F0300081F03000868
:1000F0001F0300081F0300081F0300081F03000858
:100100001F0300081F0300081F0300081F03000847
:100110007D6800081F0300081F0300081F03000874
:10012000C92500081F0300081F030008D525000883
:100130001F0300080000000000000000512000081C
:10014000392000081F030008452000081F0300088D
:100150001F0300081F0300081F0300081F030008F7
:100160001F0300081F0300081F0300081F030008E7
:100170001F0300081F03000800000000000000002B
:100180001F0300081F03000800F002F800F04AF8FF
:100190000AA090E8000C82448344AAF10107DA45E2
:1001A00001D100F03FF8AFF2090EBAE80F0013F0EA
:1001B000010F18BFFB1A43F00103184710AE0000EF
:1001C00030AE0000103A24BF78C878C1FAD8520780
:1001D00024BF30C830C144BF04680C6070470000C1
:1001E0000023002400250026103A28BF78C1FBD840
:1001F000520728BF30C148BF0B6070471FB50AF0D7
:100200006DFC00F005FB0400002000210AF048FA14
:10021000401C6060002000210AF058FAE0601FBD19
:1002200010B510BD00F058FB1146FFF7E7FF07F0CF
:100230009BFC00F09FFB03B4FFF7F2FF03BC00F050
:100240005FFE00002C4B19680868B0E8F04F80F39F
:100250000988BFF36F8F4FF0000080F3118870475B
:100260000000000008480068006880F308884FF02C
:10027000000080F3148862B661B6BFF34F8FBFF3FE
:100280006F8F00DF00BF00BF08ED00E0DFF80C005B
:10029000016841F470010160704700BF88ED00E023
:1002A000EFF30980BFF36F8F134B1A681EF0100F26
:1002B00008BF20ED108A20E9F04F106009B44FF01C
:1002C000500080F31188BFF34F8FBFF36F8F09F099
:1002D0001BFA4FF0000080F3118809BC1968086808
:1002E000B0E8F04F1EF0100F08BFB0EC108A80F39A
:1002F0000988BFF36F8F70478C000020EFF30580F3
:10030000704700000948804709480047FEE7FEE7BC
:10031000FEE7FEE7FEE7FEE7FEE7FEE7FEE7FEE7B5
:1003200004480549054A064B7047000091670008DC
:10033000890100082052002020580020205400206D
:100340002054002053EA020C00F069802DE9F04BA4
:100350004FF00006002B1FBFB3FA83F503FA05F434
:1003600024FA05F65E4012BF1643B2FA82F502FA8D
:1003700005F4C5F120051EBF22FA05FC44EA0C0471
:10038000203556EA044C4FEA144418BF641C4FF061
:1003900000084FF00009904271EB030C39D300299B
:1003A00019BFB1FA81F701FA07F6B0FA80F700FA3F
:1003B00007F6C7F120071EBF20FA07FC46EA0C0625
:1003C0002037B6FBF4FCA7EB0507103F07F01F0B27
:1003D000CBF120060CFA0BFB2CFA06F644BFB34611
:1003E0000026202FA4BF5E464FF0000B5BEA060CF0
:1003F00008BF4FF0010B19EB0B09ABFB027C48EB7C
:100400000608C01B06FB02CC0BFB03CC71EB0C01F6
:10041000C1E70B46024641464846BDE8F08B13B59E
:100420004FF000004FF00001AFF30080BDE81C402A
:1004300070472DE9F04791460F4680460446002656
:1004400014F8015B2DB100F049F90068405DC00768
:10045000F6D12B2D02D02D2D18D0641E4A463946D8
:10046000204600F052F927B13968A14201D1C7F8FE
:1004700000804FF0020471050BD54042002803DDD7
:1004800000F034F90460A007BDE8F08746F4806608
:10049000E4E70028F8DA00F029F904606FF0004082
:1004A000F2E7401ECAB210F8011F8A4202D00029AA
:1004B000F9D10020704710B5431C02E010F8011B71
:1004C00071B18107FAD14FF0013202C88C1A8C4306
:1004D00014EAC211F9D0C01A0A0603D0C01E10BD1A
:1004E000C01A10BD0A0401D0801E10BD0902FCD044
:1004F000401E10BD40EA010370B59B072ED14FF09E
:100500000136042A2AD308C810C99D1B9D43121F17
:1005100015EAC61517D0D8B2E1B2401A50EA056103
:1005200010D198B2A1B2401A50EA05410AD123F085
:100530007F4024F07F41401A50EA052102D1180E75
:10054000A0EB146070BDA342DBD018BA21BA884278
:1005500001D9012070BD4FF0FF3070BD0AB90020F5
:1005600070BD10F8013B11F8014B63B1A3420AD1F1
:10057000521E08D010F8013B11F8014B1BB1A342E9
:1005800001D1521EEDD1181B70BD032A40F23080FC
:1005900010F0030C00F0158011F8013BBCF1020FC4
:1005A000624498BF11F801CB00F8013B38BF11F845
:1005B000013BA2F1040298BF00F801CB38BF00F85C
:1005C000013B11F0030300F02580083AC0F00880D9
:1005D00051F8043B083A51F804CBA0E80810F5E7BD
:1005E000121D5CBF51F8043B40F8043BAFF30080A0
:1005F000D20724BF11F8013B11F801CB48BF11F815
:10060000012B24BF00F8013B00F801CB48BF00F8E4
:10061000012B704710B5203AC0F00B80B1E818509C
:10062000203AA0E81850B1E81850A0E81850BFF4DC
:10063000F5AF5FEA027C24BFB1E81850A0E818507B
:1006400044BF18C918C0BDE810405FEA827C24BFCF
:1006500051F8043B40F8043B08BF7047D20728BF5D
:1006600031F8023B48BF11F8012B28BF20F8023BAC
:1006700048BF00F8012B704702F0FF0343EA032252
:1006800042EA024200F09FB84FF0000200B5134664
:1006900094469646203922BFA0E80C50A0E80C50A2
:1006A000B1F12001BFF4F7AF090728BFA0E80C5053
:1006B00048BF0CC05DF804EB890028BF40F8042B4C
:1006C00008BF704748BF20F8022B11F0804F18BFB9
:1006D00000F8012B704770477047704710B500F065
:1006E00097F8001D10BD00BFB99F0000004870477B
:1006F000BC51002010B5FFF7F9FF006810BD10B520
:100700000446FFF7F3FF046010BD2DE9F05F824659
:1007100015468B4600270AF10104B94600783028B7
:1007200001D09DB113E014F8010B0127782803D004
:10073000582801D045B10AE00DB1102D07D100278E
:1007400014F8010B102502E0082500E00A25002618
:10075000B0460EE005FB080005FB06F101271FFA75
:1007600080F801EB1046B6F5803F00D3B94614F887
:10077000010B294600F050F80028EBDABBF1000F1E
:1007800005D00FB1641E00E05446CBF80040B9F12B
:10079000000F06D0FFF7AAFF02210160C81EBDE8C6
:1007A000F09F48EA0640FAE77CB505460023684614
:1007B000CDE9003300F05CF86946284606F07EFF7C
:1007C0007CBD4FF000020429C0F0128010F0030C31
:1007D0003FF45CAFCCF1040CBCF1020F18BF00F881
:1007E000012BA8BF20F8022BA1EB0C01FFF74EBF95
:1007F0005FEAC17C24BF00F8012B00F8012B48BF41
:1008000000F8012B7047000000487047BC510020E1
:1008100000487047DC5100203A2800D2303820F0E0
:100820002002412A01D3A2F13700884201D34FF0C0
:10083000FF3070470FB4002300B589B00CA90091B8
:100840000B99CB60214B7B440693214B7B44079350
:1008500004236FF00042CDE901321E4A7A446B4610
:100860000892024600200AF0A6F909B05DF814FBD0
:1008700070B506464FF0FF3015460C46324686B03E
:100880000091CDE9010169460020049004A8FFF71A
:10089000D1FF02460498211825B108B1084600E0AE
:1008A00020462860049800280DD0002A02DD009818
:1008B000884208D03246081B69460094CDE90104FD
:1008C00004A8FFF7B7FF06B070BD0000EB00000002
:1008D00003010000C30000007546FFF795FFAE4618
:1008E00005006946534620F00700854618B020B53C
:1008F000FFF716FDBDE820404FF000064FF000075F
:100900004FF000084FF0000B21F00701AC46ACE8B7
:10091000C009ACE8C009ACE8C009ACE8C0098D4624
:10092000704710B50446FFF7D9FE0068005D00F07F
:10093000010010BD426842B1016811F8013B23B1CA
:10094000521EC0E90012184670470121C160881E7E
:10095000704742685AB1C368016843B983688B42E3
:1009600005D0491E521CC0E90012002070474FF00C
:10097000FF30704710B50446AFF300802046BDE855
:100980001040FFF758BC00004FF0013C50F8042B1A
:1009900051F8043B9A4221D1A2EB0C03934313EA92
:1009A000CC1317D150F8042B51F8043B9A4215D1BF
:1009B000A2EB0C03934313EACC130BD150F8042B96
:1009C00051F8043B9A4209D1A2EB0C03934313EA7A
:1009D000CC13DBD04FF00000704700BFD01A01BA33
:1009E000B1FA81F101F0180122FA01F0CB40C1F116
:1009F0002001DBB2C0B2C01A2CFA01F3D11A914324
:100A000011EAC311E6D170472DE9FF4F06468BB0BE
:100A10000878FF2806D0491C2D2805D000244FF067
:100A2000000908E000200CE00124F8E709EB890345
:100A3000491C00EB43090878FF28F7D114B1C9F12C
:100A400000008146107800252C46AA4629462D280C
:100A500001D02B2804D1521C2D2813D0002082460F
:100A60008B461078FF280FD04FF0000C0A21521C43
:100A7000A5FB017804FB018105FB0C11C5194BEBAB
:100A80000104EEE70120EAE7002108464FF00000EC
:100A9000BAF1000F02D000EB80004008C0F381578C
:100AA000012F01DD4FF0FF370E9955EA040009EBE5
:100AB00001080BD04FF0020918F5FA7F16DA4FEA59
:100AC000CA70002F706008DD012007E04FEACA708D
:100AD000C6E900B00FB0BDE8F08F00203060FFF72E
:100AE00005FEC0F800901821084616E0B8F5FA7F18
:100AF00018DD002F02DAF748784401E0F648784420
:100B0000D0E90010C6E9001040EACA707060FFF733
:100B1000EDFDC0F80090142108460FB0BDE8F04F7D
:100B200009F0E6BF002108464FF00000B8F10001CF
:100B3000099002DAC7F1000200E03A4601DAC8F192
:100B4000000106A800F0E2F906AB93E8070003AB4A
:100B500083E8070044F23E005BEA04010090584637
:100B600004D144F21E012C465D460091210C09047B
:100B7000014306D10099240444EA15442D04103998
:100B8000009104F07F41014306D10099240244EA18
:100B900015642D020839009104F07041014306D11B
:100BA0000099240144EA15742D01091F009104F0F5
:100BB0004041014306D10099A40044EA9574AD0078
:100BC000891E009104F00041084304D100986D197A
:100BD0006441401E00904FF001033A466846B8F168
:100BE000000FCDE9014503A902DD00F0CCFE01E0D4
:100BF00000F09FFEBAF1000F04460D4601D084F0CC
:100C00000044002108464FF00000099940F2FF77A8
:100C1000484010F00C0F07D124F00040284303D0C7
:100C2000C4F30A50B84212D1FFF760FDC0F800903B
:100C3000C4F30A50B8420AD1A8487844D0E9001059
:100C4000C6E9001004F000410843706042E7C6E9BD
:100C500000543FE72DE9FF4F1F464FF0000A4FF0C9
:100C6000FF38454691B0D7E90146CDF83CA0FFF7E3
:100C7000CFFDC0680168405C1090B96912986D1C86
:100C80008847396A814688470028F6D1B9F1FF3F85
:100C90000AD0002E24F4D06411DDB9F12B0F08D056
:100CA000B9F12D0F0BD102E0404615B013E744F423
:100CB0008064B96912986D1C8847761E814660056C
:100CC00004A901D52D2000E02B20002E01F1010BFD
:100CD0000DF130088DF810003FDDB9F1690F08D033
:100CE000B9F1490F05D0B9F16E0F02D0B9F14E0F2D
:100CF0001CD13B4601A8009580E85002DDE91212A4
:100D00006FF0020009F05BFFC11CCED10EE0B969A3
:100D100012986D1C884781461398761E44F400741F
:100D200005600F98401C002E0F9016DDB9F1300FB2
:100D3000EDD0B9F1780F02D0B9F1580F0DD10F985D
:100D400001280AD13B46CDE90054DDE91212001F0B
:100D5000029609F032FFC11CA7D1109989453ED1F6
:100D600044F0800406E01399681CAAF1010A44F4D7
:100D700000740860B9696D1C1298761E8847302887
:100D80008146F0D02BE01099894505D1200603D487
:100D9000761E44F0800418E0484606F04DFD08B386
:100DA000761E0DF123018B4544F4007408D2A9F19D
:100DB00030000BF8010B200607D5AAF1010003E073
:100DC000200602D40AF101008246A00502D513993B
:100DD000681C0860B96912986D1C88478146002E0E
:100DE000D1DC53E0002E51DDB9F1650F02D0B9F12D
:100DF000450F4BD1A00549D5B9696D1C1298761ED7
:100E000024F440748847002E81460CDD2B2804D042
:100E1000B9F12D0F07D144F48074B96912986D1C93
:100E20008847761E8146E00501D52D2100E02B2163
:100E300008F8011BCDF8008021E0761E0DF1390184
:100E4000884544F400740CD2A9F1300010F0FF0082
:100E500088F8000002D10099884509D908F10108F5
:100E600006E0E00501D51E4801E042F20F7082461F
:100E7000B96912986D1C8847814613980560002E49
:100E800004DD484606F0D8FC0028D6D1F96912984E
:100E90008847FF2053468BF8000088F800000020A8
:100EA0000A900B9004AA0CA90AA8FFF7ADFDA005B3
:100EB00002D46FF00100F8E614F0240F12D0E0071E
:100EC0001CD13868DDE90A12031D3B600068C0E9E7
:100ED000001213E0F8A40000EAA40000AEA3000092
:100EE000F1D8FFFF0AA9684606F0E8FBE00705D144
:100EF0003868009A011D3960006802602846D4E60F
:100F000001491820ABBEFEE7260002002DE9F0479C
:100F1000814616468AB0354878440DC88DE80D00E4
:100F200032487844801C03AC0DC884E80D0041F6BB
:100F30009B300844372190FBF1F290FBF1F5A5F1CD
:100F4000800501FB12041B3C02D56442012000E035
:100F50000020DFF898A080460027FA44AAF1BE0AD4
:100F60000EE0E0070AD03246684607EB470101234E
:100F70000AEB810100F0F2FC8DE8070064107F1C91
:100F8000002CEED1194F7F44AE3F19E0E80715D091
:100F900007EB04100DF1180A90E80E008AE80E0025
:100FA000C068F04201D1981908903246012306A981
:100FB00003A800F0D3FC03AB83E807006D10641CAA
:100FC000002DE3D14FF0010332466946B8F1000F1E
:100FD00003A802D000F098FC01E000F0BFFCC9E9D2
:100FE0000001C9F808200AB0BDE8F0876C9F000036
:100FF000704700002DE9FF4F1F464FF03C0987B0B6
:101000004FF00042DDE9141001F10108DDF858A0AD
:1010100002EA4050039000200590834605460446AE
:101020000490B969461E08988847AAF1010A0290FF
:10103000BAF1000F3BDD02982E2815D01021FFF7E2
:10104000EBFB00282EDB4FF0010B0599014317D075
:10105000B9F1000F0BDB4A46C11700F0F5F9054363
:101060000C43A9F1040905E0012004900BE008B14C
:1010700045F0010501200590049820B9361D02E0D5
:10108000049800B1361FB969089808F1010888472B
:10109000BBF1000FAAF1010A0290C9D00999C1F869
:1010A0000080C5E70298702808D0502806D0F9695A
:1010B00008988847BBF1000F14D04FE00020029041
:1010C0000120BBF1000F049009D0B969089808F11C
:1010D00001088847AAF10109B9F1000F07DCF96995
:1010E000089888476FF001000BB0BDE8F08F2B28FF
:1010F00004D02D280CD14FF0FF300490B969089826
:1011000008F101088847A9F10109B9F1000FE6DDEE
:10111000411CE4D00A21FFF77FFB0028DFDB0299A6
:1011200008F1010801EB810100EB41000290B9696F
:10113000089888470A21FFF76FFB099AA9F101096E
:10114000B9F1000FC2F8008001DD0028E7DAF96983
:10115000089888470499029800FB016655EA040044
:1011600004D004F04041090002D006E0039898E062
:10117000A40044EA9574AD00B61E04F000410800D6
:1011800002D16D196441761E159810F0240F03D01A
:101190004FF00B095C4803E04FF028096FF07D0029
:1011A0008246564507DAAAEB06018944B9F1410F98
:1011B00001DD4FF0410901200021A9F1010200F0F9
:1011C00043F9024628400B462140084301D0012143
:1011D00000E00021501E029143F1FF3128402140E0
:1011E000084301D0012000E000200299834651EA23
:1011F0000B014FD0002108464FF00000039900F486
:10120000400039B100EB80004FF4400100EBD0709A
:1012100001EA60008015012802DD4FF0FF3000E098
:1012200013D0401C36D0029860B3BBF1000F0CD134
:101230004A460120002100F007F9284021400843D8
:1012400001D0012000E00020E0B101204A46002149
:1012500000F0FAF8034640190A4661412D1A8C4104
:1012600011D3B9F1400F09DD159810F0240F02D009
:10127000AAF1340603E0AAF1170600E0761C002567
:101280004FF0004406E05B1E42F1FF3220EA030506
:1012900021EA0204CAF10100B04206DA1B490398B0
:1012A00008430190002000900EE0039AC4F3D3217C
:1012B000E80A0A43164940EA44500A433146CDE958
:1012C0000002684606F0AEFA159810F0240F0BD015
:1012D0001598C00715D13868DDE90012031D3B6081
:1012E0000068C0E900120CE002A8694606F0E6F9C1
:1012F0001598C00705D13868029A011D3960006849
:1013000002604046F0E6000002FCFFFF0000F07FB4
:101310000000F03F2DE9FF4F92461D4685B04FF08B
:101320000041DDE9124BDDE914727F1E01EA4B50EA
:10133000414940F0FF4940EA0108002122F0200025
:101340004928049102D04E2828D04CE03BA0012629
:1013500007C88DE80700A9690698641C88477F1EA6
:10136000014606D41DF8060018B121F02001814283
:101370000BD0E96906988847032E34D0082E32D066
:101380006FF0010009B0BDE8F08F761C032E01D08C
:10139000082EE0D1601CCAF80000DCE7A9690698B5
:1013A000641C88477F1E2AD420F02000412826D1C3
:1013B000A9690698641C88477F1E20D420F020006D
:1013C0004E281CD1A9690698641C88477F1E48F4E2
:1013D000002849F48009CAF8004001D4282806D022
:1013E000E969069888475FEACB7012D022E0A969C4
:1013F0000698641C88477F1E01D4002803DAE96937
:1014000006988847BCE72928F1D1641CCAF8004037
:10141000E9E71BF0240F07D028680499031D2B600F
:101420000068C0E9001805E02868021D2A6000680D
:10143000C0F800902046A5E70000F07F494E4649DD
:101440004E49545900000000B2F120030AD5C2F100
:10145000200301FA02F120FA03F300FA02F041EA54
:101460000301704700FA03F14FF00000704720F0CD
:101470007F4C80EA030023F07F47ACEB070303F5C2
:101480007C5300F0004003F1FF032DE980494FEA4F
:10149000154B09B44FEA144325EA0B4E24EA0348DE
:1014A0000FF2042606EB132749083E785FEA320262
:1014B00003FB0667C7F5000707FB06F64FEA54373C
:1014C0004FEAD64606F1020607FB066CCCF1005C3B
:1014D0004FEA1C472CEA074C07FB06F40CFB06F509
:1014E00004EB15464FEA961634BF00204FF000403B
:1014F0004FEAD13706FB07FC4FEA1C4C0CFB0BF7FD
:10150000D21B03FB0CF761EB07010CFB0EF7B0EBF2
:10151000074072EB17420CFB08F734BFA2EB0742FF
:10152000B2EB074261EB17414FEA0C444FEA9107D7
:1015300006FB07FC4FEA1C4C0CFB0BF7B0EBC7405B
:1015400072EB573203FB0CF734BFA2EBC742B2EB8E
:10155000C74261EB57310CFB0EF7B0EBC70072EBE3
:1015600057720CFB08F734BFA2EBC702B2EBC702FD
:1015700061EB5771039F4FEA816141EA921104EBDD
:10158000CC044FEAD1374FEA826206FB07FC42EAFD
:1015900090124FEA80604FEA1C4C0CFB0BF7D21BF9
:1015A00003FB0CF761EB07010CFB0EF7B0EB0740F8
:1015B00072EB17420CFB08F734BFA2EB0742B2EB09
:1015C000074261EB17414FEA8C554FEA910704EB54
:1015D0009C2406FB07FC4FEA1C4C0CFB0BF7B0EB02
:1015E000C74072EB573203FB0CF734BFA2EBC74284
:1015F000B2EBC74261EB57310CFB0EF7B0EBC70003
:1016000072EB57720CFB08F734BFA2EBC702B2EBC8
:10161000C70261EB577115EB4C254FEA816141EA36
:1016200092114FEA82624FEAD13742EA901206FBEA
:1016300007FC44F100044FEA80604FEA1C4C0CFBAD
:101640000BF7D21B03FB0CF761EB07010CFB0EF74A
:10165000B0EB074072EB17420CFB08F734BFA2EB6C
:101660000742B2EB074261EB174115EB1C154FEA3D
:10167000813141EA92414FEA823242EA90424FEA96
:1016800080304FEA0C7644F1000448EA03434EEA06
:101690000B484FF0000EB2EB080C71EB030724BFB0
:1016A000624639464EEB0E0E4FF0000B00185241C9
:1016B00049414BEB0B0BB2EB080C71EB03077BF1D1
:1016C000000B24BF624639464EEB0E0E4FF0000B66
:1016D0000018524149414BEB0B0BB2EB080C71EB7C
:1016E00003077BF1000B24BF624639464EEB0E0E1A
:1016F00051EA020718BF46F0010616EB0E7655F1C7
:10170000000254F1000103D5BDE88901BDE800885D
:10171000BDE88901BDE80048B619524141EB01011D
:10172000A3F10103704780807F7E7D7C7B7A79788E
:10173000777676757473727171706F6E6E6D6C6C96
:101740006B6A6A6968686766666564646363626138
:101750006160605F5F5E5E5D5D5C5C5B5B5A5A59B9
:101760005958585757565655555554545353525225
:101770005251515050504F4F4F4E4E4D4D4D4C4C7D
:101780004C4B4B4B4A4A4A494949484848474747C6
:101790004746464645454544444444434343434203
:1017A000424242414141000046EA0646A3F57053D9
:1017B0004FEA164646EA42564FEAD22242EA4152E0
:1017C00010B54FEAD121A3F1010300F02FF820F06A
:1017D000004000F1020C00F0004701EB0050114600
:1017E000BCF5006F40EA070000D210BDBAF1000F4F
:1017F0000AD01CB503B44FF004004FF004014FF0C1
:1018000000000FBCBDE810404FF00001BBF1010F1C
:10181000B9BF04484FF0FF310348002140EA0700F8
:1018200010BD00BFFFFFEF7F0000F07F002B9C4644
:1018300030D477002BD01CB54FEA370703B44FF0F4
:1018400010004FF01001BAF1000F06D0BCF1000FEC
:10185000DCBF40F0080040F008014FF000000FBC72
:10186000BDE810400BF1010BBBF1010F08BF5FEAAF
:10187000170722BF12F1010211F101014FF00041DF
:1018800043F1000300F0004043EA00007047F9D341
:101890005708D0E746EA064613F1400F4FEA1646CE
:1018A0001FDD13F1200FDFBF16430A46002120334E
:1018B0005B42BED0C3F1200746EA064602FA07F7AC
:1018C0004FEA164646EA0706C3F1200722FA03F25A
:1018D00001FA07F721FA03F14FF0000342EA070289
:1018E000A7E746EA020646EA06464FEA164646EAF1
:1018F0000106BCBF46EA0646360C4FF000034FF027
:1019000000024FF0000194E72DE9804C9A4693467F
:1019100070B491E8380007C831EA400C48BF34EA97
:10192000430C03D5FFF7A3FDFFF780FFF0BCBDE834
:10193000008C2DE9804C9A46934670B491E83800AB
:1019400007C831EA400C48BF34EA430C03D5FFF71F
:101950008EFDFFF729FFF0BCBDE8008C2DE9804C1F
:101960009A46934670B491E8380007C810F0804F4B
:1019700008BF13F0804F03D100F01AF8FFF756FFAD
:10198000F0BCBDE8008C2DE9804C9A46934670B4BB
:1019900091E8380007C810F0804F08BF13F0804F5F
:1019A00003D100F005F8FFF7FFFEF0BCBDE8008CA6
:1019B00020F07F4780EA030023F07F4C07EB0C0305
:1019C000A3F57C5300F00040A3F1FE0392F0000F5A
:1019D00000F0B38095F0000F00F077802DE9014909
:1019E0004FEA11404FEA144621EA004800FB06FC8A
:1019F00024EA064708FB06F607FB08F800FB07F792
:101A000018EB06484CEB164C4FEA124B18EB074804
:101A10004FEA15464CEB174022EA0B4E0BFB06FC37
:101A200025EA06470EFB06F607FB0EFE0BFB07F743
:101A30001EEB064E4CEB164C4FF000061EEB074E0D
:101A40004CEB174B18EB0B0840F1000018EB0E0B9A
:101A500058EB000840F100008F1A4FF000013CBF26
:101A6000C943661B14BFB5EB040C00213CBFC9433E
:101A7000F61B4FEA17444EEA8E0E27EA04454FEA5A
:101A80001C4704FB07622CEA074C05FB07F70CFB1D
:101A900005F604FB0CFC16EB074642EB174216EB6F
:101AA0000C4642EB1C421BEB060658EB020241417E
:101AB00046EA9E0601D5BDE80189B619524141EBBF
:101AC0000101A3F10103BDE801894FEA14454FEA82
:101AD000114724EA054621EA074C05FB07F406FBFB
:101AE00007F70CFB06F105FB0CFC11EB074144EB7F
:101AF00017444FEA124711EB0C4144EB1C4422EA15
:101B0000074C05FB07F206FB07F70CFB06F605FB87
:101B10000CFC16EB074642EB174216EB0C4642EB69
:101B20001C456A1854F1000148BF7047B61952416C
:101B300041EB0101A3F10103704795F0000F37D08D
:101B40004FEA11424FEA144721EA024624EA074CC1
:101B500002FB07F106FB07F70CFB06F402FB0CFC8B
:101B600014EB074441EB17414FEA154714EB0C44C3
:101B700041EB1C4125EA074C02FB07F506FB07F782
:101B80000CFB06F602FB0CFC16EB074645EB174573
:101B900016EB0C4645EB1C42121951F1000148BFEF
:101BA0007047B619524141EB0101A3F1010370479F
:101BB0004FEA14454FEA114724EA054621EA074C4B
:101BC00005FB07F106FB07F70CFB06F24FF00006DA
:101BD00005FB0CFC12EB074241EB174112EB0C42E8
:101BE00051EB1C4148BF7047921841EB0101A3F132
:101BF00001037047002801D090F8320070470000C0
:101C00002DE9FF4F85B01546129E04007ED00029B5
:101C1000FCD0002DFAD0002EF8D09148007818B1F1
:101C2000022009B0BDE8F08FC4E9001508982081B2
:101C3000E660139820824FF0000884F8308084F822
:101C4000318084F8328084F8338084F83480C4F89A
:101C50003880C4F83C80C4F84080C4F844802846EA
:101C6000089905F00FFF3046139905F00BFF05208A
:101C700001F0E8FC4FF0010903AFCDE90079002342
:101C8000CDF8089029462046089A06F057FF00280C
:101C90003CD1CDE90079BA460023CDF80890294619
:101CA0002046089A06F04AFF0028F1D19DF80C0062
:101CB0001E28EDD1B62000907E2329462046089AA2
:101CC00007F054FD0028E3D1322001F0BBFC4F4661
:101CD000CDE900A7D1460023029729462046089A5D
:101CE00006F02CFF0028D3D13846CDE90090BA4643
:101CF00002904F46002329462046089A06F01EFF10
:101D0000002803D19DF80C001E2800E07CE07BD168
:101D1000C1467C23CDF8008029462046089A07F06A
:101D200025FD002870D1052001F08CFC4FF0040B3C
:101D30007D23CDF800B029462046089A07F016FD0D
:101D4000002877D1052001F07DFCAB2000904023D6
:101D500029462046089A07F009FD00286AD1D04696
:101D60004123CDF800A029462046089A07F0FEFC42
:101D700000285FD1322001F065FC8DE8800300234C
:101D800031462046139A06F0D9FEE8BB9DF80C00B8
:101D90000F284FD1B6200090142331462046139AC5
:101DA00007F0E4FC80BB322001F04CFC4F460F23CF
:101DB000CDF8009031462046139A07F0D7FC18BBA7
:101DC00002200090102331462046139A07F0CEFCE3
:101DD000D0B91123009731462046139A07F0C6FC6C
:101DE00090B91E2001F02EFC0A20009053232946B2
:101DF0002046089A07F0BAFC30B95823CDF800B055
:101E000029462046089A00E014E007F0AFFC88B9A4
:101E100045461623CDF8008031462046139A07F038
:101E2000A5FC38B91823009531462046139A07F0CF
:101E30009DFC08B10120F4E684F83050204600F003
:101E400011F848B980200090152331462046139A96
:101E500007F08CFC0028EED084F83070EAE7000030
:101E60001C00002010B5044600F00CF818B92046FC
:101E700000F029F808B1012010BD2046BDE810404F
:101E800000F042B810B586B0040014D094F83000C9
:101E900088B194F8310010B1022006B010BD0122C3
:101EA000062103A88DE807002289122320466168D5
:101EB00006F044FE08B10120EFE703A9204606F032
:101EC0006FF80020E9E710B586B0040014D094F84C
:101ED000300088B194F8310010B1022006B010BD76
:101EE0000022062103A88DE80700228A022320464B
:101EF000E16806F023FE08B10120EFE703A92046C0
:101F000006F068F80020E9E71FB5040014D094F843
:101F1000300088B194F8310010B1022004B010BD37
:101F20000122022103A88DE80700228922232046EE
:101F3000616806F003FE08B10120EFE703A920461F
:101F400006F062F80020E9E770B5040027D094F8A5
:101F5000300020B394F8310038B1A06B081A05287E
:101F600003D90321204606F0A3FE94F83400134D54
:101F7000B8B1206802F032F82189606805F082FD6E
:101F8000218AE06805F07EFD0020287084F8310089
:101F900084F8320084F83400E06B401CE0630120D8
:101FA00070BD2878022802D02878042804D1204661
:101FB00005F09EFC0128F3D0002070BD1C0000201D
:101FC0001CB530B190F8301019B190F8341041B907
:101FD00001E001201CBD90F8311011B90B490A78BD
:101FE0000AB102201CBD4860012180F83110002296
:101FF00080F83220022280F833200822CDE9002127
:1020000002891223416806F0B1FF1CBD1C000020AC
:10201000FEE70000014800F078BE0000280500201F
:10202000014800F072BE000028050020014800F0C1
:102030006CBE000028050020014800F066BE0000CC
:1020400050050020014800F060BE0000500500204F
:10205000014800F05ABE00005005002010B50446AB
:1020600001460F4807F0A4F80D482146443007F018
:102070009FF80B4821468C3007F09AF80848214613
:10208000D03007F095F8074890F82110002906D0C5
:10209000416A611A642902D9002180F8211010BD1B
:1020A000640100206802002010B5002809D0EFF379
:1020B000108472B62C220349FEF7ACFA002C00D132
:1020C00062B610BDB402002070B50C462DED028B37
:1020D00082B0060076D0002C74D03D4D2C213D48B6
:1020E000C5E90164FEF7D0FA9FED3B8A0020287015
:1020F000F0EE480AB0EE480A0221384803F0EAF947
:102100003648F0EE480AB0EE480A0321443003F0A6
:10211000E1F93248F0EE480AB0EE480A0221883070
:1021200000F078FB2B48F0EE480AB0EE480A052193
:10213000903803F067F92748F0EE480AB0EE480AF5
:1021400001214C3800F062F940F206200090C31ED5
:10215000021F01900021304605F0A3FB90BB1D48F3
:1021600040F205224C380E210378204603F54073D7
:10217000CDE9002305F095FB20BB304601F05CF86B
:1021800000BB204601F058F8E0B9002205211620D6
:1021900001F030FC162001F020FC00220521422035
:1021A00001F028FC422001F018FC48F6037529468E
:1021B000304600F0EDFB28B92946204600F0E8FB48
:1021C000002800D0012002B0BDEC028B70BD0000E1
:1021D00008000020B402002000000000540100208C
:1021E00008B506F081FD0020034602460146009036
:1021F00005F094FC08BD000030B52DED028BB0EE6B
:10220000408A81B0B5EEC08AF1EE10FA04D8012000
:1022100001B0BDEC028B30BD01F044FBFFF71EFFA7
:1022200000F028F8E8B106F0A5FDB0EE480A104825
:1022300003F094F905460E48B0EE480A443003F026
:102240008DF904460A48B0EE480AD03003F01EF972
:1022500003460020024600902146284605F05EFC19
:10226000D6E701B0BDEC028BBDE83040FFF7B8BF48
:102270005401002000B58BB06846FFF715FF9DF8AC
:102280002A0010B9BDF81E0010B100200BB000BD2F
:102290000120FBE7F0B520482DED028B81B04168AD
:1022A000B0EE408A31B1806820B1B5EEC08AF1EE5F
:1022B00010FA04D8012001B0BDEC028BF0BD01F092
:1022C000F1FAFFF7CBFEB0EE480A144803F046F9E6
:1022D00007461248B0EE480A443003F03FF906467C
:1022E0000E48B0EE480A883000F0F4FA05460B4874
:1022F000B0EE480AD03003F0C9F80446B0EE480A00
:10230000074800F0F5F8009023462A463146384643
:1023100005F004FCCFE70000080000205401002075
:1023200068020020064A92F82630002B06D0936AF5
:10233000C01A884202D9002082F8260070470000A7
:102340002403002070B5050008D0EFF3108472B6A6
:102350002C220549FEF75EF914B102E0002070BDA1
:1023600062B695F8260070BD2403002010B558B160
:10237000064C2C2160600648FEF786F9002020708C
:10238000BDE8104006F024BE012010BD140000205E
:1023900024030020002831D000292FD00378002BFF
:1023A0002CD0082B2AD80B88DFED150A5BBAC3F3B3
:1023B0000C0300EE103A4380B8EE400A20EE200AEB
:1023C000DFED100A20EE200ADFED0F0A80ED010A92
:1023D0004B885BBA1BB200EE103AB8EEC00A80EE32
:1023E000201A80ED021A8B885BBA83838B798377FE
:1023F000C979C1770121426280F82110704700003D
:10240000DB0FC940000000390000C84270B50D461E
:102410002DED028BB0EE608AF0EE408A04001AD0F7
:102420004C21FEF731F9681E072800D82570B7EE59
:10243000001A84ED061AF0EE480AB0EE680ABDEC08
:10244000028B04F128009FED051ABDE87040F0EE04
:10245000411A03F0E1BABDEC028B70BD000080466A
:1024600010B528B122B11BB104780CB1082C01D9E8
:10247000002010BD042C05D840F2FE3414800078F2
:10248000401E04E040F2FE4414800078401F4FF4E8
:102490008042C0B2914202DC5242914200DA1146BF
:1024A0000A0A03F8102003EB40004170012010BD20
:1024B000002800D001827047002801D080ED030A77
:1024C0007047000000280FD010EE101AB1F17E5FA7
:1024D00001DDB7EE000AB5EEC00AF1EE10FA01D246
:1024E0009FED020A80ED060A704700000000000020
:1024F00010B5040004D0B5EEC00AF1EE10FA01D810
:10250000002010BD94F8211004F1280019B12178A1
:1025100009B1082905D903F097FA002084F82000B2
:10252000EEE794F8201011B394ED021AD4ED050AE9
:10253000D4ED061A31EE601A41EE810AC4ED050AA7
:10254000D4ED031AB0EE401AB0EE610A03F0E4F9DC
:1025500094ED100AB4F910104FF48042BDEEC00A99
:10256000014410EE100A904209DD10460AE0D4ED55
:10257000020A0121C4ED050A84F82010E0E70028D2
:1025800000DA0020814200DD01464042814200DA4B
:10259000014608B210BD0000014800F0E1BE000095
:1025A00020070020014800F0DBBE0000800700206B
:1025B000014800F0D5BE0000E0070020014800F00F
:1025C000CFBE000040080020014800F0C9BE000056
:1025D000D0050020014800F0C3BE000030060020F6
:1025E00001681823CAB2103AB2FBF3F2054B6FF33D
:1025F0000901032A9B5CC36500D9091D8165084652
:1026000070470000CCAD000810B5014600208B6972
:102610008A6A4FF0C07453B1B3F5005F15D072B140
:10262000012A0CD0022A0AD0032A09D104E01AB1E7
:10263000012A06D0022A03D1C96AC90100D50120A6
:1026400010BDC96AA142FAD010BD002AF7D0012AF4
:10265000F2D0022AF3D0032AF3D010BD30B50468BB
:10266000256825F480252560046863608368402B15
:10267000036803D099600068C26030BD9A6000684A
:10268000C16030BD4FF000082DED028BA6B045466D
:1026900044464746182118A8FDF7F6FF9FED498AE2
:1026A000494E00BF05F03CFD1C210DA8FDF7ECFFD5
:1026B00001F0F8F801464548FFF746FC0DA918A8B7
:1026C00006F0BAFC814601F0EDF86421FFF72AFE1E
:1026D00001F0E8F8FFF7C2FC02A8FFF733FEE0B311
:1026E0000C98A04252D09DF82D0010B99DF82C00F6
:1026F00090B10024214602A806F028F9BDF80E008A
:1027000005F02AF98146BDF8080005F025F913996E
:1027100024B141F0080103E00124EBE741F010018E
:1027200013915FB354B3C14512D0B9F1000F04DD6A
:102730009DED100A30EE080A04E009DA9DED100A5A
:1027400030EE480A8DED100A139941F00201139101
:10275000A84213D0002806DD00E017E09DED110A25
:1027600030EE080A04E009DA9DED110A30EE480A5D
:102770008DED110A139941F0040113912746C846C3
:1027800005460C9C01F08EF8129002E0B9F1000FA2
:1027900014D00DF1340900231A464946306805F07B
:1027A000DFFA58B100231A461EA9306805F07AFAFC
:1027B00000231A464946306805F0D2FA012005F098
:1027C00017FA6FE7920A063F640000200C01002010
:1027D000704700280FD000290DD00B885BBA03800A
:1027E0004B885BBA43808B885BBA8380897981711F
:1027F0000121826001737047012000F049BF202051
:1028000000F046BF72B6FEE7002802D01430FFF792
:10281000E0BF704770B50D462DED028BB0EE608ABB
:10282000F0EE408A040017D04821FDF72DFF2570F7
:10283000B7EE000A84ED040AF0EE480AB0EE680A2A
:10284000BDEC028B04F124009FED051ABDE8704039
:10285000F0EE411A03F0E0B8BDEC028B70BD000051
:102860000060EA46002801D080ED010A70470000B0
:1028700000280FD010EE101AB1F17E5F01DDB7EE27
:10288000000AB5EEC00AF1EE10FA01D29FED020A7D
:1028900080ED040A7047000000000000002810D0FE
:1028A00010EE101A074B084A994202DD9FED070A05
:1028B00005E010EE101A914201D99FED050A80ED56
:1028C000020A70470060EA460060EAC60060EA4615
:1028D0000060EAC610B5B0EE401A040029D094F8A2
:1028E000200030B3B4F91600D4ED030A00EE100A4C
:1028F000D4ED041A04F12400B8EEC00A30EE600AE8
:1029000041EE800AC4ED030A94ED010A03F004F8D5
:1029100000EE100AD4ED020A0D4AB8EEC00A0D49C5
:1029200030EE200A10EE100A904204DD9FED0A0AF4
:1029300007E0002010BD10EE100A884201D99FED7B
:10294000070ABDEEC00A10EE100A00B210BD00006A
:102950000060EA460060EAC60060EA460060EAC637
:1029600070B5EFF31084142801DD142004E06FF03B
:102970001301884200DA084672B6044D288000F040
:1029800091FF6860002C00D162B670BD3400002059
:1029900090F82020012A07D0022A05D0416A41F48C
:1029A0008021416201207047006842690A43426108
:1029B00000207047F0B590F820500468A468012DFD
:1029C00005D0022D03D0416A41F4802157E014F074
:1029D000406F01D1E5004FD5C4F301640125A54046
:1029E0001D608D684FF4C0739DB1CE6835434E684D
:1029F00045EAC605066803EB0417F5514FF4C275A6
:102A0000076805EB04150E697E51097D012905D083
:102A100009E00E88CD6845EA4655EBE701684E5956
:102A200046F480764E511179D579567941EA05619F
:102A300095792D0445EA062529434FF4C6760568A5
:102A400006EB0416A9511178D57841EA056195780D
:102A500052782D0445EA022211434FF4C4750268EE
:102A600005EB04155151006803EB0411425842F084
:102A7000010242500020F0BD416A41F40011416260
:102A80000120F0BD10B590F82020012A07D0022ABD
:102A900005D0416A41F480214162012010BD3B48CC
:102AA000D0F8002242F00102C0F80022D0F8002243
:102AB00022F47C52C0F80022D0F800224B6A42EA8D
:102AC0000322C0F800220A7D02F01F0301229A406F
:102AD000D0F81C329343C0F81C32CB69B3B9D0F89C
:102AE0000C329343C0F80C328C894B6864F31F435B
:102AF0004C6900EBC404C4F840320C890B6864F3E1
:102B00001F434C6900EBC404C4F84432CB69012B69
:102B100016D1D0F80C321343C0F80C320C884B6835
:102B200064F31F434C6900EBC404C4F840320C89C1
:102B3000CB6864F31F434C6900EBC404C4F844320F
:102B40008B69002BD0F804320ED01343C0F8043246
:102B50000B69002BD0F8143208D01343C0F814329C
:102B6000096A012904D008E09343EFE79343F5E7AE
:102B7000D0F81C121143C0F81C12D0F8001221F03A
:102B80000101C0F80012002010BD000000640040E8
:102B90000A4910B54A68904202D0896888420BD130
:102BA00000F010F8EFF3108072B605494A68521C25
:102BB0004A60002800D162B610BD00000800002065
:102BC000B4020020406A70470246002092F820308C
:102BD000012B01D0022B05D1106821B1D0F81000D3
:102BE00000F003007047C068FAE770B590F8204025
:102BF000012C05D0022C03D0416A41F4802128E049
:102C0000046809B32469A40720D04FF4D874056878
:102C100004EB01142D5915F00405956005682D5934
:102C20001AD0ED08556005682C5904F00204D460F0
:102C30004FF4DA74056804EB01142E5906F00F0600
:102C4000082E0CD308250DE0E468DCE7416A41F466
:102C500000114162012070BD6D0D1560E3E72D5933
:102C600005F00F05156105682D59C5F30725956118
:102C700005682C59240C54614FF4DC72046802EB93
:102C80000112A4581C700468A458240A5C700468DB
:102C9000A458240C9C700468A258120EDA704FF4E9
:102CA000DE72046802EB0112A4581C710468A45877
:102CB000240A5C710468A458240C9C710468A2580E
:102CC000120EDA71006829B1016941F02001016139
:102CD000002070BDC16841F02001C160F8E70246E4
:102CE000002092F82010012901D002290CD111688E
:102CF0008A68520100D501208A68120100D5401C63
:102D00008968C90000D5401C70472DE9F05F054671
:102D1000006800244669D0F804908768D0F80CB0A9
:102D2000D0F810A0D0F81880F10748D0F90714D0D7
:102D300001218160B80703D5284600F0AAFA0CE00B
:102D4000780702D54FF4006407E0380702D54FF446
:102D5000805402E0284600F09BFAF80516D5296851
:102D60004FF480708860B80503D5284600F094FAC7
:102D70000CE0780502D544F4005407E0380502D58C
:102D800044F4804402E0284600F085FAF80316D5A2
:102D900029684FF480308860B80303D5284600F0D6
:102DA0007EFA0CE0780302D544F4004407E03803CF
:102DB00002D544F4803402E0284600F06FFA300770
:102DC00007D55FEACB6004D52968102044F400746D
:102DD000C86070074FF0080707D55FEA0B7004D58D
:102DE0002868C760284600F0ABF9B00706D5286808
:102DF000C068800702D0284600F0A4F9700607D505
:102E00005FEACA6004D52968102044F48064086130
:102E1000B00607D55FEA0A7004D52868076128461E
:102E200000F006FAF00606D528680069800702D08F
:102E3000284600F0FEF9B00308D55FEAC96005D561
:102E4000296810204860284600F0F4F9F00307D5FF
:102E50005FEA097004D528684760284600F021FA27
:102E6000300446D55FEA497040D5F00504D55FEAE5
:102E7000C87001D044F00104B00504D55FEA887041
:102E800001D544F00204700504D55FEA487001D50D
:102E900044F00404300529D518F0700F26D008F04E
:102EA0007000402815D006DC102809D020280AD050
:102EB000302816D10AE050280ED0602811D10EE03B
:102EC00044F008040DE044F010040AE044F020044B
:102ED00007E044F0400404E044F0800401E044F4DE
:102EE00080742868816921F070018161296804205B
:102EF0004860002C05D0686A204368622846FFF7C6
:102F000047FEBDE8F09F70B5040003D094F82000A0
:102F100010B104E0012070BD204600F081F8206867
:102F2000016841F00101016000F0BCFC0546052686
:102F300004E000F0B7FC401B0A2811D82068406864
:102F4000C007F6D02068016821F00201016000F09E
:102F5000A9FC05460BE000F0A5FC401B0A2806D999
:102F6000606A40F40030606284F82060D2E7206834
:102F700040688007EFD4207E0128206801683DD09A
:102F800021F080010160607E01282068016838D04E
:102F900021F040010160A07E01282068016833D043
:102FA00021F020010160E07E0128206801682ED018
:102FB00041F010010160207F01282068016829D0BC
:102FC00021F008010160607F01282068016824D099
:102FD00021F004010160D4E902010843D4E904129C
:102FE000114308436168491E08432168C8610020F5
:102FF0006062012084F82000002070BD41F0800153
:10300000C0E741F04001C5E741F02001CAE721F0E7
:103010001001CFE741F00801D4E741F00401D9E7FE
:10302000F0B587B0044614216846FDF72DFB3F4BF1
:103030003F48DFF8F4E01968D4F800C03C4A0225A4
:103040000326092710300024491CF4452CD11960AF
:10305000012907D1016841F000710160006800F0AA
:1030600000700590106840F001001060106802AB1D
:1030700000F0010005904FF4C050CDE9000583E851
:10308000D00069462B4800F00FFB002205211320D9
:1030900000F0B0FC132000F0A0FC00220521142059
:1030A00000F0A8FC14203BE0DFF88CE0F44539D1B7
:1030B000D0F800C04CF0806CC0F800C0D0F800C060
:1030C00001290CF0806CCDF814C0196007D101689B
:1030D00041F000710160006800F000700590106818
:1030E00040F002001060106802AB00F00200059092
:1030F0004FF44050CDE9000583E8D00069460F4801
:1031000000F0D2FA002205213F2000F073FC3F209E
:1031100000F063FC00220521402000F06BFC402001
:1031200000F05BFC07B0F0BD0064004078000020B8
:1031300030380240000002400068004000040240B5
:1031400070470000F0B589B0074600F0ABFB0646BB
:10315000344D354C5EE007AB6A4600213846FFF738
:1031600044FD00285CD1029828BB039818BB68680E
:10317000874228D10098A0F50071023902D1049944
:1031800008290ED0A0F50071033902D1049908294D
:103190000BD0A0F5007106393CD10498082839D12C
:1031A0000AE0324607A9214803E02048324607A931
:1031B000443002F089F92DE01C48324607A98830D6
:1031C000FFF722FB26E0A868874223D10098A0835E
:1031D000A0F50071053902D1049908290AD01249D5
:1031E0004C39097801F54071884213D104980828B8
:1031F00010D106E00C48324607A9903802F0FCF8DE
:1032000008E00948324607A94C38FFF7C3F8A06820
:10321000401CA06000213846FFF7D6FC00289AD158
:1032200009B0F0BD08000020B402002054010020C5
:10323000704770477047000070B5044690F8200052
:10324000012804D0606A40F40020606218E0022087
:1032500084F820002068016821F00101016000F07D
:1032600021FB05460EE000BF00F01CFB401B0A28B6
:1032700008D9606A40F400306062052084F82000BC
:10328000012070BD20684068C007EDD1606270BD4C
:10329000704705F093BC704705F090BC704705F08F
:1032A0008DBC70472DE9F0410446876D00F0FAFAB5
:1032B000064694F835000025022806D08020606577
:1032C00084F834500120BDE8F0812068016821F0C5
:1032D000160101602068416921F080014161206C84
:1032E00008B9A06C20B12068016821F008010160D4
:1032F0002068016821F0010101600CE000F0D2FAC1
:10330000801B052807D920206065032084F835003C
:1033100084F83450D7E720680068C007EED194F8ED
:103320005C103F208840B860012084F8350084F8A4
:1033300034500020C7E790F83510022903D08021CF
:10334000416501207047052180F83510006801684B
:1033500021F00101016000207047406D70470000BE
:103360002DE9F84304464FF00009CDF8009063487A
:103370004FF41651A56D0068B0FBF1F72E6894F874
:103380005C10082000FA01F131420FD021680A6870
:1033900052070BD50A6822F004020A6094F85C1008
:1033A0008840A860606D40F00100606594F85C1092
:1033B0004FF0010808FA01F0304208D0216849694D
:1033C000090604D5A860606D40F00200606594F8BD
:1033D0005C1004208840304208D0216809688907C1
:1033E00004D5A860606D40F00400606594F85C103E
:1033F00010208840304218D021680968090714D588
:10340000A86020680168490304D50068000308D556
:10341000A16C07E00168C90503D4016821F0080127
:103420000160216C09B12046884794F85C10202087
:103430008840304231D021680968C9062DD5A8607E
:1034400094F8350005282068016806D0490347D55F
:10345000006800031DD4616C1CE021F016010160BE
:103460002068416921F080014161206C08B9A06C9D
:1034700020B12068016821F00801016094F85C1017
:103480003F208840A86084F8358084F83490216D0E
:103490001FE0E16B09B120468847606D00282BD002
:1034A000606DC00714D0052084F8350020680168DD
:1034B00021F0010101600098401C0090B84203D83F
:1034C00020680068C007F6D184F8358084F834900D
:1034D000E16C002910D001B02046BDE8F043084758
:1034E0000168C905D5D4016821F01001016084F894
:1034F000358084F83490CCE7BDE8F883880000205C
:103500002DE9F041044600F0CDF906465CB10220F9
:1035100084F83500002584F834502068016821F0D3
:10352000010101600DE00120BDE8F08100F0BAF971
:10353000801B052805D920206065032084F835000C
:10354000F2E720680068C007F0D1226811682048BF
:103550000140D4E901031843D4E903363343184347
:1035600063691843A3691843E3691843236A18433E
:103570000843616A042903D1D4E90B1319430843B2
:10358000106020684069666A20F0070130460E43EB
:10359000012704280CD1A06A0643E06A40B1204606
:1035A000FFF732F820B14020606584F83570BAE743
:1035B000206846612046FFF713F894F85C203F210D
:1035C00091408160656584F835700020ACE70000AB
:1035D0003F8010F02DE9F0410446866D90F83400EC
:1035E000002501280DD0012084F8340094F83570AE
:1035F0000020012F07D084F8340002252846BDE8BA
:10360000F0810220FBE7022784F8357060652046D0
:10361000FFF724F894F85C103F208840B0602068E1
:10362000016841F016010160206C20B1206801683A
:1036300041F0080101602068016841F0010101606A
:10364000DCE7000070B5044600F02CF90546601C6C
:1036500002D004480078044400F024F9401BA04242
:10366000FAD370BD7C0000200749202805D001282E
:1036700002D14868401C486070470868401C0860D8
:103680000248FEF79DBC0000000000200C01002055
:10369000044910B50A68024202D00860FFF7E4FF4F
:1036A00010BD0000143C01402DE9F84FDFF8BCA12B
:1036B0000022012503264FF00F090AF1040BAAF19D
:1036C000040E00BF0B6805FA02F42340A34270D138
:1036D0000F7907F00307012F01D0022F16D1876859
:1036E0004FEA420806FA08FC27EA0C07D1F80CC09A
:1036F0000CFA08FC4CEA070CC0F808C04768A7435E
:103700000C79C4F3001494403C4344600C79E443C6
:10371000A4070AD0C4684FEA420C06FA0CF7BC436F
:103720008F6807FA0CF72743C7600C7904F003048D
:10373000022C12D1D40800EB840CDCF8204057078F
:10374000FF0E09FA07F824EA0804D1F8108008FAF5
:1037500007F848EA0408CCF8208004684FEA420CD5
:1037600006FA0CF7BC430F7907F0030707FA0CF7CA
:10377000274307604C6814F4403F70D03C4C2768E6
:1037800047F480472760246822F0030704F480444C
:103790000094384C07EB040CDCF8084897074FEA14
:1037A000177809FA08F7BC43334FB84202D1002713
:1037B00024E054E0314FB84201D101271EE0304FE0
:1037C000B84201D1022719E02E4FB84201D1032798
:1037D00014E02D4FB84201D104270FE02B4FB8421F
:1037E00001D105270AE02A4FB84201D1062705E09A
:1037F000284FB84201D1072700E0082707FA08F749
:103800002743CCF80878DAF800405746D1F804C0CE
:103810009C435FEACC2C00D51C433C60DBF80040A5
:103820005F46D1F804C09C435FEA8C2C00D51C4352
:103830003C60DEF800407746D1F804C09C435FEA64
:103840008C3C00D51C433C60084F083F3C68D1F8D5
:1038500004C09C435FEACC3C00D51C433C60521C36
:10386000102AFFF42FAFBDE8F88F0000083C01409C
:103870004438024000300140000002400004024091
:1038800000080240000C02400010024000140240F8
:1038900000180240001C02400AB18161704709040F
:1038A000FBE7000001488068704700007C000020B2
:1038B0000248816802781144816070477C000020D2
:1038C0000B4810B5016841F400710160016841F4D2
:1038D00080610160016841F480710160032000F0A3
:1038E000A9F80F2000F006F800F04AF8002010BDFB
:1038F000003C024030B505461C4887B000240168F2
:1039000041F001010160006806A900F0010000908B
:1039100001A800F03BF900F069F915494000B0FB3F
:10392000F1F11548134A491E026040F2E732C0E93E
:103930000324C0E90114846100F0E1FF040012D106
:103940000D4801F00BF804000DD1192000F045F8E6
:10395000102D07D200222946192000F04BF8074805
:10396000056000E0012407B0204630BD4438024025
:1039700040420F0000000140A0080020800000200D
:103980000C4882B0016841F480410160006800F495
:10399000804000900748001F016841F0805101609D
:1039A0000068002200F0805000900F21901E02B0AD
:1039B00000F020B84438024000280DDB00F01F0260
:1039C000012191404009800000F1E020C0F8801101
:1039D000BFF34F8FBFF36F8F7047002809DB00F0F4
:1039E0001F02012191404009800000F1E020C0F851
:1039F00000117047F0B40E4B1B680C46C3F3022352
:103A0000C3F10705042D00D90425191D072901D28A
:103A1000002300E0DB1E012606FA05F1491E2140C5
:103A200099409E40761E16403143F0BC03F0ECBA3C
:103A30000CED00E0064900F0070208684FF6FF03AE
:103A4000184040EA0220034A104308607047000013
:103A50000CED00E00000FA052DE9F0470E460500E8
:103A600065D0DFF81481D8F80000F7B200F0070045
:103A7000B04207D288F80070D8F8000000F00700C4
:103A8000B04254D128683D4C810712D5400703D578
:103A9000206840F4E05020602878000703D52068B3
:103AA00040F4604020602068A96820F0F0000843DE
:103AB00020602878C0072DD030496868083901286F
:103AC00012D0022813D0032811D0096889070029D1
:103AD0002DDA216821F0030101432160FFF7E2FEA6
:103AE000814641F2883A0EE009688903EFE70968E8
:103AF0008901ECE7FFF7D6FEA0EB0901514502D999
:103B00000320BDE8F0872068696800F00C00B0EB86
:103B1000810FEFD1D8F80010404601F00701B14203
:103B200007D90770006800F00700B04201D00120FB
:103B3000E7E72878400705D52068E96820F4E050D9
:103B4000084320602878000706D52068296920F4FA
:103B5000604040EAC100206000F058F82168084A3F
:103B6000C1F30311515CC84006490860064800686B
:103B7000FFF7C0FE0020C4E7003C024008380240C6
:103B8000D4AD000888000020800000200F220260D1
:103B90000C4A136803F003034360136803F0F00357
:103BA0008360136803F4E053C36012684FF4E0537A
:103BB00003EAD20202610448006800F007000860CE
:103BC0007047000008380240003C024004480549A4
:103BD00000680968044AC1F38221515CC8407047FB
:103BE0008800002008380240E4AD00080448054978
:103BF00000680968044AC1F34231515CC84070470B
:103C00008800002008380240E4AD0008154810B5CF
:103C1000006810F00C02144813D01449042A0FD085
:103C2000082A0ED10F4C241F2268236802F03F029D
:103C30005B0207D52068C0F38810A0FB010106E0F5
:103C4000084610BD2168C1F38811A1FB00010023C3
:103C5000FCF778FB2168C1F30141491C4900B0FB26
:103C6000F1F010BD083802400024F40040787D01D6
:103C70002DE9F84F04006ED02078DFF84C93C00790
:103C8000A9F104054AD009F104000168C1F38101DA
:103C9000012908D00068C0F3810002280AD1D9F8B0
:103CA0000000400206D52868800337D560680028E8
:103CB000E1D033E06068B0F5803F10D0B0F5A02FC0
:103CC000286810D020F480302860286820F48020F4
:103CD00028606068A8B1FFF7E5FD06460DE028689A
:103CE00040F48030F4E740F480202860F7E700BF1C
:103CF000FFF7D8FD801B642873D828688003F7D5A8
:103D00000CE0FFF7CFFD064605E000BFFFF7CAFD58
:103D1000801B6428F0D828688003F7D42078DFF867
:103D2000AC8280074FF0000A3ED5A748001D01680D
:103D300011F00C0F08D00068C0F3810002280BD1ED
:103D4000D9F80000400207D42868800716D5E0683B
:103D5000012800D112E033E1E068B8B10120C8F8D1
:103D60000000FFF79FFD064605E000BFFFF79AFD44
:103D7000801B0228C0D828688007F7D528682169E9
:103D800020F0F80040EAC10028600DE0C8F800A06B
:103D9000FFF788FD064604E0FFF784FD801B02283C
:103DA0001FD828688007F7D42078000722D5864FCF
:103DB00087486169703771B101210160FFF772FDB9
:103DC000064604E0FFF76EFD801B022809D838681C
:103DD0008007F7D50EE0C0F800A0FFF763FD0646A8
:103DE00005E082E0FFF75EFD801B02287DD8386881
:103DF0008007F7D42078400768D5DFF8CCB10027DA
:103E00000BF13C0BDBF80000C0000BD4DBF800101A
:103E100041F08051CBF80010DBF80000012700F0E2
:103E2000805000906B4E3068C00510D4306840F46C
:103E300080703060FFF736FD009005E0FFF732FD3F
:103E40000099401A022850D83068C005F6D55E4E59
:103E5000A0686C3601280FD00528306810D020F0FB
:103E600001003060306820F004003060A068B8B114
:103E7000FFF718FD00900FE0306840F00100F4E714
:103E800040F004003060F7E7FFF70CFD0099411A9D
:103E900041F28830814266D830688007F4D50EE060
:103EA000FFF700FD009007E0FFF7FCFC0099411AC6
:103EB00041F28830814256D830688007F4D42FB15F
:103EC000DBF8001021F08051CBF80010A069C8B3D6
:103ED0003D49091D0968C1F3810102294AD0022820
:103EE000504607D0C8F8600000E03CE0FFF7DAFC7D
:103EF00004463BE04746C8F86000FFF7D3FC06469F
:103F000005E000BFFFF7CEFC801B02282BD82868F5
:103F10008001F7D4D4E907010843A16A2E4A490871
:103F200002EB0141626A41EA8211084394F82C10C5
:103F300040EA0161C9F8001001203866FFF7B2FCC1
:103F4000044606E03EE000BFFFF7ACFC001B022881
:103F500009D828688001F7D534E000BFFFF7A2FC3C
:103F6000001B022802D90320BDE8F88F28688001D1
:103F7000F4D427E00128F7D0D9F80000E26900F472
:103F8000800191421CD1226A00F03F01914217D179
:103F900047F6C071626A0140B1EB821F10D1A26A7C
:103FA0004FF0FF3300F4403103EB5202B1EB024F0C
:103FB00006D194F82C1000F07060B0EB016F01D0C6
:103FC0000120D1E70020CFE704380240000047423B
:103FD000800E4742007000400000FFFF2DE9FC41C9
:103FE0000446444845F6C05100260068B0FBF1F095
:103FF00064214843019000902068416821F020012D
:1040000041602068416809060CD53B49616400990C
:1040100000295DD0491E009194F851100729F6D16E
:1040200001990091416849060BD5344921640099F2
:10403000F1B3491E009194F851100729F7D1019965
:10404000009140684FF0400780074FF0000514D5FD
:10405000A06C90B10565A06CFFF724F900B167650D
:104060002068416821F0020141602068009971B325
:10407000491E009181688907F8D520684068C0070B
:1040800011D0E06C78B10565E06CFFF70BF900B179
:1040900067652068016821F040010160206841687F
:1040A00021F001014160E587E586606D402800E070
:1040B00013E01CD065652068C16881680091806844
:1040C0000090012084F851003046BDE8FC8109E0F1
:1040D000616D41F040016165A2E7616D41F0400111
:1040E0006165ACE7606D40F040006065C5E70126A2
:1040F000E1E70000880000203D640008E563000857
:10410000014605484068002805D002688A4202D16D
:10411000012104F0CDBD70471C00002070B50400E3
:1041200009D0606A002540B125616561A56294F8F7
:10413000510040B10CE0012070BD6068B0F5827F95
:10414000F4D0E561F2E784F85050204600F044F8DE
:10415000022084F851002068016821F040010160CC
:10416000A088218900F4827001F404410843A189E8
:1041700001F400610843217C01F002010843217D24
:1041800001F001010843218B01F400710843217FF4
:1041900001F03801084394F8201001F08001084331
:1041A000218D01F40051084321680860A0690421B1
:1041B00001EA104094F8241001F01001084321682E
:1041C00048602068C16921F40061C1616565012012
:1041D00084F85100002070BD2DE9F04186B00646FC
:1041E00014216846FCF750FA2B493068884250D1B8
:1041F0002A480024016841F480510160006800F4FD
:104200008050059025481438016841F00101016093
:104210000068694600F001000590E020009002204F
:10422000CDE9010403200390052004901C48FFF70A
:104230003BFA1D4D1B484FF0C0672860C5E901746B
:104240004FF48068C5E903486C61AC61EC612C6295
:1042500028466C62FFF754F908B1FEF7D3FAF5640B
:10426000AE63114D0F4860354830E5E80207402045
:10427000A5E811010C4845F814496030AC61EC61C7
:104280002C626C62FFF73CF908B1FEF7BBFAB5642B
:10429000AE6306B0BDE8F081003001404438024012
:1042A0000000024010640240D00500202DE9F84FC4
:1042B000044690F851001D4616460F46012838D195
:1042C000002F77D0002E75D060684FF00408B0F54D
:1042D000827F01D1A06810B3FFF7E4FA824694F818
:1042E0005000012825D04FF0010984F8509084F83F
:1042F00051804FF00008C4F85480A763A687E68772
:10430000C4F83080A4F83480A4F83680C4F8408023
:10431000C4F84480A068B0F5004F0CD015E084F8D4
:104320005180009313460A46204600F01EF9BDE86E
:10433000F88F0220FBE72068016821F0400101604E
:104340002068016821F48041016020680168490605
:1043500003D4016841F040010160E068C0B134E07D
:1043600020688168C90709D0007BA16B0870A06B29
:10437000401CA063E08F401EE08709E0FFF792FA3F
:10438000A0EB0A00A84202D3681C01D032E085B33A
:10439000E08F0028E4D11BE020688168C9070AD0BB
:1043A000C068A16B0880A06B801CA063E08F401EDA
:1043B000E0870AE01BE0FFF775FAA0EB0A00A842CD
:1043C00002D3681C01D015E09DB1E08F0028E3D135
:1043D00052462946204602F0BCF808B1202060650C
:1043E00084F8519084F85080606D00289FD001209F
:1043F0009DE7FFE784F8519084F85080032096E70A
:10440000704770472DE9F84F984616468A4604468D
:10441000FFF748FA814694F8510001281ED1BAF1FD
:10442000000F73D0002E71D094F85000012815D0E1
:10443000012784F85070032084F851000025656539
:10444000C4F830A0A686E686A563A587E5876564DF
:104450002564A068B0F5004F03D00CE00220BDE851
:10446000F88F2068016821F0400101602068016830
:1044700041F48041016020680168490603D4016865
:1044800041F040010160E068B0F5006F606803D062
:1044900048B3012E27D047E008B1012E1FD1206B71
:1044A00021680088C86006E020688168890709D50E
:1044B000216B0988C160206B801C2063E08E401E48
:1044C000E0860CE0FFF7EEF9A0EB0901414503D3CC
:1044D000B8F1FF3F03D035E0B8F1000F32D0E08EE5
:1044E0000028E1D123E0206B21680078087306E002
:1044F0002068816889070AD5216B09780173206BD0
:10450000401C2063E08E401EE0860DE02BE0FFF7AC
:10451000C9F9A0EB0901414503D3B8F1FF3F03D02E
:1045200010E0B8F1000F0DD0E08E0028E0D14A462F
:104530004146204602F03CF808B120206065A068A2
:1045400030B109E084F8517084F85050032086E7B8
:104550002068C1688068009084F8517004F8505F4A
:1045600060680028F3D0012079E72DE9FF4F81B082
:104570001D46934604464FF001090E9EFFF792F93F
:10458000074694F851006168012806D0B1F5827F92
:104590003CD1A168C9BB042838D10298002871D049
:1045A000BBF1000FFBD0002DF9D094F8500001288A
:1045B0002CD04FF0010A84F850A094F85100042840
:1045C00002D0052084F851004FF00008C4F8548050
:1045D000C4F838B0E587A58702992163E586A586EA
:1045E000C4F84080C4F8448020680168490603D4B8
:1045F000016841F040010160E068B0F5006F60685B
:1046000008D0F0B3012D49D081E0FFE7022005B0CA
:10461000BDE8F08F08B1012D39D1206B21680088E9
:10462000C860206B801C2063E08E401EE0862EE078
:104630002068816889070FD5E18E69B1B9F1010F52
:104640000AD1216B0988C160206B801C2063E08E39
:10465000401EE0864FF0000920688168C9070CD031
:10466000E18F51B1C068A16B0880A06B801CA06372
:10467000E08F401EE0874FF00109FFF713F9C01BE0
:1046800001E00BE067E0B04201D3701C50D1E08E36
:104690000028CDD1E08F0028CAD13EE0206B2168F0
:1046A00000780873206B401C2063E08E401EE0867B
:1046B0002DE02068816889070FD5E18E69B1B9F1D5
:1046C000010F0AD1216B09780173206B401C206314
:1046D000E08E401EE0864FF0000920688168C9071F
:1046E0000CD0E18F51B1C068A16B0870A06B401C69
:1046F000A063E08F401EE0874FF00109FFF7D2F87A
:10470000C01BB04202D3701C01D011E086B1E08E14
:104710000028CED1E08F0028CBD13A463146204642
:1047200001F046FF50B12020606584F8508012E00F
:1047300084F851A084F85080032068E7A06818B975
:104740002068C1688068009084F851A084F8508087
:10475000606D0028F1D0012059E7000070B50446D3
:1047600090F851006568012806D0B5F5827F3AD1EE
:10477000A568A5BB042836D191B38AB383B394F856
:10478000500001282FD0012084F8500094F85100E7
:10479000042802D0052084F85100002565652163B6
:1047A000A386E386A263A387E3872564656494F800
:1047B0005100042819D0E16C274808642748E16CAF
:1047C000C863E16C2648C864E06C0565E38F216826
:1047D000A26B0C31E06CFEF7FDFE00BB0AE002E0CC
:1047E000FFE7012070BD022070BDE16C1D48086428
:1047F0001D48E4E72068416841F001014160A06C78
:104800000564A06CC563A06CC564A06C0565E38EEF
:104810002268216B0C32A06CFEF7DCFE30B1606DBB
:1048200040F01000606584F85050DAE720680168B5
:10483000490603D4016841F04001016084F85050FA
:104840002068416841F0200141602068416841F0E2
:1048500002014160002070BD85640008F964000811
:10486000596400087B6400088F64000870B5214C0F
:104870006268002A24D01168814221D1207804F195
:10488000100501281DD0032825D0052818D111892D
:10489000506803F0F7F8A91C606803F0B5FB002529
:1048A0002570606880F83350FEF7FCFF616808648B
:1048B000486C401C486481F83150012081F8320076
:1048C00070BD1189506803F0DDF8A91C606803F021
:1048D00067FB022008E0118AD06803F0D3F8691C56
:1048E000606803F077FB042020706068BDE87040CA
:1048F00002F0FEBF1C00002070477047704710B5E3
:10490000040003D094F83D0010B107E0012010BD71
:10491000002084F83C00204600F01EF8022084F8B5
:104920003D00211D206801F041FF012084F8460070
:1049300084F83E0084F83F0084F8400084F8410089
:1049400084F8420084F8430084F8440084F8450069
:1049500084F83D00002010BD7047000090F83D1025
:10496000012901D001207047022180F83D10016823
:10497000CA6842F00102CA6000681149884214D036
:10498000B0F1804F11D00F4988420ED00E498842B5
:104990000BD00E49884208D00D49884205D00D49F8
:1049A000884202D00C49884204D1816801F0070195
:1049B000062903D0016841F0010101600020704721
:1049C000000001400004004000080040000C0040CE
:1049D00000040140004001400018004070472DE9EC
:1049E000F04104460068C66805694FF00007A90752
:1049F00013D5B10711D5F91E016101202077206878
:104A000080698007204602D0FFF7E8FF04E000F04D
:104A10007EF8204600F07CF82777680716D57007E7
:104A200014D521686FF00400086102202077206807
:104A3000806910F4407F204602D0FFF7CFFF04E0EA
:104A400000F065F8204600F063F82777280715D5B1
:104A5000300713D521686FF0080008610420207723
:104A60002068C0698007204602D0FFF7B7FF04E046
:104A700000F04DF8204600F04BF82777E80616D5F1
:104A8000F00614D521686FF0100008610820207727
:104A90002068C06910F4407F204602D0FFF79EFFD7
:104AA00004E000F034F8204600F032F82777E807F9
:104AB00008D0F00706D021686FF001000861204699
:104AC00000F028F8280608D5300606D521686FF0D2
:104AD000800008612046FFF710FF680608D57006C1
:104AE00006D521686FF040000861204600F01CF8F0
:104AF000A8060AD5B00608D521686FF02000086125
:104B00002046BDE8F041FFF7F9BEBDE8F0817047EF
:104B10007047000000680349884201D1FEF7C8BE13
:104B20007047000000000140704738B5044690F817
:104B30004200202801D0022038BD51B14AB10120E5
:104B4000206300206063204602F05EF8216B01299B
:104B500001D0012038BD21680A68496800912168A8
:104B60000C3151E8002F42F0100241E80023002BE5
:104B7000F5D138BD2DE9F047134C0E4661688842E7
:104B800004D03146BDE8F04702F006B90F4F0025CA
:104B900007F13208A94610E02078795D08F8001086
:104BA000401CC0B22070122805D30848323002F0F1
:104BB000E5FE84F800906D1CADB2B542ECD3BDE8C3
:104BC000F04704F005BA000014000020E0020020C5
:104BD00070B5044620680C3050E8001F21F4907135
:104BE00040E80012002AF5D12068143050E8001F78
:104BF00021F0010140E80012002AF5D1206B0128C4
:104C000009D120680C3050E8001F21F0100140E865
:104C10000012002AF5D1206840694FF000054006D7
:104C200015D52068143050E8001F21F0400140E8FD
:104C30000012002AF5D1E06B48B10565E06BFEF784
:104C400031FB20B1E06BFEF788FB202806D0E5851C
:104C5000202084F842002563002070BD102060648D
:104C6000032070BD084910B54A68904203D0BDE8E2
:104C7000104002F081B800220A70FFF7A9FFBDE8DA
:104C8000104004F0A5B9000014000020F8B5016838
:104C900004460868CA684B6910F00F0F4FF0000512
:104CA00059D003F0010602F49077374365D0C1076D
:104CB00005D0D10503D5616C41F001016164410764
:104CC00005D5D90703D0616C41F002016164810709
:104CD00005D5D90703D0616C41F004016164010777
:104CE00007D502F02001314303D0616C41F0080187
:104CF0006164616C00293AD0800604D5900602D523
:104D0000204601F09AFE20684069616CC0F3801073
:104D1000090700D460B3204601F05AFE20684069BC
:104D2000400621D52068143050E8001F21F04001D2
:104D300040E80012002AF5D1E06BA8B17249016584
:104D4000E06BFEF7F8FA002811D0E06B016D01B0BE
:104D5000BDE8F040084783060FD593060DD52046E1
:104D6000BDE8F84001F069BE2046FFF77BFFF8BDC3
:104D70002046FFF777FF6564F8BD266B2023012EE0
:104D80007ED1C6067CD5D6067AD5086848680090DC
:104D900048694FF0020640064DD5E26B1068406846
:104DA0004FF480770004000C3AD0A18D814237D9AE
:104DB000E085D069B8422DD020680C3050E8001F43
:104DC00021F4807140E80012002AF5D120681430E7
:104DD00050E8001F21F0010140E80012002AF5D13F
:104DE0002068143050E8001F21F0400140E8001214
:104DF000002AF5D184F84230256320680C3050E851
:104E0000001F21F0100140E80012002AF5D1E06BEC
:104E1000FEF748FA6663A08DE18D401A81B206E084
:104E2000A18D8142A8D1D069B842A5D16663204640
:104E3000FFF7A0FEF8BDA08DE18D401A81B2E08D94
:104E40000028F7D00029F5D020680C3050E8002F5A
:104E500022F4907240E80027002FF5D1206814302A
:104E600050E8002F22F0010240E80027002FF5D182
:104E700084F84230256320680C3050E8002F00E0B1
:104E800006E022F0100240E80023002BF3D1CDE72A
:104E900005062BD5150629D594F841002128C9D13E
:104EA000A068B0F5805F01D12069B0B1206A411CD3
:104EB0002162216800784860E08C401E0004000CEC
:104EC000E084B7D12068C16821F08001C16020680A
:104ED000C16841F04001C160F8BD206A0088C0F39C
:104EE00008004860206A801C2062E5E74006F3D590
:104EF0005006F1D5CA68204622F04002CA6084F804
:104F0000413000F041F9F8BD8968000870B504002F
:104F100004D094F84100002510B106E0012070BDD6
:104F200084F84050204600F023F8242084F8410003
:104F30002068C16821F40051C160204601F0DEFD07
:104F40002068016921F4904101612068416921F0E4
:104F50002A0141612068C16841F40051C160656463
:104F6000202084F8410084F842006563002070BD71
:104F70002DE9F04786B0044614216846FBF784FB10
:104F800058495848DFF858C12668103802220323D0
:104F900000254F054FF0400A4FF4806966454BD11C
:104FA0000E6846F400260E60096801F400210591A0
:104FB000016841F0040101600068694600F00400E6
:104FC000059098028DE825000820CDE90330464879
:104FD000FEF76AFB464E4548B8463060C6E90175A3
:104FE000C6E903597561B561F56135624F463046D2
:104FF0007562FEF785FA08B1FDF704FCE663B46359
:105000003B4E3A4860363030C6E903577561B561AA
:10501000F5613562756286E801053046FEF770FA83
:1050200008B1FDF7EFFBA663002205213420B4632D
:10503000FEF7E0FC34204EE0DFF8B8C066454CD106
:105040000E6846F400360E60096801F400310591DF
:10505000016841F0010101600068694600F001004B
:1050600005900C208DE825000720CDE9033022486B
:10507000FEF71AFB1E4E1D48C03648303060C6E9A8
:105080000175C6E903597561B561F5613562C846B8
:1050900030467562FEF734FA08B1FDF7B3FBE663FC
:1050A000B463164E1148C6E903587561B561F561E0
:1050B00035626030756286E881043046FEF720FA7A
:1050C00008B1FDF79FFBA663002205212620B463EB
:1050D000FEF790FC2620FEF780FC06B0BDE8F087C6
:1050E000004C00404038024000080240406002404E
:1050F000200700200044004000000240400800203B
:105100007047704770B5044690F84100202801D0E0
:10511000022070BD01B3FAB12162A284E2840020B2
:105120006064212384F84130A56B144BEB63A56BBD
:10513000134B2B64A56B134BEB64A36B18652068B2
:105140001346A56B021D2846FEF744FA30B1102025
:105150006064202084F84100012070BD21686FF058
:10516000400008602068143050E8001F41F08001C2
:1051700040E80012002AF5D1002070BD85690008C2
:10518000C76900089768000803498A68904201D1FE
:105190000020C870704700003C0000207047FEE708
:1051A0007CB515491548FCF78FFFD8B91448FDF7B1
:1051B000DDF8B8B90620FEF7FFFB1720FEF7FCFB71
:1051C000104C012525602026266010210E48CDE9CF
:1051D00000010B460D4A0E490E48FCF711FD2560F3
:1051E000266008B101207CBD0620FEF7F6FB1720E3
:1051F000FEF7F3FB00207CBD5005002028050020B1
:10520000D8060020143C0140000002400008024083
:10521000780500200C01002000242DED048B84B0C3
:1052200027462646DFED698A6948F6EE000AF0EE69
:10523000681AB0EE681AB0EE000A054600F0ECFB02
:105240009FED648AF6EE000AB0EE000AB0EE481A4E
:10525000284600F005FCDFED609A2846B0EE690AAA
:1052600000F004FC9FED5D9A5948B0EE490A2038E1
:1052700000F05EF95A48F0EE681AB0EE681AF6EEE1
:10528000000AB0EE000A054600F0C6FBB0EE481A70
:10529000F6EE000AB0EE000A284600F0E1FBB0EEA0
:1052A000690A284600F0E2FB4D48B0EE490A203872
:1052B00000F03EF99FED4B1A4B48F7EE000AF0EE76
:1052C000411AB2EE000A054600F0A6FBB0EE481AFD
:1052D000F7EE000AB2EE000A284600F0C1FBB3EE7A
:1052E0000E0A284600F0C2FB3F48B0EE490A2038BB
:1052F00000F0B6F83D4D022300226946286802F00E
:10530000D1FCB8B900231A466946286802F0CAFCE5
:105310000028F7D00398012400F00107C0F34006ED
:1053200033480021006802F04FFD32480021006838
:1053300002F04AFDFEF7B6FAFCF790FE1CB317B375
:10534000FEF7B0FA0299401A64281CD82048203889
:10535000007F10B19DED000A01E0B0EE480A1C4844
:10536000203800F0DFF81E482038007F20B19DED86
:10537000000AB1EE400A01E0B0EE480A18482038B1
:1053800000F0D0F80CE01248B0EE480A203800F0E7
:10539000C9F81348B0EE480A203800F0C3F86CB1E1
:1053A00066B1FEF77FFA0299401A642806D80E48C3
:1053B0002038007F10B19DED010A01E0B0EE480AEF
:1053C0000948203800F046F895E7000000008046C4
:1053D000740100200000000000007A44CDCC4C3E57
:1053E000B801002000401C46440200206C00002050
:1053F0007000002074000020002802D01030FDF75B
:10540000E8B9704770B50D462DED028BB0EE608A9D
:10541000F0EE408A040017D04421FBF735F92570DF
:10542000B7EE000A84ED030AF0EE480AB0EE680A0F
:10543000BDEC028B04F120009FED051ABDE8704021
:10544000F0EE411A00F0E8BABDEC028B70BD00002E
:1054500000401C46002801D080ED010A7047000082
:1054600000280FD010EE101AB1F17E5F01DDB7EE0B
:10547000000AB5EEC00AF1EE10FA01D29FED020A61
:1054800080ED030A7047000000000000D0B1017FEA
:10549000C1B1B0F91210D0ED031A00EE901AB8EEB7
:1054A000E01AD0ED020A31EE601A41EE810AB0EE48
:1054B000401AC0ED020AD0ED011A2030B0EE610AA8
:1054C00000F02ABA00207047002802D01030FDF703
:1054D00080B9704770B50D462DED028BB0EE608A35
:1054E000F0EE408A040017D04421FBF7CDF8257078
:1054F000B7EE000A84ED030AF0EE480AB0EE680A3F
:10550000BDEC028B04F120009FED051ABDE8704050
:10551000F0EE411A00F080BABDEC028B70BD0000C5
:1055200000008046002801D080ED010A704700008D
:1055300000280FD010EE101AB1F17E5F01DDB7EE3A
:10554000000AB5EEC00AF1EE10FA01D29FED020A90
:1055500080ED030A7047000000000000D0B1017F19
:10556000C1B1B0F91210D0ED031A00EE901AB8EEE6
:10557000E01AD0ED020A31EE601A41EE810AB0EE77
:10558000401AC0ED020AD0ED011A2030B0EE610AD7
:1055900000F0C2B900207047104810B50E490160F4
:1055A0000321416000214FF410228160C0E9031201
:1055B0004FF4001242610176012242768176C27672
:1055C00001774177FDF79FFC002803D0BDE810402C
:1055D000FDF718B910BD0000006400402805002048
:1055E000104810B50E4901600321416000214FF4BD
:1055F00010228160C0E903124FF40012426101766B
:10560000012242768176C27601774177FDF77BFCF5
:10561000002803D0BDE81040FDF7F4B810BD00002D
:105620000068004050050020214808B5016841F499
:1056300000110160016801F400110091016841F45A
:10564000800101600068002200F4800000900521C4
:105650000D20FEF7CFF90D20FEF7BFF9002205213E
:105660000F20FEF7C7F90F20FEF7B7F9002205213A
:105670001020FEF7BFF91020FEF7AFF90022052138
:105680001120FEF7B7F91120FEF7A7F90022052136
:105690003820FEF7AFF93820FEF79FF900220521E8
:1056A0003B20FEF7A7F9BDE808403B20FEF795B97F
:1056B0003038024010B5234A0021012002F0B2FB2D
:1056C000214C204A002120621032012002F0AAFB66
:1056D0001C4A6062483A1C21082002F015FB194A56
:1056E00008216061303A084602F00EFB154AA061BD
:1056F000183A1021042002F007FB124AE061FC3A3C
:105700000021124802F006FC0E4A2060D83A00211F
:105710000F4802F0FFFB0B4A6060B43A00210D48CD
:1057200002F0F8FB074AA060903A00210A4802F014
:10573000F1FB044AE0606C3A0021084802F0EAFB01
:10574000206110BDACAD000850000020D9660008F3
:10575000852600088D5A0008396E00081952000885
:105760002DE9F04387B014216846FAF78DFF3448DD
:105770000024016841F080010160016801F08001AE
:105780000591016841F001010160016801F001012A
:105790000591016841F002010160016801F0020118
:1057A0000591016841F0040101600068254F00F097
:1057B00004000590012210213846FEF76DF8DFF84D
:1057C0008890012210214846FEF766F810264FF017
:1057D00003080125CDF80C800096CDE901546946F7
:1057E0003846FDF761FF4FF488170095CDE9017445
:1057F00069461648FDF758FFCDF80C800096CDE9B4
:10580000015469464846FDF74FFF2020CDE90007C7
:10581000694602944846FDF747FF0022052106200D
:10582000FEF7E8F80620FEF7D8F800220521172039
:10583000FEF7E0F81720FEF7D0F807B0BDE8F083D8
:1058400030380240000002400008024000040240DC
:10585000104810B50E4901604FF48271416000217B
:1058600002228160C0E90312012242615202826178
:105870001822C0E90721416281620A21C162FEF754
:105880004DFC002803D0BDE81040FCF7BBBF10BDA5
:1058900000300140780500200C4810B50A4901602D
:1058A0004FF4E1314160002181600C22C160C0E908
:1058B00004128161C161FFF729FB002803D0BDE814
:1058C0001040FCF79FBF10BD004C00409006002028
:1058D0000E4810B50C4901600D4941604FF48051EC
:1058E00081604900C160C91001610C214161002142
:1058F0008161C161FFF70AFB002803D0BDE81040B9
:10590000FCF780BF10BD000000440040D806002016
:10591000A0860100FEE7000010B5DFED3E1A04008E
:105920002DED028B04D0B5EEC01AF1EE10FA03D8BB
:105930000020BDEC028B10BD30EE608A94F8200090
:1059400030B194ED070A30EE600AC0EE011A02E0B1
:10595000012084F82000C4ED070A94ED000A60EEEF
:10596000088A94ED020A41EE808A94ED050AB5EEAC
:10597000C00AF1EE10FA0BD9B4EEC80AF1EE10FA33
:105980003ADBB1EE400AB4EEC80AF1EE10FA33D8B1
:10599000D4ED010A94ED030A60EE880A00EE810A54
:1059A000D4ED040A01F05FFF78EE800A94ED061A48
:1059B000B4EEE01AF1EE10FA06DDF1EE411AF4EE63
:1059C000E01AF1EE10FA15D3B4EEE01AF1EE10FA87
:1059D00004D8B5EEC08AF1EE10FA0BD3B1EE411A3D
:1059E000B4EEE01AF1EE10FA06DBB5EEC08AF1EE85
:1059F00010FA01DD84ED030A94ED030AD4ED060AE2
:105A000030EE280A01F02FFFBDEEC00A10EE100A9A
:105A100000B28EE700000000002812D080EC020ADD
:105A200000219FED080A80ED020A80ED030A80ED57
:105A3000041A80ED050AC0ED061A80ED070A80F809
:105A40002010704700000000002806D000219FEDC4
:105A5000030A80ED030A80F8201070470000000060
:105A6000002801D080EC030A70470000002808D00D
:105A7000B5EEC00AF1EE10FA01DC9FED020A80EDEE
:105A8000050A704700000000FEE700002DED108BB6
:105A9000DAB024221FA8F749FAF7BCFDF549242201
:105AA000243116A8FAF7B6FDF2491422483154A859
:105AB000FAF7B0FD00203F900E9011900A909FEDF4
:105AC000EEBA0B908146B0EE4B8A8DED0C8A8DEDCF
:105AD0000D8A8DED338A8DED498AF0EE48BAB0EE2D
:105AE00048CAF0EE48AAF0EE489AB0EE48AAF0EEA6
:105AF00048CAB0EE48DAF0EE48DAB0EE489AF0EE76
:105B0000488A0690DFEDDDEA139041900646824612
:105B100040904C9080464B907421D948FAF7B4FDE0
:105B2000DFEDD81A9FEDD81AD848F0EE480AB2EE49
:105B3000040A4690FFF770FFB0EE481AF0EE480AEC
:105B4000B2EE040A4698FFF78BFF9FEDD10A469804
:105B5000FFF78CFF9FEDCFEACC48B0EE4E0A243819
:105B6000FCF786FEF3EE041A9FEDCB1ACB48F0EE5D
:105B7000480AB0EE000A4590FFF74EFFB0EE481A13
:105B8000F0EE480AB0EE000A4598FFF769FFB3EE61
:105B90000E0A4598FFF76AFFC048B0EE4E0A283853
:105BA000FCF790FC02F048F84490FDF77BFE0546B8
:105BB0009FEDBBFADFEDBBFADFF8E0B2ABF1280BEB
:105BC000FDF770FE0446411B254611D000EE101A69
:105BD000B549B8EE400A20EE2EEA1EEE100A8842C1
:105BE00008DD9FEDB2EA4FF0010809F1010901E07B
:105BF000B0EE6EEAAE4F00231A4614A9386802F0E0
:105C000051F8E8B3AB4F00231A4636A9386802F0C2
:105C100049F8002872D02046FCF720FA9B48243827
:105C200090F8200018B399482438818A41980028B8
:105C300071D01198081AB0F5805F01DDA0F5005011
:105C400010F5805F01DA00F500500E9A104400EE66
:105C5000100AB8EEC00A60EE0F0AB0EE6B0A10EE42
:105C6000AF0ADFED950A11910E9040EE20BA9BF835
:105C7000213059461BB3409A4888002A73D000E06F
:105C800026E00B9A821AB2F5805F01DDA2F5005280
:105C900012F5805F01DA02F500520A9F3A4400EEE5
:105CA000102ACDE90A20B8EEC00A60EE0F0AB0EE65
:105CB0006A0A10EEAF0ADFED800A40EE20AA4C9887
:105CC00000287CD01398201A142878D80120C0E02E
:105CD0009DF850000C288ED2DFE800F0060B11165C
:105CE0001E252C31363B40469DED150A8DED1F0AD1
:105CF00081E79DED150A8DED200A7CE739E09DEDE9
:105D0000150A8DED210A76E760489DED150A2438C5
:105D100080ED090A6FE781E05C489DED150A2438A3
:105D200080ED0A0A67E759489DED150A243880ED91
:105D30000B0A60E79DED150A8DED160A5BE79DEDF8
:105D4000150A8DED170A56E79DED150A8DED180A17
:105D500051E79DED150A8BED0A0A4CE79DED150AFA
:105D60008BED0B0A47E766E09DED150A8BED0C0AFB
:105D700041E73C98C00727D0DDED37DA9DED380AC2
:105D80004B98B0B330EE490A01F018FFF0EE400A2C
:105D9000B0EE490A9FED491A00EE810A01F00EFFAC
:105DA000B0EE409A01204C90139435489DED360A90
:105DB00080ED0C0A9DED370A80ED0D0A00E047E00A
:105DC0009DED380A80ED0E0A3C98000703D53B98FC
:105DD0004FF0010A06903C98C00601D54FF0000A2A
:105DE0003C9880070DD59DED390A46B170EE299A91
:105DF00007E0FFE70120B0EE409A4B90D2E730EE8B
:105E0000088A3C9840077FF5FEAE9DED3A0A16B130
:105E100030EE0AAAF7E670EE288AF4E600EE101AD1
:105E200001201191B8EE400A0E91419020EE0F0A28
:105E300060EE2FBA1BE700EE100A0B900A90B8EE46
:105E4000400A0120409020EE0F0A60EE2FAA36E7AC
:105E500000204E9013B108B1012000E000204F90C7
:105E6000BAF1000F2CD00698201A962828D80127BE
:105E700027E0000054AC0008000000006F12833AD5
:105E80005003002000803B450060EA4600020020ED
:105E90000000A042CDCC4C3E0080BB4490020020CC
:105EA000DB0FC940000000390AD7233C0AD7233C46
:105EB00068000020640000209A99193E0AD7A33C8C
:105EC0000027FCF7D7F9EFF31081509072B6FE4A25
:105ED000B2F90000526801B962B620B1A11AC8290E
:105EE00001D8012100E00021009101B90020529069
:105EF0004F9828B127B1509810B1B8F1000F08D0D1
:105F00000020F2498DED51BA002491F8201011B112
:105F100002E00120F5E701249BF8211009B944F0C3
:105F200002044E9909B944F004040FB944F008047E
:105F3000509909B944F01004B8F1000F01D044F0B1
:105F40002004E0B3E6B39DED0C0A3BEEC0CA9FED22
:105F5000E00A7CEE800AF4EEE90AF1EE10FA01D2D2
:105F6000F0EE609A3CEEC00AB4EEE90AF1EE10FAE7
:105F700001DDF0EE409A9FEDD70A7DEE000AF4EEC7
:105F8000CA0AF1EE10FA01D2B0EE60AA3DEE400A64
:105F9000B4EECA0AF1EE10FA01DDB0EE40AA002E0E
:105FA0004AD0F0EE4E1AB6EE001A5FED3D0AB0EEA2
:105FB0004A0A49AA33A90DA804F0EAFA01E01EE052
:105FC0003BE01FED530ADFEDC40A01F05BFC8DEDF1
:105FD000510A9DF8FC000F909BED052AF0EE6A1A1D
:105FE0009DED331ADDED0D0AB0EE4A0A54A93FA823
:105FF00000F0B7FF00280F984FD0E0B346E000262E
:10600000419640961FB9B0EE4B8AF0EE488AB0EE4A
:106010004B0A8DED330A8DED490A3FA800F09CFF35
:106020001FA802F0DFFE16A802F0DCFE4698FFF77C
:106030000BFD4598FFF708FD90E04198E8B34098C4
:10604000D8B33BEEED0AF0EE4BCAF0EE489A8DED78
:106050000C0ACDED0DAA3AEEA8AACDED33CAB0EEEA
:106060006DCAB0EE6ADACDED49CAB0EE6C8AF0EED8
:106070006C8A3FA800E003E000F06EFF012666E7AF
:1060800016A802F0AFFE4598FFF7DEFC1FED860A6A
:106090008DED0F0A8DED510A0EE010B116A802F039
:1060A000A1FEB0EE4E1AF0EE6A0A9DED0D0A16A89A
:1060B00001F0C2FF8DED0F0A00E04FE0B0EE4E1A86
:1060C000F0EE4C0AB0EE690A1FA801F0B5FF8DEDA5
:1060D000530AB0EE6D0A01F079F91FED990A7B4879
:1060E0008DED500AFCF7DAFB9DED530A7748FCF77B
:1060F000B9FB9DED0F0AF0EE4B0A30EE200A5FED82
:10610000920A01F0BFFBDFED750A754820EE200A08
:10611000FCF7D2F99DED510ABDEEC00A10EE100A4F
:1061200001B26F48FCF7C4F9B0EE4E0AFCF7B2F8C2
:1061300068B100266B484196409680F86C601FED70
:10614000B20A80ED070A28A8FBF7AEFF3CE06548DD
:10615000012180F86C109DED500A2FE01FEDBA0A66
:106160005A48FCF79BFB1FEDBC0A5848FCF77AFB2A
:106170001FEDBF0A5A48FCF79FF900215848FCF769
:1061800097F927B1509810B1B8F1000F06D0FCF77D
:1061900027F8B8F1000F0BD028B109E0B0EE4E0A95
:1061A000FCF72AF804E0FCF765F808B14FF00008A6
:1061B0004C48002180F86C101FEDD10A80ED070AD1
:1061C00028A8FBF771FF0EB944F0400445484F99E9
:1061D00000F86D1F4E994170FCF74CF8E8B30021B0
:1061E000404880F86F102899C1632A9901642C995E
:1061F00041642E998164BDF8BC10A0F84C109DF844
:10620000C61080F850109DF8C81080F851109DF805
:10621000C91080F852103449097F80F8531033496F
:10622000097F80F85410DFF8A4C09CF8201080F893
:1062300055102F49097F80F856109BF8212080F8CF
:106240005720C0F85890C465BDF8C230A0F864303B
:10625000BDF8C430A0F8663000E053E0BBF81C3055
:10626000A0F86830BBF80230A0F84E309BED020A6F
:1062700080ED0B0A529BA0F86A30009B80F87230C8
:106280009DF8FC3080F8733080F8707080F8716091
:106290009DED330A80ED080AB0EE4B0A80ED090A45
:1062A0000EB19DED510A80ED0A0AC0ED009A80ED15
:1062B00001AA80ED02CAC0ED03AA80ED049A9CED0C
:1062C000030A80ED050A15E034000020DC010020FF
:1062D000DB0FC93FDB0F494000004844EBC91841C0
:1062E0006802002050030020540100209801002083
:1062F0002402002042B19BED050ADFED0F0A20EEDB
:10630000200A03E001216BE7B0EE4B0A80ED060A9C
:10631000016E491C01664498401C449001F075FCD4
:1063200000283FF44DAC4FF0010809F1010901F0DC
:1063300083FC449044E400005077D63D2DE9F843B7
:106340000F465FEA000919D0C7B13D21FAF7A9F855
:10635000050013D0214EA5EB0908002456F834009F
:10636000FAF7A9F8404506D156F834104246484697
:10637000FAF7C0F828B1641C0C2CEFD30020BDE85C
:10638000F88306EBC400694600793870681C01F098
:106390004DF987ED010A00986D1CA842EED001E08E
:1063A000401C009001782029FAD00929F8D011F07A
:1063B000FF0FE3D110EE100A6FEAD05010F0FF0F7C
:1063C000DCD0B5EEC00AF1EE10FAD7D310EE100A09
:1063D00003498842D2DC0120D1E70000F4AB000879
:1063E0000050C34708B500210091134945F6C0523B
:1063F0000968B1FBF2F16422514300910168009AEF
:10640000A2B1521E00928A689207F8D50A6822F05B
:1064100040020A6001684A6822F0E0024A600168AE
:10642000C9680091072180F8511008BD426D42F003
:1064300040024265EAE700008800002001684A68DF
:1064400022F080024A6001680A6822F040020A6075
:10645000072180F85110704710B5806B01684A68B9
:1064600022F003024A60416D41F0100141650121B3
:1064700080F85110FDF744FE10BD10B5806BFDF79C
:10648000C0FF10BD10B5806BFEF736FA10BD70B5B9
:106490000546846BFDF706FA024628680068C005C9
:1064A00026D42068416821F020014160A06818B915
:1064B0006068B0F5827F16D02068416821F0010144
:1064C00041606421204600F044F808B12020606556
:1064D0000020E087012084F85100606D40B1204623
:1064E000FDF70EFE70BD2068416821F00301E7E76B
:1064F0002046FDF785FF70BD70B50546846BFDF73E
:10650000D1F9024628680068C0051ED42068416899
:1065100021F0200141606421204600F049F818B1C3
:10652000606D40F0200060652068416821F0030143
:1065300041600020E086E087012084F85100606D12
:1065400018B12046FDF7DCFD70BD2046FEF78EF940
:1065500070BDF8B5044640684FF48273984221D16B
:10656000A0684FF48065B0F5004F01D0A8420AD171
:106570002068066826F0400606606068984211D1DF
:10658000A068A8420ED000920B460022802120462F
:1065900000F044F8002804D0606D40F020006065F1
:1065A0000320F8BD00920B4600220121EFE7000016
:1065B000F8B515460E460B4600920446012202210C
:1065C00000F02CF8A0B9134813490068B0FBF1F0B3
:1065D0004FF47A71484300906068B0F5827F0DD126
:1065E0003346002280212046009500F017F870B154
:1065F000606D40F0200060650320F8BD009830B168
:10660000401E009020688068C0430006F6D5002038
:10661000F8BD00008800002000366E012DE9F84327
:106620001E46914688460446089DFDF73BF9401BEF
:10663000351AFDF737F9074626480068C0F3CB3016
:1066400068430AE0701C09D0FDF72CF9C01BA84272
:106650000FD275B10098B8B3401E009020688168D1
:1066600038EA010033D000214945EBD10020BDE8D4
:10667000F8832068416821F0E00141606068B0F56E
:10668000827F0BD1A068B0F5004F02D0B0F5806FCB
:1066900004D12068016821F040010160A06AB0F5D2
:1066A000005F09D12068016821F400510160206871
:1066B000016841F400510160012084F8510000207C
:1066C00084F850000320D2E7FFE70025C6E7012148
:1066D000CAE7000088000020012001F089FAFBE7EA
:1066E00010B54FF0E020006903F058FD012803D0F9
:1066F000BDE8104003F0D0B810BD000030B593B035
:1067000030216846F9F7C0FF14210CA8F9F7BCFF47
:106710001D480025016841F080510160006800F0CB
:10672000805011901948016841F48041016000686F
:10673000022400F480401190012003901020049066
:10674000009406940820CDE90750A820CDE909045B
:1067500004200B906846FDF78BFA08B172B6FEE78D
:106760000CA90F2081E831004FF4A0500F904FF496
:106770008050109005210CA8FDF76EF9002801D07B
:1067800072B6FEE713B030BD4038024000700040E2
:106790000248016841F470010160704788ED00E033
:1067A0000148FEF71CB90000A0080020F0B50268FF
:1067B000274B284D284E294F294C4FF0804C9842AA
:1067C00009D0604507D0A84205D0B04203D0B842F6
:1067D00001D0A04204D122F0700E4A6842EA0E02B3
:1067E00098421BD0604519D0A84217D0B04215D0AE
:1067F000B84213D0A04211D01A4DA8420ED01A4D63
:10680000A8420BD0194DA84208D0194DA84205D076
:10681000184DA84202D0184DA84203D122F4407569
:10682000CA682A434D6922F080022A438D68C562F6
:106830000D688562984201D0A04201D109690163C7
:10684000016841F004010160012141610260F0BD75
:10685000000001400004004000080040000C00401F
:106860000004014000400140004401400048014054
:1068700000180040001C0040002000400148FEF7C6
:1068800005BA00009006002010B5806B0021C1857C
:10689000FEF7E8F910BD70B5846B2068406994F884
:1068A0004110C0F3C0100025212904D118B1E5849E
:1068B000204600F0B4F82068406994F84210C0F314
:1068C0008010222904D118B1E585204600F080F817
:1068D000606C40F0100060642046FEF7C3F970BDA4
:1068E00010B50146806B096809684FF00002C905C0
:1068F0002ED4C28501680C3151E8003F23F4807327
:1069000041E80034002CF5D10168143151E8003F12
:1069100023F0010341E80034002CF5D10168143163
:1069200051E8003F23F0400341E80034002CF5D14A
:10693000202180F84210016B012909D101680C3136
:1069400051E8003F23F0100341E80034002CF5D15A
:106950004263016B012902D0FEF7D2FB10BD818D8D
:10696000FEF708F910BD10B5806B01214163016B82
:10697000012902D0FEF7C5FB10BD818D4908FEF745
:10698000F9F810BD10B50146806B09680968C905A2
:1069900016D40021C1840168143151E8002F22F07F
:1069A000800241E80023002BF5D101680C3151E849
:1069B000002F42F0400241E80023002BF5D110BD2A
:1069C000FEF7E2FB10BD10B5806BFEF7E7FB10BDD4
:1069D00001680C3151E8002F22F4907241E8002345
:1069E000002BF5D10168143151E8002F22F001028B
:1069F00041E80023002BF5D1016B012909D1016881
:106A00000C3151E8002F22F0100241E80023002B46
:106A1000F5D1202180F84210002101637047016800
:106A20000C3151E8002F22F0C00241E80023002B76
:106A3000F5D1202180F84110704708B590F8421038
:106A4000222901D0022008BD82684FF480539A4267
:106A500001D1016921B1816A9A421BD04AB10AE091
:106A60000268816A5268C2F308020A80816A891C3E
:106A700008E0026972B10268526802F07F020A708F
:106A8000816A491C8162C18D491E0904090CC185B6
:106A900003D01BE002685268F1E70168CA6822F07F
:106AA0002002CA600168CA6822F48072CA60016864
:106AB0004A6922F001024A61202180F84210002137
:106AC0004163026B012A03D0FEF71AFB002008BDC8
:106AD000016301680C3151E8002F22F0100241E8F7
:106AE0000023002BF5D101680A68D20602D50A6896
:106AF00049680091818DFEF73DF8E7E770B50446DF
:106B000000680169E26821F4405111430161216983
:106B1000A068E26908436169114308432168CA68B3
:106B200049F20C639A430243CA6020684169A26932
:106B300021F440711143416131492068884202D0FB
:106B40003049884202D1FDF751F801E0FDF73EF8E7
:106B5000E2690023192164253226B2F5004F6268EC
:106B600028D0A0FB0101930F9200F9F7EBFB01463F
:106B7000B0FBF5F06FF01802504301EB800006EB1C
:106B80000010B0FBF5F000F0F002B1FBF5F002EB05
:106B90000012B1FBF5F06FF01803584301EB8000D1
:106BA00006EB0010B0FBF5F000F00F002168104478
:106BB000886070BDA0FB010192185B41F9F7C2FB30
:106BC0000146B0FBF5F00201B1FBF5F06FF01803E0
:106BD000584301EB800006EBC000B0FBF5F000F07D
:106BE000F80002EB4002B1FBF5F0584301EB8000E6
:106BF00006EBC000B0FBF5F000F00700D6E70000A0
:106C0000001001400014014038B5816204468285BD
:106C1000002013466064222284F84220E56B1F4A5C
:106C2000EA63E56B1E4A2A64E56B1E4AEA64E26B7E
:106C300010650A462168E06B091DFCF7CBFC30B1FA
:106C400010206064202084F84200012038BD2068B4
:106C5000016840680090206948B120680C3050E815
:106C6000001F41F4807140E80012002AF5D120682D
:106C7000143050E8001F41F0010140E80012002AE2
:106C8000F5D12068143050E8001F41F0400140E881
:106C90000012002AF5D1002038BD0000E16800088C
:106CA00067690008976800080148FDF7EFBF00001A
:106CB000D8060020FEE7000070B5C0B10E4CA178E8
:106CC000A9B1EFF3108572B621780C4A01EB4101AE
:106CD00002EB01113022F9F758FC2078401C00F03B
:106CE00003002070A078401EA07015B102E00020C3
:106CF00070BD62B6012070BD3C000020340400204D
:106D000048B1064988600020888008704870887003
:106D1000C87002F077B90120704700003C000020E5
:106D200070B5134CA66816B108B1E17809B102201C
:106D300070BD014630220F48F9F727FC0D480025A9
:106D4000802100F8305F457081707F21C170012083
:106D5000E070342207493046FEF7D4F910B1E570EF
:106D6000012070BD2069401C2061002070BD000022
:106D70003C000020F4040020064910B58A689042C7
:106D800007D100228A80FDF723FFBDE8104002F002
:106D900039B910BD3C0000202DE9F041244C0F46CC
:106DA000A168884241D10025DFF888802E4636E070
:106DB00020484038405D0D280BD00A2809D0A18812
:106DC0002F2929D2A18808EB0102491CA18010704B
:106DD00023E0A08808B3A18808F80160A0780428FF
:106DE00007D32078401C00F003002070A078401EDC
:106DF000A07060780F4900EB4000303101EB0010CB
:106E000030223039F9F7C1FB6078401C00F00300F4
:106E10006070A078401CA070A6806D1CADB2BD4211
:106E2000C6D3BDE8F04102F0EDB8BDE8F081000046
:106E30003C000020040400202DED028BAAB0404845
:106E4000FFF75EFF00F0F8FE9FED3E8A3E4EDFED5D
:106E50003F8A0446EFF3108572B674223C490CA8B1
:106E6000F9F7D8FB05B962B69DED0D0A20EE080AC8
:106E70008DED000ABDF9960000EE100AB8EEC00ACA
:106E80008DED010ABDF87E0000EE100AB8EE400A52
:106E90008DED020A9DED170A8DED030ABDF99800EC
:106EA00000EE100AB8EEC00A8DED040A9DED0F0A3F
:106EB00020EE080A8DED050A9DED100A20EE080A65
:106EC0008DED060A9DF8A30000EE100AB8EE400A08
:106ED0008DED070A1C98B0FBF6F106FB110000EEE1
:106EE000100AB8EE400A8DED080ACDED098A1D980A
:106EF000B0FBF6F106FB110000EE100AB8EE400AF6
:106F00008DED0A0A9DED230AB8EE400A8DED0B0ABD
:106F10009DF8A20010B99DF89C0030B16846FFF7BB
:106F2000FFFE0C48C168491CC1600A34204600F0CD
:106F30006CFE00288ED000F07FFE04468AE7000039
:106F400090060020E12E654240420F0000C88645B1
:106F5000500300203C000020002801D000210170D7
:106F60007047D0B1C9B170EE611A30EE600AD1ED50
:106F7000030AF0EEE11AB0EEC00AB4EEE00AF1EE58
:106F800010FA0CD8D1ED040AB0EEC10AB4EEE00A52
:106F9000F1EE10FA03D8012202E00020704700222F
:106FA00003784BB132B191ED010AB4EEE10AF1EE92
:106FB00010FA14D2002111E08AB191ED000AB4EE6A
:106FC000E10AF1EE10FA0ADBD1ED020AB0EEC20AD4
:106FD000B4EEE00AF1EE10FA01D801210170007858
:106FE00070474100080218BF04200A0E18BF40F085
:106FF00001004FF07F4232EA010108BF40F0020079
:10700000012808BF052070470907090E002804DB86
:1070100000F1E02080F80014704700F00F0000F14C
:10702000E02080F8141D704730B52DED048B81B041
:10703000B0EE408AF0EE608A6A4651EC180B00F020
:1070400027FD00989FED329B7E300090002821DCC8
:1070500053EC192B51EC180B03F094FB1AD00021C0
:1070600040F608004FF00000044651EC180B03F006
:1070700043FB08EE100A40F6080004EA00014FF056
:107080000000B5EEC08AF1EE10FA04BF0220F9F755
:1070900036FB2DE00098FF2830DB002108464FF03A
:1070A000000000F4400553EC192B51EC180B03F0D1
:1070B000DFFC8CBF002401240220F9F720FB9FEDA8
:1070C000168A4DB1002C0CBF4FF400004FF4800025
:1070D000A84218BF9FED118A042108464FF0000016
:1070E000002C01BFB1EE480A01B0BDEC048B30BDED
:1070F000B0EE480A01B0BDEC048B30BD51EC180B6A
:1071000003F0FAFA01B000EE100ABDEC048B30BDBA
:1071100000000000000000000000807FFFFF7F7F74
:1071200070B54FF068422DED048BF0EE408A18EEFA
:10713000900AB0EE608A18EE101A02EB4003B3F129
:10714000654F3CBF02EB4102B2F1654F7DD200BFFB
:10715000C0F3C753C1F3C7529A1A1B2A09DD10F0B6
:10716000004F14BF9FED830A9FED830ABDEC048B93
:1071700070BD12F11A0F36DA11F0004F09D010F07D
:10718000004F0CBF9FED7D0A9FED7D0ABDEC048B87
:1071900070BD88EE889A19EE100AFFF722FF0428C6
:1071A00008BF00F083FA18EE900AFFF71AFF0546B1
:1071B00018EE100AFFF715FF044619EE100AFFF744
:1071C00010FF042D18BF052D08D1042C18BF052C65
:1071D00004D1002804BF0220F9F791FAB0EE490A61
:1071E000BDEC048B70BD4200B2EB410F3AD910F0F8
:1071F000004F19BFDFED630A9FED630ADFED630AFD
:107200009FED630AB0EE481A0A46B1EE688A80F034
:107210000041F0EE418A10460A1A5200B2F1807F16
:1072200034D2484010F0004FDFED5A1A9FED5A2A31
:107230001DBFBEEE001A70EEE10A30EE420AB6EE55
:10724000001A08BF70EEA10A00E040E008BF30EE6F
:10725000020AB0EE682A01EE482A08EE818AC2EEE0
:10726000081A15E011F0004F04BF9FED4C0AF0EE34
:10727000400AD1D010F0004F19BFDFED490A9FED51
:10728000490ADFED490A9FED490AC5E7C8EE881AA9
:1072900021EEA11A9FED462ADFED462A41EE022A91
:1072A0009FED452A01EE222ADFED442A41EE022A13
:1072B0009FED432ABDEC048B01EE222A21EE811AB8
:1072C00001EE020A30EE210A30EE200A70BD4FF0C6
:1072D0007F42B2EB400F28BFB2EB410F09D2F0EE74
:1072E000480AB0EE680ABDEC048BBDE8704000F0BF
:1072F000D2B940EA01035B0008BF41F0FF410BD067
:10730000B2EB400F08BFB2EB410F08D120F0804034
:1073100008EE900A21F0804108EE101A18E7B2EB4F
:10732000400F12BF5FEA410340F0FF4001F000410F
:107330003FF40EAFB2EB410F12BF5FEA400200F024
:10734000004041F0FF413FF403AF4A0092EA40039E
:107350003FF5FEAE002AACBF9FED1A0A9FED1A0A58
:1073600068EE808A28EE008A18EE900A18EE101A4D
:10737000EEE60000DB0FC9BFDB0FC93FDB0F494062
:10738000DB0F49C00000C9BF22AAFDB90000C93FF8
:1073900022AAFD390060ED3EC30ACE37000000008E
:1073A000000049C022AA7DBA0000494022AA7D3AC5
:1073B0002DAD65BD8FB8D53D0FB511BE61C84C3E32
:1073C000A8AAAABE0000804F0000802F10EE101A5D
:1073D00008B5444A6846B2EB410F28D94FF0E64061
:1073E000B0EB410F94BF00204FF0FF3000900098A9
:1073F000002861DB60EE000A10F0010F45D010F0AC
:10740000020FDFED391A9FED391A00EEE11ADFEDB8
:10741000381A40EE811A21EEA01AF0EE400A40EE32
:10742000010A08BFF1EE600AB0EE600A08BD314BF8
:1074300021F0004293423CD911F0004FDFED2E0ABB
:1074400020EE201ADFED2D0A19BF31EE601A71EE21
:10745000200A31EE201A71EE600ABDEEE01A11EE3C
:10746000100A9FED271A00F0030000EEC10A9FEDFD
:10747000251A009000EEC10A9FED231A00EEC10A02
:107480009FED221A00EEC10AB1E79FED211A9FED90
:10749000210A10F0020F00EE810A9FED1F1A00EE84
:1074A000801AB7EE000A00EE810A18BFB1EE400A5A
:1074B00008BD00F00DF99AE710EE100A4000B0F197
:1074C0007F4F3CBFB7EE000A08BD07D14FF0010067
:1074D000F9F715F9BDE8084000F0E0B8BDE808404C
:1074E00000F0D6B8B61F927E336D4C39DA82083C74
:1074F000A0AA2ABE490E494683F9223F0000004B4C
:107500000000C93F00A0FD390020A2331A61342CCD
:10751000B93AB2BACA9F2A3DDDFFFFBE00000000A3
:1075200030B540F2FF742DED048BF0EE608A18EE5A
:10753000901A85B0B0EE408A9FED2B9B05468DEDED
:10754000008B34EA115147D053EC192B51EC180B36
:1075500003F018F940D02A4651EC180B03F0FDFA5D
:1075600041EC180B18EE900A8DED008B34EA1050A8
:107570001CD053EC192B51EC180B03F003F92BD151
:107580000220F9F7BCF800F073F810EE901A18EE2C
:10759000900A8DED020B8DED008B61F31E000390C0
:1075A0009DED020B05B0BDEC048B30BD0220F9F758
:1075B000A6F800F04DF810EE901A18EE900A8DED36
:1075C000020B8DED008B61F31E0003909DED020B0D
:1075D00005B0BDEC048B30BD05B0B0EE480AF0EE4E
:1075E000680ABDEC048B30BD000000000000000004
:1075F00010B52DED028BB1EEC08A18EE100A20F006
:107600000040C0F1FF40C00F0AD010EE100A20F079
:107610000040C0F1FF40C00F04BF0120F9F76FF830
:10762000B0EE480ABDEC028B10BD000008B59FED1E
:10763000060A0A4601468DED000A6846F9F7B4F8D5
:107640009DED000A08BD00000000000000000000E1
:107650009FED050B10B553EC102B51EC100B03F004
:1076600009F941EC100B10BD000000000000007093
:107670009FED050B10B553EC102B51EC100B03F0E4
:10768000F9F841EC100B10BD0000000000000010E4
:1076900030EE000A704730EE200A7047DFED020A34
:1076A00080EEA00A70470000000000009FED020A73
:1076B00020EE000A704700000000001010B50446DC
:1076C00091ED000BFFF7B0FC84ED000A10BD000047
:1076D0002DE9F0014FF07F42B2EB410F9FBF4FF019
:1076E000FF310160BDE8F00170474FF0004242EA0F
:1076F0000123C1F3C752783A551112F01F0C434CC5
:10770000CCF120067C44C1F3C752A2F178024FEAC3
:10771000621204EB820254F8254008BFD2E90156F8
:1077200012D0556804FA0CF425FA06F73C43976822
:1077300005FA0CF527FA06F8D26807FA0CFCF240B5
:1077400045EA08054CEA0206A4FB034CA5FB0352DC
:10775000A6FB03631D449D4234BF01260026131976
:10776000334416B1934202D903E0934201D201227D
:1077700000E00022624402F1200C9206DC0C42EA96
:10778000443200EE102A5B03DFED210AF8EEC01A46
:1077900000EE103A4FEA9C1C11F0004FB8EE400A80
:1077A000C0F800C020EE201A00EE105ADFED190AD2
:1077B000B8EE400A20EE200A71EE810A70EE800ACF
:1077C00010EE902A02F500626FF30B0200EE902A91
:1077D00070EEE11A31EEC11ADFED101A30EE411AE7
:1077E0009FED0D0A20EE800A01EE210A9FED0C1A92
:1077F00000EE810A04BFBDE8F0017047CCF1805172
:107800000160BDE8F001B1EE400A7047E4360000C7
:10781000000000360000802C22AAFD29DB0FC92FB2
:107820000000C92F10B5044690ED000B0846FFF785
:1078300077FE84ED000B10BD30380A2801D20120FC
:1078400070470020704710B50228029C07D000281E
:1078500004D01078084310700120207010BD1878F3
:107860000843187010BDB4EEE00AF1EE10FA06DC21
:10787000F1EE600AB4EEE00AF1EE10FA01D2B0EED9
:10788000600A7047B4EEE00AF1EE10FA06DCF1EEA1
:10789000600AB4EEE00AF1EE10FA01D2B0EE600A2E
:1078A00070472DE9F0438BB00E46DDE91278814632
:1078B0001C46154628216846F8F7E6FE6A0105963B
:1078C0000092620101927A01012002920021CDE929
:1078D000060108900E2009904FEA4812CDE90321D5
:1078E00069464846FBF7CEF80BB0BDE8F0830000D0
:1078F0001CB588B1016879B1CA6C6AB18B6C5BB197
:1079000091F85110012907D192F83510012903D1BE
:1079100093F83510012901D002201CBD0D490A78C9
:10792000022A04D00978042909D000201CBD0322B2
:107930000721CDE90012028A0223C16806E0052270
:107940000421CDE9001202892223416801F00EFBD7
:107950001CBD00001C000020B0F5717F0ADB40F266
:107960003C41884202DC4FF00000704702DD4FF0DE
:10797000010070474FF0FF307047000010B58CB029
:1079800004462C216846F8F77FFE2088C0F30A00E1
:10799000ADF800006078A178C00840EA4110C0F35B
:1079A0000A00ADF80200A078E178800940EA810081
:1079B000217940EA8120C0F30A00ADF80400207963
:1079C0006179400840EAC110C0F30A00ADF8060032
:1079D0006079C0F30110ADF8080060798009ADF856
:1079E0000A0001208DF82600FBF75CFF0A9024486E
:1079F000BDF800100180BDF802104180BDF80410F0
:107A00008180BDF80610C180BDF808100181BDF865
:107A10000A104181BDF80C108181BDF80E10C181A2
:107A2000BDF810100182BDF812104182BDF814108B
:107A30008182BDF81610C182BDF818100183BDF80F
:107A40001A104183BDF81C108183BDF81E10C1833C
:107A5000BDF820100184BDF8221041849DF8241047
:107A600080F824109DF8251080F825109DF8261028
:107A700080F826100A9981620CB0012010BD000028
:107A8000240300200122FBF707BF000000000000D4
:107A900010B582B01446CDE900010023009A23609E
:107AA000194B21F0004098422ADA024328D0B0F561
:107AB000801FA8BF226810DA9FED150B53EC102B26
:107AC0009DED000B51EC100B02F0D4FECDE900014E
:107AD0006FF0350221F0004022600F4B6FF31E5112
:107AE00003EB20501044206041F0FF5040F0005064
:107AF00001909DED000B00BF02B051EC100B10BDCA
:107B00009DED000BF8E700000000F07F0000000092
:107B1000000000000000504302FCFFFF38B5104D8C
:107B2000049C95F82A5095B10E4C207818B901F0B4
:107B3000DBF8012020700020034602460146009039
:107B400001F062F9012101F07BF8012038BD0094B9
:107B500001F05AF90446002101F072F8204638BDC0
:107B6000B402002008000020FBF7AAFEFEF7C6FDC5
:107B7000FDF7F6FDFDF758FDFDF7AAFEFDF70CFD3C
:107B8000FDF72EFDFDF764FEFDF786FEFDF708FB11
:107B900008B172B6FEE700F057F8FDF78BFD00F074
:107BA00065F8FEE7032803D0022802D09FED020A01
:107BB0007047B0EE600A704700000000DFED090A70
:107BC000094901E030EE600A10EE100A8842F9DA45
:107BD000064900BF10EE100A884202D930EE200A92
:107BE000F8E77047DB0FC940DB0F4940DB0F49C0A6
:107BF00010B5EFF3058111B16FF0050403E0002427
:107C000008B101F03FFC204610BD38B50546EFF342
:107C1000058010B16FF005040CE0002402F0CCFAEE
:107C2000291A0090002903DD684601F051FC01E0AB
:107C30006FF00304204638BDEFF3058008B102F071
:107C4000C1BA02F0B9BA0000EFF3058010B16FF0CD
:107C5000050070470448016811B14FF0FF307047CC
:107C60000121016000207047DC00002010B5EFF317
:107C7000058010B16FF0050010BD084801680129AA
:107C800002D04FF0FF3010BD054A002182F8141DCC
:107C90000221016001F0ECFC002010BDDC0000209E
:107CA0000BE000E0F8B51D466FF003026FF002062E
:107CB0004FF00004EFF30583A3B1F0B1E9B1E5B9EA
:107CC000002200926A4602F0CDF8012817D10098F0
:107CD000B0B10C494FF080500860BFF34F8FBFF335
:107CE0006F8F0DE048B141B12A4602F01FF801281C
:107CF00006D025B16FF0010402E0144600E03446DE
:107D00002046F8BD04ED00E0F8B514464FF000053C
:107D1000EFF3058212BB08B301B3A4B1D4E9023278
:107D200063B1502A1AD32269C2B1676900FB01F618
:107D3000B74213D3009501F023FE07E072B9226920
:107D400062B9626952B9002201F0F9FD050005D05F
:107D50000CB1216800E0002101F032FB2846F8BD9B
:107D6000F8B51D466FF003026FF002064FF00004F5
:107D7000EFF30583ABB100B3F9B1F5B900221346B7
:107D800000926A4601F024FF012818D10098B8B18A
:107D90000C494FF080500860BFF34F8FBFF36F8FD7
:107DA0000EE050B149B100232A4601F061FE0128DE
:107DB00006D025B16FF0010402E0144600E034461D
:107DC0002046F8BD04ED00E0F8B50D460024211F63
:107DD0004E1C002804D000BFEFF30582A2B10DB104
:107DE0000C461BE000216A46009102F03BF8012896
:107DF00013D1009890B10A494FF080500860BFF34A
:107E00004F8FBFF36F8F09E0294602F079F8012800
:107E100004D015B16FF0010400E034462046F8BDEF
:107E200004ED00E0F8B5144603460E464FF0000599
:107E3000EFF3058098BB93B39E423DD84CB1A06848
:107E40000028E06803D0502836D3012002E008B1B2
:107E500032E00020012B05D010B31846A26801F0D3
:107E60004EFD20E040B10320009000221146012089
:107E7000A36801F085FD04E003220021012001F048
:107E80005EFD050018D086B100231A46194601F0A0
:107E9000EFFD012809D0284601F0A6FA00250BE0E5
:107EA000184601F00FFD050006D00CB1216800E076
:107EB0000021284601F084FA2846F8BD38B5002490
:107EC000E51E00280BD000BFEFF30581A9B100210A
:107ED0000091694601F0DBFE012815D102E06FF048
:107EE000030412E0009880B109494FF08050086007
:107EF000BFF34F8FBFF36F8F07E000231A46194679
:107F000001F0B6FD012800D02C46204638BD000007
:107F100004ED00E02DE9FF414FEA01034FF00005B9
:107F2000EFF30581039549BB40B380271821002456
:107F30004AB3166806B1344696691EB13146761EBC
:107F4000382E02D21679F60703D0002004B0BDE81F
:107F5000F081566906B1B708D2F808C0BCF1000F2D
:107F60000DD0D5685C2D18D312693AB136B18DE8C1
:107F700006103A46214602F0E6F803900DE0D66876
:107F80005EB912694AB903AACDE90012BAB2214614
:107F900002F0ACF8012800D003950398D6E7000062
:107FA000DFED0B0A002200BF01EB4203B3F9003002
:107FB00000EE103A00EB8203521CB8EEC00AD2B2B7
:107FC000032A20EE200A83ED050AEDD37047000056
:107FD0000F5CEB3ADFED0B0A002200BF01EB42031E
:107FE000B3F9003000EE103A00EB8203521CB8EEF9
:107FF000C00AD2B2032A20EE200A83ED080AEDD38C
:108000007047000058A08B3A0A784978D20042EABB
:108010005111B1F5806F01DBA1F5006100EE101A7E
:10802000B4EE001AF8EEC00AB3EE070A00EE810AB9
:1080300080ED0B0A7047000010B504462DED028B51
:1080400030EE608ADFED351A90F8200030B194ED03
:10805000070A30EE600AC0EE011A02E0012084F83F
:108060002000C4ED070A94ED000A60EE088A94ED42
:10807000020A41EE808A94ED050AB5EEC00AF1EEDF
:1080800010FA0BD9B4EEC80AF1EE10FA3ADBB1EEF1
:10809000400AB4EEC80AF1EE10FA33D8D4ED010A62
:1080A00094ED030A60EE880A00EE810AD4ED040A1A
:1080B000FFF7E8FB38EE801AD4ED060AB4EEE01ABA
:1080C000F1EE10FA06D2F1EE601AB4EEE11AF1EE1A
:1080D00010FA15DCB4EEE01AF1EE10FA04DBB5EE9E
:1080E000C08AF1EE10FA0BD3F1EE600AB4EEE01A9A
:1080F000F1EE10FA06D8B5EEC08AF1EE10FA01DD05
:1081000084ED030A94ED030AD4ED060A30EE280A42
:10811000BDEC028BBDE81040FFF7B4BB00000000CF
:1081200030B595B0204C38E020A20DAB07CA83E8EB
:1081300007006D4608220DA92846F8F7DBF9A0B91B
:1081400005F108000A220CA90546F8F772F90C9906
:10815000A9420AD0097841B910F1140F05DB14289F
:1081600003DC00B2FAF7FCFB17E010A96846FEF743
:10817000E5F890B100231A4610A92068FFF7F0FD3A
:1081800058B100231A4612A92068FFF78BFD00237F
:108190001A4610A92068FFF7E3FD6846FEF78CFD3C
:1081A0000028C1D115B030BD680000205941575496
:1081B0004553543D000000002DE9F041134C0F469B
:1081C0000546E6682068001D00F0FCFF681C07D12A
:1081D00037B12168BDE8F0410D48091D01F042B8F2
:1081E00020683544B5424560216805D2A06BBDE8E2
:1081F000F041091D01F01EB8606B091D01F01AF86D
:10820000A06A854200D2A562BDE8F0818C00002002
:10821000D80D00202DE9F041054601F02FF82D4C36
:10822000A068401CA06020682B4F10B1606930B37B
:108230002BE02560A068012827D1002606EB8600E8
:1082400007EB800000F0E8FF761C382EF6D32348B9
:1082500000F0E2FF2148143000F0DEFF1F48283014
:1082600000F0DAFF1D483C3000F0D6FF1B485030CC
:1082700000F0D2FF194860631430A06305E0206865
:10828000E96AC06A884200D82560606A401C606262
:108290006864E86A2169884200D9206100EB8000A7
:1082A00007EB8000291D00F0DDFF01F007F8606991
:1082B00000280CD02068E96AC06A884207D20849C1
:1082C0004FF080500860BFF34F8FBFF36F8FBDE852
:1082D000F08100008C00002028090020880D00207B
:1082E00004ED00E038B500F0C9FF104C2068C8B9B3
:1082F0000F4800F091FF0E48143000F08DFF0C483D
:10830000E060143020610A4B0020F03B009003F144
:10831000500210210A2001F033FB206010B105A1AA
:1083200001F04EF8BDE8384000F0C8BFC80000209A
:10833000DC0E0020546D72510000000030B4026C5D
:108340000B46002A0BD0C1681144C1608468A14269
:1083500001D30168C16030BC1846F8F716B930BCCB
:1083600070472DE9F041856B174604460026026CE4
:1083700082B1C7B1E068F8F708F9E168206C091A22
:10838000E1602268914202D2A168081AE060022FDF
:1083900016D017E02068A8B9A06801F07FFF064654
:1083A0000020A0600EE06068F8F7EFF8216C6068CC
:1083B00008446060A168884204D32068606001E0DE
:1083C00005B16D1E6D1CA5633046BDE8F08110B58A
:1083D000044690F8590058B101280CD002280FD05B
:1083E000502080F31188BFF34F8FBFF36F8FFEE7EC
:1083F000206B00F077FF2046BDE8104000F072BF10
:1084000010BD000010484FF47051420706D0C01D47
:108410000D4920F00700411AC1F570510B4A0023A5
:108420000144C2E900030839183A21F0070111603C
:108430004B600B600B1AC0E9001393604FF00040D3
:108440005360506170470000BC150020F800002008
:10845000144E154CA6F29C474FF08058DFF84C9014
:1084600012E000BF00F00AFFF068C568281D00F0A8
:10847000A9FEA068401EA0606068401E606000F019
:108480001DFF2846FFF7A3FF60680028EAD138687F
:108490000128F9D9C9F80080BFF34F8FBFF36F8F60
:1084A000F2E70000C40D00208C00002004ED00E085
:1084B00070B51D46049C51B1C4F80020C4E90F01F9
:1084C0000121204601F090FA84F84C5070BD2460E0
:1084D000F4E700002DE9F05F8846DDE90B941546CE
:1084E000834691009A460A9EA522206BF8F7C4F8AD
:1084F0006FF00301206B01EB8501084420F00707B2
:10850000780707D0502080F31188BFF34F8FBFF357
:108510006F8FFEE70025B8F1000F0FD05FF000006D
:10852000221818F8001082F8341018F8001011B151
:10853000401C1028F4D384F8435001E084F83450F0
:10854000382E00D33726E662C4E91365201D00F0FB
:108550006EFE04F1180000F06AFE2461C6F13800D6
:108560006462A061656584F85850524659463846A1
:1085700000F0CEFA2060B9F1000F01D0C9F8004038
:10858000BDE8F09F30B5114900E011460A6882420B
:10859000FBD34B685C18844203D1406818444860A0
:1085A000084643681C18944209D1084C183C2468BA
:1085B000A24209D052681A4442600A6812680260F6
:1085C000814200D0086030BD0460F9E7F800002067
:1085D00070B5002441600B4D0061914206D8D11A5C
:1085E0008269914206D2011D286907E09A4203D2AE
:1085F000994201D3012403E0011DE86800F01AFE4E
:10860000204670BDC800002010B5044600F036FEBC
:10861000A06B28B15FF0000400F050FE204610BDB2
:108620000124F9E730B589B03C4D6EE0049800288C
:1086300006DADDE90601059A90470498002864DB14
:10864000069C606910B1201D00F0BCFD03A800F07D
:10865000D7F8024604980A2857D2DFE800F005054B
:10866000052D334A05052D3394F8280040F001000C
:1086700084F828000599A069059B01442046FFF76E
:10868000A7FF68B3216A2046884794F8280040076E
:108690003BD5002000900598A16900234218194697
:1086A000204601F041FFD8B9502080F31188BFF374
:1086B0004F8FBFF36F8FFEE714F8280F20F00100F3
:1086C000207022E094F8280040F0010084F828008F
:1086D0000598A06128B1811813462046FFF778FF5E
:1086E00013E0502080F31188BFF34F8FBFF36F8FDB
:1086F000FEE794F82800810703D4204600F0F2FD3D
:1087000003E020F0010084F82800002204A9286872
:1087100001F00CFB002889D109B030BDC800002051
:108720002DE9FC410F46054600F0E6FF01A800F0E8
:1087300067F80446019818B101F064FEBDE8FC81B9
:10874000254EAFB130690068D0B30027291B3A46E7
:10875000306800F075FE01F055FE0028EED11F498B
:108760004FF080500860BFF34F8FBFF36F8FE5E786
:10877000A542EBD801F046FEF0682746C068C46801
:10878000201D00F01FFD94F82800410719D5A069AD
:108790002B4641193A462046FFF71AFFA8B10020A0
:1087A0000346014600902A46204601F0BDFE60B90E
:1087B000502080F31188BFF34F8FBFF36F8FFEE718
:1087C00007E020F0010084F82800216A204688474D
:1087D000B4E70127BAE70000C800002004ED00E07C
:1087E0000648416B096829B1416BC968C968496885
:1087F000816270474FF0FF31FAE700008C000020E3
:1088000070B5054601F0D8FC064E0446B0688442B7
:1088100003D200F009F8012000E000202860204683
:10882000B46070BDC8000020F8B5194D20E0C068E4
:10883000C4680668201D00F0C5FC216A20468847F0
:1088400094F82800400713D5A0693044B04206D9F7
:1088500024616060211DE86800F0ECFC08E0002065
:108860000346014600903246204601F05DFE38B1D5
:10887000E86801680029DAD12969C5E90310F8BD63
:10888000502080F31188BFF34F8FBFF36F8FFEE747
:10889000C800002008484068401C4FF0500080F39A
:1088A000118804D0BFF34F8FBFF36F8FFEE7BFF384
:1088B0004F8FBFF36F8FFEE700010020074CE06889
:1088C000016841B1C0680021D0F80000FFF728FF1F
:1088D000FFF7A8FEF3E701210020F7E7C80000201A
:1088E0002DE9F041044600F0C9FC94F9455004F12B
:1088F000240609E0606A48B1304601F04BFD08B13A
:1089000000F034FE6D1E6DB2002DF3DC4FF0FF362B
:1089100084F8456000F0D2FC00F0B0FC94F94450BB
:1089200004F1100709E0206948B1384601F032FD32
:1089300008B100F01BFE6D1E6DB2002DF3DC84F853
:108940004460BDE8F04100F0B9BC000030B5044619
:108950002DED028B89B000200D4600900190029011
:108960000390FAF79FFF029065B39FED238A208959
:108970009FED220AF0EE480AFFF714F98DED000A88
:108980006089DFED1F0AB0EE480AFFF70BF91D48BA
:108990008DED010A007F10B91B48007F38B10398A4
:1089A00040F00100039019480068FFF787FA184863
:1089B000007F38B1039840F002000390154800682A
:1089C000FFF77CFA144C00231A4669462068FFF72B
:1089D000C7F900280BD000231A4604A92068FFF726
:1089E00061F900231A4669462068FFF7B9F909B012
:1089F000BDEC028B30BD00000000C8420080BB45CA
:108A0000000048425401002098010020700000201E
:108A100024020020740000206C0000202DE9F041A9
:108A20000546002700F068FE324E306808B9FFF7AF
:108A3000E9FC706905424ED1C5B3083568070ED010
:108A400005F00700C0F108000544680707D0502072
:108A500080F31188BFF34F8FBFF36F8FFEE72DB305
:108A60007068854237D82348183001460C6801E009
:108A700020460C466168A94202D221680029F7D13C
:108A800031688C4227D00768216801606068083728
:108A9000411B10290FD96019420708D0502080F3DC
:108AA0001188BFF34F8FBFF36F8FFEE713E0416074
:108AB0006560FFF767FD61687068401A7060B268B2
:108AC000904200D2B060706901430020C4E9000107
:108AD000F068401CF06001F095FC780707D050204A
:108AE00080F31188BFF34F8FBFF36F8FFEE73846D7
:108AF000BDE8F081E00000200449086818B108686A
:108B0000026D521C02650868704700008C0000204E
:108B100010B5031F4FF080741C601B1F21F0010172
:108B20001960191F044B0B6014390A60091F6FF09C
:108B3000020244380A6010BD958800082DE9FC4700
:108B40000546DDE90B9643F08000DDF828A08DF89E
:108B500000008846FF208DF8040017461146404665
:108B600000F04EF90A23012269462868FBF74AFC07
:108B700004000FD13EB10A23012201A92868FBF7A6
:108B800095FB040006D10A234A4651462868FBF7A4
:108B90008DFB044639464046FEF774FF2046BDE88B
:108BA000FC870000EFF3108272B6034B588499845F
:108BB000002A00D162B67047B40200200B494B680E
:108BC000984202D0896888420FD1EFF3108272B6C2
:108BD0000749984203D1C868401CC86002E0086990
:108BE000401C0861002A00D162B6704708000020CE
:108BF000B402002070B5EFF3108572B60E4C84F805
:108C0000260084F82710880702D06069401C606144
:108C100011F00C0F02D0A069401CA061074E7068D3
:108C2000FAF75DF804F8280FB068FAF758F86070A2
:108C3000002D00D162B670BDB402002008000020F3
:108C400030B5EFF3108372B6174A4FF6FF75002464
:108C500098B11068401C10601484D08BA84202D2D6
:108C6000D08B401CD083D08B032802D3012082F804
:108C70002A00002B00D162B630BDD4830029F8D081
:108C800092F82A000028F4D0108CA84202D2108C4E
:108C9000401C1084108C0A28EBD382F82A401484DC
:108CA00002480470E5E70000B4020020080000203C
:108CB00070B50D46040013D021896068FEF7E2FE0E
:108CC000218AE068FEF7DEFE06490020087084F87D
:108CD000335084F8320084F83100012084F83400E5
:108CE00070BD00001C00002010B52DED028B00F0BF
:108CF00041F89FED1E8A1E48B0EE480AFCF712FCB0
:108D00001B48B0EE480A4430FCF70CFC1848B0EEA3
:108D1000480AD030FCF79EFB15482030FCF794FE43
:108D200013486430FCF790FE1148F030FCF78CFEDD
:108D30000F48B0F9121000EE101AB8EEC00A80ED1C
:108D4000020A4430B0F9121000EE101AB8EEC00A50
:108D500080ED020A8C30B0F9121000EE101AB8EE55
:108D6000C00A80ED020ABDEC028B10BD00000000BD
:108D70005401002010B51A482DED028B9FED178A83
:108D8000B0EE480AF9F78AFDB0EE480A1448F9F740
:108D900069FD1348B0EE480A8C30F9F78DFB104896
:108DA00000218C30F9F784FB0D482430FCF74CFE91
:108DB0000B48B430FCF748FE0948B0F9161000EE35
:108DC000101AB8EEC00A80ED030A8C30002180ED45
:108DD000058A80F82010BDEC028B10BD0000000059
:108DE000DC010020002808D000219FED040A80ED5E
:108DF000030A80ED070A80F8201070470000000089
:108E00000022FAF749BD0000F0B58FB00020149F92
:108E100006900C903A4C0A900B900790089009909D
:108E200005908DF80C008DF804008DF8080060683E
:108E30001546A8B1A06898B1280A324E8DF81600E0
:108E40008DF8175096F8210030B107AB04AA3946C7
:108E50003046F9F705FB30B196F8210058B909E022
:108E60000021084601E000212846FFF79BFE012073
:108E70000FB0F0BD002739462846FFF793FE09AA38
:108E80004FF40071606800F03FF803AD02AB01AA37
:108E900001210095FEF7D7FC40F2FF1705AA3946DD
:108EA000606800F031F802AB01AA02210095FEF7DC
:108EB000CAFC14484438007F50B10BAA3946A06858
:108EC00000F022F802AB01AA04210095FEF7BBFCDA
:108ED00096F8210058B107AABDF81010A06800F05C
:108EE00013F802AB01AA08210095FEF7ACFC9DF82F
:108EF00008109DF80400FFF77DFE9DF80C00B7E711
:108F0000080000206802002030B587B005460091B7
:108F10000021019108200291CDE9031014468DF83B
:108F200014102846F9F7DBFE38B106AB2246694635
:108F30002846F9F73FFD07B030BD0220FBE70000EF
:108F4000B5EEC00AF1EE10FA02DDB7EE000A704786
:108F5000B5EEC00AF1EE10FA02D2BFEE000A704779
:108F60009FED010A70470000000000002DE9F04766
:108F70009046DDE90867894605461C46FF22082120
:108F80001248F7F779FB1148104A083800210161AF
:108F9000416144F080011170077041464846FFF777
:108FA0002FFF0A4A3346083208492868FBF7D6FBE8
:108FB000040004D001462846FFF77AFE02E0FAF7E3
:108FC00071FCA8632046BDE8F08700002400002063
:108FD00010B50A4C606878B132220949FBF7A5FD4B
:108FE000002808D16168C96B002904D009680A68A3
:108FF00022F008020A6010BD012010BD14000020FC
:10900000E002002010B50A4CA06878B1402209495E
:10901000FBF78BFD002808D1A168C96B002904D09B
:1090200009680A6822F008020A6010BD012010BD1C
:109030003C000020C40300202DE9F04104462DED42
:10904000088B0D465148F8F7D5FD002817D0EFF3EF
:10905000108172B64D4890ED05BA90ED069AD0EDAC
:10906000078AD0ED089AD0ED09AA90ED0AAA066CFD
:10907000476C01B962B62069B84204D10020BDEC4A
:10908000088BBDE8F081F0EE680AB0EE490AFEF701
:1090900047F8B0EE408A29EE090A08EEA80AFEF762
:1090A000A7FAF0EE400AB1EE4B0AFEF739F8207D40
:1090B000B0EE401A48B3E068301A00EE100AF8EE3D
:1090C000400A9FED330A60EE800AF5EEC00AF1EE29
:1090D00010FA04D910EE900A2E49884201DDF0EE14
:1090E000400A94ED002A2D4909EEA02A84ED002AB9
:1090F000D4ED011A4AEEA01AC4ED011A94ED020A49
:109100000AEE200ADFED240A0CE084ED008A9FEDD0
:10911000240A84ED011A84ED020A0120207520E062
:1091200030EE600A10EE100A8842F9DA1D4900BFDD
:1091300010EE100A884202D930EE200AF8E784EDDA
:10914000020A9FED190ADFED190A22EE002A21EE2C
:10915000800A08EE202A01EE200A84ED002A84ED20
:10916000010AC4E9036794ED000A85ED000A94ED55
:10917000010A85ED010A94ED020A85ED020A6E618D
:10918000A86940F00100A861012078E70C010020E7
:109190006F12833A0AD7233CDB0FC940DB0F4940EB
:1091A00000000000DB0F49C0A4707D3F0AD7233CBC
:1091B000027B002A05D08268891A642901D900211E
:1091C00001737047D0E9013201699A60D0E9012347
:1091D0005A604A68824201D182684A600022026174
:1091E0000868401E0860086870470000034B036071
:1091F00003F15C000860802010607047040F0020BD
:10920000044B036003F15C0008604FF48070106051
:10921000704700006011002000F108014FF0FF329C
:10922000C0E90112C16001610021016070470021A5
:109230000161704730B50B685A1C02D000F108027A
:1092400002E0026904E02246546825689D42FAD98A
:1092500053684B6099608A60516008610168491CDD
:10926000016030BD42684A6093688B6093685960C2
:10927000916008610168491C01607047502080F3CB
:109280001188BFF34F8FBFF36F8F0A494868401CA6
:10929000486001280CD10848006810F0FF0F07D083
:1092A000502080F31188BFF34F8FBFF36F8FFEE71D
:1092B000704700000001002004ED00E00849486804
:1092C00028B1401E486001D180F3118870475020BA
:1092D00080F31188BFF34F8FBFF36F8FFEE700005D
:1092E0000001002070B500282AD0164DA0F1080416
:1092F00060686969084207D1502080F31188BFF384
:109300004F8FBFF36F8FFEE722683AB1502080F392
:109310001188BFF34F8FBFF36F8FFEE78843606004
:1093200000F0EAF960686968084468602046FFF761
:1093300029F92869401C2861BDE8704001F062B835
:1093400070BD0000E00000204FF0E020002101612E
:10935000816105494FF47A720968B1FBF2F1491E47
:1093600041610721016170478800002010B5F6F7C0
:10937000C5FF114910280ED300F1E02090F8F0034A
:109380000A78904207D2502080F31188BFF34F8FA4
:10939000BFF36F8FFEE709480068896800F4E0605A
:1093A000884207D9502080F31188BFF34F8FBFF355
:1093B0006F8FFEE710BD0000000100200CED00E003
:1093C00010B5084B002200BF53F832401CB1521CAC
:1093D000082AF9D310BD43F8321003EBC2014860EC
:1093E00010BD0000E808002010B504000AD000F00D
:1093F00013F894F8460000280CD12046BDE8104030
:10940000FFF770BF502080F31188BFF34F8FBFF379
:109410006F8FFEE710BD0000084A002102EBC10378
:109420005B68834206D1002042F8310002EBC101A3
:1094300048607047491C0829F0D37047E8080020AD
:1094400070B515460E460446FFF718FF94F9441010
:109450000020491C01D184F8440094F94510491CAE
:1094600001D184F84500FFF729FFA06B28B92A46EF
:10947000314604F1240000F097F82046BDE8704022
:10948000FFF72EBA10B5020014D00F48006B38B1A8
:10949000502080F31188BFF34F8FBFF36F8FFEE72B
:1094A00000F02AF900211046FEF786FE00F0AAFF20
:1094B000002807D105494FF080500860BFF34F8F57
:1094C000BFF36F8F10BD00008C00002004ED00E0A2
:1094D00070B50D4604000BD095B11E4A106BB8B1A3
:1094E000502080F31188BFF34F8FBFF36F8FFEE7DB
:1094F000502080F31188BFF34F8FBFF36F8FFEE7CB
:10950000502080F31188BFF34F8FBFF36F8FFEE7BA
:1095100000F0F2F8D26823685919934204D98B42BB
:109520000AD9914202D807E08B42FAD9881A216001
:109530000021FEF741FE00E0216000F063FF0028FB
:1095400007D105494FF080500860BFF34F8FBFF33C
:109550006F8F70BD8C00002004ED00E002490A6AA4
:109560000260C968416070478C00002001490120F9
:10957000C86170478C00002010B50C4650B10949F5
:1095800009681831FFF756FE2046BDE8104001215A
:10959000FEF712BE502080F31188BFF34F8FBFF348
:1095A0006F8FFEE78C00002070B514460D4668B141
:1095B0000A4909681831FFF755FE0CB14FF0FF3525
:1095C00021462846BDE87040FEF7F6BD502080F3E6
:1095D0001188BFF34F8FBFF36F8FFEE78C00002021
:1095E00070B504003ED0226DA2B1E06C884200D379
:1095F0000146E06A884235D0012A33D11A4D2A68E3
:1096000094420FD1502080F31188BFF34F8FBFF3E6
:109610006F8FFEE7502080F31188BFF34F8FBFF3A9
:109620006F8FFEE7E162A269002A02DBC1F1380117
:10963000A1610E4E00EB8000616906EB8000814263
:1096400010D1201DFFF7BEFDE06A2969884200D9CC
:10965000286100EB800006EB8000211DBDE8704012
:10966000FFF700BE70BD00008C000020280900201C
:1096700030B587B00024039405AA04A903A8049474
:10968000FFF7B4FDDDE903010094CDE901100023EB
:1096900015A11748059A00F056FD164D0028E862FE
:1096A0001FD000F011FF012809D0401C19D1502013
:1096B00080F31188BFF34F8FBFF36F8FFEE7502009
:1096C00080F31188BFF34F8FBFF36F8F4FF0FF30E0
:1096D000A86201206861EC6007B0BDE8304000F08E
:1096E00061B807B030BD000049444C45000000009F
:1096F000518400088C0000200248016B491C016362
:10970000704700008C000020164810B5016B11B1A5
:109710000121C16110BD0021C1610169124A01E04E
:10972000B9B1491E01EB810352F82330002BF7D069
:1097300001EB810302EB830202F1080453685B68CA
:109740005360A34201D15B685360DA680260016133
:1097500010BD502080F31188BFF34F8FBFF36F8F80
:10976000FEE700008C00002028090020F8B50E4616
:1097700003F07F0104468DF8001006988DF8010073
:10978000154611463046FFF73BFB0A230222694685
:109790002068FAF737FE044629463046FEF772F98C
:1097A0002046F8BD1CB537480168374A914207D1B9
:1097B000502080F31188BFF34F8FBFF36F8FFEE708
:1097C00000683149491E884207D1502080F3118832
:1097D000BFF34F8FBFF36F8FFEE72C4908780190DE
:1097E000FF20087008788DF800009DF800009DF8B3
:1097F000002000F0F000904207D0502080F3118844
:10980000BFF34F8FBFF36F8FFEE79DF80000204C32
:1098100000F0500020700720A06005E09DF80020B7
:1098200052008DF80020401E9DF800201206F5D44D
:10983000A060032807D0502080F31188BFF34F8F1A
:10984000BFF36F8FFEE74FF44070A060019808707F
:109850000C482030016841F470010160016841F05A
:1098600070410160FFF770FD00206060F6F70EFDAB
:109870000848016841F040410160F6F7F3FC002020
:109880001CBD000000ED00E071C20F4100E400E0EB
:109890000001002034EF00E010B5502080F3118863
:1098A000BFF34F8FBFF36F8F00F094FC18B10449E2
:1098B0004FF080500860002080F3118810BD000038
:1098C00004ED00E010B50C4648B184420FD9502099
:1098D00080F31188BFF34F8FBFF36F8FFEE75020E7
:1098E00080F31188BFF34F8FBFF36F8FFEE7022223
:1098F000002100F024F8002800D0846310BD38B5A2
:109900000C4648B184420FD9502080F31188BFF330
:109910004F8FBFF36F8FFEE7502080F31188BFF3A6
:109920004F8FBFF36F8FFEE7022113460022009195
:10993000114600F025F8002800D0846338BDF8B542
:1099400017460E46050013D005FB06F05030FFF712
:1099500065F804000AD0002084F8460004F15002A3
:109960003B46314628460094FEF7A2FD2046F8BD4E
:10997000502080F31188BFF34F8FBFF36F8FFEE746
:1099800038B5049D18B153B1CAB181B120E050205F
:1099900080F31188BFF34F8FBFF36F8FFEE7502026
:1099A00080F31188BFF34F8FBFF36F8FFEE7502016
:1099B00080F31188BFF34F8FBFF36F8FFEE739B18C
:1099C000502080F31188BFF34F8FBFF36F8FFEE7F6
:1099D00050241C46012384F846302B460094FEF7A1
:1099E00067FD204638BD000070B50D46040025D047
:1099F000FFF744FCD4E90F20216802FB0011A160AD
:109A00000021A163216861600A46D4E90F01401E6C
:109A100000FB0121E16021464FF0FF3001F8440FC7
:109A2000487004F110008DB1FFF7F6FB04F124003B
:109A3000FFF7F2FBFFF742FC012070BD502080F3DE
:109A40001188BFF34F8FBFF36F8FFEE721690029A5
:109A5000F0D000F09FFC0028ECD004494FF080507B
:109A60000860BFF34F8FBFF36F8FE3E704ED00E0B3
:109A70002DE9FF4782B01D468A464FF000080400DA
:109A800003D0BAF1000F08D011E0502080F3118804
:109A9000BFF34F8FBFF36F8FFEE7206C38B15020BC
:109AA00080F31188BFF34F8FBFF36F8FFEE7022D56
:109AB0000AD1E06B012807D0502080F31188BFF352
:109AC0004F8FBFF36F8FFEE700F068FB3F4F4FF003
:109AD00000094FF0805648B9049838B1502080F3FF
:109AE0001188BFF34F8FBFF36F8FFEE7FFF7C6FB01
:109AF000A06BE16B884207D3022D05D00498D0B14A
:109B0000B8F1000F1AD01EE02A4651462046FEF753
:109B100028FC616A19B104F1240000F03BFC20B17B
:109B20003E60BFF34F8FBFF36F8FFFF7C7FB01207E
:109B300006B0BDE8F087FFF7C1FB22E06846FFF7FB
:109B40000DFD4FF00108FFF7B9FBFFF7D5FDFFF75B
:109B500095FB94F94400401C01D184F8449094F999
:109B60004500401C01D184F84590FFF7A7FB04A9EC
:109B7000684600F081FA30B12046FEF7B1FE00F0F1
:109B800041FC0020D4E7FFF779FBA06BE16B884232
:109B900013D1FFF793FB04F110000499FFF7ECFCDD
:109BA0002046FEF79DFE00F02DFC00289ED13E6071
:109BB000BFF34F8FBFF36F8F98E7FFF77FFB204610
:109BC000FEF78EFE00F01EFC90E7000004ED00E0C2
:109BD0002DE9F0471F4690468946040003D0B9F1AD
:109BE000000F08D011E0502080F31188BFF34F8F91
:109BF000BFF36F8FFEE7206C38B1502080F31188DF
:109C0000BFF34F8FBFF36F8FFEE7022F0AD1E06BD8
:109C1000012807D0502080F31188BFF34F8FBFF386
:109C20006F8FFEE7FFF7A2FB5020EFF3118680F362
:109C30001188BFF34F8FBFF36F8FA06BE16B88422A
:109C400006D3022F04D0002086F31188BDE8F087E8
:109C500094F94550A06B3A4649462046FEF781FBF1
:109C6000681C04D06D1C84F845500120ECE7606A44
:109C70000028FAD004F1240000F08CFB0028F4D076
:109C8000B8F1000FF1D00121C8F80010EDE770B570
:109C90000E46040009D0206C78B1502080F3118862
:109CA000BFF34F8FBFF36F8FFEE7502080F3118813
:109CB000BFF34F8FBFF36F8FFEE7206848B9A068EE
:109CC00038B1502080F31188BFF34F8FBFF36F8FEF
:109CD000FEE7FFF74BFB5020EFF3118580F311886F
:109CE000BFF34F8FBFF36F8FA16BE06B884218D922
:109CF00094F94500491CA163411C04D0401C84F820
:109D0000450001200EE0606A0028FAD004F124002A
:109D100000F040FB0028F4D0002EF2D0012030608B
:109D2000EFE7002085F3118870BD00002DE9F747AB
:109D3000002683B08A46040003D0BAF1000F08D091
:109D400011E0502080F31188BFF34F8FBFF36F8F66
:109D5000FEE7206C38B1502080F31188BFF34F8F9D
:109D6000BFF36F8FFEE700F019FADFF8F4804FF0D1
:109D700000094FF0805748B9059838B1502080F35A
:109D80001188BFF34F8FBFF36F8FFEE7FFF776FAAF
:109D9000A56BC5B151462046FEF7D0FA6D1EA563EE
:109DA000206950B104F1100000F0F4FA28B1C8F8AD
:109DB0000070BFF34F8FBFF36F8FFFF77FFA012063
:109DC00006B0BDE8F087059808B11EB106E0FFF7C0
:109DD00075FA27E06846FFF7C1FB0126FFF76EFA28
:109DE000FFF78AFCFFF74AFA94F94400401C01D1BE
:109DF00084F8449094F94500401C01D184F84590C2
:109E0000FFF75CFA05A9684600F036F900282046FD
:109E10000AD0FEF765FD00F0F5FA2046FEF7F4FBE8
:109E20000028B3D00020CBE7FEF7EEFB90B104F1A1
:109E300024000599FFF7A0FB2046FEF751FD00F036
:109E4000E1FA0028A2D1C8F80070BFF34F8FBFF32A
:109E50006F8F9BE72046FEF743FD00F0D3FA95E7AE
:109E600004ED00E02DE9F04790468946040003D058
:109E7000B9F1000F08D011E0502080F31188BFF332
:109E80004F8FBFF36F8FFEE7206C38B1502080F307
:109E90001188BFF34F8FBFF36F8FFEE7FFF766FAAE
:109EA0005020EFF3118680F31188BFF34F8FBFF37B
:109EB0006F8FA76BF7B194F9445049462046FEF7DF
:109EC0003DFA7F1EA763681C04D06D1C84F84450C3
:109ED000012010E020690028FAD004F1100000F001
:109EE00059FA0028F4D0B8F1000FF1D00121C8F8D8
:109EF0000010EDE7002086F31188BDE8F087000030
:109F00002DE9F343002683B00400354609D0206CC8
:109F100078B1502080F31188BFF34F8FBFF36F8F5C
:109F2000FEE7502080F31188BFF34F8FBFF36F8F90
:109F3000FEE700F033F9DFF83C814FF000094FF005
:109F4000805748B9049838B1502080F31188BFF386
:109F50004F8FBFF36F8FFEE7FFF790F9A06BC8B18B
:109F6000401EA063206810B9FEF7C6FDA0602069FE
:109F700050B104F1100000F00DFA28B1C8F80070DB
:109F8000BFF34F8FBFF36F8FFFF798F9012005B034
:109F9000BDE8F083049808B166B10FE03DB15020F0
:109FA00080F31188BFF34F8FBFF36F8FFEE7FFF78A
:109FB00085F95DE06846FFF7D1FA0126FFF77EF9E3
:109FC000FFF79AFBFFF75AF994F94400401C01D1BE
:109FD00084F8449094F94500401C01D184F84590E0
:109FE000FFF76CF904A9684600F046F800282046FF
:109FF00012D0FEF775FC00F005FA2046FEF704FBD0
:10A000000028A9D09DB3FFF739F9606A50B3206BDF
:10A010000068C0F1380126E0FEF7F6FAE0B12068EA
:10A0200038B9FFF72BF9A06800F078F90546FFF77B
:10A0300045F904F124000499FFF79EFA2046FEF743
:10A040004FFC00F0DFF9002886D1C8F80070BFF39C
:10A050004F8FBFF36F8F7FE72046FEF741FC00F084
:10A06000D1F979E70021A068FFF7BAFA9FE7FFE787
:10A0700000208CE704ED00E02DE9F0410C460500DE
:10A0800011D0C4B1FFF7FAF8174BDA686E68206890
:10A09000911B471C17D02F681B6A9F4219D096420C
:10A0A00017D8012410E0502080F31188BFF34F8FA0
:10A0B000BFF36F8FFEE7502080F31188BFF34F8FFF
:10A0C000BFF36F8FFEE70024FFF7F8F82046BDE8E6
:10A0D000F081884205D9401A20602846FFF73EFAF1
:10A0E000F1E700202060DCE78C0000202DE9FF5F15
:10A0F0008346DDE90E87994616468A469000FEF7AC
:10A100008DFC05001CD05C20FEF788FC040014D0F8
:10A110000020256384F85900CDE90240CDE900878D
:10A120004B46324651465846FEF7D4F92046FEF7D4
:10A1300071F8012004B0BDE8F09F2846FFF7D2F87F
:10A140004FF0FF30F6E7F0B585B0DDE90B640A9D0E
:10A15000A6B1DCB15C2700972663022684F859601B
:10A16000002604AFCDE90246CDE90057FEF7B2F96B
:10A170002046FEF74FF8049805B0F0BD502080F35C
:10A180001188BFF34F8FBFF36F8FFEE7502080F32E
:10A190001188BFF34F8FBFF36F8FFEE7054841690A
:10A1A00019B1006B18B100207047012070470220E0
:10A1B000704700008C0000200148C0687047000014
:10A1C0008C00002010B5FFF7D1F80148C06810BD21
:10A1D0008C0000202DE9F0412E4C0027206B28B187
:10A1E000A069401CA0613846BDE8F081E668761C95
:10A1F000E66013D1606B006838B1502080F311889D
:10A20000BFF34F8FBFF36F8FFEE7606BA16B61638E
:10A21000A063206A401C2062FEF7E2FAA06ADFF821
:10A220007880864209D3606B0068A0B1606BC0681B
:10A23000C5686868864211D2A0622068C06A00EBD7
:10A24000800158F82100012800D90127E069002881
:10A25000C9D00127C7E74FF0FF30EDE7281DFEF713
:10A26000B1FFA86A18B105F11800FEF7ABFFE86A64
:10A270002169884200D9206100EB800108EB810050
:10A28000291DFEF7EFFFE86A2168C96A8842CAD330
:10A290000127C8E78C0000202809002070B50400C1
:10A2A0004FF0000133D01B4D2868844207D0502066
:10A2B00080F31188BFF34F8FBFF36F8FFEE7206DE0
:10A2C00038B1401E2065E36CE26A9A421FD040B16B
:10A2D0001DE0502080F31188BFF34F8FBFF36F8FC5
:10A2E000FEE7201DFEF76EFFE06CE062C0F1380073
:10A2F000A061E06A2969884200D92861064900EB1B
:10A30000800001EB8000211DFEF7ACFF0121084613
:10A3100070BD00008C0000202809002070B50400EA
:10A320004FF000002BD0194DE16A2A68D26A9142A1
:10A3300026D2A069002804DB2868C06AC0F1380072
:10A34000A061134E01EB8101606906EB8101884237
:10A3500011D1201DFEF736FF2868C06AE062296926
:10A36000884200D9286100EB800006EB8000211DA7
:10A37000FEF778FF02E02868C06AE062012070BD45
:10A38000E16C2A68D26A9142F8D370BD8C0000203B
:10A390002809002070B5C068C46854B104F11800E1
:10A3A0000646FEF70FFF144D286B50B13146134897
:10A3B00015E0502080F31188BFF34F8FBFF36F8FEC
:10A3C000FEE7201DFEF7FEFEE06A2969884200D9FB
:10A3D00028610B4900EB800001EB8000211DFEF796
:10A3E00041FFE06A2968C96A884202D90120E86110
:10A3F00070BD002070BD00008C000020B00D00205A
:10A40000280900202DE9F0472C4D00242746286B11
:10A4100038B1FEF733FF286B401E2863286B40B12C
:10A4200046E0502080F31188BFF34F8FBFF36F8F4A
:10A43000FEE7A968224E0120D1B3A6F591698046B6
:10A440003068E0B1F068C46804F11800FEF7BAFEA5
:10A45000201DFEF7B7FEE06A2969884200D928610D
:10A4600000EB800109EB8100211DFEF7FBFEE06A95
:10A470002968C96A8842E3D3C5F81C80E0E70CB1BB
:10A48000FEF7AEF9AC694CB14FEA0806FFF7A2FE41
:10A4900000B1EE61641EF9D10020A861E86938B10D
:10A4A0000849012738070860BFF34F8FBFF36F8F4C
:10A4B000FEF704FF3846BDE8F08700008C0000205E
:10A4C000B00D002004ED00E010B586B0FDF70AFFE6
:10A4D000114C2068B8B100200390049005AA04A98B
:10A4E00003A8FEF78DFEDDE9032102208DE80700B9
:10A4F00000230AA10B48059AFFF725FE606010B102
:10A5000006B0012010BD502080F31188BFF34F8F9B
:10A51000BFF36F8FFEE70000C8000020546D72206B
:10A5200053766300BD8800082DE9FF411E4613469F
:10A5300002000A9D4FF0000016D0144C2768002F2F
:10A540000FD0CDE900130292062917DAFFF726FE95
:10A5500002284FF000030FD0002269462068FFF761
:10A5600087FA04B0BDE8F081502080F31188BFF372
:10A570004F8FBFF36F8FFEE72A46EEE70023324688
:10A5800069463846FFF724FBEBE70000C8000020CF
:10A5900070B514462DED088BF0EE619AB0EE419A3D
:10A5A000B0EE60BAB0EE40AA0D46060062D0002DB3
:10A5B00060D0002C5ED0B5EEC0BAF1EE10FA59D9D9
:10A5C000B5EEC09AF1EE10FA54D9F5EEC09AF1EE5C
:10A5D00010FA4FD996ED000A3AEE408AB0EE480ADA
:10A5E000FEF7AEFCF0EE408A95ED000AF5EEC08A6B
:10A5F000F0EE40AAF1EE10FA07D100BFFEF7A0FC82
:10A60000B1EE400A20EE090A08E060EE280AF5EEF5
:10A61000C00AF1EE10FA30D228EE890A84ED000A61
:10A6200095ED000AD4ED000A00EEA90AF0EE4B0AFF
:10A63000FDF728F996ED008AF5EEC08A00EE298A2A
:10A64000F1EE10FA0CD07AEE480A60EEA80AF5EEA8
:10A65000C00AF1EE10FA03D2B0EE4A8A9FED0F0A5B
:10A6600070EE6A0A80EEA91A84ED001A86ED008A5F
:10A6700085ED000ABDEC088B70BDB0EE001A60EEEF
:10A68000000A69EE011A80EEA11AF0EEC80AF4EE93
:10A69000C10AF1EE10FABFD8B0E7000000000000D8
:10A6A00010B500290AD00878002807D0054878445A
:10A6B000F6F76AF9002801D0002010BD024878445E
:10A6C00010BD00004E0900004609000010B5002929
:10A6D0000AD00878002807D005487844F6F754F9DE
:10A6E000002801D0002010BD0248784410BD0000B1
:10A6F000320A00002A0A000021F00042A2F1605252
:10A70000B2F5801F01F0004328BFD2F17F6C0BD956
:10A710005FEA001C43EAC20242EB507018BF704768
:10A7200028BF20F001007047B2F5801FBCBF18465B
:10A7300070474FEA410C1CF5001F02D2084600F09A
:10A74000D2B970B500F040F900000089FFF7F6BFFC
:10A750004FF00040A0F580007047000002494FF024
:10A76000000000F0C8B900BF0000F87F491058BFD2
:10A77000C1F140415B1058BFC3F140438B42EFF33E
:10A780000080704751EA030C17D41CF5801F58BF96
:10A79000BCF5801F00F10680994218BF704708BFC2
:10A7A0009042704707D711F5801F58BF13F5801FDF
:10A7B00019D499427047894270471CF5801F08D50B
:10A7C000BCF5801FF7D58B4218BF704708BF824287
:10A7D00070474FF4001C1CEB410F38BF1CEB430FBC
:10A7E00001D28B42704770B500F0EEF89224490018
:10A7F0004FF000514FF08053FFF7B8BF51EA030C00
:10A8000017D41CF5801F58BFBCF5801F00F10680CF
:10A81000994218BF704708BF9042704707D711F59B
:10A82000801F58BF13F5801F19D499427047894281
:10A8300070471CF5801F08D5BCF5801FF7D58B42EB
:10A8400018BF704708BF824270474FF4001C1CEBD2
:10A85000410F38BF1CEB430F01D28B42704770B5DC
:10A8600000F0B2F8922449004FF000514FF08053AD
:10A87000FFF77CBFDFF848C170B51CEA111E1EBF90
:10A880001CEA13159EEA0C0F95EA0C0F00F06F807E
:10A8900081EA030423EA4C134EEAD47E21EA4C11E8
:10A8A00041F4801143F48013AE44A1FB024CA0FBA1
:10A8B0000365AEF17F7E361955EB0C05A1FB034C09
:10A8C0004CF10003A0FB021C16EB0C06654153F192
:10A8D0000003094218BF46F0010613F4007F0BD1B4
:10A8E0004FEA03314FEA0530340341EA155140EA9B
:10A8F00016506FF003020AE04FEAC3214FEAC52069
:10A90000F40241EA555140EA56506FF0020202EB60
:10A910002E4201EB025585EACE710AD05FEA440C63
:10A9200018BF24F0004450F1000041F1000120EA7A
:10A93000D47040F2FE7C624500D270BDA84214BFC4
:10A940004FF080444FF04044002E08BF0024BEF179
:10A95000806FA8BFA1F1C041BDE8704080F2828045
:10A960004FF0000001F1C04101F0004170479EEA44
:10A970000C0F0CEA131518BF95EA0C0F06D04FF018
:10A98000000081EA030E0EF0004170BD00F01CF8DB
:10A990008900013E00F007B800F009B84FEA430C07
:10A9A0005FEA5C5C08D081EA030100F05BB84FEA23
:10A9B000410C5FEA5C5CF6D14FF000000149704742
:10A9C0000000FF070000F87F0EF1020E2EF0030ECC
:10A9D0005EF8046B364205D4012A43EB030515F5F6
:10A9E000001F12D8012841EB010C1CF5001F0CD8E8
:10A9F0000ED14FEAD17C15F5001F0CEB4C0C0CF17D
:10AA0000020C08BF4CEBD37C04E04FF0080C01E0D3
:10AA10004FEAD37C0CEB4C0526FA05F606F0070648
:10AA2000B6F1040C06D20EEB860CBDE870404CF07B
:10AA3000010C6047DFE80CF0090B02024FF0004107
:10AA40004FF00000A1F5002170BD19461046012805
:10AA500051EB010418BFD4F5001484BF002001F0AD
:10AA6000004170BD0808A0F500114FEA31017047A0
:10AA700053EA010C17D41CF5801F58BFBCF5801F8A
:10AA800000F106808B4218BF704708BF82427047B2
:10AA900007D713F5801F58BF11F5801F19D48B42BB
:10AAA00070479B4270471CF5801F08D5BCF5801F7E
:10AAB000F7D5994218BF704708BF904270474FF4CE
:10AAC000001C1CEB430F38BF1CEB410F01D2994215
:10AAD00070470FB40CBC03BCFFF7C1BE4FF0407011
:10AAE000E1EE100A7047FF2141EAD050C0057047DF
:10AAF0004FF0000070470CF00F03092B08BF08202F
:10AB000000F05F800A2B0BD0082B18BF704708BFDE
:10AB10001CF0400F0AD04FF000004FF000017047CA
:10AB20001CF0400F18BF4FF0004070471CF0100F92
:10AB300008D020F0704300F07F4242EAD3014FEA90
:10AB40004370704700F0604021F07F4242EA00020B
:10AB500001F07F4040EA727070474FF0FF0C4CF4F8
:10AB6000E06C1CEA11531CBF9CEA030C9445C2BF65
:10AB7000DA4201EB02517047002B0DD0BCF1000FFF
:10AB80000FD0002A01F00041A4BF41F0E04141F0A4
:10AB90007F614FF00000704701F000414FF000006E
:10ABA000704750EA01334FF09B0C18BF4CF0806C9B
:10ABB0007FF4D4AD7047F6F74DB8F6F71BBAF6F749
:10ABC000A9BB1CF4801F11D01CF4E02F03D06FEA46
:10ABD000CC31490070474FF04050EFF3008222F033
:10ABE000704242EA000282F3008870474FF0000092
:10ABF000704700002CAF00080000000010AF0008F4
:10AC000001000000F4AE000802000000D8AE000809
:10AC100003000000BCAE000804000000A0AE000865
:10AC2000050000003CAF00080600000020AF00084F
:10AC30000700000004AF000808000000E8AE0008AC
:10AC400009000000CCAE00080A000000B0AE000809
:10AC50000B0000000000A0410000000000000040C8
:10AC6000000000000000F041C2B8323E0000F04198
:10AC700000000000000000000000003F0000000095
:10AC800000000000000000000000803FC2B8B23E9B
:10AC90009A99193E000000000000000088C3E43AC1
:10ACA00088C3643BCDCC4C3ED30237390AD7A33B93
:10ACB000ACAF000800000000000000000000000031
:10ACC000000000000002000018000000000000006A
:10ACD0000000000078AF0008000000000000000045
:10ACE0000000000000000000000800000900000053
:10ACF000000000000000000048AF00080000000055
:10AD0000000000000000000000000000000800003B
:10AD10001800000000000000000000004CAF000818
:10AD20000000000000000000000000000000000023
:10AD30000004000008000000000000000000000007
:10AD4000A4AF0008000000000000000000000000A8
:10AD500000000000000200001800000000000000D9
:10AD60000000000088AF00080000000000000000A4
:10AD700000000000000000000000000054AF0008C8
:10AD800000000000000000000000000000000000C3
:10AD90000000000064AF0008000000000000000098
:10ADA00000000000000000000000000098AF000854
:10ADB000000000000000000000000000B8AF000824
:10ADC0000000000000000000000000000006101657
:10ADD000000610160000000000000000010203043D
:10ADE000060708090000000001020304000000003B
:10ADF0006E83F9A22915444ED15727FCC0DD34F5E6
:10AE0000999562DB4190433CAB6351FE02400000E8
:10AE1000000000A00000000005400000000000C885
:10AE2000000000000C4000000000409C00000000FA
:10AE3000194000000020BCBE0000000034400000AB
:10AE4000BFC91B8E00000004B5400000504BCFD09E
:10AE50006607E2CF010000006C4100003E8251AA6B
:10AE6000DFEEA73401000000D9420000DCB5A0E20B
:10AE70003A301F97FFFFFFFFB4450000FD25A0C833
:10AE8000E9A3C14FFFFFFFFFFF3F0000000000806C
:10AE900000000000FF3F00000000008000000000F4
:10AEA00050495443485F4B445F53504400000000F6
:10AEB0005941575F4B445F5350440000504954433D
:10AEC000485F4B495F535044000000005941575FB1
:10AED0004B495F535044000050495443485F4B5026
:10AEE0005F535044000000005941575F4B505F537F
:10AEF0005044000050495443485F4B445F504F5307
:10AF0000000000005941575F4B445F504F53000011
:10AF100050495443485F4B495F504F530000000075
:10AF20005941575F4B495F504F53000050495443BC
:10AF3000485F4B505F504F53000000005941575F2E
:10AF40004B505F504F53000050494400766F66618C
:10AF5000000000005570646174655F5049445F7083
:10AF6000617261005570646174655F6C61756E63D8
:10AF7000685F70617261000050726F636573735F28
:10AF800044617461000000005461726765745F4140
:10AF90006E676C650000000077616B655F6C6175C2
:10AFA0006E6368006C61756E63680000646566615D
:10AFB000756C745461736B0077616B655F6C617560
:10AFC0006E63685F6D6F746F7200000028B10008D7
:10AFD000000000200C010000C401000834B2000889
:10AFE0000C01002014570000E001000800000000E0
:10AFF0000000F07FFFFFFFFFFFFFEF7F1001000069
:10B0000043000000F8FFFFFF004040404040404048
:10B01000404041414141414040404040404040402B
:10B0200040404040404040404005020202020202CF
:10B03000020202020202020202202020202020201E
:10B040002020200202020202020290909090909032
:10B0500010101010101010101010101010101010F0
:10B060001010101002020202020288888888888864
:10B070000808080808080808080808080808080850
:10B080000808080802020202400000000000000058
:10B0900000000000000000000000000000000000B0
:10B0A00000000000000000000000000000000000A0
:10B0B0000000000000000000000000000000000090
:10B0C0000000000000000000000000000000000080
:10B0D0000000000000000000000000000000000070
:10B0E0000000000000000000000000000000000060
:10B0F0000000000000000000000000000000000050
:10B100000000000000000000000000001C00000023
:10B1100043000000F8FFFFFF0C0000000E000000DD
:10B120000F0000002E0000000000000000000000E2
:10B13000000000000000000000000000000000000F
:10B1400000000000000000000000000000000000FF
:10B1500000000000000000000000000000000000EF
:10B1600000000000000000000000000000000000DF
:10B1700000000000000000000000000000000000CF
:10B1800000000000000000000000000000000000BF
:10B1900000000000000000000000000000000000AF
:10B1A000000000000100000010000000000000008E
:10B1B0000024F40000000000000000000000000077
:10B1C000000000000000000000000000000000007F
:10B1D000000000000000000000000000000000006F
:10B1E000000000000000000000000000000000005F
:10B1F000000000000000000000000000000000004F
:10B20000000000000000000000000000000000003E
:10B21000000000000000000000000000000000002E
:10B22000000000000000000000000000AAAAAAAA76
:04B23000000000001A
:040000050800018965
:00000001FF
